arene_ID,arene_energy
arene_1,-1156.0883
arene_2,-846.4294
arene_3,-946.314
arene_4,-1269.2819
arene_5,-1228.5052
arene_5,-1228.5052
arene_6,
arene_7,-599.7472
arene_8,-826.615
arene_9,
arene_10,-1037.5574
arene_11,-1004.2672
arene_12,-1189.201
arene_13,-561.6928
arene_14,-829.3522
arene_15,-1001.7423
arene_16,-241.9423
arene_17,-512.4478
arene_18,-794.616
arene_18,-794.616
arene_19,-946.3752
arene_20,-829.3014
arene_21,-524.6034
arene_21,-524.6034
arene_22,-395.4208
arene_23,-826.6202
arene_24,-942.4785
arene_25,
arene_26,-522.4108
arene_27,-813.3222
arene_28,
arene_29,-921.5792
arene_30,-545.7148
arene_30,-545.7148
arene_31,
arene_32,-901.7487
arene_33,-1021.56
arene_34,
arene_35,-1041.3981
arene_36,
arene_37,-1153.4179
arene_38,-506.3813
arene_39,-486.5392
arene_40,
arene_41,-710.6807
arene_42,-494.2334
arene_42,-494.2334
arene_43,-920.3927
arene_44,-567.7664
arene_44,-567.7664
arene_45,-754.1614
arene_46,-601.4041
arene_47,-544.5195
arene_48,-1118.0192
arene_49,-544.4284
arene_50,-565.5527
arene_51,
arene_52,-1322.3751
arene_53,-1360.4421
arene_54,-962.3312
arene_55,-565.4693
arene_55,-565.4693
arene_56,-603.5991
arene_57,-1269.2927
arene_58,-1153.4072
arene_59,
arene_60,-1021.521
arene_61,-490.3981
arene_62,-698.5364
arene_63,-926.5192
arene_64,
arene_65,-490.4431
arene_66,-1001.6867
arene_67,-772.498
arene_67,-772.498
arene_68,-528.4228
arene_69,-1021.4909
arene_70,-519.6427
arene_71,-926.546
arene_71,-926.546
arene_72,-524.6457
arene_73,-411.4299
arene_74,-486.5864
arene_75,-829.3678
arene_76,-615.7211
arene_77,-813.3494
arene_78,-454.4835
arene_78,-454.4835
arene_79,-599.755
arene_80,-1140.0669
arene_81,-888.4325
arene_81,-888.4325
arene_82,-447.2618
arene_83,-619.6334
arene_84,-1228.5433
arene_84,-1228.5433
arene_85,-904.523
arene_86,-586.3294
arene_87,-845.3275
arene_88,-849.1376
arene_89,-910.522
arene_89,-910.522
arene_90,-1021.4502
arene_91,-942.469
arene_92,-523.3985
arene_92,-523.3985
arene_93,-524.6271
arene_94,-1172.0679
arene_95,-581.441
arene_96,
arene_96,
arene_97,-567.792
arene_97,-567.792
arene_98,-528.4598
arene_98,-528.4598
arene_99,-603.6805
arene_99,-603.6805
arene_100,-603.6612
arene_101,-583.8336
arene_102,-409.13
arene_103,-474.3971
arene_104,-486.5353
arene_105,-1603.2719
arene_106,-461.7033
arene_107,-506.3458
arene_108,-548.3205
arene_109,-1264.2801
arene_110,-373.3415
arene_111,-1322.3801
arene_112,-924.3494
arene_113,-1322.3385
arene_114,
arene_115,-926.5326
arene_116,-490.3749
arene_117,-587.6001
arene_117,-587.6001
arene_118,-619.5983
arene_119,-866.2633
arene_120,-1153.3989
arene_121,
arene_122,-506.378
arene_123,-926.545
arene_123,-926.545
arene_124,-926.5566
arene_125,-492.6497
arene_125,-492.6497
arene_125,-492.6497
arene_126,
arene_127,
arene_128,-1269.2726
arene_129,-619.5404
arene_130,-1173.1939
arene_131,-1339.5185
arene_132,-738.193
arene_133,-1001.7084
arene_134,-548.3062
arene_135,
arene_136,-774.7017
arene_137,-449.4535
arene_137,-449.4535
arene_138,-910.5285
arene_139,-603.6823
arene_139,-603.6823
arene_140,-599.6914
arene_141,-752.6569
arene_142,-502.6018
arene_143,-694.8549
arene_144,-962.3509
arene_145,-395.4148
arene_145,-395.4148
arene_146,-496.4571
arene_146,-496.4571
arene_146,-496.4571
arene_146,-496.4571
arene_147,-851.4081
arene_148,
arene_149,-678.8172
arene_150,-544.4867
arene_151,-910.5649
arene_151,-910.5649
arene_151,-910.5649
arene_152,-791.2068
arene_153,-774.7289
arene_154,-581.4999
arene_155,
arene_156,-942.5677
arene_157,
arene_158,-829.3422
arene_159,-484.2098
arene_160,
arene_161,-1037.5751
arene_162,-1021.4469
arene_163,-930.3495
arene_164,-979.5631
arene_165,-433.4664
arene_165,-433.4664
arene_165,-433.4664
arene_166,-904.4971
arene_167,-1017.6391
arene_168,-603.5692
arene_169,-564.3325
arene_170,-772.4884
arene_170,-772.4884
arene_171,-506.4035
arene_172,-506.4609
arene_173,-603.6369
arene_174,-858.5073
arene_175,-867.3722
arene_176,-1153.3822
arene_176,-1153.3822
arene_177,
arene_178,-492.5978
arene_178,-492.5978
arene_179,-1172.0992
arene_180,-597.5379
arene_181,-603.635
arene_182,-942.4908
arene_183,-962.354
arene_184,-524.6274
arene_185,-486.6125
arene_186,
arene_187,-904.4139
arene_188,-473.1075
arene_189,-399.2538
arene_189,-399.2538
arene_189,-399.2538
arene_190,-449.4816
arene_191,-926.5106
arene_192,-1041.3223
arene_193,-829.3828
arene_194,-867.3771
arene_195,-454.5679
arene_195,-454.5679
arene_196,-1573.9842
arene_197,-619.4965
arene_198,-849.1387
arene_199,
arene_200,-926.52
arene_201,-512.4475
arene_202,-962.3749
arene_203,-926.5591
arene_204,-846.3739
arene_204,-846.3739
arene_205,-718.4651
arene_206,-581.5952
arene_207,-603.5813
arene_208,-1253.2656
arene_209,-508.6458
arene_209,-508.6458
arene_210,-490.3267
arene_211,-958.4936
arene_212,-710.7257
arene_213,-1231.2286
arene_214,-1092.7203
arene_215,
arene_216,-1260.5042
arene_217,-490.4278
arene_217,-490.4278
arene_218,-544.4571
arene_219,
arene_220,-508.6441
arene_221,-585.4195
arene_222,-1169.4121
arene_223,-829.3318
arene_224,-678.8064
arene_225,-414.322
arene_226,-599.8164
arene_227,-698.6343
arene_228,-813.3117
arene_229,-1169.3841
arene_230,-623.4191
arene_231,-658.9129
arene_232,-599.7536
arene_233,-698.6723
arene_234,
arene_235,-1460.8065
arene_236,-490.3806
arene_237,-486.5338
arene_238,-552.6818
arene_239,
arene_240,-1364.2779
arene_241,-1017.6963
arene_242,-942.4747
arene_243,-567.7203
arene_243,-567.7203
arene_244,-658.9601
arene_245,-817.1412
arene_245,-817.1412
arene_246,-508.6767
arene_247,
arene_248,-502.5666
arene_249,-540.6142
arene_250,-979.5803
arene_251,-698.6376
arene_252,-1021.5475
arene_253,-694.7692
arene_254,-770.1686
arene_255,-411.4618
arene_256,-924.3568
arene_257,-603.6433
arene_258,-926.5401
arene_259,-813.3034
arene_260,
arene_261,-904.4215
arene_262,-603.6484
arene_263,-678.8238
arene_264,-379.4154
arene_264,-379.4154
arene_264,-379.4154
arene_265,-623.4571
arene_266,-658.921
arene_267,-908.3189
arene_268,-833.2008
arene_269,-926.5499
arene_270,-678.8459
arene_271,-470.5311
arene_272,-470.5586
arene_273,-928.1546
arene_274,-623.4153
arene_275,-583.8253
arene_276,-926.5134
arene_277,-603.5552
arene_278,-678.8345
arene_279,-639.4222
arene_280,-817.0879
arene_280,-817.0879
arene_281,-826.606
arene_282,-341.2917
arene_282,-341.2917
arene_283,
arene_284,-323.1449
arene_284,-323.1449
arene_285,-690.8934
arene_286,-1344.447
arene_287,-862.3556
arene_288,-508.6645
arene_289,-470.5501
arene_290,-678.8209
arene_291,-506.3939
arene_292,-910.5253
arene_292,-910.5253
arene_293,-383.2345
arene_293,-383.2345
arene_293,-383.2345
arene_293,-383.2345
arene_294,-427.4101
arene_295,-577.7114
arene_296,
arene_297,
arene_298,-565.5926
arene_299,-849.0924
arene_300,-1092.7555
arene_301,-1017.6953
arene_302,-888.4576
arene_303,-503.6595
arene_304,-962.3443
arene_305,
arene_306,-395.4275
arene_306,-395.4275
arene_307,-1041.4027
arene_308,-1112.6089
arene_309,-587.5199
arene_309,-587.5199
arene_310,-603.5398
arene_311,-694.8403
arene_312,-1474.0634
arene_313,-603.5384
arene_313,-603.5384
arene_314,-583.7837
arene_315,-813.3475
arene_316,-524.575
arene_317,-846.4162
arene_318,-379.4006
arene_318,-379.4006
arene_319,-599.8431
arene_320,-524.6508
arene_320,-524.6508
arene_321,-946.3655
arene_322,
arene_323,-373.3504
arene_324,-544.5148
arene_325,-474.3924
arene_325,-474.3924
arene_326,-910.5466
arene_326,-910.5466
arene_327,-508.6102
arene_327,-508.6102
arene_328,-930.3576
arene_329,-619.5939
arene_330,-678.7936
arene_331,
arene_332,-603.5834
arene_333,-490.4264
arene_334,-826.5856
arene_335,
arene_336,
arene_337,
arene_338,-1285.2256
arene_339,-813.3357
arene_340,-924.3015
arene_341,-603.5955
arene_342,-594.7581
arene_343,-499.7575
arene_344,-1244.5322
arene_345,-544.4757
arene_346,-506.3493
arene_347,-490.4085
arene_348,-506.3802
arene_349,-829.3057
arene_350,-565.5752
arene_351,-583.8168
arene_352,-339.1412
arene_353,-942.5269
arene_354,-1173.238
arene_355,-979.5322
arene_356,-926.552
arene_357,-930.3527
arene_358,-888.5125
arene_359,-908.3121
arene_360,-790.7215
arene_361,
arene_362,-942.5237
arene_363,
arene_364,-1251.0852
arene_365,-510.2116
arene_366,-548.3168
arene_367,
arene_368,-619.6613
arene_369,-1364.2373
arene_370,
arene_371,-710.6487
arene_372,
arene_373,-1172.0656
arene_374,-411.4337
arene_375,-607.4406
arene_376,-901.7532
arene_377,-603.6624
arene_378,
arene_379,-1344.4216
arene_380,-508.6625
arene_380,-508.6625
arene_381,-1173.2134
arene_382,
arene_383,-926.5441
arene_384,-842.5666
arene_385,-539.3877
arene_386,-524.6736
arene_387,-942.4974
arene_388,
arene_389,-999.3892
arene_390,-829.3277
arene_391,-506.373
arene_392,
arene_393,-888.5383
arene_394,
arene_395,-524.6425
arene_396,-829.3177
arene_397,
arene_398,-849.1507
arene_399,
arene_400,
arene_401,-603.6345
arene_402,
arene_403,-946.3206
arene_404,
arene_405,
arene_406,-619.6113
arene_407,
arene_408,-1244.535
arene_409,
arene_410,
arene_411,-910.5356
arene_412,-910.5151
arene_412,-910.5151
arene_413,-524.6012
arene_414,-979.6143
arene_415,-599.7646
arene_416,-850.2827
arene_417,
arene_418,-508.6614
arene_418,-508.6614
arene_419,-635.4954
arene_420,-599.7344
arene_421,-357.3544
arene_422,-942.5254
arene_423,-690.8233
arene_424,
arene_425,-587.5494
arene_425,-587.5494
arene_426,
arene_427,-619.5534
arene_428,-813.3349
arene_428,-813.3349
arene_429,-1247.2297
arene_430,-774.7072
arene_431,-561.6476
arene_432,-411.3997
arene_433,-807.208
arene_434,-379.4061
arene_434,-379.4061
arene_435,-490.3574
arene_436,-1017.6293
arene_437,-917.7232
arene_438,-829.326
arene_439,-928.1739
arene_440,-470.5285
arene_440,-470.5285
arene_441,-587.6003
arene_441,-587.6003
arene_442,
arene_443,-603.6878
arene_444,-524.616
arene_445,-427.42
arene_446,-1364.3071
arene_447,-507.489
arene_448,-813.3213
arene_448,-813.3213
arene_449,-851.3876
arene_449,-851.3876
arene_450,
arene_451,
arene_452,-603.4896
arene_453,-540.6078
arene_454,-597.4517
arene_455,-1253.2696
arene_455,-1253.2696
arene_456,-544.4675
arene_457,
arene_458,-976.9126
arene_459,-1359.2736
arene_460,-544.4702
arene_461,-716.1393
arene_462,
arene_463,-565.6214
arene_464,-506.3087
arene_465,-587.6339
arene_465,-587.6339
arene_466,
arene_467,-544.4336
arene_468,-1189.2283
arene_469,-502.5363
arene_470,-486.5987
arene_471,-926.5686
arene_472,-583.7375
arene_472,-583.7375
arene_473,-904.5434
arene_474,-1339.5381
arene_475,-565.4651
arene_475,-565.4651
arene_476,-1021.5517
arene_477,-602.3142
arene_478,-583.7385
arene_479,-490.4224
arene_480,-615.7436
arene_481,-674.9675
arene_482,-1001.6175
arene_482,-1001.6175
arene_483,-454.5847
arene_483,-454.5847
arene_484,-946.4111
arene_485,-830.4423
arene_486,-583.812
arene_486,-583.812
arene_487,
arene_488,-486.5394
arene_489,-432.4167
arene_489,-432.4167
arene_490,-469.3958
arene_490,-469.3958
arene_491,
arene_492,-427.4143
arene_493,-1251.082
arene_494,-619.4872
arene_495,
arene_496,-926.5541
arene_497,-1253.2615
arene_498,-813.293
arene_499,-526.1846
arene_500,-1248.3206
arene_500,-1248.3206
arene_501,-506.3656
arene_502,-467.8728
arene_503,-583.7795
arene_504,-581.5894
arene_505,
arene_506,-540.6127
arene_507,-502.5874
arene_508,-656.7091
arene_509,
arene_510,-681.9012
arene_511,-979.6457
arene_512,
arene_513,-1269.2959
arene_514,-565.5981
arene_515,-888.3998
arene_515,-888.3998
arene_516,-678.6608
arene_516,-678.6608
arene_517,-1231.2839
arene_518,-867.3489
arene_519,-921.5295
arene_520,-791.2786
arene_521,-510.298
arene_521,-510.298
arene_522,-1264.3137
arene_523,-850.2332
arene_523,-850.2332
arene_524,-623.4305
arene_525,-1269.285
arene_526,-528.4157
arene_527,-558.9446
arene_528,-619.6475
arene_529,-924.2977
arene_530,-678.7655
arene_531,-813.3327
arene_532,-979.5608
arene_533,-379.4091
arene_533,-379.4091
arene_533,-379.4091
arene_534,-506.413
arene_535,-490.4094
arene_536,-834.3037
arene_536,-834.3037
arene_537,-769.9409
arene_538,-562.8126
arene_538,-562.8126
arene_539,-1269.2916
arene_540,-942.4541
arene_541,-888.5112
arene_542,-636.7605
arene_543,-813.293
arene_544,
arene_545,-979.5223
arene_546,-926.5355
arene_546,-926.5355
arene_547,-699.5397
arene_548,-599.6826
arene_548,-599.6826
arene_549,-1017.6616
arene_550,-524.5573
arene_551,-694.6469
arene_552,-581.5737
arene_553,-678.7313
arene_554,-565.6154
arene_555,
arene_556,
arene_557,-862.4015
arene_558,-888.4112
arene_559,-829.353
arene_560,-540.6233
arene_561,-490.4669
arene_561,-490.4669
arene_562,-544.4426
arene_563,-358.983
arene_564,-904.5437
arene_565,-523.4044
arene_566,-942.542
arene_567,
arene_568,-930.3599
arene_568,-930.3599
arene_569,-867.377
arene_570,-942.5647
arene_571,-678.7884
arene_572,-545.6189
arene_572,-545.6189
arene_573,-1206.4337
arene_574,
arene_575,-623.4506
arene_576,-603.6518
arene_577,-829.2983
arene_578,-485.3528
arene_579,-506.3525
arene_580,-412.9867
arene_581,-522.4246
arene_582,-1021.5461
arene_583,-1037.5791
arene_584,-1156.0865
arene_585,-605.2745
arene_586,-1156.0805
arene_587,-946.3328
arene_588,-830.4448
arene_589,
arene_590,-851.4059
arene_591,-635.6047
arene_592,-599.7326
arene_593,-587.5654
arene_593,-587.5654
arene_594,-427.4099
arene_595,-528.5077
arene_596,-791.2002
arene_597,-754.2002
arene_598,-946.3164
arene_599,-474.3657
arene_599,-474.3657
arene_600,-486.5847
arene_601,-599.7334
arene_602,
arene_603,-1205.1676
arene_604,-599.7546
arene_605,-845.3101
arene_606,-603.6124
arene_607,-512.4688
arene_607,-512.4688
arene_607,-512.4688
arene_608,-1246.0655
arene_609,-926.5289
arene_610,-508.6744
arene_611,
arene_612,-851.3768
arene_613,-539.3904
arene_614,-942.5717
arene_615,-603.6305
arene_616,-619.5823
arene_617,-502.5761
arene_618,-829.3282
arene_619,-587.671
arene_619,-587.671
arene_619,-587.671
arene_620,-583.7627
arene_621,-1359.3451
arene_622,-583.7611
arene_622,-583.7611
arene_623,-470.6064
arene_623,-470.6064
arene_624,-524.6905
arene_625,-508.6033
arene_626,-1269.2843
arene_627,-510.2507
arene_628,-379.3999
arene_628,-379.3999
arene_629,
arene_630,-415.293
arene_630,-415.293
arene_631,-789.6306
arene_632,-1137.8879
arene_633,-904.3967
arene_634,-528.4569
arene_635,-607.4209
arene_636,-619.6113
arene_637,-1131.2816
arene_638,
arene_639,-470.5858
arene_640,-1017.71
arene_641,-583.7754
arene_642,-486.5783
arene_643,-946.3593
arene_644,-924.2963
arene_645,-941.3127
arene_646,-603.5828
arene_647,-694.7267
arene_648,-946.3782
arene_649,-813.2742
arene_650,-561.6435
arene_651,-946.3868
arene_652,-512.4306
arene_652,-512.4306
arene_652,-512.4306
arene_653,-1587.2855
arene_654,-1092.7894
arene_655,
arene_656,-528.452
arene_656,-528.452
arene_657,-581.5613
arene_658,-603.6263
arene_659,-544.3873
arene_660,
arene_661,-1244.5574
arene_662,-599.7426
arene_663,-813.335
arene_663,-813.335
arene_664,-510.2675
arene_665,-599.7533
arene_666,-565.4795
arene_667,-603.6055
arene_668,-830.406
arene_669,-1033.6161
arene_670,
arene_671,-958.5164
arene_672,-598.5899
arene_673,
arene_674,-448.5333
arene_675,-833.1791
arene_676,-999.3624
arene_677,-1156.0946
arene_678,-942.563
arene_679,
arene_680,
arene_681,-656.6923
arene_682,-813.3417
arene_683,-587.6043
arene_684,-1260.5175
arene_685,-603.5417
arene_685,-603.5417
arene_686,-1189.1741
arene_687,-942.4978
arene_688,-470.595
arene_689,-678.6888
arene_690,-639.4049
arene_691,-1244.5355
arene_692,-926.5613
arene_693,-1033.5764
arene_694,-1016.5656
arene_695,-926.565
arene_696,-845.3331
arene_697,-543.3794
arene_698,-597.4677
arene_699,-674.872
arene_700,-1231.2739
arene_701,-675.0243
arene_702,-599.6997
arene_703,-490.4385
arene_704,-1037.4585
arene_705,
arene_706,-581.5041
arene_707,-829.3521
arene_708,-506.4368
arene_709,-1041.3971
arene_710,
arene_711,-829.3341
arene_712,-619.5807
arene_713,
arene_713,
arene_714,-578.7661
arene_715,-1156.1
arene_716,-830.458
arene_717,-829.2585
arene_718,
arene_719,-470.6141
arene_720,-1364.3006
arene_721,-908.3568
arene_722,-506.4268
arene_723,-587.5925
arene_723,-587.5925
arene_724,-565.524
arene_725,-490.3849
arene_726,-1021.4752
arene_727,-921.5151
arene_728,-962.3166
arene_729,-694.7805
arene_730,-1435.5229
arene_731,-470.5365
arene_731,-470.5365
arene_732,
arene_733,-926.5542
arene_734,
arene_735,
arene_736,-599.7556
arene_737,-908.2758
arene_738,
arene_739,-904.4329
arene_740,
arene_741,-395.4135
arene_741,-395.4135
arene_741,-395.4135
arene_742,-830.4731
arene_743,
arene_744,-867.3562
arene_745,-415.2878
arene_745,-415.2878
arene_746,-904.5018
arene_747,-716.1404
arene_748,
arene_749,-490.3887
arene_750,-921.5341
arene_751,-754.1749
arene_752,
arene_753,-849.1943
arene_754,-599.7412
arene_755,-635.6009
arene_756,-524.6192
arene_757,
arene_758,
arene_759,-1017.7011
arene_760,-545.6497
arene_761,-599.8442
arene_762,-656.6937
arene_763,-1017.6082
arene_764,-958.4858
arene_765,-833.1774
arene_766,-926.5735
arene_766,-926.5735
arene_767,-700.0891
arene_768,-698.6498
arene_769,-1231.2486
arene_770,
arene_771,-474.4123
arene_771,-474.4123
arene_772,-658.9486
arene_773,-937.5057
arene_774,-431.2307
arene_775,
arene_776,-1112.5764
arene_777,-813.3281
arene_778,-545.7363
arene_779,-503.6573
arene_780,-395.4548
arene_780,-395.4548
arene_781,-1001.6672
arene_782,-565.5521
arene_783,-1112.5826
arene_784,-1247.2478
arene_785,-490.4395
arene_786,-490.3479
arene_787,-615.7835
arene_788,-661.5219
arene_789,-1017.7469
arene_790,-829.3066
arene_791,-1172.0824
arene_792,-1017.7321
arene_793,-904.4551
arene_794,-1285.2443
arene_795,
arene_796,-926.567
arene_797,-674.8491
arene_798,-656.6328
arene_799,-564.3407
arene_800,-506.453
arene_801,-506.401
arene_802,-1269.274
arene_803,-1017.6494
arene_804,-1001.7153
arene_805,-722.1797
arene_805,-722.1797
arene_806,-583.8089
arene_807,-698.6766
arene_808,-924.3793
arene_809,-942.5314
arene_810,
arene_811,-427.4267
arene_812,
arene_813,-618.3972
arene_814,-851.3985
arene_815,-846.4741
arene_816,-615.7068
arene_817,-583.7883
arene_817,-583.7883
arene_818,-599.7032
arene_819,-829.34
arene_820,-492.6491
arene_820,-492.6491
arene_821,-703.9275
arene_822,-599.7671
arene_823,-942.5373
arene_824,-565.5418
arene_825,-623.4663
arene_826,-904.4521
arene_827,-937.5498
arene_828,-506.3808
arene_829,-583.7936
arene_830,
arene_831,-623.4821
arene_832,-508.6067
arene_833,-417.4807
arene_833,-417.4807
arene_833,-417.4807
arene_834,-1231.2619
arene_835,-615.7957
arene_836,-924.3303
arene_837,-636.7471
arene_838,-942.5517
arene_839,-396.9804
arene_840,
arene_841,-1033.575
arene_842,-379.4347
arene_842,-379.4347
arene_842,-379.4347
arene_843,-795.124
arene_844,-586.3381
arene_845,-599.8395
arene_846,-492.6231
arene_846,-492.6231
arene_847,-1344.4818
arene_848,-1112.6631
arene_849,-528.4957
arene_849,-528.4957
arene_850,-615.7516
arene_851,
arene_851,
arene_852,-658.8369
arene_852,-658.8369
arene_853,-867.3653
arene_854,
arene_855,-561.7602
arene_856,-1115.272
arene_856,-1115.272
arene_857,-464.4243
arene_858,-694.773
arene_859,-1017.7517
arene_860,-545.6425
arene_860,-545.6425
arene_861,
arene_862,-829.3067
arene_863,-700.099
arene_864,-814.953
arene_865,-886.163
arene_866,
arene_867,-886.1849
arene_868,-414.3537
arene_869,-603.5914
arene_870,-908.3508
arene_871,-1001.702
arene_872,-829.2809
arene_873,-694.6617
arene_874,-790.7218
arene_875,-506.4158
arene_876,-587.6306
arene_877,-507.5262
arene_878,-432.5292
arene_879,-470.5824
arene_880,-979.6049
arene_881,-849.2015
arene_882,-396.9817
arene_883,-603.589
arene_884,-507.446
arene_884,-507.446
arene_885,-449.4851
arene_886,-813.311
arene_886,-813.311
arene_887,-937.5213
arene_888,-583.7453
arene_889,
arene_890,-958.5333
arene_891,-544.4781
arene_892,-811.0935
arene_893,-813.3151
arene_893,-813.3151
arene_894,-1156.0948
arene_895,-619.6341
arene_896,-797.3364
arene_896,-797.3364
arene_897,-583.8478
arene_898,
arene_899,-1247.2692
arene_900,
arene_901,-486.5618
arene_902,-674.883
arene_903,-506.4382
arene_904,-1001.7102
arene_905,-924.331
arene_906,-826.661
arene_907,-1156.0292
arene_908,-506.4367
arene_909,-506.4095
arene_910,-1001.6084
arene_910,-1001.6084
arene_911,-1140.1032
arene_911,-1140.1032
arene_912,-1001.6935
arene_913,-886.1753
arene_914,-904.4695
arene_915,-888.5481
arene_916,-928.1446
arene_917,-1021.5226
arene_918,-904.4484
arene_919,
arene_920,-905.5926
arene_920,-905.5926
arene_921,-635.6524
arene_922,-926.5525
arene_923,-903.2916
arene_924,-454.577
arene_924,-454.577
arene_925,-623.407
arene_926,
arene_927,-694.6554
arene_928,-1153.3813
arene_929,
arene_930,-603.6554
arene_931,-397.0213
arene_932,-508.6683
arene_933,-486.5747
arene_934,-829.3297
arene_935,-481.4519
arene_936,-754.1917
arene_936,-754.1917
arene_937,
arene_938,-999.3797
arene_939,
arene_940,-476.6141
arene_940,-476.6141
arene_940,-476.6141
arene_940,-476.6141
arene_941,-538.9165
arene_941,-538.9165
arene_941,-538.9165
arene_941,-538.9165
arene_942,
arene_943,-999.3836
arene_944,-732.1166
arene_945,-603.5884
arene_946,-583.7182
arene_946,-583.7182
arene_947,-474.3242
arene_947,-474.3242
arene_948,-1001.7485
arene_949,-502.536
arene_950,-750.0125
arene_951,-508.6602
arene_952,-454.5441
arene_952,-454.5441
arene_953,-700.1096
arene_954,-528.5005
arene_955,-429.7051
arene_955,-429.7051
arene_956,-754.2033
arene_957,
arene_958,-926.5036
arene_959,-357.3698
arene_960,-851.4056
arene_960,-851.4056
arene_961,-1112.6783
arene_962,
arene_963,-490.3863
arene_964,-817.1709
arene_964,-817.1709
arene_965,-565.6006
arene_966,-615.6697
arene_967,-1285.2638
arene_968,-1004.26
arene_969,-830.4106
arene_969,-830.4106
arene_970,-1001.7056
arene_971,-826.541
arene_972,-603.5911
arene_973,-904.4848
arene_974,-833.1849
arene_975,-1360.4182
arene_976,-962.3581
arene_977,-829.2835
arene_978,-486.571
arene_979,-634.1564
arene_980,-486.5758
arene_981,-829.3671
arene_982,-920.4255
arene_983,-1169.4163
arene_984,-1687.1954
arene_985,-710.6579
arene_986,
arene_987,-583.8357
arene_988,-866.3437
arene_989,-1264.3947
arene_990,-540.6469
arene_991,-942.5538
arene_992,-813.3364
arene_993,-1021.4838
arene_994,
arene_995,-926.5317
arene_996,-585.4483
arene_997,-568.135
arene_998,-583.8137
arene_998,-583.8137
arene_999,-619.6434
arene_1000,-1244.4853
arene_1001,-544.4329
arene_1002,-574.9173
arene_1003,-942.5201
arene_1004,-559.2781
arene_1005,-508.6367
arene_1005,-508.6367
arene_1006,
arene_1007,-833.1628
arene_1008,-635.5447
arene_1009,-694.8536
arene_1010,-510.1968
arene_1011,-587.6127
arene_1011,-587.6127
arene_1012,-1322.3075
arene_1013,-490.392
arene_1014,-999.4269
arene_1015,-583.7363
arene_1016,-921.5678
arene_1017,
arene_1018,-962.3337
arene_1019,-656.6166
arene_1020,-502.5898
arene_1021,-842.5314
arene_1022,-449.4519
arene_1023,-678.8182
arene_1024,-776.9053
arene_1025,-411.4142
arene_1026,-1092.7688
arene_1027,-996.7543
arene_1028,-926.4951
arene_1029,-924.3702
arene_1030,-842.5698
arene_1031,-829.3548
arene_1032,-946.3212
arene_1033,-1344.4651
arene_1034,-567.7138
arene_1034,-567.7138
arene_1035,-698.6494
arene_1036,
arene_1037,-506.3517
arene_1038,-619.6629
arene_1039,-1169.3886
arene_1040,-850.2892
arene_1041,-833.183
arene_1042,-490.421
arene_1043,-1017.6557
arene_1044,-468.3078
arene_1045,
arene_1046,-1251.0836
arene_1047,-1156.0972
arene_1048,-826.5769
arene_1049,-797.3595
arene_1049,-797.3595
arene_1049,-797.3595
arene_1050,-698.6402
arene_1051,-996.7747
arene_1052,-1177.0599
arene_1052,-1177.0599
arene_1053,-810.626
arene_1054,-603.5836
arene_1055,
arene_1056,-543.3059
arene_1057,
arene_1058,-910.5372
arene_1059,-849.1016
arene_1060,-817.1645
arene_1060,-817.1645
arene_1061,-473.1317
arene_1062,-597.4483
arene_1063,-789.7064
arene_1064,-565.619
arene_1065,-942.578
arene_1066,
arene_1067,-834.2543
arene_1067,-834.2543
arene_1068,-377.1395
arene_1068,-377.1395
arene_1069,-835.3567
arene_1070,
arene_1071,-540.6348
arene_1072,-829.3307
arene_1073,-1528.1615
arene_1074,-471.6623
arene_1074,-471.6623
arene_1075,-510.291
arene_1076,-395.3826
arene_1076,-395.3826
arene_1077,-1037.5325
arene_1078,-524.5958
arene_1079,-678.7708
arene_1080,
arene_1081,
arene_1081,
arene_1082,-561.6469
arene_1083,-1496.1621
arene_1083,-1496.1621
arene_1084,-829.3421
arene_1085,-524.6351
arene_1086,-522.3966
arene_1087,-506.3507
arene_1088,-470.5538
arene_1089,-619.6254
arene_1090,-562.8143
arene_1090,-562.8143
arene_1091,-507.4872
arene_1092,-486.5947
arene_1093,-750.0259
arene_1094,
arene_1095,-570.3111
arene_1096,-813.3218
arene_1097,-503.6737
arene_1098,-750.0837
arene_1099,-926.4953
arene_1099,-926.4953
arene_1100,
arene_1101,-716.1093
arene_1102,-470.5123
arene_1102,-470.5123
arene_1103,-942.5269
arene_1104,-540.6195
arene_1105,-942.5074
arene_1106,-678.8219
arene_1107,-718.4809
arene_1108,-522.4156
arene_1109,-523.5945
arene_1110,-658.9078
arene_1111,-813.3248
arene_1112,-824.2904
arene_1113,-850.2846
arene_1114,-1017.7558
arene_1115,-503.6305
arene_1116,-699.5379
arene_1117,
arene_1118,-508.6307
arene_1119,-1344.4662
arene_1120,-567.7943
arene_1121,-924.272
arene_1122,-603.694
arene_1122,-603.694
arene_1123,-1344.4138
arene_1124,-470.6009
arene_1125,-470.5064
arene_1125,-470.5064
arene_1126,-565.5756
arene_1127,-1319.6137
arene_1128,-587.6265
arene_1128,-587.6265
arene_1129,
arene_1130,-1157.2154
arene_1130,-1157.2154
arene_1131,-490.4461
arene_1132,-946.3892
arene_1133,-636.7966
arene_1134,
arene_1135,-678.8501
arene_1136,
arene_1137,-926.5801
arene_1138,-470.5642
arene_1139,
arene_1140,-506.4023
arene_1141,-921.5326
arene_1142,-1231.1998
arene_1143,-587.6191
arene_1143,-587.6191
arene_1144,
arene_1145,-471.671
arene_1145,-471.671
arene_1146,-506.3626
arene_1147,-904.4266
arene_1148,-920.4278
arene_1149,-623.4175
arene_1150,-1364.2375
arene_1151,
arene_1152,-599.7064
arene_1153,-1169.3767
arene_1154,-930.3396
arene_1155,-926.538
arene_1156,-599.6892
arene_1157,-1435.5122
arene_1158,-904.4418
arene_1159,-849.1445
arene_1160,-492.5942
arene_1160,-492.5942
arene_1161,-1151.0776
arene_1162,
arene_1163,
arene_1164,-1169.3452
arene_1165,-905.5119
arene_1165,-905.5119
arene_1166,-484.2099
arene_1167,-829.3277
arene_1168,-1001.7211
arene_1169,-910.4791
arene_1170,-558.9292
arene_1171,-867.3828
arene_1172,-921.5248
arene_1173,-942.5251
arene_1174,-957.326
arene_1175,
arene_1176,-1185.3582
arene_1177,-545.7242
arene_1178,-754.1765
arene_1179,-615.6711
arene_1180,-1193.0514
arene_1181,-684.0764
arene_1181,-684.0764
arene_1182,
arene_1183,-1193.0933
arene_1184,-1516.0088
arene_1185,-510.2586
arene_1186,-904.4273
arene_1187,-1099.8116
arene_1188,-607.4511
arene_1188,-607.4511
arene_1189,-946.3924
arene_1189,-946.3924
arene_1190,-1021.5475
arene_1191,
arene_1192,-507.4839
arene_1192,-507.4839
arene_1193,
arene_1194,-1033.5996
arene_1195,-490.4049
arene_1196,-583.8163
arene_1196,-583.8163
arene_1197,-846.4165
arene_1198,-486.5552
arene_1199,-700.1196
arene_1200,-587.6245
arene_1201,-678.8279
arene_1202,-829.3146
arene_1203,-635.5089
arene_1204,-508.6082
arene_1205,-1017.6588
arene_1206,-1344.4722
arene_1207,-941.3341
arene_1208,-829.3322
arene_1209,-603.5191
arene_1210,-674.9056
arene_1211,-826.5576
arene_1212,-698.6066
arene_1213,-490.3488
arene_1213,-490.3488
arene_1214,-1033.6257
arene_1215,-639.4248
arene_1216,
arene_1216,
arene_1217,-1021.5768
arene_1218,-698.5886
arene_1219,-1021.5722
arene_1220,-849.1511
arene_1221,-888.4435
arene_1221,-888.4435
arene_1222,-399.2688
arene_1222,-399.2688
arene_1222,-399.2688
arene_1223,-1231.1918
arene_1224,-833.1482
arene_1225,-1037.4811
arene_1226,
arene_1227,-942.5332
arene_1228,-491.4077
arene_1228,-491.4077
arene_1229,-883.355
arene_1230,-958.489
arene_1231,-901.7111
arene_1232,-829.2854
arene_1233,-813.3788
arene_1234,-560.4215
arene_1235,-506.4047
arene_1236,-544.4628
arene_1237,-813.3106
arene_1238,-905.5463
arene_1238,-905.5463
arene_1239,-921.5509
arene_1240,-930.3524
arene_1240,-930.3524
arene_1241,-599.8118
arene_1242,-490.4022
arene_1243,-490.4201
arene_1244,-599.7804
arene_1245,-607.4575
arene_1246,-1117.4356
arene_1247,-941.4301
arene_1248,-1344.4316
arene_1249,-1033.6161
arene_1250,-508.6233
arene_1250,-508.6233
arene_1251,-524.5937
arene_1252,-583.8038
arene_1253,-474.3995
arene_1253,-474.3995
arene_1254,-942.4625
arene_1255,-355.1395
arene_1256,-603.5702
arene_1257,-1344.4495
arene_1258,-1244.5141
arene_1259,-415.2355
arene_1260,-1001.7243
arene_1261,-1151.1262
arene_1262,-901.7533
arene_1263,-681.3495
arene_1264,-433.4614
arene_1264,-433.4614
arene_1265,-583.7165
arene_1265,-583.7165
arene_1266,-245.7891
arene_1267,-490.314
arene_1267,-490.314
arene_1268,-603.6202
arene_1269,-358.9883
arene_1270,-942.5676
arene_1271,-603.5649
arene_1272,-1156.0738
arene_1273,-510.2104
arene_1274,-490.43
arene_1274,-490.43
arene_1275,-1344.4449
arene_1276,-490.3703
arene_1276,-490.3703
arene_1277,
arene_1278,-452.2307
arene_1278,-452.2307
arene_1279,-946.3813
arene_1280,-1037.5065
arene_1281,-1360.4427
arene_1282,-597.4528
arene_1283,
arene_1284,
arene_1285,-1587.2841
arene_1286,-833.1769
arene_1287,-917.7586
arene_1288,-615.7761
arene_1289,-506.4248
arene_1290,-904.5019
arene_1291,-942.5705
arene_1292,
arene_1293,-1017.7572
arene_1294,-492.6336
arene_1294,-492.6336
arene_1295,-587.6204
arene_1296,-941.3518
arene_1297,-470.5606
arene_1298,-574.9388
arene_1299,-698.6558
arene_1300,-634.3837
arene_1301,-1173.2096
arene_1302,-808.4164
arene_1303,-561.7144
arene_1304,-603.5493
arene_1305,-797.322
arene_1305,-797.322
arene_1306,-706.1414
arene_1307,-1092.7795
arene_1308,-583.7889
arene_1309,-524.6586
arene_1310,-619.5895
arene_1311,-585.436
arene_1312,-357.3645
arene_1312,-357.3645
arene_1313,-833.1771
arene_1314,-813.2885
arene_1315,-486.5977
arene_1316,-536.7173
arene_1316,-536.7173
arene_1316,-536.7173
arene_1317,
arene_1318,-492.6322
arene_1318,-492.6322
arene_1318,-492.6322
arene_1319,-926.5693
arene_1320,-623.4856
arene_1321,-603.6059
arene_1322,-926.5592
arene_1323,-1269.2895
arene_1324,-540.5899
arene_1325,-942.5201
arene_1326,
arene_1327,-813.3345
arene_1328,-486.58
arene_1329,-508.6513
arene_1329,-508.6513
arene_1330,-417.4447
arene_1330,-417.4447
arene_1330,-417.4447
arene_1330,-417.4447
arene_1331,-583.789
arene_1332,-926.5027
arene_1333,-794.6017
arene_1333,-794.6017
arene_1334,-1017.7232
arene_1335,-675.0147
arene_1336,-448.4511
arene_1337,-846.356
arene_1337,-846.356
arene_1338,-494.2355
arene_1339,
arene_1340,-674.8927
arene_1341,-1017.6447
arene_1342,-845.3449
arene_1343,-904.4558
arene_1344,-540.5488
arene_1345,-448.4206
arene_1346,-1264.3224
arene_1347,-1269.2697
arene_1348,-924.3169
arene_1349,-846.4311
arene_1350,-946.3591
arene_1351,-866.2183
arene_1352,-581.5932
arene_1353,-769.7994
arene_1354,-1156.0891
arene_1355,-1004.2389
arene_1356,-1092.8511
arene_1357,-1344.4389
arene_1358,-1244.5252
arene_1359,-1573.964
arene_1360,-678.8269
arene_1361,-1156.0772
arene_1362,-813.3156
arene_1363,-846.4107
arene_1364,-506.3338
arene_1365,-942.5084
arene_1366,-829.3644
arene_1367,-486.5333
arene_1368,-524.6555
arene_1369,-678.7191
arene_1370,-598.5679
arene_1371,-474.3411
arene_1371,-474.3411
arene_1372,-486.5978
arene_1373,-1322.3282
arene_1374,-846.4641
arene_1375,-508.6123
arene_1375,-508.6123
arene_1376,-490.3235
arene_1377,-942.4942
arene_1378,-615.6667
arene_1379,-926.5487
arene_1380,-926.5236
arene_1381,-1021.4629
arene_1382,-845.3367
arene_1383,-581.5719
arene_1384,-506.3794
arene_1385,-603.6434
arene_1386,-829.3187
arene_1387,-583.8564
arene_1388,-769.8836
arene_1389,-1662.4465
arene_1390,-694.6572
arene_1391,-830.4366
arene_1392,-603.5867
arene_1393,-508.6399
arene_1393,-508.6399
arene_1394,
arene_1395,-794.5445
arene_1396,-540.5607
arene_1397,-619.535
arene_1398,-619.6027
arene_1399,-942.5129
arene_1400,-605.2467
arene_1401,-445.7278
arene_1402,-393.1345
arene_1403,-797.3309
arene_1404,-507.5124
arene_1405,-1001.7442
arene_1406,-583.8081
arene_1407,-583.7845
arene_1408,-962.3543
arene_1409,-492.6112
arene_1409,-492.6112
arene_1409,-492.6112
arene_1410,-1112.5871
arene_1411,-503.6646
arene_1412,
arene_1413,-1112.662
arene_1414,-1001.7498
arene_1415,-544.4269
arene_1416,-794.5573
arene_1417,-528.4127
arene_1418,-506.396
arene_1419,-908.301
arene_1420,-694.8608
arene_1421,-528.4452
arene_1422,-526.2765
arene_1423,-623.4517
arene_1424,-599.7247
arene_1425,-1001.6299
arene_1426,-1137.3312
arene_1426,-1137.3312
arene_1427,-454.5702
arene_1428,-817.1502
arene_1429,-524.6246
arene_1430,-512.4617
arene_1430,-512.4617
arene_1431,-581.5367
arene_1432,-663.7039
arene_1433,-813.3301
arene_1434,
arene_1435,-910.5034
arene_1435,-910.5034
arene_1436,-470.5701
arene_1437,-1364.2896
arene_1438,
arene_1439,-433.4659
arene_1439,-433.4659
arene_1440,-926.5204
arene_1441,-946.4043
arene_1441,-946.4043
arene_1442,-1687.1748
arene_1443,-524.5637
arene_1444,-524.6765
arene_1445,
arene_1446,
arene_1447,-586.3266
arene_1448,-526.2229
arene_1449,-490.3957
arene_1450,-942.5003
arene_1451,-607.4982
arene_1451,-607.4982
arene_1451,-607.4982
arene_1452,-490.4305
arene_1453,
arene_1454,-833.1927
arene_1455,-623.4182
arene_1456,-567.7344
arene_1456,-567.7344
arene_1457,-1169.3984
arene_1458,-678.7514
arene_1459,-522.3552
arene_1460,-470.622
arene_1461,-678.7626
arene_1462,-1041.384
arene_1463,-926.5524
arene_1464,-690.8663
arene_1465,-1017.6419
arene_1466,-962.3351
arene_1467,-603.652
arene_1468,-639.3104
arene_1469,-470.5478
arene_1470,-946.3163
arene_1471,-1001.6275
arene_1471,-1001.6275
arene_1472,-581.5444
arene_1473,-795.0647
arene_1474,-602.3613
arene_1475,-926.5841
arene_1476,-692.3799
arene_1476,-692.3799
arene_1476,-692.3799
arene_1476,-692.3799
arene_1477,-395.3704
arene_1477,-395.3704
arene_1478,-490.3898
arene_1479,-587.6169
arene_1479,-587.6169
arene_1480,-1269.274
arene_1481,
arene_1481,
arene_1481,
arene_1481,
arene_1481,
arene_1482,-599.7567
arene_1483,-506.3998
arene_1484,-496.4584
arene_1484,-496.4584
arene_1484,-496.4584
arene_1484,-496.4584
arene_1485,-583.7589
arene_1486,
arene_1487,-474.3983
arene_1487,-474.3983
arene_1488,
arene_1489,-1001.7296
arene_1490,-1687.2019
arene_1491,
arene_1492,-603.6274
arene_1493,-930.3564
arene_1494,
arene_1495,-584.6967
arene_1496,-788.4879
arene_1497,-490.4495
arene_1498,
arene_1499,
arene_1500,-926.5183
arene_1501,-888.4917
arene_1502,-445.724
arene_1503,-813.2868
arene_1504,-1251.0564
arene_1505,-587.5451
arene_1505,-587.5451
arene_1506,-926.5017
arene_1507,-926.4997
arene_1508,-570.3103
arene_1508,-570.3103
arene_1509,-710.6264
arene_1510,-486.5027
arene_1511,-619.6615
arene_1512,-342.9713
arene_1512,-342.9713
arene_1513,-714.5728
arene_1514,-674.8841
arene_1515,-548.317
arene_1516,-845.2974
arene_1517,-1017.6081
arene_1518,-867.3792
arene_1519,-470.5802
arene_1520,-1092.834
arene_1521,
arene_1522,-476.5998
arene_1522,-476.5998
arene_1522,-476.5998
arene_1523,-540.6006
arene_1524,-603.6623
arene_1524,-603.6623
arene_1525,-583.7795
arene_1525,-583.7795
arene_1526,-635.6224
arene_1527,-750.0632
arene_1528,-522.3199
arene_1529,-1033.62
arene_1530,-599.7753
arene_1531,-921.5737
arene_1532,
arene_1533,-1205.192
arene_1534,-656.662
arene_1535,-598.6087
arene_1536,-393.1837
arene_1537,-908.3113
arene_1538,-1021.4592
arene_1539,-1231.2648
arene_1540,-656.7018
arene_1541,
arene_1542,-544.51
arene_1543,-1344.457
arene_1544,-1173.1624
arene_1545,-681.3324
arene_1546,-567.8027
arene_1547,-1364.2804
arene_1548,-1021.5409
arene_1549,-502.5461
arene_1550,-908.3503
arene_1551,-486.5969
arene_1552,-544.4741
arene_1552,-544.4741
arene_1553,-510.2163
arene_1554,-926.5536
arene_1555,-1319.71
arene_1556,
arene_1557,-926.553
arene_1558,-601.421
arene_1559,-1147.2651
arene_1560,-565.551
arene_1561,-920.4282
arene_1562,
arene_1563,-1017.7493
arene_1564,-508.6282
arene_1565,-903.2922
arene_1566,
arene_1567,-618.3906
arene_1568,-524.6178
arene_1569,
arene_1570,-409.1276
arene_1571,-601.4728
arene_1572,-474.408
arene_1572,-474.408
arene_1573,-540.6153
arene_1574,-1140.0707
arene_1575,-508.6643
arene_1576,-528.4234
arene_1576,-528.4234
arene_1577,-467.8426
arene_1578,-937.4982
arene_1579,-1004.2511
arene_1580,-454.5051
arene_1580,-454.5051
arene_1580,-454.5051
arene_1581,-830.4249
arene_1581,-830.4249
arene_1582,-807.1922
arene_1583,-1037.581
arene_1584,-1247.2532
arene_1585,-849.1411
arene_1586,-1339.4755
arene_1587,-962.3745
arene_1588,-1156.0577
arene_1589,-908.2714
arene_1590,-690.8244
arene_1591,-619.5121
arene_1592,-1496.1517
arene_1593,-508.6717
arene_1593,-508.6717
arene_1594,-789.6332
arene_1595,
arene_1596,-619.6695
arene_1597,-754.1546
arene_1598,-958.4929
arene_1599,-619.5819
arene_1600,-599.8765
arene_1601,-585.429
arene_1602,-583.7334
arene_1603,-888.3985
arene_1603,-888.3985
arene_1604,-850.3259
arene_1605,-526.2044
arene_1606,
arene_1606,
arene_1607,-1021.5761
arene_1608,
arene_1609,-1037.4701
arene_1610,-924.3207
arene_1611,-710.6365
arene_1612,
arene_1613,-926.5653
arene_1613,-926.5653
arene_1614,-829.3481
arene_1615,-926.5556
arene_1616,-603.6412
arene_1616,-603.6412
arene_1617,-833.1207
arene_1618,-830.4587
arene_1619,-797.2958
arene_1619,-797.2958
arene_1620,-561.7148
arene_1621,-465.44
arene_1621,-465.44
arene_1622,-946.3376
arene_1623,
arene_1624,-583.801
arene_1625,-910.5436
arene_1625,-910.5436
arene_1626,-502.5388
arene_1627,-904.4036
arene_1628,-603.6497
arene_1629,-835.3771
arene_1629,-835.3771
arene_1629,-835.3771
arene_1630,-379.4219
arene_1630,-379.4219
arene_1630,-379.4219
arene_1631,-957.2821
arene_1632,-1231.2146
arene_1633,-957.3714
arene_1634,-393.1696
arene_1635,
arene_1636,-583.7484
arene_1637,
arene_1638,-849.1168
arene_1639,-561.6809
arene_1640,-395.3897
arene_1641,
arene_1642,-942.5276
arene_1643,
arene_1644,-846.489
arene_1645,-1021.5159
arene_1646,-1001.7143
arene_1647,-560.5597
arene_1648,-754.19
arene_1649,-942.5453
arene_1650,-999.4234
arene_1651,-1435.5436
arene_1652,-474.3953
arene_1652,-474.3953
arene_1653,-926.5304
arene_1654,-797.3294
arene_1654,-797.3294
arene_1655,-829.3535
arene_1656,-523.5603
arene_1657,-674.961
arene_1658,-562.7419
arene_1658,-562.7419
arene_1659,-1037.4841
arene_1660,
arene_1661,-698.6158
arene_1662,-1092.7927
arene_1663,-946.3801
arene_1664,
arene_1665,-540.5978
arene_1666,-619.594
arene_1667,-490.3468
arene_1668,-1001.6672
arene_1669,-526.2509
arene_1670,-908.2499
arene_1671,
arene_1672,-490.4608
arene_1673,-904.452
arene_1674,
arene_1675,-433.5016
arene_1676,-490.3935
arene_1677,-599.7955
arene_1678,-524.6508
arene_1679,
arene_1679,
arene_1679,
arene_1680,-732.1148
arene_1681,-490.3808
arene_1682,-1264.3159
arene_1683,-867.4183
arene_1684,
arene_1685,
arene_1686,
arene_1687,
arene_1688,-508.6252
arene_1688,-508.6252
arene_1689,-942.5397
arene_1690,-454.5891
arene_1690,-454.5891
arene_1691,-1041.3974
arene_1692,-373.3536
arene_1693,-583.8524
arene_1693,-583.8524
arene_1694,-698.617
arene_1695,-1092.8045
arene_1696,-587.6253
arene_1696,-587.6253
arene_1697,-926.4859
arene_1698,-769.8511
arene_1699,-1247.2473
arene_1700,-490.468
arene_1700,-490.468
arene_1701,-603.6413
arene_1702,-926.5611
arene_1703,-379.3973
arene_1703,-379.3973
arene_1704,-1017.5865
arene_1705,-1360.4737
arene_1706,-492.6605
arene_1706,-492.6605
arene_1706,-492.6605
arene_1707,-601.4136
arene_1708,-523.4115
arene_1709,-578.7819
arene_1710,
arene_1711,-395.4087
arene_1712,-1285.2615
arene_1713,-615.8008
arene_1714,
arene_1715,-681.335
arene_1716,-957.3273
arene_1717,
arene_1718,-833.1926
arene_1719,
arene_1720,
arene_1721,-888.4576
arene_1722,
arene_1723,-487.5942
arene_1723,-487.5942
arene_1724,-528.4279
arene_1725,
arene_1726,-908.3344
arene_1727,-926.4913
arene_1728,-490.3894
arene_1729,-674.9724
arene_1730,
arene_1731,-603.5858
arene_1732,-917.6907
arene_1733,-385.4408
arene_1733,-385.4408
arene_1734,
arene_1735,-658.9436
arene_1736,-427.403
arene_1737,
arene_1738,-1172.075
arene_1739,-506.2972
arene_1740,-577.633
arene_1741,-656.5743
arene_1742,-583.7273
arene_1743,-829.3284
arene_1744,-921.599
arene_1745,-1017.7248
arene_1746,-690.8364
arene_1747,-901.7716
arene_1748,-698.6485
arene_1749,
arene_1750,-920.386
arene_1751,-920.4324
arene_1752,-1021.5639
arene_1753,-545.7716
arene_1754,-598.5646
arene_1755,-750.0619
arene_1756,-264.0054
arene_1757,-835.3802
arene_1757,-835.3802
arene_1757,-835.3802
arene_1758,-925.4215
arene_1758,-925.4215
arene_1759,-926.506
arene_1760,
arene_1761,-619.6075
arene_1762,-567.7891
arene_1763,-813.3412
arene_1764,-490.3409
arene_1765,-561.6197
arene_1766,-1435.5607
arene_1767,
arene_1768,-583.7139
arene_1769,
arene_1770,-826.6022
arene_1771,-623.4652
arene_1772,-581.5739
arene_1773,-619.5752
arene_1774,-486.5428
arene_1775,-560.4445
arene_1776,-1269.2908
arene_1777,-698.662
arene_1778,-926.5445
arene_1779,-901.6988
arene_1780,
arene_1781,-512.4762
arene_1781,-512.4762
arene_1782,-678.7615
arene_1783,-490.4208
arene_1784,-594.8017
arene_1785,-1021.5687
arene_1786,-732.0997
arene_1787,
arene_1788,-738.2035
arene_1789,-1339.484
arene_1790,-1042.8919
arene_1791,-928.1625
arene_1792,-583.7761
arene_1793,-810.6085
arene_1794,-486.5443
arene_1795,-561.7694
arene_1796,-490.4205
arene_1797,-1231.2482
arene_1798,-457.0885
arene_1799,-1092.7959
arene_1800,-942.53
arene_1801,-619.6316
arene_1802,-833.208
arene_1803,-946.3793
arene_1804,-1001.7251
arene_1805,-826.6212
arene_1806,-560.4417
arene_1807,-1269.2889
arene_1808,-486.5658
arene_1809,-1322.3308
arene_1810,-917.7128
arene_1811,-694.8626
arene_1812,-946.3837
arene_1813,
arene_1814,-490.3636
arene_1815,-582.5795
arene_1815,-582.5795
arene_1816,-619.7017
arene_1817,-674.8882
arene_1818,-522.399
arene_1819,-487.6506
arene_1820,-526.2081
arene_1821,-489.0919
arene_1822,
arene_1823,-583.7212
arene_1824,-851.3625
arene_1824,-851.3625
arene_1825,-619.6158
arene_1826,-449.4562
arene_1826,-449.4562
arene_1827,-1033.6175
arene_1828,-603.5897
arene_1829,-508.6244
arene_1829,-508.6244
arene_1829,-508.6244
arene_1830,-623.3903
arene_1831,-694.7979
arene_1832,-769.865
arene_1833,-813.3861
arene_1833,-813.3861
arene_1834,-926.5338
arene_1835,-1322.3467
arene_1836,-716.0888
arene_1837,-577.682
arene_1838,-607.455
arene_1839,-582.5766
arene_1839,-582.5766
arene_1840,-908.2716
arene_1841,-829.2464
arene_1842,-1017.6741
arene_1843,-508.6326
arene_1843,-508.6326
arene_1844,-1021.4178
arene_1845,-674.8679
arene_1846,-829.3261
arene_1847,-524.6344
arene_1848,-690.832
arene_1849,-910.5341
arene_1850,-1231.272
arene_1851,-1021.5659
arene_1852,-470.6062
arene_1852,-470.6062
arene_1853,-1285.2977
arene_1854,-1041.3563
arene_1855,-842.6155
arene_1856,-599.8617
arene_1857,-583.8122
arene_1858,-1244.5013
arene_1859,-1231.2269
arene_1860,-502.5878
arene_1861,-1017.6149
arene_1862,-1042.8783
arene_1863,-926.5122
arene_1864,-623.4626
arene_1865,-921.5753
arene_1866,-1021.4947
arene_1867,-910.5265
arene_1867,-910.5265
arene_1868,-603.6845
arene_1869,-1360.4284
arene_1870,
arene_1871,-523.5085
arene_1872,-1001.7167
arene_1873,-599.7107
arene_1874,-926.502
arene_1875,-962.3362
arene_1876,-578.7932
arene_1877,-698.6547
arene_1878,-921.5348
arene_1879,-661.5064
arene_1880,-512.4591
arene_1880,-512.4591
arene_1881,
arene_1881,
arene_1882,-738.2045
arene_1883,-845.3021
arene_1884,-599.731
arene_1885,-926.5098
arene_1886,-946.3602
arene_1887,-979.5656
arene_1888,
arene_1889,-465.4979
arene_1890,-599.7879
arene_1891,
arene_1892,-738.1847
arene_1893,-623.4726
arene_1894,-567.7913
arene_1895,-583.808
arene_1896,-946.3953
arene_1897,-698.6346
arene_1898,-524.6416
arene_1899,-1269.2372
arene_1900,-867.3831
arene_1901,-846.4366
arene_1902,-1269.2844
arene_1903,-492.6004
arene_1903,-492.6004
arene_1904,-942.5114
arene_1905,-1269.2791
arene_1906,-587.5364
arene_1906,-587.5364
arene_1907,-581.5151
arene_1908,-946.3278
arene_1909,-619.5954
arene_1910,-926.5207
arene_1911,-703.9288
arene_1911,-703.9288
arene_1912,-1118.0221
arene_1913,
arene_1914,-942.537
arene_1915,-570.3153
arene_1916,-603.6224
arene_1917,-1359.3709
arene_1918,-901.739
arene_1919,-694.7296
arene_1920,-789.7673
arene_1921,-908.3226
arene_1922,-718.4136
arene_1923,-901.77
arene_1924,-1322.3017
arene_1925,-962.4289
arene_1926,-578.822
arene_1927,-503.695
arene_1928,-506.4255
arene_1929,
arene_1930,-829.35
arene_1931,-810.6172
arene_1932,-829.3087
arene_1933,-946.3825
arene_1934,-619.6546
arene_1935,-619.5981
arene_1936,-603.5284
arene_1937,-586.3423
arene_1938,-678.7409
arene_1939,-433.498
arene_1939,-433.498
arene_1940,-415.2405
arene_1940,-415.2405
arene_1941,-921.5019
arene_1942,-774.7049
arene_1943,-1662.4037
arene_1944,-607.4527
arene_1945,-867.3742
arene_1946,-810.6417
arene_1947,-849.2307
arene_1948,-1001.7343
arene_1949,-615.7279
arene_1950,-829.3431
arene_1951,-694.8539
arene_1952,-603.5716
arene_1953,-583.7485
arene_1954,-1360.4238
arene_1955,-585.3006
arene_1956,-833.1839
arene_1957,-910.5036
arene_1957,-910.5036
arene_1958,-599.8418
arene_1959,
arene_1960,
arene_1961,-813.3513
arene_1962,-1017.6028
arene_1963,-567.8028
arene_1964,-867.3815
arene_1965,-601.3223
arene_1966,-719.9637
arene_1967,-603.6963
arene_1967,-603.6963
arene_1968,-607.3681
arene_1968,-607.3681
arene_1969,-565.554
arene_1970,-810.5999
arene_1971,-470.5417
arene_1972,-619.5059
arene_1973,-817.1508
arene_1973,-817.1508
arene_1974,-582.5687
arene_1974,-582.5687
arene_1975,-908.3168
arene_1976,-1185.4121
arene_1977,-540.6139
arene_1978,-506.3642
arene_1979,-1156.0285
arene_1980,-470.5949
arene_1981,-813.3773
arene_1982,-523.4639
arene_1983,-921.5402
arene_1984,-851.3597
arene_1984,-851.3597
arene_1985,-1251.0742
arene_1986,-674.9091
arene_1987,-585.3704
arene_1988,
arene_1989,-561.6416
arene_1990,-849.1818
arene_1991,-599.8552
arene_1992,-700.1125
arene_1993,-905.5534
arene_1993,-905.5534
arene_1994,-565.5524
arene_1995,-499.7609
arene_1996,-996.6753
arene_1997,
arene_1998,
arene_1999,-1322.3437
arene_2000,-1112.6698
arene_2001,-636.8373
arene_2002,-483.7592
arene_2003,-908.2958
arene_2004,
arene_2005,-1092.753
arene_2006,
arene_2007,-618.3814
arene_2008,-544.4771
arene_2009,-470.5404
arene_2010,
arene_2011,-930.3463
arene_2012,-607.4344
arene_2012,-607.4344
arene_2013,-808.3108
arene_2014,-714.6033
arene_2015,-1017.7366
arene_2016,-797.3203
arene_2016,-797.3203
arene_2017,-811.0752
arene_2018,-639.4346
arene_2019,-926.5618
arene_2019,-926.5618
arene_2020,-846.6025
arene_2021,-1001.6847
arene_2022,-487.7105
arene_2023,-449.4849
arene_2023,-449.4849
arene_2024,-486.5971
arene_2025,-851.3336
arene_2026,
arene_2027,-587.6414
arene_2027,-587.6414
arene_2028,-229.7555
arene_2029,-486.5757
arene_2030,
arene_2031,-508.5993
arene_2032,-1092.7597
arene_2033,-905.5442
arene_2033,-905.5442
arene_2034,-561.7507
arene_2035,-567.7028
arene_2035,-567.7028
arene_2036,-829.3383
arene_2037,-508.6676
arene_2037,-508.6676
arene_2038,-416.8669
arene_2039,-540.5998
arene_2040,-694.6975
arene_2041,-583.7942
arene_2042,-619.6857
arene_2043,-834.3042
arene_2043,-834.3042
arene_2044,-411.3982
arene_2045,-508.6478
arene_2045,-508.6478
arene_2046,-528.4912
arene_2047,-851.3996
arene_2048,-888.439
arene_2049,-870.1234
arene_2050,-599.8096
arene_2051,
arene_2052,-603.6235
arene_2053,-1253.2714
arene_2053,-1253.2714
arene_2054,-700.1186
arene_2055,-395.4451
arene_2056,
arene_2057,-813.3198
arene_2058,-395.4134
arene_2059,-567.8115
arene_2060,-1344.453
arene_2061,
arene_2062,-719.9167
arene_2063,-524.6462
arene_2064,-581.4782
arene_2065,-813.3227
arene_2066,-926.5455
arene_2067,-581.5492
arene_2068,-1344.4077
arene_2069,-565.5974
arene_2070,-528.4966
arene_2071,
arene_2072,
arene_2073,-1151.099
arene_2074,-585.4448
arene_2075,-568.1338
arene_2076,-508.6618
arene_2076,-508.6618
arene_2077,-614.5373
arene_2078,-599.8111
arene_2079,-583.8299
arene_2079,-583.8299
arene_2080,-1112.5986
arene_2081,-565.5874
arene_2082,-417.4815
arene_2082,-417.4815
arene_2082,-417.4815
arene_2083,-561.6829
arene_2084,-510.2239
arene_2085,-561.7063
arene_2086,-490.4414
arene_2087,-714.5875
arene_2088,-603.6013
arene_2089,-866.2566
arene_2090,-494.2239
arene_2090,-494.2239
arene_2091,-1153.4162
arene_2091,-1153.4162
arene_2092,-817.1919
arene_2092,-817.1919
arene_2092,-817.1919
arene_2093,-926.5121
arene_2093,-926.5121
arene_2094,-561.8153
arene_2095,-845.3213
arene_2096,-631.6533
arene_2097,-1251.056
arene_2098,-510.2154
arene_2099,-719.9143
arene_2100,-829.3512
arene_2101,-674.8979
arene_2102,-524.68
arene_2103,
arene_2104,-524.6115
arene_2105,-474.4085
arene_2105,-474.4085
arene_2106,-411.4296
arene_2107,-1112.5977
arene_2108,-561.6281
arene_2109,-486.613
arene_2110,-494.1518
arene_2110,-494.1518
arene_2111,-454.5031
arene_2111,-454.5031
arene_2112,-926.5573
arene_2113,-908.3284
arene_2114,-619.6173
arene_2115,-653.905
arene_2116,-1435.5315
arene_2117,-1156.0887
arene_2118,-619.6265
arene_2119,-508.6764
arene_2119,-508.6764
arene_2120,-1041.3073
arene_2121,
arene_2122,-599.8034
arene_2123,-883.496
arene_2124,-619.56
arene_2125,-833.1654
arene_2126,-979.6382
arene_2127,-813.3076
arene_2128,-658.9994
arene_2129,-1247.2729
arene_2130,-999.3721
arene_2131,-882.2075
arene_2132,-996.7844
arene_2133,-790.734
arene_2134,-795.0975
arene_2135,-833.1136
arene_2136,-1037.5798
arene_2137,-678.7356
arene_2138,-510.2468
arene_2139,-920.3984
arene_2140,-470.5669
arene_2141,
arene_2142,-835.3774
arene_2142,-835.3774
arene_2142,-835.3774
arene_2143,-623.4514
arene_2144,-470.6066
arene_2145,-930.35
arene_2145,-930.35
arene_2146,
arene_2146,
arene_2147,-607.4253
arene_2148,
arene_2149,-979.6203
arene_2150,-719.9536
arene_2151,
arene_2152,-483.7919
arene_2153,-524.5956
arene_2154,-656.7063
arene_2155,-901.7033
arene_2156,-835.3863
arene_2156,-835.3863
arene_2156,-835.3863
arene_2157,-656.6068
arene_2158,-789.6192
arene_2159,-474.3977
arene_2159,-474.3977
arene_2160,-598.5759
arene_2161,-411.4294
arene_2162,-867.3396
arene_2163,-946.4159
arene_2164,
arene_2165,-490.4171
arene_2166,-623.4863
arene_2167,-883.3349
arene_2168,
arene_2169,-614.5461
arene_2170,
arene_2171,
arene_2172,
arene_2173,-526.2045
arene_2174,
arene_2175,-1206.4186
arene_2176,-623.509
arene_2176,-623.509
arene_2177,
arene_2178,-941.4132
arene_2179,-678.7728
arene_2180,-474.3413
arene_2180,-474.3413
arene_2181,-508.6635
arene_2182,-797.3252
arene_2182,-797.3252
arene_2183,-901.7376
arene_2184,-522.4098
arene_2185,-619.5878
arene_2186,-209.9242
arene_2187,-1017.6913
arene_2188,-813.2989
arene_2189,-883.3862
arene_2190,-1285.2622
arene_2191,
arene_2192,-449.4803
arene_2193,
arene_2194,
arene_2195,-674.8792
arene_2196,-804.4865
arene_2197,-474.4025
arene_2198,-581.5623
arene_2199,-1036.3032
arene_2200,-928.182
arene_2201,
arene_2202,-583.772
arene_2203,-492.6478
arene_2203,-492.6478
arene_2204,-926.5951
arene_2204,-926.5951
arene_2205,-942.4912
arene_2206,-1017.6391
arene_2207,-1359.2564
arene_2208,-586.332
arene_2209,-905.58
arene_2209,-905.58
arene_2210,-508.6494
arene_2211,-506.3881
arene_2212,-813.3203
arene_2213,-395.4539
arene_2214,-946.365
arene_2215,-619.5245
arene_2216,-924.2974
arene_2217,-917.7224
arene_2218,-508.644
arene_2219,-924.3692
arene_2220,
arene_2221,-962.3591
arene_2222,-577.6008
arene_2223,-599.7949
arene_2224,-599.8399
arene_2225,-522.3559
arene_2226,-908.2999
arene_2227,-937.5328
arene_2228,-714.6664
arene_2229,-1017.6846
arene_2230,-594.751
arene_2231,
arene_2231,
arene_2232,-598.56
arene_2233,-506.378
arene_2234,-1021.5121
arene_2235,-1017.6619
arene_2236,-599.782
arene_2237,
arene_2238,-619.5244
arene_2239,-710.6314
arene_2240,-581.6442
arene_2241,-486.5239
arene_2242,-661.5359
arene_2243,-502.5317
arene_2244,-603.6459
arene_2245,-486.5345
arene_2246,-483.8663
arene_2247,-565.5426
arene_2248,-561.7733
arene_2249,-603.5834
arene_2250,-817.1013
arene_2251,
arene_2252,-676.4472
arene_2253,-361.1583
arene_2253,-361.1583
arene_2254,-904.4535
arene_2255,-603.6611
arene_2256,-603.6255
arene_2257,-470.5605
arene_2258,-754.2109
arene_2259,-910.5341
arene_2259,-910.5341
arene_2260,
arene_2261,-1269.2438
arene_2262,-395.4264
arene_2263,-545.6932
arene_2264,-545.7203
arene_2265,-1169.3936
arene_2266,-603.5681
arene_2267,-519.5549
arene_2268,-599.8031
arene_2269,-545.6648
arene_2270,-486.5029
arene_2271,-599.8045
arene_2272,-483.7636
arene_2273,-594.7738
arene_2274,
arene_2274,
arene_2275,-962.3257
arene_2276,-411.4139
arene_2277,-979.622
arene_2278,-794.558
arene_2279,-603.6558
arene_2280,-1344.4739
arene_2281,-962.3149
arene_2282,-619.6324
arene_2283,-499.7581
arene_2284,-849.1767
arene_2285,-826.6409
arene_2286,-472.7611
arene_2286,-472.7611
arene_2287,-449.4812
arene_2288,-564.3558
arene_2289,-602.3594
arene_2290,-813.3104
arene_2291,-946.3756
arene_2292,-1344.4113
arene_2293,-395.4145
arene_2293,-395.4145
arene_2294,-694.6373
arene_2295,-449.4386
arene_2296,-225.9377
arene_2297,-698.5495
arene_2298,
arene_2299,-506.3319
arene_2300,-599.7087
arene_2301,-867.3857
arene_2302,-1017.6284
arene_2303,
arene_2304,-583.7864
arene_2305,-483.8604
arene_2306,-615.6741
arene_2307,-603.6435
arene_2308,
arene_2309,-383.2108
arene_2310,
arene_2311,-829.318
arene_2312,-599.7027
arene_2313,-851.4088
arene_2313,-851.4088
arene_2314,-1117.445
arene_2315,-850.3264
arene_2316,-722.1897
arene_2316,-722.1897
arene_2316,-722.1897
arene_2317,-1231.2247
arene_2318,-379.4295
arene_2318,-379.4295
arene_2318,-379.4295
arene_2319,-710.6342
arene_2320,-448.4454
arene_2321,-527.3217
arene_2322,-470.573
arene_2323,-849.1444
arene_2324,-486.5947
arene_2325,-395.4325
arene_2326,-926.569
arene_2327,-1017.6306
arene_2328,-678.7828
arene_2329,-470.5964
arene_2330,-602.3994
arene_2330,-602.3994
arene_2331,-813.3326
arene_2332,-357.3387
arene_2333,-462.7644
arene_2333,-462.7644
arene_2334,
arene_2335,-813.3449
arene_2336,-374.938
arene_2337,-1001.7349
arene_2338,-908.3411
arene_2339,-619.5402
arene_2340,-490.3221
arene_2341,-470.5287
arene_2341,-470.5287
arene_2342,-942.513
arene_2343,-618.3873
arene_2344,-813.3443
arene_2345,-905.5604
arene_2345,-905.5604
arene_2346,-849.1169
arene_2347,-615.6755
arene_2348,-623.4756
arene_2349,-813.3213
arene_2350,-928.1808
arene_2351,-677.5442
arene_2352,-1153.3594
arene_2353,-615.7335
arene_2354,-946.416
arene_2354,-946.416
arene_2355,-946.3128
arene_2356,-888.4688
arene_2357,-492.644
arene_2357,-492.644
arene_2357,-492.644
arene_2358,-619.6147
arene_2359,-581.5762
arene_2360,-830.4509
arene_2360,-830.4509
arene_2361,
arene_2362,-924.3168
arene_2363,-699.5402
arene_2364,-1364.2727
arene_2365,-526.216
arene_2366,-829.3332
arene_2367,-506.4055
arene_2368,-829.3221
arene_2369,-1137.8727
arene_2370,-1169.3558
arene_2371,-510.2247
arene_2372,-829.3368
arene_2373,-1021.5737
arene_2374,-829.3299
arene_2375,-910.5382
arene_2375,-910.5382
arene_2376,-395.4347
arene_2376,-395.4347
arene_2377,-1033.6
arene_2378,
arene_2379,-490.3686
arene_2380,-904.4787
arene_2381,-813.3522
arene_2382,-524.5968
arene_2383,-942.4704
arene_2384,-544.429
arene_2385,-623.5148
arene_2386,-1021.4669
arene_2387,-524.6238
arene_2388,-601.3723
arene_2389,-1253.2708
arene_2390,-395.4193
arene_2391,-829.3157
arene_2392,-634.337
arene_2393,-470.533
arene_2394,
arene_2395,-926.4956
arene_2396,-490.3266
arene_2397,-942.5432
arene_2398,-582.6199
arene_2398,-582.6199
arene_2399,-583.8011
arene_2400,-490.3734
arene_2401,-603.5104
arene_2401,-603.5104
arene_2402,-619.5871
arene_2403,
arene_2404,-395.4082
arene_2405,-661.5267
arene_2406,
arene_2407,-411.4066
arene_2408,
arene_2409,
arene_2410,-1248.3029
arene_2410,-1248.3029
arene_2411,-619.5194
arene_2412,
arene_2413,-524.651
arene_2414,-1360.4831
arene_2415,
arene_2416,-561.6432
arene_2417,
arene_2418,-583.7973
arene_2419,-1140.0635
arene_2420,-814.4305
arene_2420,-814.4305
arene_2421,-465.5368
arene_2422,-490.4016
arene_2423,-738.1635
arene_2423,-738.1635
arene_2424,-470.5063
arene_2425,-524.6153
arene_2426,-395.4203
arene_2427,
arene_2428,-722.1625
arene_2429,-561.741
arene_2430,-639.4009
arene_2431,-1001.7152
arene_2432,-828.1224
arene_2433,
arene_2434,-599.7816
arene_2435,-942.5293
arene_2436,-508.6338
arene_2437,-1041.3669
arene_2438,-870.16
arene_2439,-813.3121
arene_2440,-888.4992
arene_2441,-561.7375
arene_2442,-854.1372
arene_2442,-854.1372
arene_2443,-607.4441
arene_2444,-1017.6079
arene_2445,-494.1756
arene_2446,-583.7937
arene_2447,-714.597
arene_2448,-1131.2736
arene_2449,-561.6166
arene_2450,
arene_2451,
arene_2451,
arene_2452,-1001.6818
arene_2453,-908.2749
arene_2454,-846.4871
arene_2455,-926.5309
arene_2456,-393.1393
arene_2457,-1248.331
arene_2457,-1248.331
arene_2458,-942.5183
arene_2459,-700.1129
arene_2460,
arene_2461,
arene_2462,-833.1433
arene_2463,-1574.0117
arene_2464,
arene_2465,-619.6058
arene_2466,-1173.201
arene_2467,
arene_2467,
arene_2468,-1017.6288
arene_2469,
arene_2469,
arene_2470,-587.6383
arene_2470,-587.6383
arene_2471,-1001.6994
arene_2472,-598.5888
arene_2473,-526.2255
arene_2474,-681.3254
arene_2475,-942.5063
arene_2476,-506.386
arene_2477,-583.7927
arene_2478,-830.4128
arene_2479,
arene_2480,-1058.8778
arene_2481,-1344.4213
arene_2482,-585.4294
arene_2483,-1037.529
arene_2484,-587.637
arene_2484,-587.637
arene_2485,-926.529
arene_2486,-678.8276
arene_2487,-427.4253
arene_2488,
arene_2489,-842.5988
arene_2490,-1193.0435
arene_2491,-468.2412
arene_2492,
arene_2493,-587.5372
arene_2493,-587.5372
arene_2494,-619.6272
arene_2495,-490.3513
arene_2496,-561.7431
arene_2497,-904.5621
arene_2498,-926.498
arene_2499,
arene_2500,
arene_2501,-1172.0907
arene_2502,-508.624
arene_2502,-508.624
arene_2503,-833.1495
arene_2504,-674.8552
arene_2505,-1435.5748
arene_2506,-946.383
arene_2507,-528.4585
arene_2507,-528.4585
arene_2508,-946.3042
arene_2509,
arene_2510,-908.3181
arene_2511,-599.8625
arene_2512,-522.3972
arene_2513,-524.6361
arene_2514,-694.7889
arene_2515,-301.1198
arene_2516,-942.5395
arene_2517,-522.3564
arene_2518,-581.4966
arene_2519,-556.5709
arene_2520,-247.989
arene_2520,-247.989
arene_2521,-888.4815
arene_2522,-867.3705
arene_2523,
arene_2524,
arene_2525,-1092.7556
arene_2526,-1134.0476
arene_2527,-583.7729
arene_2528,
arene_2529,-523.4382
arene_2530,-849.1982
arene_2531,-619.5901
arene_2532,-508.6019
arene_2532,-508.6019
arene_2532,-508.6019
arene_2533,-845.3187
arene_2534,-528.4494
arene_2534,-528.4494
arene_2535,-675.0275
arene_2536,-681.8914
arene_2537,-565.5435
arene_2537,-565.5435
arene_2538,-697.8702
arene_2539,-586.329
arene_2540,-845.336
arene_2541,-813.3526
arene_2542,-888.4463
arene_2543,-926.5543
arene_2544,-808.2969
arene_2545,-698.4957
arene_2546,-926.4711
arene_2547,-393.137
arene_2548,-1512.1758
arene_2549,
arene_2550,-1001.6112
arene_2551,-1189.2333
arene_2552,
arene_2553,-453.9766
arene_2554,-373.344
arene_2555,-867.3533
arene_2556,-599.771
arene_2557,-1021.5541
arene_2558,-486.5599
arene_2559,-867.3843
arene_2560,
arene_2561,-926.5229
arene_2562,-427.4496
arene_2563,-769.8215
arene_2564,-808.3215
arene_2565,-507.4112
arene_2565,-507.4112
arene_2566,-447.224
arene_2567,-508.6471
arene_2568,-483.7863
arene_2569,-698.6319
arene_2570,-813.3395
arene_2571,-373.2999
arene_2572,-454.5696
arene_2572,-454.5696
arene_2573,-492.652
arene_2573,-492.652
arene_2573,-492.652
arene_2574,-581.5066
arene_2575,-862.4467
arene_2576,-357.3449
arene_2577,-888.5223
arene_2578,-849.1721
arene_2579,
arene_2580,-264.012
arene_2581,-835.3769
arene_2581,-835.3769
arene_2581,-835.3769
arene_2582,-885.7613
arene_2582,-885.7613
arene_2583,-958.4818
arene_2584,-619.6032
arene_2585,-583.8178
arene_2585,-583.8178
arene_2586,-361.1645
arene_2586,-361.1645
arene_2587,
arene_2588,-750.0372
arene_2589,-619.5773
arene_2590,
arene_2591,-1017.7482
arene_2592,-924.3479
arene_2593,-738.1989
arene_2593,-738.1989
arene_2594,-539.4023
arene_2595,
arene_2596,-962.3078
arene_2597,-544.4657
arene_2597,-544.4657
arene_2598,-508.5732
arene_2598,-508.5732
arene_2599,-619.6112
arene_2600,-578.765
arene_2601,-431.2717
arene_2602,-567.7507
arene_2602,-567.7507
arene_2603,
arene_2604,-473.1376
arene_2605,-829.3315
arene_2606,-930.2999
arene_2606,-930.2999
arene_2607,-395.4048
arene_2608,
arene_2609,-548.9287
arene_2609,-548.9287
arene_2609,-548.9287
arene_2610,-904.3963
arene_2611,
arene_2612,-522.3377
arene_2613,-862.3763
arene_2614,-635.5219
arene_2615,-524.6438
arene_2616,-490.4183
arene_2617,-719.9212
arene_2618,-826.6474
arene_2619,-1037.4521
arene_2620,-492.5775
arene_2620,-492.5775
arene_2621,-698.6268
arene_2622,-813.3192
arene_2623,-928.1769
arene_2624,
arene_2625,-851.364
arene_2626,-467.8368
arene_2627,-1264.3477
arene_2628,-1172.1399
arene_2629,-377.1716
arene_2630,-586.3719
arene_2630,-586.3719
arene_2631,
arene_2632,-565.6056
arene_2633,-578.7419
arene_2634,-1017.6205
arene_2635,-1001.6797
arene_2636,-619.6111
arene_2637,-926.5544
arene_2638,-490.3367
arene_2639,
arene_2640,-524.6284
arene_2640,-524.6284
arene_2641,-639.4884
arene_2642,-1021.5536
arene_2643,-470.5578
arene_2644,-508.6203
arene_2645,-619.5619
arene_2646,-851.3658
arene_2647,-1021.5322
arene_2648,-937.5316
arene_2649,-492.6258
arene_2650,-849.1736
arene_2651,-411.4776
arene_2652,-958.5185
arene_2653,-538.9055
arene_2653,-538.9055
arene_2654,
arene_2655,
arene_2656,-454.5592
arene_2657,-561.7066
arene_2658,-901.7716
arene_2659,-449.481
arene_2660,-862.3824
arene_2661,-829.335
arene_2662,-1156.1028
arene_2663,
arene_2664,-829.2895
arene_2665,
arene_2666,-775.2722
arene_2667,-581.5003
arene_2668,
arene_2669,-565.5583
arene_2670,
arene_2671,
arene_2672,-490.35
arene_2673,-920.4026
arene_2674,-395.393
arene_2675,-411.4429
arene_2676,-506.4607
arene_2677,-1480.1594
arene_2677,-1480.1594
arene_2678,-488.1728
arene_2679,-1112.6768
arene_2680,-942.555
arene_2681,-714.5072
arene_2682,
arene_2683,-817.1376
arene_2684,-476.6043
arene_2684,-476.6043
arene_2685,-607.3753
arene_2685,-607.3753
arene_2686,
arene_2687,
arene_2688,-794.535
arene_2689,-431.2613
arene_2690,-694.6587
arene_2691,-829.3611
arene_2692,-486.539
arene_2693,-926.5761
arene_2694,
arene_2695,-528.4671
arene_2696,-716.1064
arene_2697,-795.0507
arene_2698,-829.3199
arene_2699,-503.6226
arene_2700,-470.5809
arene_2701,-1264.3135
arene_2702,-603.6082
arene_2703,-448.4958
arene_2704,-476.6277
arene_2704,-476.6277
arene_2704,-476.6277
arene_2704,-476.6277
arene_2705,-908.3397
arene_2706,-833.1326
arene_2707,-581.6013
arene_2708,-661.5183
arene_2709,-545.7879
arene_2710,-833.1408
arene_2711,-814.4697
arene_2711,-814.4697
arene_2712,-926.5082
arene_2713,
arene_2714,-1021.575
arene_2715,
arene_2716,-797.333
arene_2716,-797.333
arene_2717,-958.501
arene_2718,-483.7765
arene_2719,-904.4917
arene_2720,-583.7523
arene_2721,
arene_2722,-599.7902
arene_2723,-678.8033
arene_2724,-373.381
arene_2725,-1042.8836
arene_2726,-476.6302
arene_2726,-476.6302
arene_2726,-476.6302
arene_2726,-476.6302
arene_2727,-908.287
arene_2728,
arene_2729,-519.5924
arene_2730,-467.7915
arene_2730,-467.7915
arene_2731,-506.3987
arene_2732,-417.4792
arene_2733,-813.3171
arene_2734,-411.4366
arene_2735,-1137.3931
arene_2736,-1169.3583
arene_2737,-1260.4736
arene_2738,-567.7962
arene_2739,-958.4919
arene_2740,-619.5829
arene_2741,-599.7329
arene_2742,-814.9484
arene_2743,-942.511
arene_2744,-656.6235
arene_2745,-599.844
arene_2746,-926.565
arene_2747,-888.4681
arene_2748,-1017.7093
arene_2749,-810.6079
arene_2750,-698.6182
arene_2751,-583.7293
arene_2752,
arene_2752,
arene_2753,-510.2002
arene_2754,
arene_2755,-524.6506
arene_2756,-502.5042
arene_2757,-946.3718
arene_2758,-930.3624
arene_2758,-930.3624
arene_2759,-585.4419
arene_2760,-603.5524
arene_2761,-1117.4453
arene_2762,
arene_2763,-470.5907
arene_2764,-470.5658
arene_2765,-1169.331
arene_2766,
arene_2767,-1021.5516
arene_2768,
arene_2769,
arene_2770,-942.4845
arene_2771,-829.3258
arene_2772,
arene_2773,-690.8186
arene_2774,-888.4228
arene_2774,-888.4228
arene_2775,-487.6675
arene_2776,-1285.25
arene_2777,-910.5344
arene_2777,-910.5344
arene_2778,-583.7611
arene_2779,
arene_2780,-1021.561
arene_2781,
arene_2782,-433.5046
arene_2782,-433.5046
arene_2783,-1172.0898
arene_2784,-1017.6318
arene_2785,-486.5679
arene_2786,-1092.8318
arene_2787,-674.8849
arene_2788,-722.1608
arene_2789,-377.1847
arene_2790,-937.4984
arene_2791,-452.2258
arene_2791,-452.2258
arene_2792,-599.7839
arene_2793,-658.9756
arene_2794,-813.358
arene_2795,-1244.4841
arene_2796,-946.3893
arene_2797,-526.3162
arene_2798,-904.4794
arene_2799,-619.6007
arene_2800,
arene_2801,
arene_2802,-623.422
arene_2803,-567.7733
arene_2804,-694.7704
arene_2805,
arene_2806,-587.6185
arene_2807,-587.6281
arene_2808,-639.4943
arene_2809,-946.3775
arene_2810,-976.9006
arene_2811,-928.1733
arene_2812,-586.3469
arene_2813,-867.3573
arene_2814,-829.3724
arene_2815,-904.4224
arene_2816,-979.5609
arene_2817,-623.4111
arene_2818,-1344.4816
arene_2819,-1021.5519
arene_2820,-1549.184
arene_2821,-510.2154
arene_2822,-522.4038
arene_2823,-656.618
arene_2824,-888.4191
arene_2825,
arene_2826,-539.4568
arene_2827,-833.1844
arene_2828,-508.6185
arene_2829,
arene_2830,-583.7718
arene_2831,-678.787
arene_2832,-540.5918
arene_2833,-921.5889
arene_2834,-619.665
arene_2835,-656.6636
arene_2836,
arene_2837,
arene_2838,-830.4748
arene_2839,
arene_2840,-594.7486
arene_2841,-631.658
arene_2842,-926.522
arene_2843,-519.5609
arene_2844,-901.7881
arene_2845,-377.1519
arene_2846,-904.4389
arene_2847,-603.6031
arene_2848,-603.6318
arene_2848,-603.6318
arene_2849,-618.3808
arene_2850,-962.3848
arene_2851,-486.6157
arene_2852,-490.3609
arene_2853,-776.9142
arene_2854,-979.5672
arene_2855,-833.2111
arene_2855,-833.2111
arene_2856,-361.157
arene_2857,-599.8351
arene_2858,-1231.2286
arene_2859,-468.218
arene_2860,-583.7385
arene_2861,-1112.588
arene_2862,-603.578
arene_2862,-603.578
arene_2863,-942.4906
arene_2864,-599.8057
arene_2865,-757.0795
arene_2866,-885.7275
arene_2866,-885.7275
arene_2867,
arene_2868,
arene_2869,-1173.2284
arene_2870,-1319.6814
arene_2871,-583.814
arene_2872,-603.6616
arene_2873,-603.6572
arene_2874,-926.4649
arene_2875,-930.4016
arene_2875,-930.4016
arene_2875,-930.4016
arene_2876,-749.9961
arene_2877,-585.3833
arene_2878,-962.3912
arene_2879,-619.6686
arene_2880,-698.6428
arene_2881,-506.4194
arene_2882,-694.8418
arene_2883,-490.4116
arene_2884,-904.4742
arene_2885,
arene_2886,-921.5857
arene_2887,-830.4581
arene_2888,-999.4476
arene_2889,-738.2104
arene_2889,-738.2104
arene_2890,-1319.6659
arene_2891,-583.8277
arene_2892,-619.6328
arene_2893,-942.5241
arene_2894,-813.3463
arene_2894,-813.3463
arene_2895,-1251.0939
arene_2896,-690.8559
arene_2897,-813.3155
arene_2898,-599.7925
arene_2899,-1228.5089
arene_2899,-1228.5089
arene_2900,-599.7658
arene_2901,-851.3927
arene_2902,-942.56
arene_2903,-508.619
arene_2904,-491.4958
arene_2904,-491.4958
arene_2905,-506.3888
arene_2906,-888.4656
arene_2907,-813.3389
arene_2908,-377.1741
arene_2909,-958.5346
arene_2910,-921.5731
arene_2911,-904.4861
arene_2912,-607.4416
arene_2912,-607.4416
arene_2913,-775.281
arene_2914,-941.3751
arene_2915,-619.6714
arene_2916,-599.8561
arene_2917,
arene_2918,-845.3088
arene_2919,-486.6285
arene_2920,-502.5214
arene_2921,-716.1205
arene_2922,-1017.5871
arene_2923,-581.5468
arene_2924,-826.5886
arene_2925,-524.6322
arene_2926,-674.8187
arene_2927,
arene_2928,
arene_2929,-565.6013
arene_2930,-851.3569
arene_2930,-851.3569
arene_2930,-851.3569
arene_2931,-561.7109
arene_2932,-738.1791
arene_2933,-678.6684
arene_2934,-481.4989
arene_2935,-594.7401
arene_2936,-544.4235
arene_2936,-544.4235
arene_2937,-846.4421
arene_2938,
arene_2939,-1360.4786
arene_2940,-658.9362
arene_2941,-524.6364
arene_2942,-926.515
arene_2943,-833.176
arene_2944,-544.4467
arene_2945,-673.8123
arene_2946,-585.408
arene_2947,-926.525
arene_2948,-849.1373
arene_2949,-1435.5554
arene_2950,-512.4544
arene_2950,-512.4544
arene_2950,-512.4544
arene_2951,
arene_2952,-962.3287
arene_2953,-526.1623
arene_2954,-851.3884
arene_2954,-851.3884
arene_2955,-908.3406
arene_2956,-813.295
arene_2957,-1112.5707
arene_2958,-833.1361
arene_2959,-639.4285
arene_2960,-639.3842
arene_2961,-586.3335
arene_2962,-511.3759
arene_2962,-511.3759
arene_2963,
arene_2964,-888.4152
arene_2965,-789.7088
arene_2966,-715.5387
arene_2967,-946.4012
arene_2968,-1173.1939
arene_2968,-1173.1939
arene_2969,-926.511
arene_2970,-962.3412
arene_2971,-1248.3155
arene_2971,-1248.3155
arene_2972,-619.5214
arene_2973,
arene_2973,
arene_2974,
arene_2975,-926.5627
arene_2976,-474.4164
arene_2976,-474.4164
arene_2977,-470.5612
arene_2978,-1264.386
arene_2979,
arene_2980,-470.5683
arene_2980,-470.5683
arene_2981,-470.5905
arene_2982,-543.2762
arene_2983,-846.4265
arene_2984,-619.6127
arene_2985,-409.1791
arene_2986,-714.5811
arene_2987,-524.6019
arene_2987,-524.6019
arene_2988,-393.2028
arene_2989,-506.4262
arene_2990,-542.9293
arene_2990,-542.9293
arene_2991,
arene_2992,-867.3647
arene_2993,-941.3564
arene_2994,-678.8071
arene_2995,-468.3455
arene_2996,-585.3782
arene_2997,
arene_2998,-829.2647
arene_2999,-603.5721
arene_3000,-829.3286
arene_3001,-833.1769
arene_3002,-492.643
arene_3002,-492.643
arene_3002,-492.643
arene_3003,-846.3966
arene_3004,-813.3354
arene_3005,-1319.6919
arene_3006,-1344.446
arene_3007,-921.5746
arene_3008,-833.1181
arene_3009,
arene_3009,
arene_3010,-526.2112
arene_3011,-486.6438
arene_3012,-694.6733
arene_3013,-545.7584
arene_3014,-698.6697
arene_3015,-1021.4563
arene_3016,-928.185
arene_3017,-614.5208
arene_3018,-1021.5047
arene_3019,-524.5974
arene_3020,-526.2288
arene_3021,-1021.5367
arene_3022,-867.387
arene_3023,-490.4169
arene_3024,-694.729
arene_3025,-750.0775
arene_3026,
arene_3027,-678.8437
arene_3028,-790.723
arene_3029,-1092.8501
arene_3030,-560.4038
arene_3031,-946.3685
arene_3032,-658.8569
arene_3032,-658.8569
arene_3033,-797.2815
arene_3033,-797.2815
arene_3034,-540.6191
arene_3035,-870.1183
arene_3036,-924.3508
arene_3037,-930.3641
arene_3038,-474.4434
arene_3038,-474.4434
arene_3038,-474.4434
arene_3039,-788.5089
arene_3040,-694.7468
arene_3041,-635.6183
arene_3042,-942.5451
arene_3043,-769.8951
arene_3044,-522.3703
arene_3045,-636.7949
arene_3046,-698.4939
arene_3047,-508.6177
arene_3047,-508.6177
arene_3048,
arene_3049,-1112.569
arene_3050,-813.355
arene_3051,-698.5786
arene_3052,-507.5495
arene_3053,-1137.8848
arene_3054,-1017.6456
arene_3055,-603.6484
arene_3056,-833.1816
arene_3057,-946.3502
arene_3058,-979.5624
arene_3059,-341.3281
arene_3060,-941.3314
arene_3061,-813.3571
arene_3062,-623.4838
arene_3063,-1140.0622
arene_3064,-885.7321
arene_3064,-885.7321
arene_3065,-942.4961
arene_3066,-1269.2935
arene_3067,-490.4094
arene_3068,-722.181
arene_3068,-722.181
arene_3068,-722.181
arene_3069,-901.7616
arene_3070,-921.5788
arene_3071,
arene_3072,-540.7267
arene_3073,-586.3388
arene_3074,-924.2852
arene_3075,-673.7281
arene_3076,-454.5653
arene_3076,-454.5653
arene_3077,-699.5391
arene_3078,-694.8568
arene_3079,-490.3885
arene_3080,-1156.0859
arene_3081,-1360.418
arene_3082,-942.4928
arene_3083,-867.3616
arene_3083,-867.3616
arene_3084,-565.531
arene_3085,-599.8072
arene_3086,
arene_3087,
arene_3088,-603.5662
arene_3088,-603.5662
arene_3089,-570.3066
arene_3089,-570.3066
arene_3090,-1364.3012
arene_3091,
arene_3092,-904.4312
arene_3093,-834.2537
arene_3093,-834.2537
arene_3094,-486.5315
arene_3095,-570.36
arene_3095,-570.36
arene_3096,-524.653
arene_3097,-883.3781
arene_3098,-979.5565
arene_3099,-1041.3787
arene_3100,-565.5312
arene_3100,-565.5312
arene_3101,-449.5164
arene_3102,-1001.6116
arene_3102,-1001.6116
arene_3103,-1285.2665
arene_3104,-614.5891
arene_3105,-926.5456
arene_3106,-487.6457
arene_3107,-583.8305
arene_3108,
arene_3109,
arene_3110,-833.1285
arene_3111,-1322.3301
arene_3112,-694.668
arene_3113,
arene_3114,-599.7132
arene_3115,
arene_3116,-1021.5307
arene_3117,-850.3235
arene_3118,-602.3805
arene_3119,-829.3566
arene_3120,-1247.2887
arene_3121,-923.1289
arene_3122,
arene_3123,-597.4056
arene_3124,-678.6703
arene_3124,-678.6703
arene_3125,-470.594
arene_3126,-1364.2843
arene_3127,-583.7117
arene_3128,-490.4371
arene_3129,-415.2849
arene_3130,-490.4318
arene_3131,-395.4307
arene_3132,
arene_3133,-603.6358
arene_3134,
arene_3135,-524.6378
arene_3136,-599.7434
arene_3137,-1244.5277
arene_3138,-492.6063
arene_3138,-492.6063
arene_3139,-585.3851
arene_3140,-1001.6946
arene_3141,-941.326
arene_3142,-603.6372
arene_3142,-603.6372
arene_3143,-962.3512
arene_3144,-585.4467
arene_3145,
arene_3146,-599.7798
arene_3147,-544.4343
arene_3147,-544.4343
arene_3148,
arene_3149,-519.647
arene_3150,
arene_3151,-528.4893
arene_3151,-528.4893
arene_3152,-583.821
arene_3153,-465.4366
arene_3154,-813.3271
arene_3155,-1226.2414
arene_3156,-942.5569
arene_3157,-910.473
arene_3157,-910.473
arene_3158,
arene_3159,-942.5203
arene_3160,-373.3222
arene_3161,-942.5155
arene_3162,-942.5194
arene_3163,-813.3343
arene_3164,-846.4329
arene_3165,-926.5182
arene_3166,-1231.221
arene_3167,-1285.2764
arene_3168,-830.4338
arene_3169,-619.6814
arene_3170,-882.2458
arene_3171,-681.3713
arene_3172,
arene_3173,-674.847
arene_3174,
arene_3174,
arene_3175,-656.6071
arene_3176,
arene_3177,-427.4221
arene_3178,-1247.2523
arene_3179,
arene_3180,-565.5628
arene_3181,-842.5737
arene_3182,-835.3822
arene_3182,-835.3822
arene_3183,-888.5262
arene_3184,-928.185
arene_3185,-797.3029
arene_3186,-581.5337
arene_3187,-357.3369
arene_3188,-690.8982
arene_3189,-1269.2894
arene_3190,-615.7678
arene_3191,
arene_3192,-942.5029
arene_3193,-851.363
arene_3194,-924.3038
arene_3195,-1248.3736
arene_3195,-1248.3736
arene_3196,-449.4784
arene_3196,-449.4784
arene_3197,
arene_3198,-395.4391
arene_3198,-395.4391
arene_3199,-395.4174
arene_3200,-451.7471
arene_3200,-451.7471
arene_3201,-678.7333
arene_3201,-678.7333
arene_3202,-835.3902
arene_3202,-835.3902
arene_3202,-835.3902
arene_3203,
arene_3204,-1244.4662
arene_3205,
arene_3206,
arene_3207,-750.1106
arene_3208,-713.3691
arene_3209,-920.4137
arene_3210,-623.4902
arene_3210,-623.4902
arene_3211,-470.5884
arene_3212,-1264.3112
arene_3213,-524.6229
arene_3214,-577.6572
arene_3215,-635.5222
arene_3216,-470.5287
arene_3217,-492.6041
arene_3217,-492.6041
arene_3218,-486.507
arene_3219,
arene_3220,-979.5634
arene_3221,-937.5046
arene_3222,-1285.2767
arene_3223,-946.367
arene_3224,-942.5316
arene_3225,-888.501
arene_3226,-545.6558
arene_3226,-545.6558
arene_3227,-908.3509
arene_3228,-1360.4321
arene_3229,-615.6946
arene_3230,-941.3803
arene_3231,-829.3193
arene_3232,-1117.451
arene_3233,-942.5296
arene_3234,-599.8596
arene_3235,
arene_3236,
arene_3237,-962.3621
arene_3238,-1092.8357
arene_3239,-619.6091
arene_3240,-506.4511
arene_3241,-1269.2656
arene_3242,-585.3593
arene_3243,-885.7275
arene_3243,-885.7275
arene_3244,-810.6
arene_3245,
arene_3246,-523.4457
arene_3247,-678.7232
arene_3248,-926.5596
arene_3249,
arene_3250,-490.4167
arene_3251,
arene_3252,-1260.4811
arene_3253,-363.3856
arene_3254,-1157.2239
arene_3254,-1157.2239
arene_3255,-583.8245
arene_3256,-926.5212
arene_3257,-528.4124
arene_3257,-528.4124
arene_3257,-528.4124
arene_3258,-395.4347
arene_3258,-395.4347
arene_3259,-694.7115
arene_3260,-581.5813
arene_3261,-715.5043
arene_3262,-810.5864
arene_3262,-810.5864
arene_3263,-674.9094
arene_3264,-524.639
arene_3264,-524.639
arene_3265,-395.4613
arene_3265,-395.4613
arene_3266,-635.5615
arene_3267,-508.6278
arene_3268,-946.3935
arene_3269,-486.521
arene_3270,-519.6792
arene_3271,-583.7306
arene_3271,-583.7306
arene_3272,-474.4119
arene_3272,-474.4119
arene_3273,-594.7301
arene_3274,-1285.2654
arene_3275,-910.5193
arene_3275,-910.5193
arene_3276,-1364.2737
arene_3277,-699.5263
arene_3278,-1042.8785
arene_3279,-635.6393
arene_3280,-544.4433
arene_3281,
arene_3282,
arene_3283,-653.9836
arene_3284,-607.4612
arene_3285,-603.5484
arene_3286,-888.5249
arene_3287,-585.3667
arene_3288,-490.4219
arene_3289,-510.2548
arene_3290,-577.6802
arene_3291,-942.5262
arene_3292,-486.5492
arene_3293,-507.5048
arene_3293,-507.5048
arene_3294,-1021.5255
arene_3295,-1244.4998
arene_3296,-585.4419
arene_3297,-524.6412
arene_3298,
arene_3299,-528.4865
arene_3300,-851.3832
arene_3301,-508.6613
arene_3302,-357.3005
arene_3303,-502.5453
arene_3304,-883.326
arene_3305,-486.5983
arene_3306,-492.6556
arene_3306,-492.6556
arene_3306,-492.6556
arene_3307,-846.4383
arene_3308,-1033.6131
arene_3309,
arene_3309,
arene_3310,-674.9075
arene_3311,-888.5344
arene_3312,
arene_3313,-599.8091
arene_3314,-904.5089
arene_3315,-603.6545
arene_3316,-574.9566
arene_3317,-678.7377
arene_3317,-678.7377
arene_3318,-1092.7545
arene_3319,-432.4953
arene_3320,-656.6779
arene_3321,-811.0916
arene_3322,
arene_3323,-829.2707
arene_3324,-427.4095
arene_3325,-661.5311
arene_3326,
arene_3327,-395.4532
arene_3328,-1253.2667
arene_3329,-585.42
arene_3330,-676.5184
arene_3331,-1364.2834
arene_3332,-544.4193
arene_3333,-578.8256
arene_3334,-594.7171
arene_3335,-603.6408
arene_3336,-791.3061
arene_3337,
arene_3338,-904.4618
arene_3339,
arene_3340,-528.4908
arene_3341,-867.3864
arene_3342,
arene_3343,-396.9761
arene_3344,-1001.7145
arene_3345,-1135.0743
arene_3345,-1135.0743
arene_3346,
arene_3347,-910.5226
arene_3348,-1112.5775
arene_3349,-486.6165
arene_3350,-506.4267
arene_3351,-1017.6646
arene_3352,-470.5773
arene_3353,-578.8029
arene_3354,-545.6539
arene_3354,-545.6539
arene_3355,-603.6364
arene_3356,-544.5085
arene_3357,-829.3543
arene_3358,
arene_3358,
arene_3359,-528.4462
arene_3359,-528.4462
arene_3360,-607.448
arene_3361,-1244.5461
arene_3362,-524.6809
arene_3363,
arene_3364,
arene_3365,-908.3593
arene_3366,
arene_3367,-560.4125
arene_3368,-1231.2442
arene_3369,
arene_3370,
arene_3371,-486.6201
arene_3372,-1244.4871
arene_3373,-583.791
arene_3374,-829.3072
arene_3375,-1231.2598
arene_3376,
arene_3377,-883.351
arene_3378,-492.6488
arene_3378,-492.6488
arene_3379,-524.5614
arene_3380,-1001.6558
arene_3381,
arene_3381,
arene_3382,-829.2788
arene_3383,-1251.0964
arene_3384,-904.4924
arene_3385,-888.4633
arene_3386,-795.1027
arene_3387,-623.4217
arene_3388,-718.5009
arene_3389,-1151.0561
arene_3390,-433.4379
arene_3390,-433.4379
arene_3390,-433.4379
arene_3391,-833.163
arene_3392,-506.3288
arene_3393,-888.5174
arene_3394,-904.5498
arene_3395,-937.5245
arene_3396,-508.6159
arene_3397,-581.4216
arene_3398,-490.3975
arene_3399,-545.6962
arene_3400,-523.4762
arene_3401,-926.5004
arene_3402,-470.52
arene_3403,-510.2526
arene_3404,-1474.0683
arene_3405,-506.4092
arene_3406,-583.8236
arene_3407,-448.5297
arene_3408,-797.3253
arene_3409,-512.4709
arene_3409,-512.4709
arene_3409,-512.4709
arene_3410,-465.5355
arene_3411,-678.8357
arene_3412,
arene_3413,
arene_3414,-358.9409
arene_3415,-1574.0085
arene_3416,-506.4307
arene_3417,-810.5856
arene_3417,-810.5856
arene_3418,-750.1121
arene_3419,-1021.5248
arene_3420,-1021.4646
arene_3421,-885.6965
arene_3421,-885.6965
arene_3422,-535.5667
arene_3423,
arene_3424,-738.1947
arene_3425,-1285.2123
arene_3426,-908.3461
arene_3427,-921.5432
arene_3428,-454.5147
arene_3428,-454.5147
arene_3429,
arene_3430,-1001.6377
arene_3431,-1231.2812
arene_3432,
arene_3433,-901.7343
arene_3434,-526.2107
arene_3435,-797.3178
arene_3435,-797.3178
arene_3436,
arene_3437,-1512.1824
arene_3438,-1269.2711
arene_3439,-1157.2085
arene_3439,-1157.2085
arene_3440,-577.6454
arene_3441,
arene_3442,-996.768
arene_3443,-357.3217
arene_3444,-1153.3818
arene_3444,-1153.3818
arene_3445,-545.7457
arene_3446,-433.4652
arene_3446,-433.4652
arene_3446,-433.4652
arene_3447,-833.1221
arene_3448,-545.7196
arene_3449,
arene_3450,
arene_3451,
arene_3452,
arene_3453,
arene_3454,-942.5731
arene_3455,-738.1642
arene_3456,-603.6333
arene_3457,-586.3338
arene_3458,-924.2899
arene_3459,-928.1619
arene_3460,-829.3153
arene_3461,-465.4683
arene_3462,
arene_3463,-474.3957
arene_3464,-829.3317
arene_3465,-506.3619
arene_3466,-1021.5198
arene_3467,-433.5057
arene_3467,-433.5057
arene_3468,-1573.9829
arene_3469,-962.3787
arene_3470,-942.5207
arene_3471,-851.3653
arene_3472,-409.1635
arene_3473,-1017.7168
arene_3474,-1001.6936
arene_3475,-1364.2714
arene_3476,-830.4527
arene_3477,-1682.3197
arene_3478,-635.5758
arene_3479,
arene_3480,-813.3566
arene_3481,-487.655
arene_3482,-826.5851
arene_3483,-583.8276
arene_3484,-976.8521
arene_3485,-1603.2667
arene_3486,
arene_3487,
arene_3488,-411.4317
arene_3489,-473.1155
arene_3490,-714.5861
arene_3491,-565.4296
arene_3491,-565.4296
arene_3492,
arene_3493,-598.5692
arene_3494,-926.5311
arene_3495,-813.2745
arene_3496,-1587.3014
arene_3497,
arene_3498,-946.4216
arene_3498,-946.4216
arene_3499,-904.5128
arene_3500,-415.2297
arene_3500,-415.2297
arene_3500,-415.2297
arene_3501,
arene_3502,-1092.755
arene_3503,-1156.0773
arene_3504,
arene_3505,-490.4244
arene_3506,
arene_3507,-623.4765
arene_3508,-411.3945
arene_3509,-908.3686
arene_3510,-681.3528
arene_3511,-506.3934
arene_3512,-578.8205
arene_3513,-581.4247
arene_3514,-813.3577
arene_3515,-599.7896
arene_3516,-599.8111
arene_3517,-619.5691
arene_3518,-581.4363
arene_3519,-567.8411
arene_3519,-567.8411
arene_3519,-567.8411
arene_3520,-599.7573
arene_3521,
arene_3522,-587.5964
arene_3522,-587.5964
arene_3523,-690.8366
arene_3524,
arene_3525,
arene_3526,-486.5088
arene_3527,-452.3446
arene_3528,-813.3195
arene_3529,-587.571
arene_3529,-587.571
arene_3530,-502.5777
arene_3531,-678.8268
arene_3532,
arene_3533,-1189.1978
arene_3534,
arene_3535,-506.3802
arene_3536,-1058.8779
arene_3537,-1037.5378
arene_3538,-523.5687
arene_3539,-942.5186
arene_3540,-490.4389
arene_3541,-506.3375
arene_3542,
arene_3543,-486.5205
arene_3544,-813.3208
arene_3545,-490.3531
arene_3546,-846.469
arene_3547,-415.2098
arene_3548,
arene_3549,-587.6268
arene_3549,-587.6268
arene_3550,-581.539
arene_3551,-373.3305
arene_3552,-769.8102
arene_3553,-522.3361
arene_3554,-851.3583
arene_3555,-470.5706
arene_3556,-888.4466
arene_3557,-1344.4151
arene_3558,
arene_3559,-1017.6016
arene_3560,
arene_3560,
arene_3561,-883.3402
arene_3562,-357.3588
arene_3563,-598.6057
arene_3564,-752.6693
arene_3565,-658.9289
arene_3566,-1112.5571
arene_3567,-904.4568
arene_3568,
arene_3569,-775.2005
arene_3569,-775.2005
arene_3570,-599.8059
arene_3571,-794.5198
arene_3572,-1033.6094
arene_3573,-545.7009
arene_3573,-545.7009
arene_3574,
arene_3575,-486.575
arene_3576,-1112.6284
arene_3577,-1205.2141
arene_3578,-845.3373
arene_3579,
arene_3580,-373.3742
arene_3581,-560.4476
arene_3582,-1021.548
arene_3583,-926.4936
arene_3584,-483.8238
arene_3585,-908.3381
arene_3586,-583.8373
arene_3587,-946.3657
arene_3588,-957.3159
arene_3589,-904.5108
arene_3590,-603.613
arene_3591,-619.6093
arene_3592,-942.5409
arene_3593,-558.9273
arene_3594,
arene_3595,-926.5759
arene_3595,-926.5759
arene_3596,-615.7646
arene_3597,-1017.6202
arene_3598,-910.5281
arene_3598,-910.5281
arene_3599,-694.7251
arene_3600,-565.5902
arene_3601,-599.7628
arene_3602,-849.161
arene_3603,-1037.5005
arene_3604,-490.3478
arene_3605,-487.627
arene_3605,-487.627
arene_3606,-508.6358
arene_3606,-508.6358
arene_3607,-813.3357
arene_3608,-1001.6467
arene_3608,-1001.6467
arene_3609,
arene_3610,
arene_3611,-615.7703
arene_3612,-502.5695
arene_3613,-888.4875
arene_3614,-528.4911
arene_3615,-788.5188
arene_3616,-908.3617
arene_3617,-926.5322
arene_3617,-926.5322
arene_3618,-565.5905
arene_3619,-677.5334
arene_3620,-1172.087
arene_3621,-607.4413
arene_3621,-607.4413
arene_3622,-926.5584
arene_3623,-607.4515
arene_3623,-607.4515
arene_3624,-619.6333
arene_3625,-694.8449
arene_3626,-1135.0963
arene_3626,-1135.0963
arene_3627,-602.347
arene_3628,-921.6045
arene_3629,
arene_3630,-619.625
arene_3631,-486.5578
arene_3632,-775.2663
arene_3633,-578.756
arene_3634,-1134.0508
arene_3635,-979.5631
arene_3636,-678.839
arene_3637,-544.4571
arene_3638,-1280.3125
arene_3639,-958.5188
arene_3640,-603.6083
arene_3641,-373.3542
arene_3642,-506.4441
arene_3643,-524.5921
arene_3644,-835.3827
arene_3644,-835.3827
arene_3644,-835.3827
arene_3645,-411.4346
arene_3646,-492.6475
arene_3646,-492.6475
arene_3646,-492.6475
arene_3647,-698.6518
arene_3648,-377.1405
arene_3649,-958.5089
arene_3650,-490.3873
arene_3651,-678.8162
arene_3652,-560.4353
arene_3653,-581.4759
arene_3654,-341.3361
arene_3655,-920.4066
arene_3656,-738.1953
arene_3656,-738.1953
arene_3657,-565.521
arene_3658,
arene_3659,-910.4892
arene_3659,-910.4892
arene_3660,-1021.5396
arene_3661,-599.7225
arene_3662,-1269.3165
arene_3662,-1269.3165
arene_3663,-694.7392
arene_3664,-710.6453
arene_3665,-560.4169
arene_3666,-946.3851
arene_3667,-862.334
arene_3668,-769.8889
arene_3669,-615.8124
arene_3670,
arene_3671,-930.3048
arene_3672,-587.5971
arene_3672,-587.5971
arene_3673,-341.3298
arene_3674,-373.3239
arene_3675,-583.8303
arene_3676,-942.5435
arene_3677,-888.423
arene_3677,-888.423
arene_3678,-690.8792
arene_3679,
arene_3680,-585.4073
arene_3681,-519.6468
arene_3682,-1172.0762
arene_3683,-928.1058
arene_3684,
arene_3685,-581.4552
arene_3686,-470.5974
arene_3687,-1140.0115
arene_3687,-1140.0115
arene_3688,-502.5731
arene_3689,-639.4407
arene_3690,-577.6527
arene_3691,-1360.4383
arene_3692,-583.8197
arene_3693,-524.6229
arene_3693,-524.6229
arene_3694,-574.9195
arene_3695,-681.3539
arene_3696,-619.6625
arene_3697,-813.3224
arene_3698,-926.5411
arene_3699,-1021.5
arene_3700,-474.4009
arene_3700,-474.4009
arene_3701,
arene_3702,-545.7333
arene_3703,-540.6217
arene_3704,
arene_3705,-1269.2499
arene_3706,-829.3622
arene_3707,-586.3398
arene_3708,-904.4802
arene_3709,-789.6961
arene_3710,-587.6066
arene_3710,-587.6066
arene_3711,-578.7527
arene_3712,-490.3896
arene_3713,-878.3486
arene_3714,-1173.2196
arene_3715,-377.1932
arene_3716,-888.5293
arene_3717,-1037.4607
arene_3718,-937.5681
arene_3719,-942.5581
arene_3720,-1021.5357
arene_3721,-323.1285
arene_3722,-937.5203
arene_3723,-910.4822
arene_3723,-910.4822
arene_3724,-490.3529
arene_3725,-581.5348
arene_3726,-698.665
arene_3727,-946.3813
arene_3728,-615.6891
arene_3729,
arene_3730,-849.1517
arene_3731,-930.3324
arene_3731,-930.3324
arene_3732,-568.7094
arene_3733,-1344.4513
arene_3734,-565.6193
arene_3735,-411.4488
arene_3736,-1228.4672
arene_3736,-1228.4672
arene_3737,-1156.0894
arene_3738,-904.4633
arene_3739,-524.623
arene_3740,-454.6091
arene_3740,-454.6091
arene_3741,-548.2932
arene_3742,-1001.7507
arene_3743,-833.177
arene_3744,
arene_3745,-904.5424
arene_3746,-603.666
arene_3746,-603.666
arene_3747,-470.5888
arene_3748,-1001.7233
arene_3749,-1033.5975
arene_3750,-1147.2634
arene_3751,-524.6378
arene_3751,-524.6378
arene_3752,-540.5885
arene_3753,-1169.4413
arene_3754,-377.199
arene_3755,-1248.3166
arene_3755,-1248.3166
arene_3756,-658.8373
arene_3757,-561.7122
arene_3758,-473.1002
arene_3759,
arene_3760,-582.5937
arene_3760,-582.5937
arene_3761,
arene_3762,-585.3315
arene_3763,-1021.4367
arene_3764,-1016.4969
arene_3765,-567.766
arene_3765,-567.766
arene_3766,
arene_3767,-716.1273
arene_3768,-561.7178
arene_3769,-677.555
arene_3770,-797.308
arene_3770,-797.308
arene_3771,-851.3965
arene_3771,-851.3965
arene_3772,-583.7225
arene_3773,-490.3899
arene_3774,-866.2716
arene_3775,-658.9926
arene_3776,-813.35
arene_3777,-1017.6478
arene_3778,-999.3823
arene_3779,-1435.5621
arene_3780,-1041.3742
arene_3781,-937.5187
arene_3782,-937.4932
arene_3783,-1037.5028
arene_3784,-1364.2635
arene_3785,-930.3642
arene_3785,-930.3642
arene_3786,-539.4892
arene_3787,-470.5908
arene_3788,
arene_3789,-658.9564
arene_3790,-1269.2916
arene_3791,-962.3427
arene_3792,-661.5171
arene_3793,-561.7426
arene_3794,-508.6393
arene_3795,
arene_3796,-1033.6116
arene_3797,-851.3586
arene_3797,-851.3586
arene_3798,-623.3865
arene_3799,-678.8031
arene_3800,-603.6349
arene_3800,-603.6349
arene_3801,-578.805
arene_3802,-849.1748
arene_3803,-851.3832
arene_3804,-829.3192
arene_3805,
arene_3806,
arene_3807,-833.2013
arene_3808,-1344.4732
arene_3809,-562.7866
arene_3809,-562.7866
arene_3810,
arene_3811,-559.2586
arene_3812,-561.6415
arene_3813,-797.2762
arene_3814,-431.2677
arene_3815,-674.9443
arene_3816,-528.4294
arene_3817,-487.6799
arene_3818,-1231.2076
arene_3819,-813.3714
arene_3820,-942.4674
arene_3821,-846.4384
arene_3822,-567.811
arene_3822,-567.811
arene_3823,-867.3648
arene_3824,-603.5628
arene_3825,
arene_3826,-639.5276
arene_3827,-926.5927
arene_3827,-926.5927
arene_3828,-524.5603
arene_3829,-524.6201
arene_3830,-512.4719
arene_3830,-512.4719
arene_3830,-512.4719
arene_3831,-585.4327
arene_3832,-619.61
arene_3833,-361.1627
arene_3834,-582.5771
arene_3834,-582.5771
arene_3835,
arene_3836,-599.7528
arene_3837,-508.6517
arene_3838,-619.6779
arene_3839,-486.5389
arene_3840,-619.5905
arene_3841,-508.6525
arene_3842,-867.3784
arene_3842,-867.3784
arene_3843,-920.4299
arene_3844,-619.6169
arene_3845,-585.3532
arene_3846,-674.92
arene_3847,-486.5827
arene_3848,-486.6085
arene_3849,
arene_3850,-560.426
arene_3851,-1017.7054
arene_3852,-849.1306
arene_3853,-492.6139
arene_3853,-492.6139
arene_3854,-561.7774
arene_3855,-523.4847
arene_3856,-1260.5048
arene_3857,-888.4842
arene_3858,
arene_3859,-904.4629
arene_3860,-599.8509
arene_3861,-851.3381
arene_3862,-926.5553
arene_3863,-470.6054
arene_3864,-411.453
arene_3865,-1231.2447
arene_3866,
arene_3867,-1001.7313
arene_3868,
arene_3869,-544.4434
arene_3870,
arene_3871,-603.6185
arene_3872,
arene_3873,-619.643
arene_3874,-619.605
arene_3875,-738.1637
arene_3875,-738.1637
arene_3876,-619.6617
arene_3877,-926.5452
arene_3878,-692.3842
arene_3878,-692.3842
arene_3878,-692.3842
arene_3878,-692.3842
arene_3878,-692.3842
arene_3878,-692.3842
arene_3878,-692.3842
arene_3879,-470.518
arene_3880,-508.6354
arene_3881,-470.5832
arene_3882,-487.6818
arene_3883,-483.8066
arene_3884,-603.5519
arene_3885,-565.621
arene_3886,-1041.3452
arene_3887,-888.5122
arene_3888,
arene_3889,-615.798
arene_3890,-698.6473
arene_3891,-999.3897
arene_3892,
arene_3893,
arene_3894,-445.7189
arene_3895,-942.541
arene_3896,-867.3771
arene_3897,-508.5997
arene_3898,-883.3479
arene_3899,-926.5545
arene_3900,-808.3315
arene_3901,
arene_3902,-601.4042
arene_3903,-885.7277
arene_3903,-885.7277
arene_3904,-807.2087
arene_3905,-867.3749
arene_3906,-937.5874
arene_3907,-824.3568
arene_3908,-867.3415
arene_3909,-1092.801
arene_3910,-506.4222
arene_3911,-1244.4877
arene_3912,
arene_3913,-494.2194
arene_3913,-494.2194
arene_3914,-599.7769
arene_3915,-490.3864
arene_3916,
arene_3917,-910.5379
arene_3917,-910.5379
arene_3918,
arene_3919,-1172.0631
arene_3920,
arene_3921,-598.5683
arene_3922,-694.794
arene_3923,
arene_3924,-1360.3717
arene_3925,
arene_3926,-1172.0655
arene_3927,-603.5765
arene_3928,-1251.1104
arene_3929,-1248.3213
arene_3929,-1248.3213
arene_3930,-1185.3433
arene_3931,
arene_3932,-474.3987
arene_3933,-619.6122
arene_3934,-561.6595
arene_3935,-908.2309
arene_3936,-578.7308
arene_3937,-1001.6468
arene_3938,-510.1808
arene_3939,-917.7185
arene_3940,-908.2949
arene_3941,-769.8063
arene_3942,-506.3982
arene_3943,-377.173
arene_3944,-999.375
arene_3945,-1603.2859
arene_3946,-976.9552
arene_3947,-830.4704
arene_3948,
arene_3949,-665.8726
arene_3950,-674.8361
arene_3951,-930.3656
arene_3952,
arene_3953,-544.473
arene_3954,-958.5324
arene_3955,-716.1296
arene_3956,
arene_3957,-833.1363
arene_3958,-910.5455
arene_3958,-910.5455
arene_3958,-910.5455
arene_3959,-921.5285
arene_3960,-599.7386
arene_3961,-757.0873
arene_3962,-510.2771
arene_3963,-502.5812
arene_3964,-926.5626
arene_3965,-901.7217
arene_3966,-603.5695
arene_3967,-846.3911
arene_3968,
arene_3969,
arene_3970,-1574.0146
arene_3971,-694.7601
arene_3972,-561.6473
arene_3973,-583.7568
arene_3974,-1001.6367
arene_3975,-1156.0901
arene_3976,-582.5739
arene_3976,-582.5739
arene_3977,
arene_3978,
arene_3979,-583.838
arene_3979,-583.838
arene_3980,-1017.6942
arene_3981,-833.1692
arene_3982,-599.8396
arene_3983,-507.5494
arene_3984,-635.5483
arene_3985,
arene_3986,-904.5551
arene_3987,-583.766
arene_3988,-769.8134
arene_3989,-901.7694
arene_3990,-587.6141
arene_3990,-587.6141
arene_3991,
arene_3992,-817.1698
arene_3992,-817.1698
arene_3993,-449.4438
arene_3994,-492.621
arene_3995,
arene_3996,
arene_3997,-1021.5637
arene_3998,-684.0916
arene_3998,-684.0916
arene_3999,
arene_4000,-599.7136
arene_4001,
arene_4002,-599.7518
arene_4003,-1269.2752
arene_4004,-658.9377
arene_4005,-565.4684
arene_4005,-565.4684
arene_4006,-904.4869
arene_4007,-587.6206
arene_4008,-813.3083
arene_4009,-499.7811
arene_4010,-585.4485
arene_4011,
arene_4012,-813.3729
arene_4013,
arene_4014,-1253.2777
arene_4014,-1253.2777
arene_4015,
arene_4016,-1112.5613
arene_4017,-452.3135
arene_4018,-1512.1374
arene_4019,-1017.6567
arene_4020,-676.4852
arene_4021,-1344.4441
arene_4022,-603.6373
arene_4023,-1001.5983
arene_4024,-1339.4686
arene_4025,-601.394
arene_4026,
arene_4027,-639.4399
arene_4028,-957.3257
arene_4029,-904.5012
arene_4030,
arene_4031,-618.4602
arene_4032,-510.2662
arene_4033,-467.7837
arene_4033,-467.7837
arene_4034,-599.8058
arene_4035,-1117.4429
arene_4036,-1360.4506
arene_4037,-565.5236
arene_4038,-1004.2606
arene_4039,-583.7872
arene_4040,-851.3925
arene_4041,-665.8793
arene_4041,-665.8793
arene_4042,
arene_4043,-1344.4337
arene_4044,-503.5723
arene_4044,-503.5723
arene_4045,-817.1527
arene_4046,-1687.1846
arene_4047,-829.3761
arene_4048,-926.5619
arene_4049,-599.7792
arene_4050,
arene_4051,-494.2368
arene_4051,-494.2368
arene_4052,
arene_4052,
arene_4053,-508.5972
arene_4053,-508.5972
arene_4054,
arene_4055,
arene_4056,-926.54
arene_4057,-1169.4019
arene_4058,-888.4758
arene_4059,-540.6115
arene_4060,
arene_4061,-605.2612
arene_4062,-443.3719
arene_4063,-411.4488
arene_4064,-486.6355
arene_4065,
arene_4066,-937.5329
arene_4067,-946.3958
arene_4068,-769.9112
arene_4069,-603.5778
arene_4070,
arene_4071,-603.6834
arene_4072,
arene_4073,
arene_4074,-1587.2895
arene_4075,-508.6385
arene_4075,-508.6385
arene_4076,-452.3615
arene_4077,-1244.5651
arene_4078,-888.5261
arene_4079,-797.3209
arene_4079,-797.3209
arene_4080,
arene_4081,-962.3983
arene_4082,
arene_4083,
arene_4084,-583.7978
arene_4085,-615.707
arene_4086,
arene_4087,-581.5226
arene_4088,-910.5313
arene_4088,-910.5313
arene_4089,-930.3934
arene_4089,-930.3934
arene_4089,-930.3934
arene_4090,-583.6932
arene_4090,-583.6932
arene_4091,-1435.5195
arene_4092,
arene_4093,
arene_4093,
arene_4094,-910.523
arene_4094,-910.523
arene_4095,-811.1063
arene_4096,
arene_4097,-395.418
arene_4098,-561.6818
arene_4099,-577.6097
arene_4100,-845.3292
arene_4101,-1037.4056
arene_4102,-619.5417
arene_4103,-797.3221
arene_4103,-797.3221
arene_4104,-1167.0921
arene_4105,-585.4313
arene_4106,-791.2656
arene_4107,-930.3697
arene_4107,-930.3697
arene_4108,-581.5742
arene_4109,-942.5425
arene_4110,
arene_4111,-1603.2706
arene_4112,-690.848
arene_4113,-465.5328
arene_4114,-908.3487
arene_4115,-565.5065
arene_4116,-599.8035
arene_4117,
arene_4118,-1360.4426
arene_4119,-506.4137
arene_4120,-470.5693
arene_4121,-835.357
arene_4122,
arene_4123,-503.6416
arene_4124,-583.7564
arene_4125,-976.9571
arene_4126,-526.2258
arene_4127,-560.407
arene_4128,-427.3909
arene_4129,-516.8827
arene_4129,-516.8827
arene_4129,-516.8827
arene_4130,-1037.484
arene_4131,-603.6116
arene_4132,
arene_4133,-483.8142
arene_4134,
arene_4135,-486.6036
arene_4136,-470.5991
arene_4137,-565.6136
arene_4138,-797.3045
arene_4138,-797.3045
arene_4139,-583.7577
arene_4140,
arene_4140,
arene_4141,-829.3636
arene_4142,-619.5827
arene_4143,-1587.3077
arene_4144,-468.2284
arene_4145,-942.5474
arene_4146,-908.3569
arene_4147,-942.531
arene_4148,-543.2983
arene_4149,-1021.526
arene_4150,-619.5517
arene_4151,-926.5405
arene_4152,-946.4187
arene_4153,-908.3511
arene_4154,-602.2961
arene_4155,-522.3824
arene_4156,-749.9826
arene_4157,-813.3473
arene_4158,
arene_4159,-487.6243
arene_4159,-487.6243
arene_4160,-411.4298
arene_4161,-658.9077
arene_4161,-658.9077
arene_4162,-714.4604
arene_4163,-528.4349
arene_4163,-528.4349
arene_4164,-567.7412
arene_4164,-567.7412
arene_4165,
arene_4166,-506.3832
arene_4167,-583.7834
arene_4168,-1687.1843
arene_4169,-619.5333
arene_4170,
arene_4171,-910.5415
arene_4172,
arene_4173,-357.3243
arene_4173,-357.3243
arene_4174,-946.3418
arene_4175,-885.7293
arene_4175,-885.7293
arene_4176,
arene_4177,-492.6215
arene_4177,-492.6215
arene_4178,-619.5895
arene_4179,-908.3551
arene_4180,-486.5163
arene_4181,-1001.7392
arene_4182,-1344.4491
arene_4183,
arene_4184,-470.5858
arene_4185,-603.6268
arene_4186,-528.4179
arene_4186,-528.4179
arene_4187,-1838.9374
arene_4188,-941.3241
arene_4189,-454.5709
arene_4189,-454.5709
arene_4190,-1021.5787
arene_4191,-829.3707
arene_4192,-540.5398
arene_4193,-603.6013
arene_4194,-1041.3701
arene_4195,-583.8294
arene_4196,-417.4811
arene_4196,-417.4811
arene_4196,-417.4811
arene_4197,-1269.2483
arene_4198,-710.7044
arene_4199,-770.1703
arene_4200,-835.384
arene_4200,-835.384
arene_4200,-835.384
arene_4201,-1435.5335
arene_4202,-794.5569
arene_4203,-928.1664
arene_4204,
arene_4205,-1037.5731
arene_4206,-544.4464
arene_4206,-544.4464
arene_4207,-506.4081
arene_4208,-1285.2943
arene_4209,-377.1463
arene_4210,-506.4188
arene_4211,-718.4429
arene_4212,-1033.6361
arene_4213,-1036.318
arene_4214,-835.3832
arene_4214,-835.3832
arene_4215,-490.2967
arene_4216,-656.666
arene_4217,-615.7243
arene_4218,-851.3509
arene_4218,-851.3509
arene_4218,-851.3509
arene_4219,
arene_4220,-603.6292
arene_4221,-888.4764
arene_4222,-946.3855
arene_4223,-1157.1766
arene_4223,-1157.1766
arene_4224,-946.3836
arene_4225,-1021.5685
arene_4226,-577.6272
arene_4227,-833.1849
arene_4228,-1285.2545
arene_4229,
arene_4230,-1687.1782
arene_4231,-487.6713
arene_4232,-1037.4658
arene_4233,-540.6224
arene_4234,-491.54
arene_4235,-694.7335
arene_4236,-833.1789
arene_4237,-674.9359
arene_4238,-492.6262
arene_4238,-492.6262
arene_4239,-476.5779
arene_4239,-476.5779
arene_4239,-476.5779
arene_4240,-568.7005
arene_4241,-928.1181
arene_4242,-942.5292
arene_4243,
arene_4244,-486.4927
arene_4245,-979.6005
arene_4246,-846.4105
arene_4247,-623.3822
arene_4248,-930.3615
arene_4248,-930.3615
arene_4249,
arene_4250,-833.1567
arene_4251,-1247.1885
arene_4252,-905.5413
arene_4252,-905.5413
arene_4253,-524.6046
arene_4253,-524.6046
arene_4254,-941.3213
arene_4255,-829.3364
arene_4256,
arene_4257,-619.594
arene_4258,
arene_4259,
arene_4260,-941.3916
arene_4261,-512.4783
arene_4261,-512.4783
arene_4261,-512.4783
arene_4262,-926.5352
arene_4263,-813.3426
arene_4264,-524.636
arene_4265,-540.6121
arene_4266,-540.5919
arene_4267,
arene_4268,-583.7998
arene_4269,-449.542
arene_4269,-449.542
arene_4270,-846.4221
arene_4271,-510.2056
arene_4272,-522.3385
arene_4273,-508.6244
arene_4274,-615.7927
arene_4275,
arene_4276,-599.7425
arene_4277,
arene_4278,-603.5335
arene_4279,-1360.4737
arene_4280,-817.1607
arene_4281,-813.3273
arene_4282,-1512.1574
arene_4283,-603.5933
arene_4284,-718.4593
arene_4285,-574.9714
arene_4286,
arene_4287,-401.4625
arene_4287,-401.4625
arene_4287,-401.4625
arene_4287,-401.4625
arene_4287,-401.4625
arene_4288,-603.655
arene_4289,-813.3542
arene_4289,-813.3542
arene_4290,-851.377
arene_4290,-851.377
arene_4291,-639.4367
arene_4292,-924.3726
arene_4293,
arene_4294,-539.453
arene_4295,-457.1078
arene_4296,-1001.7424
arene_4297,
arene_4298,-359.0019
arene_4299,
arene_4300,
arene_4301,-508.6695
arene_4302,-830.4634
arene_4302,-830.4634
arene_4303,-921.5537
arene_4304,-1185.3812
arene_4305,-486.529
arene_4306,-942.5075
arene_4307,-1285.2551
arene_4308,-814.4365
arene_4308,-814.4365
arene_4309,-1041.3078
arene_4310,-492.6439
arene_4310,-492.6439
arene_4310,-492.6439
arene_4311,-1364.2979
arene_4312,-1140.0813
arene_4312,-1140.0813
arene_4313,-524.6546
arene_4314,-926.5231
arene_4315,-1185.3285
arene_4316,-926.5709
arene_4317,-921.6198
arene_4318,-1246.0766
arene_4319,-603.64
arene_4320,-490.3531
arene_4320,-490.3531
arene_4321,-926.5232
arene_4322,
arene_4323,
arene_4324,-851.4036
arene_4324,-851.4036
arene_4325,-451.8664
arene_4326,-567.7414
arene_4326,-567.7414
arene_4327,-1021.5212
arene_4328,-503.5962
arene_4329,-470.572
arene_4330,-917.7085
arene_4331,-599.7468
arene_4332,
arene_4332,
arene_4333,-503.5721
arene_4333,-503.5721
arene_4334,-942.5348
arene_4335,
arene_4336,-1285.2843
arene_4337,-690.8771
arene_4338,-926.5925
arene_4339,-926.5357
arene_4340,-920.4293
arene_4341,-619.588
arene_4342,-599.6925
arene_4343,-1092.8352
arene_4344,-699.5297
arene_4345,-996.7582
arene_4346,-942.5162
arene_4347,-490.41
arene_4348,-749.9904
arene_4349,-674.8757
arene_4350,-908.342
arene_4351,-962.3977
arene_4352,-942.4945
arene_4353,-656.6032
arene_4354,-279.9921
arene_4355,-1042.8817
arene_4356,-603.5916
arene_4357,-548.3238
arene_4358,-1016.504
arene_4359,-585.4098
arene_4360,-678.7757
arene_4361,-583.7906
arene_4362,-470.6025
arene_4362,-470.6025
arene_4363,
arene_4364,-528.4737
arene_4365,-1131.2874
arene_4366,-490.4158
arene_4367,-411.4323
arene_4368,-910.5042
arene_4368,-910.5042
arene_4369,-470.5357
arene_4369,-470.5357
arene_4370,-946.3184
arene_4371,-1364.2707
arene_4372,-656.6978
arene_4373,-813.3218
arene_4374,-586.3414
arene_4375,-769.855
arene_4376,-1264.2705
arene_4377,-599.7555
arene_4378,-813.3439
arene_4379,-1001.6973
arene_4380,-904.4014
arene_4381,-845.3088
arene_4382,-1169.3976
arene_4383,-1112.6078
arene_4384,-502.5133
arene_4385,-851.3661
arene_4385,-851.3661
arene_4386,-942.519
arene_4387,
arene_4388,-1172.1083
arene_4389,-926.5365
arene_4390,-585.3817
arene_4391,-942.5427
arene_4392,
arene_4393,-738.1961
arene_4393,-738.1961
arene_4394,-716.1358
arene_4395,-1017.7047
arene_4396,-867.4122
arene_4397,-814.421
arene_4397,-814.421
arene_4398,-979.5723
arene_4399,-824.3535
arene_4400,-794.5953
arene_4400,-794.5953
arene_4401,-946.3711
arene_4402,-1185.3833
arene_4403,-829.3454
arene_4404,-490.4238
arene_4405,-583.8177
arene_4406,
arene_4407,
arene_4408,-465.6089
arene_4409,-1574.0071
arene_4410,-829.3394
arene_4411,-1231.2863
arene_4412,-942.5167
arene_4413,-494.2381
arene_4413,-494.2381
arene_4414,-833.1773
arene_4415,-715.5028
arene_4416,-1822.9204
arene_4417,-958.4819
arene_4418,-486.5692
arene_4419,-524.6335
arene_4419,-524.6335
arene_4420,-1364.259
arene_4421,
arene_4421,
arene_4422,-2005.1765
arene_4423,-754.1587
arene_4424,-700.1127
arene_4425,-1189.2201
arene_4426,-427.3767
arene_4427,-700.1302
arene_4428,-1285.2772
arene_4429,-598.5439
arene_4430,-904.4718
arene_4431,
arene_4432,-926.5371
arene_4433,-377.1364
arene_4434,-490.4056
arene_4435,-698.6521
arene_4436,-658.9051
arene_4437,-678.8385
arene_4438,-527.3138
arene_4438,-527.3138
arene_4439,-502.5112
arene_4440,-1364.2758
arene_4441,-577.6393
arene_4442,-603.625
arene_4443,-1037.5744
arene_4444,-926.5197
arene_4445,-926.4791
arene_4446,-619.6901
arene_4447,-431.2465
arene_4447,-431.2465
arene_4448,-1017.6277
arene_4449,-926.5268
arene_4450,-908.3411
arene_4451,
arene_4452,-698.584
arene_4453,-1253.2209
arene_4453,-1253.2209
arene_4454,-599.7908
arene_4455,
arene_4456,-598.6082
arene_4457,-519.5768
arene_4458,-849.1415
arene_4459,-599.7136
arene_4460,-1004.2657
arene_4461,
arene_4462,-489.0972
arene_4463,-1231.2499
arene_4464,-946.3929
arene_4465,-599.7989
arene_4466,-599.7994
arene_4467,-703.9345
arene_4467,-703.9345
arene_4468,
arene_4469,-676.4896
arene_4470,-1364.2743
arene_4471,-577.632
arene_4472,-813.3184
arene_4473,-583.7284
arene_4474,-942.5339
arene_4475,
arene_4476,-908.3017
arene_4477,-921.5437
arene_4478,-908.3424
arene_4479,-578.7765
arene_4480,-598.5847
arene_4481,-490.3057
arene_4482,-510.2491
arene_4483,-599.7608
arene_4484,-1251.1127
arene_4485,
arene_4486,-813.3202
arene_4487,-490.415
arene_4488,
arene_4488,
arene_4489,
arene_4490,-792.3026
arene_4490,-792.3026
arene_4491,-962.3527
arene_4492,-908.3161
arene_4493,-490.4261
arene_4494,-567.7856
arene_4494,-567.7856
arene_4495,-607.4662
arene_4495,-607.4662
arene_4496,-603.6137
arene_4497,-826.643
arene_4498,-634.082
arene_4499,-808.3182
arene_4500,-942.496
arene_4501,-585.4159
arene_4502,
arene_4503,-826.5575
arene_4504,-937.5231
arene_4505,-928.199
arene_4506,-587.614
arene_4507,-926.5248
arene_4508,-714.6894
arene_4509,-1021.4614
arene_4510,-1021.5505
arene_4511,-835.385
arene_4511,-835.385
arene_4511,-835.385
arene_4512,-599.6859
arene_4512,-599.6859
arene_4513,-698.6631
arene_4514,-700.1043
arene_4515,-926.5575
arene_4516,-1269.2903
arene_4517,-361.167
arene_4517,-361.167
arene_4518,-470.5414
arene_4519,-829.3511
arene_4520,-908.3237
arene_4521,-942.5142
arene_4522,-639.468
arene_4523,-813.3475
arene_4524,
arene_4525,-676.4237
arene_4526,-506.4031
arene_4527,-598.6181
arene_4528,-524.6621
arene_4529,-678.76
arene_4530,-904.5231
arene_4531,
arene_4532,-946.3864
arene_4533,
arene_4534,-603.626
arene_4535,
arene_4536,
arene_4537,-506.3677
arene_4538,-578.7906
arene_4539,-905.5915
arene_4539,-905.5915
arene_4540,
arene_4541,-490.4297
arene_4542,-715.516
arene_4543,-605.2196
arene_4544,
arene_4545,
arene_4546,-941.3242
arene_4547,-910.5253
arene_4548,-681.3483
arene_4549,-656.6153
arene_4550,-673.8024
arene_4551,-524.5862
arene_4552,
arene_4553,
arene_4554,-1037.5442
arene_4555,-774.7312
arene_4556,
arene_4556,
arene_4557,
arene_4558,
arene_4559,-599.7169
arene_4560,-540.5916
arene_4561,-545.7117
arene_4562,-700.1213
arene_4563,-603.6466
arene_4564,-452.3278
arene_4565,-506.3503
arene_4566,-1322.3451
arene_4567,-813.3465
arene_4568,-883.3414
arene_4569,-565.4718
arene_4570,-817.1405
arene_4571,-813.3415
arene_4572,-339.1734
arene_4573,-962.3926
arene_4574,-542.9195
arene_4574,-542.9195
arene_4575,-851.3944
arene_4575,-851.3944
arene_4576,
arene_4577,-634.3939
arene_4578,-942.5205
arene_4579,-506.3931
arene_4580,-470.5684
arene_4581,-962.3639
arene_4582,-1021.5749
arene_4583,-920.3792
arene_4584,
arene_4585,-540.6621
arene_4586,-851.3956
arene_4586,-851.3956
arene_4587,-1016.5816
arene_4588,-1153.3627
arene_4589,-659.0088
arene_4590,-810.6081
arene_4591,-891.0461
arene_4592,-770.2052
arene_4593,-470.5568
arene_4594,-1253.2653
arene_4595,-506.4065
arene_4596,
arene_4597,
arene_4598,-1001.7463
arene_4599,-490.3442
arene_4600,-891.0691
arene_4601,-614.6122
arene_4602,-735.9019
arene_4603,-908.3415
arene_4604,-524.5715
arene_4605,-1364.2947
arene_4606,-1490.0455
arene_4607,-684.0983
arene_4608,-700.1062
arene_4609,-357.3453
arene_4610,-639.5095
arene_4611,-797.3226
arene_4612,-540.6198
arene_4613,-888.402
arene_4613,-888.402
arene_4614,-1172.0804
arene_4615,-683.5249
arene_4616,-601.3995
arene_4617,-615.8259
arene_4618,-1458.0447
arene_4618,-1458.0447
arene_4619,-639.4005
arene_4620,-581.4661
arene_4621,-789.7096
arene_4622,
arene_4623,-883.3528
arene_4624,-833.1173
arene_4625,-561.6598
arene_4626,-698.5445
arene_4627,
arene_4628,-583.8126
arene_4629,-833.1967
arene_4630,-958.5113
arene_4631,-508.6786
arene_4632,-888.4214
arene_4632,-888.4214
arene_4633,-1574.0045
arene_4634,-502.5132
arene_4635,-507.5269
arene_4636,
arene_4637,-528.4569
arene_4638,-585.3582
arene_4639,-1173.1926
arene_4640,-470.5076
arene_4641,-1480.1389
arene_4641,-1480.1389
arene_4642,-677.5413
arene_4643,-851.3979
arene_4643,-851.3979
arene_4644,-946.3808
arene_4645,-867.3675
arene_4646,-1189.2175
arene_4647,
arene_4648,-599.7913
arene_4649,
arene_4650,-490.4233
arene_4650,-490.4233
arene_4651,-470.5404
arene_4652,-486.6368
arene_4653,
arene_4654,-942.5759
arene_4655,-508.6162
arene_4656,-601.3158
arene_4657,-813.3088
arene_4658,-1169.3522
arene_4659,-599.7497
arene_4660,-1156.1049
arene_4661,-813.3579
arene_4662,-946.3747
arene_4663,
arene_4664,-395.4208
arene_4665,-587.5936
arene_4665,-587.5936
arene_4666,
arene_4667,-636.8031
arene_4668,-888.4632
arene_4669,-432.4809
arene_4670,
arene_4671,-1269.2777
arene_4672,-999.3836
arene_4673,-1112.6506
arene_4674,-583.8218
arene_4675,-470.5858
arene_4675,-470.5858
arene_4676,-901.7629
arene_4677,-535.5538
arene_4678,
arene_4679,-908.2477
arene_4680,
arene_4680,
arene_4681,
arene_4682,-833.1167
arene_4683,-468.243
arene_4684,-833.2152
arene_4684,-833.2152
arene_4685,-1001.7036
arene_4686,-698.6559
arene_4687,-1344.4272
arene_4688,-468.305
arene_4689,-603.6478
arene_4690,-1001.7286
arene_4691,-454.5751
arene_4691,-454.5751
arene_4692,-754.1914
arene_4692,-754.1914
arene_4693,-883.3556
arene_4694,-619.6284
arene_4695,-908.2758
arene_4696,-490.3632
arene_4697,
arene_4697,
arene_4698,-1264.3383
arene_4699,-833.154
arene_4700,
arene_4701,-829.3369
arene_4702,-674.9722
arene_4703,-619.5875
arene_4704,-946.3955
arene_4704,-946.3955
arene_4705,-528.497
arene_4705,-528.497
arene_4706,-813.2996
arene_4707,-930.3561
arene_4708,-415.238
arene_4708,-415.238
arene_4709,-357.31
arene_4710,-813.3141
arene_4711,-930.3742
arene_4711,-930.3742
arene_4712,-486.6
arene_4713,-920.4528
arene_4714,-507.5178
arene_4715,-926.5411
arene_4716,-888.4576
arene_4716,-888.4576
arene_4717,-908.3047
arene_4718,-775.2971
arene_4719,-623.4716
arene_4720,-942.5696
arene_4721,-490.4325
arene_4721,-490.4325
arene_4722,-1041.3876
arene_4723,-1021.4958
arene_4724,-583.8686
arene_4724,-583.8686
arene_4725,-926.5506
arene_4726,-1344.3969
arene_4727,-301.0678
arene_4728,-849.1773
arene_4729,-548.3006
arene_4730,-1017.7087
arene_4731,-678.8441
arene_4732,-561.7678
arene_4733,-719.9454
arene_4734,-1153.354
arene_4734,-1153.354
arene_4735,-958.5166
arene_4736,-694.7589
arene_4737,-635.5281
arene_4738,-888.5448
arene_4739,-1231.2619
arene_4740,-813.3389
arene_4740,-813.3389
arene_4741,-486.598
arene_4742,
arene_4743,-396.9828
arene_4744,-946.3257
arene_4745,
arene_4746,-962.3226
arene_4747,-357.3418
arene_4748,-519.643
arene_4749,-1231.2374
arene_4750,-494.2134
arene_4751,
arene_4752,-411.4367
arene_4753,-867.3549
arene_4754,-540.5469
arene_4755,-603.5633
arene_4756,-602.3179
arene_4757,-917.7215
arene_4758,-1264.3351
arene_4759,-503.5832
arene_4760,-603.652
arene_4761,-1280.3065
arene_4762,
arene_4763,-411.4366
arene_4763,-411.4366
arene_4764,
arene_4765,-926.5479
arene_4766,-1173.2416
arene_4766,-1173.2416
arene_4767,-1017.6471
arene_4768,
arene_4769,-539.361
arene_4770,-1115.2626
arene_4770,-1115.2626
arene_4771,-581.52
arene_4772,-411.4292
arene_4773,-1189.2063
arene_4774,-1140.0756
arene_4775,-523.4249
arene_4776,-433.5003
arene_4776,-433.5003
arene_4776,-433.5003
arene_4777,-508.6054
arene_4778,-946.3556
arene_4779,-862.4198
arene_4780,
arene_4781,-1193.0772
arene_4782,-901.7242
arene_4783,-474.3165
arene_4783,-474.3165
arene_4784,-1339.5051
arene_4785,-565.4781
arene_4785,-565.4781
arene_4786,-1247.2545
arene_4787,-920.4222
arene_4788,-846.4346
arene_4789,-830.4871
arene_4790,-826.6132
arene_4791,
arene_4792,-678.8235
arene_4793,-774.7164
arene_4794,-885.7129
arene_4794,-885.7129
arene_4795,-510.196
arene_4796,-486.566
arene_4797,
arene_4798,-1017.6433
arene_4799,
arene_4800,-470.6284
arene_4801,-661.5253
arene_4802,-619.5807
arene_4803,-925.3371
arene_4803,-925.3371
arene_4804,
arene_4805,-470.5847
arene_4806,-846.3834
arene_4807,-544.4352
arene_4808,-599.7549
arene_4809,-1344.472
arene_4810,
arene_4811,-486.6187
arene_4812,-888.4639
arene_4813,-722.1792
arene_4813,-722.1792
arene_4814,-483.7491
arene_4814,-483.7491
arene_4815,-958.5045
arene_4816,-813.3192
arene_4817,-581.5191
arene_4818,-1244.5169
arene_4819,-603.6168
arene_4820,-619.6129
arene_4821,-1260.5001
arene_4822,-503.6702
arene_4823,
arene_4824,-1269.2802
arene_4825,
arene_4826,
arene_4827,-524.573
arene_4828,
arene_4829,-795.1284
arene_4830,-603.6714
arene_4831,-851.3835
arene_4832,-718.4791
arene_4833,-658.8958
arene_4834,
arene_4835,
arene_4836,-619.6234
arene_4837,-656.6932
arene_4838,-846.3994
arene_4839,-597.419
arene_4840,-1021.5496
arene_4841,
arene_4842,-678.81
arene_4843,
arene_4844,-1587.2896
arene_4845,-706.1602
arene_4845,-706.1602
arene_4845,-706.1602
arene_4845,-706.1602
arene_4846,-958.5242
arene_4847,-506.4385
arene_4848,
arene_4849,-393.1626
arene_4850,-930.3522
arene_4850,-930.3522
arene_4851,-716.1109
arene_4852,-561.7828
arene_4853,-908.3769
arene_4854,-515.7311
arene_4855,-603.5707
arene_4856,-1499.9917
arene_4856,-1499.9917
arene_4857,
arene_4858,-583.829
arene_4859,-474.3938
arene_4859,-474.3938
arene_4860,-1092.7576
arene_4861,-791.2036
arene_4862,-797.3126
arene_4862,-797.3126
arene_4863,-1041.3602
arene_4864,-508.5699
arene_4864,-508.5699
arene_4865,-791.223
arene_4866,-926.5188
arene_4867,-957.3039
arene_4868,-653.987
arene_4869,-417.4841
arene_4869,-417.4841
arene_4870,-603.628
arene_4871,
arene_4872,-813.2731
arene_4873,-427.4053
arene_4874,
arene_4875,-636.807
arene_4876,
arene_4877,-1004.2685
arene_4878,-797.337
arene_4879,-684.1043
arene_4879,-684.1043
arene_4880,-888.4541
arene_4881,-503.676
arene_4882,-508.6044
arene_4883,-926.5423
arene_4884,-946.3474
arene_4885,-675.0352
arene_4886,-1037.5165
arene_4887,-465.4594
arene_4888,-454.5256
arene_4888,-454.5256
arene_4889,-962.332
arene_4890,-866.2116
arene_4891,
arene_4892,
arene_4893,-581.5002
arene_4894,-1189.2069
arene_4895,-561.631
arene_4896,
arene_4897,-490.3656
arene_4898,-834.3009
arene_4898,-834.3009
arene_4899,-636.7508
arene_4900,
arene_4901,-942.5489
arene_4902,-1021.4167
arene_4903,-1228.5112
arene_4903,-1228.5112
arene_4904,-833.1278
arene_4905,-567.7919
arene_4905,-567.7919
arene_4906,-1251.0951
arene_4907,-587.6695
arene_4907,-587.6695
arene_4907,-587.6695
arene_4908,-470.5381
arene_4909,-1001.6078
arene_4910,
arene_4911,-1037.586
arene_4912,-603.5033
arene_4913,-486.6571
arene_4914,-468.2247
arene_4915,-494.2279
arene_4916,-851.3633
arene_4917,-377.1703
arene_4918,-904.5132
arene_4919,-492.6253
arene_4920,-908.3545
arene_4921,-849.1362
arene_4922,-678.8095
arene_4923,-597.4307
arene_4924,
arene_4925,
arene_4926,-1251.104
arene_4927,-1280.293
arene_4928,-585.3652
arene_4929,
arene_4930,
arene_4931,-942.5322
arene_4932,-678.8225
arene_4933,-908.2886
arene_4934,-1251.0984
arene_4935,-1021.5533
arene_4936,-523.402
arene_4937,
arene_4938,-358.9269
arene_4939,-845.3291
arene_4940,-568.1227
arene_4941,-833.1867
arene_4942,-503.5999
arene_4943,-510.1719
arene_4944,-508.6196
arene_4944,-508.6196
arene_4945,-490.3653
arene_4946,-599.795
arene_4947,-619.6692
arene_4948,-901.7565
arene_4949,
arene_4950,-603.6208
arene_4951,-619.5912
arene_4952,-512.4477
arene_4953,-1512.1862
arene_4954,-1173.236
arene_4955,-690.8404
arene_4956,-1017.6082
arene_4957,-999.4447
arene_4958,-524.6357
arene_4959,-808.2784
arene_4960,-817.1371
arene_4961,-470.6052
arene_4962,-355.1168
arene_4963,-658.8606
arene_4964,-1140.0218
arene_4965,-1001.7018
arene_4966,
arene_4967,-1269.2864
arene_4968,-888.5059
arene_4969,-623.4691
arene_4970,-636.8369
arene_4971,-433.463
arene_4972,-661.5229
arene_4973,-1017.6721
arene_4974,-678.7778
arene_4975,-910.5119
arene_4975,-910.5119
arene_4976,-942.4994
arene_4977,-1017.7549
arene_4978,-683.5099
arene_4979,-508.6309
arene_4980,
arene_4981,-842.6282
arene_4982,
arene_4983,-379.4093
arene_4983,-379.4093
arene_4984,-486.5637
arene_4985,-1269.3
arene_4986,-846.4135
arene_4987,-926.5549
arene_4988,-930.3559
arene_4989,-769.9397
arene_4990,-487.587
arene_4990,-487.587
arene_4991,
arene_4992,-928.1229
arene_4993,-833.125
arene_4994,-833.1741
arene_4995,-454.5603
arene_4995,-454.5603
arene_4996,-545.7474
arene_4997,-962.3418
arene_4998,-1247.2773
arene_4999,-1322.3766
arene_5000,-905.5581
arene_5000,-905.5581
arene_5001,-859.6423
arene_5001,-859.6423
arene_5001,-859.6423
arene_5002,-415.1916
arene_5003,-523.6305
arene_5004,-558.9421
arene_5005,-512.4769
arene_5005,-512.4769
arene_5005,-512.4769
arene_5006,-528.4585
arene_5006,-528.4585
arene_5007,-888.5079
arene_5008,-674.9333
arene_5009,-433.4611
arene_5009,-433.4611
arene_5009,-433.4611
arene_5010,
arene_5011,-639.469
arene_5012,-411.4196
arene_5013,-942.5811
arene_5014,
arene_5015,
arene_5016,-1173.2597
arene_5017,-924.2203
arene_5018,-921.5533
arene_5019,-1017.6584
arene_5020,-946.3908
arene_5021,-598.5814
arene_5022,-510.2541
arene_5023,-1001.7147
arene_5024,-583.7113
arene_5025,-846.4448
arene_5026,-700.1266
arene_5027,-615.6819
arene_5028,-508.6274
arene_5029,-1021.5601
arene_5030,-524.6407
arene_5031,-829.3613
arene_5032,-928.2035
arene_5033,-930.3727
arene_5033,-930.3727
arene_5033,-930.3727
arene_5034,-635.5684
arene_5035,-619.6248
arene_5036,
arene_5037,-506.4495
arene_5038,
arene_5039,-846.449
arene_5040,
arene_5041,-524.6475
arene_5042,-506.3285
arene_5043,-561.6872
arene_5044,-866.2806
arene_5045,-565.57
arene_5046,-470.5647
arene_5047,-1036.392
arene_5048,-926.5232
arene_5048,-926.5232
arene_5049,-508.6097
arene_5050,-979.5623
arene_5051,-587.6349
arene_5052,
arene_5053,-937.4984
arene_5054,-719.9595
arene_5055,-565.5101
arene_5056,
arene_5057,-524.5831
arene_5058,-698.6439
arene_5059,-674.8437
arene_5060,-470.5672
arene_5061,-583.7699
arene_5062,-465.4587
arene_5063,-464.4074
arene_5064,-678.8238
arene_5065,-962.3385
arene_5066,-603.6283
arene_5067,-957.3441
arene_5068,-1092.7892
arene_5069,-1344.4414
arene_5070,
arene_5071,-399.2021
arene_5071,-399.2021
arene_5072,-1364.2208
arene_5073,
arene_5074,
arene_5075,-845.3118
arene_5076,-1021.5748
arene_5077,
arene_5078,-813.3417
arene_5079,
arene_5080,
arene_5080,
arene_5081,-540.6026
arene_5082,
arene_5083,-415.286
arene_5084,
arene_5085,-415.2757
arene_5085,-415.2757
arene_5086,-1001.6764
arene_5087,
arene_5088,-813.3379
arene_5089,-941.4491
arene_5090,-581.5107
arene_5091,-594.7387
arene_5092,-599.8457
arene_5093,-1359.2528
arene_5094,-698.569
arene_5095,-835.3827
arene_5095,-835.3827
arene_5095,-835.3827
arene_5096,-503.6929
arene_5097,-829.3317
arene_5098,-904.4217
arene_5099,-443.3847
arene_5100,-607.4273
arene_5101,
arene_5102,
arene_5103,-842.5501
arene_5104,-908.3495
arene_5105,-449.5224
arene_5105,-449.5224
arene_5106,-694.644
arene_5107,
arene_5108,-490.3973
arene_5108,-490.3973
arene_5109,-694.7579
arene_5110,-470.6202
arene_5111,-924.2794
arene_5112,-1344.4015
arene_5113,
arene_5114,-999.4291
arene_5115,-999.37
arene_5116,-528.4904
arene_5117,
arene_5118,-490.4273
arene_5119,-1231.253
arene_5120,-544.4399
arene_5121,-1112.6604
arene_5122,-867.3753
arene_5123,-599.7606
arene_5124,-1156.0975
arene_5125,-694.7767
arene_5126,
arene_5127,-619.5998
arene_5128,-490.394
arene_5129,-570.3235
arene_5130,-862.4304
arene_5131,-930.3441
arene_5131,-930.3441
arene_5132,-905.5964
arene_5132,-905.5964
arene_5133,-1156.0859
arene_5134,-738.1822
arene_5135,-850.292
arene_5136,-999.4646
arene_5137,-910.5067
arene_5137,-910.5067
arene_5138,-958.5084
arene_5139,-470.6168
arene_5139,-470.6168
arene_5140,-924.3683
arene_5141,
arene_5142,
arene_5143,-544.3891
arene_5144,-339.1582
arene_5145,-1021.5359
arene_5146,
arene_5147,-415.2364
arene_5147,-415.2364
arene_5148,-833.1697
arene_5149,-1017.682
arene_5150,
arene_5151,
arene_5152,
arene_5153,-564.9162
arene_5153,-564.9162
arene_5153,-564.9162
arene_5154,-587.5476
arene_5154,-587.5476
arene_5155,
arene_5156,
arene_5157,-813.3556
arene_5158,-619.5274
arene_5159,-694.7879
arene_5160,-1496.1435
arene_5161,-395.4347
arene_5161,-395.4347
arene_5162,-866.302
arene_5163,-865.8447
arene_5164,
arene_5165,-867.3836
arene_5166,-921.5341
arene_5167,-908.3569
arene_5168,-946.3398
arene_5169,-523.4756
arene_5170,-754.1905
arene_5171,-917.6735
arene_5172,-486.5258
arene_5173,-545.7615
arene_5174,-1001.6214
arene_5174,-1001.6214
arene_5175,-619.6057
arene_5176,-942.564
arene_5177,-554.929
arene_5177,-554.929
arene_5177,-554.929
arene_5178,-581.6099
arene_5179,-694.7954
arene_5180,-813.3793
arene_5180,-813.3793
arene_5181,-395.3987
arene_5181,-395.3987
arene_5182,-851.3812
arene_5183,-813.3492
arene_5184,-490.3657
arene_5185,-921.5494
arene_5186,-481.4127
arene_5187,-1172.1097
arene_5188,-506.309
arene_5189,-512.4806
arene_5189,-512.4806
arene_5189,-512.4806
arene_5190,-926.5067
arene_5191,-623.4555
arene_5192,-619.5671
arene_5193,-924.2859
arene_5194,-490.4316
arene_5195,-908.3273
arene_5196,-1021.5614
arene_5197,
arene_5198,-615.6982
arene_5199,-862.3906
arene_5200,-1269.3141
arene_5201,-1021.542
arene_5202,-451.8239
arene_5202,-451.8239
arene_5203,-565.5471
arene_5204,-1156.1085
arene_5205,
arene_5206,-1001.6723
arene_5207,-373.3427
arene_5208,-1253.2573
arene_5208,-1253.2573
arene_5209,-597.49
arene_5210,-1112.622
arene_5211,-930.3633
arene_5212,-581.4768
arene_5213,-846.4683
arene_5214,-851.3625
arene_5214,-851.3625
arene_5214,-851.3625
arene_5215,-833.1855
arene_5216,-634.3442
arene_5217,-674.8477
arene_5218,-526.2223
arene_5219,-946.3858
arene_5220,-1004.2546
arene_5221,-599.7221
arene_5222,-470.5185
arene_5223,-999.3566
arene_5224,-1269.2936
arene_5225,
arene_5225,
arene_5226,-1269.2761
arene_5227,-910.5468
arene_5227,-910.5468
arene_5228,
arene_5228,
arene_5229,-1140.0755
arene_5229,-1140.0755
arene_5230,
arene_5231,-910.466
arene_5231,-910.466
arene_5232,-1339.495
arene_5233,-829.2931
arene_5234,-858.5386
arene_5235,-1153.3601
arene_5235,-1153.3601
arene_5236,-942.5742
arene_5237,-522.347
arene_5238,-1247.241
arene_5239,-888.49
arene_5240,
arene_5241,
arene_5242,-431.2456
arene_5243,-490.3992
arene_5244,-524.5981
arene_5245,-488.1154
arene_5246,-833.1335
arene_5247,-503.5909
arene_5248,-395.3991
arene_5249,-562.7509
arene_5249,-562.7509
arene_5250,
arene_5251,-817.1465
arene_5252,-681.9022
arene_5253,-417.4817
arene_5253,-417.4817
arene_5254,-946.386
arene_5255,-697.8714
arene_5256,-698.5613
arene_5257,-1496.159
arene_5258,-661.5207
arene_5259,-544.4247
arene_5260,-583.8201
arene_5261,-545.7015
arene_5262,-1017.7517
arene_5263,-636.8699
arene_5264,-774.7296
arene_5265,-867.3838
arene_5266,-599.8075
arene_5267,-845.3144
arene_5268,
arene_5269,-926.5596
arene_5270,-1140.0732
arene_5270,-1140.0732
arene_5271,-506.4183
arene_5272,
arene_5273,-490.3909
arene_5274,-813.3603
arene_5275,-882.2448
arene_5276,-1344.4435
arene_5277,
arene_5278,-1156.1234
arene_5278,-1156.1234
arene_5279,-1021.4956
arene_5280,-776.886
arene_5281,-528.4357
arene_5281,-528.4357
arene_5282,-602.4569
arene_5282,-602.4569
arene_5283,-599.7376
arene_5284,-942.6003
arene_5285,-942.5256
arene_5286,-829.3445
arene_5287,
arene_5288,
arene_5289,-619.5921
arene_5290,-395.4126
arene_5290,-395.4126
arene_5291,-490.4607
arene_5292,
arene_5293,-518.4472
arene_5294,-926.5456
arene_5295,-925.4101
arene_5295,-925.4101
arene_5296,-524.6292
arene_5297,
arene_5298,-506.41
arene_5299,
arene_5300,-1435.574
arene_5301,-769.8017
arene_5302,-678.7332
arene_5303,
arene_5304,-926.5071
arene_5305,-690.8924
arene_5306,-942.5138
arene_5307,-930.3532
arene_5307,-930.3532
arene_5308,
arene_5309,-926.5482
arene_5309,-926.5482
arene_5310,-770.1404
arene_5311,-1153.3949
arene_5312,-615.7988
arene_5313,-492.6089
arene_5313,-492.6089
arene_5313,-492.6089
arene_5314,-1344.4314
arene_5315,-1131.3016
arene_5316,-411.4308
arene_5317,-389.3194
arene_5318,-678.7132
arene_5319,
arene_5320,-1344.4755
arene_5321,-942.5667
arene_5322,-1156.0943
arene_5323,-946.3193
arene_5324,-415.2825
arene_5325,-1496.1612
arene_5326,-1001.738
arene_5327,-1209.1347
arene_5328,-395.4272
arene_5329,-487.6646
arene_5329,-487.6646
arene_5330,-942.5668
arene_5331,-942.5323
arene_5332,-846.4597
arene_5333,-958.4643
arene_5334,-490.4346
arene_5335,-543.4143
arene_5336,-910.5176
arene_5336,-910.5176
arene_5337,-411.4011
arene_5338,
arene_5339,-510.2663
arene_5340,-603.6885
arene_5341,-470.5878
arene_5342,-1021.571
arene_5343,-1156.0982
arene_5344,-1231.2566
arene_5345,-661.5386
arene_5346,-850.313
arene_5347,-556.5648
arene_5348,-581.4372
arene_5349,
arene_5350,-675.0314
arene_5351,-635.5971
arene_5352,-769.8942
arene_5353,-962.3734
arene_5354,-465.5188
arene_5355,-1185.4074
arene_5356,-603.6631
arene_5357,-490.4123
arene_5358,-926.5398
arene_5359,-678.7302
arene_5360,-698.6337
arene_5361,-775.2482
arene_5362,-528.5009
arene_5362,-528.5009
arene_5363,-937.5306
arene_5364,-581.6487
arene_5365,-754.1845
arene_5366,-623.4068
arene_5367,-583.8324
arene_5368,-1687.2007
arene_5369,-599.7525
arene_5370,-1571.2867
arene_5370,-1571.2867
arene_5371,-775.2394
arene_5372,-810.576
arene_5372,-810.576
arene_5373,-452.3126
arene_5374,-735.9386
arene_5375,-524.6862
arene_5376,-797.3082
arene_5377,-813.3262
arene_5378,-817.1601
arene_5378,-817.1601
arene_5379,-903.3086
arene_5380,-415.2435
arene_5380,-415.2435
arene_5381,-512.4726
arene_5381,-512.4726
arene_5382,-810.6535
arene_5383,-465.4283
arene_5384,-528.5056
arene_5385,-490.4267
arene_5386,-789.6071
arene_5387,-937.5879
arene_5388,-510.2457
arene_5389,-361.1094
arene_5389,-361.1094
arene_5390,-487.6799
arene_5390,-487.6799
arene_5391,-845.3419
arene_5392,-357.3397
arene_5393,-901.7247
arene_5394,-544.4728
arene_5395,-962.3179
arene_5396,-749.9911
arene_5397,-603.5418
arene_5397,-603.5418
arene_5398,-465.4322
arene_5399,-813.342
arene_5400,-619.6337
arene_5401,-583.7717
arene_5402,-411.4119
arene_5403,-769.8227
arene_5404,-558.987
arene_5405,-926.5187
arene_5405,-926.5187
arene_5406,-561.6548
arene_5407,-603.6341
arene_5408,-490.4268
arene_5409,-474.4176
arene_5409,-474.4176
arene_5410,
arene_5411,-1017.6152
arene_5412,-619.5999
arene_5413,-507.3996
arene_5413,-507.3996
arene_5414,
arene_5415,-926.4888
arene_5416,-813.3528
arene_5416,-813.3528
arene_5417,
arene_5418,-1021.5429
arene_5419,-661.5141
arene_5420,-813.3403
arene_5421,-581.5956
arene_5422,-508.6048
arene_5423,-1173.2119
arene_5424,-908.3267
arene_5425,-603.6345
arene_5425,-603.6345
arene_5426,-1209.1081
arene_5427,-1017.6685
arene_5428,-908.3349
arene_5429,
arene_5430,-490.367
arene_5431,-586.3247
arene_5432,-862.4018
arene_5433,-523.475
arene_5434,-587.6321
arene_5434,-587.6321
arene_5435,-1231.2517
arene_5436,-946.3522
arene_5437,-1016.5377
arene_5438,-470.5517
arene_5439,
arene_5440,-1344.4153
arene_5441,-829.3498
arene_5442,-962.3336
arene_5443,-635.6195
arene_5444,-789.697
arene_5445,-599.6809
arene_5446,
arene_5447,-842.5918
arene_5448,-561.6268
arene_5449,-1037.4919
arene_5450,-486.4913
arene_5450,-486.4913
arene_5451,-577.6301
arene_5452,-866.2277
arene_5453,-524.62
arene_5454,-926.5479
arene_5455,-524.6565
arene_5456,
arene_5456,
arene_5457,
arene_5458,-942.5508
arene_5459,-583.7652
arene_5460,
arene_5460,
arene_5461,
arene_5462,-813.3
arene_5463,-558.9348
arene_5464,-599.7777
arene_5465,-1319.732
arene_5466,
arene_5467,
arene_5468,-1026.8642
arene_5469,
arene_5470,-926.5018
arene_5471,-540.5665
arene_5472,-710.6895
arene_5473,-603.609
arene_5474,-499.8494
arene_5475,-319.2989
arene_5476,-492.6246
arene_5477,-926.5615
arene_5478,-581.5075
arene_5479,-946.3713
arene_5480,-598.6352
arene_5481,
arene_5482,-979.5346
arene_5483,-565.426
arene_5483,-565.426
arene_5484,-393.1908
arene_5485,-926.5107
arene_5486,-962.3644
arene_5487,-583.8087
arene_5487,-583.8087
arene_5488,-512.4745
arene_5488,-512.4745
arene_5489,-619.5023
arene_5490,-910.5362
arene_5491,-865.8356
arene_5492,-1231.2696
arene_5493,-603.6542
arene_5494,-468.3598
arene_5495,-866.275
arene_5496,-819.3581
arene_5496,-819.3581
arene_5496,-819.3581
arene_5496,-819.3581
arene_5497,
arene_5498,-528.4874
arene_5498,-528.4874
arene_5499,
arene_5500,-1253.2704
arene_5501,-395.4323
arene_5501,-395.4323
arene_5502,-561.7282
arene_5503,-1364.2853
arene_5504,
arene_5505,
arene_5506,-543.4717
arene_5507,
arene_5508,-357.3406
arene_5509,-849.1064
arene_5510,-585.442
arene_5511,-1017.7525
arene_5512,-710.6356
arene_5513,
arene_5514,-797.3115
arene_5514,-797.3115
arene_5515,-690.8462
arene_5516,-738.2077
arene_5517,-1344.416
arene_5518,-901.734
arene_5519,-1209.007
arene_5520,-545.745
arene_5521,-714.5647
arene_5522,-363.4013
arene_5522,-363.4013
arene_5522,-363.4013
arene_5522,-363.4013
arene_5523,-528.4417
arene_5523,-528.4417
arene_5524,-866.3288
arene_5525,-540.6306
arene_5526,-561.7367
arene_5527,-486.5785
arene_5528,-908.3392
arene_5529,
arene_5530,-908.2239
arene_5531,-904.4381
arene_5532,-867.3543
arene_5533,
arene_5534,-1231.2443
arene_5535,-833.1328
arene_5536,-411.3818
arene_5537,-1112.6637
arene_5538,-490.3859
arene_5539,-942.5493
arene_5540,-490.3663
arene_5541,-926.5666
arene_5542,
arene_5543,-508.6636
arene_5544,
arene_5545,
arene_5546,
arene_5547,-1021.5382
arene_5548,-1285.2843
arene_5549,
arene_5550,-587.6235
arene_5550,-587.6235
arene_5551,-486.6016
arene_5552,-483.8183
arene_5553,
arene_5554,-1228.4928
arene_5554,-1228.4928
arene_5555,-499.7666
arene_5556,-710.6456
arene_5557,-567.6929
arene_5557,-567.6929
arene_5557,-567.6929
arene_5558,-583.8045
arene_5559,-490.4516
arene_5560,-395.4064
arene_5560,-395.4064
arene_5561,-1364.237
arene_5562,-599.758
arene_5563,-797.3283
arene_5564,-583.6998
arene_5565,-946.3953
arene_5566,-658.849
arene_5566,-658.849
arene_5567,-431.2497
arene_5567,-431.2497
arene_5568,-817.1486
arene_5568,-817.1486
arene_5569,-1364.2934
arene_5570,-716.124
arene_5571,-1041.3626
arene_5572,-506.3879
arene_5573,
arene_5573,
arene_5574,-908.3725
arene_5575,-427.3911
arene_5576,-1041.3881
arene_5577,-577.622
arene_5578,
arene_5579,-904.5457
arene_5580,-503.6363
arene_5581,
arene_5582,
arene_5583,-1516.0151
arene_5584,
arene_5585,-502.4915
arene_5586,
arene_5587,-1021.541
arene_5588,-677.5504
arene_5589,
arene_5589,
arene_5590,-583.8069
arene_5591,-1033.5912
arene_5592,-635.5467
arene_5593,
arene_5594,-661.5216
arene_5595,-447.2149
arene_5596,-380.9951
arene_5597,-866.3652
arene_5598,-1001.6332
arene_5598,-1001.6332
arene_5599,-1156.105
arene_5600,-623.4026
arene_5601,-833.1667
arene_5602,-506.303
arene_5603,-862.4008
arene_5604,-684.0998
arene_5604,-684.0998
arene_5605,-1001.7023
arene_5606,-1118.0548
arene_5607,-512.4909
arene_5607,-512.4909
arene_5607,-512.4909
arene_5608,-1269.2323
arene_5609,-603.6523
arene_5610,-867.4195
arene_5611,-1156.101
arene_5612,-619.5563
arene_5613,-502.4855
arene_5614,-794.5332
arene_5615,-581.4393
arene_5616,-674.9799
arene_5617,-1021.5329
arene_5618,-1001.6248
arene_5618,-1001.6248
arene_5619,-698.599
arene_5620,-583.8186
arene_5621,-1153.4013
arene_5622,-586.3206
arene_5623,-619.6279
arene_5624,-942.5493
arene_5625,-524.6078
arene_5626,
arene_5627,-565.5341
arene_5628,-678.8498
arene_5629,-791.295
arene_5630,-565.6037
arene_5631,-810.635
arene_5631,-810.635
arene_5632,-558.9894
arene_5633,-636.786
arene_5634,-770.1787
arene_5635,-703.9255
arene_5636,-946.378
arene_5637,
arene_5637,
arene_5638,-829.2981
arene_5639,-999.4038
arene_5640,
arene_5641,
arene_5642,-675.041
arene_5643,-942.5538
arene_5644,
arene_5644,
arene_5645,-1344.4456
arene_5646,-942.5192
arene_5647,-490.4449
arene_5648,-867.3395
arene_5649,-716.1432
arene_5650,-946.3857
arene_5651,-599.835
arene_5652,-417.486
arene_5652,-417.486
arene_5652,-417.486
arene_5653,
arene_5654,-1092.77
arene_5655,-567.7926
arene_5655,-567.7926
arene_5656,-683.5514
arene_5656,-683.5514
arene_5657,
arene_5658,-942.5739
arene_5659,-474.3746
arene_5659,-474.3746
arene_5660,
arene_5661,-888.5074
arene_5662,-567.786
arene_5662,-567.786
arene_5663,-698.5604
arene_5664,-599.7966
arene_5665,-946.3708
arene_5666,-829.3484
arene_5667,-851.3998
arene_5667,-851.3998
arene_5668,-788.4726
arene_5669,
arene_5670,-603.5849
arene_5671,-1137.3832
arene_5671,-1137.3832
arene_5672,-506.3516
arene_5673,-565.5458
arene_5674,-882.2255
arene_5675,
arene_5676,-539.4523
arene_5677,
arene_5678,-1153.4188
arene_5679,-1001.6352
arene_5679,-1001.6352
arene_5680,-1092.759
arene_5681,-581.4644
arene_5682,-926.5741
arene_5683,-602.3071
arene_5684,-1092.7919
arene_5685,-583.7325
arene_5686,-888.4847
arene_5687,-835.3631
arene_5687,-835.3631
arene_5688,-1228.4754
arene_5688,-1228.4754
arene_5689,-851.4076
arene_5690,
arene_5691,-1687.1949
arene_5692,
arene_5693,-583.8081
arene_5694,-925.333
arene_5694,-925.333
arene_5695,-1231.2254
arene_5696,-754.1908
arene_5697,
arene_5698,-512.4549
arene_5698,-512.4549
arene_5699,-578.7555
arene_5700,-1189.2664
arene_5701,-791.2804
arene_5702,-942.5169
arene_5703,-1004.2738
arene_5704,-619.5419
arene_5705,-614.5638
arene_5706,-619.5024
arene_5707,-942.5216
arene_5708,-1344.363
arene_5709,-578.7628
arene_5710,-774.7217
arene_5711,-1360.4744
arene_5712,-474.3443
arene_5712,-474.3443
arene_5713,-1172.0236
arene_5714,-817.166
arene_5715,-470.5788
arene_5716,-830.4599
arene_5717,
arene_5718,-937.5556
arene_5719,-619.625
arene_5720,-814.4664
arene_5720,-814.4664
arene_5721,-603.6502
arene_5722,-1269.2835
arene_5723,
arene_5724,-502.5224
arene_5725,-1169.382
arene_5726,-581.4164
arene_5727,-508.6253
arene_5727,-508.6253
arene_5728,-866.2534
arene_5729,-694.7609
arene_5730,-489.1576
arene_5731,-674.9265
arene_5732,-851.4013
arene_5733,-716.0909
arene_5734,-908.338
arene_5735,-735.9687
arene_5736,-619.6287
arene_5737,-512.4121
arene_5737,-512.4121
arene_5737,-512.4121
arene_5738,-486.4814
arene_5738,-486.4814
arene_5739,
arene_5740,-910.5011
arene_5740,-910.5011
arene_5741,
arene_5742,-738.1429
arene_5743,-603.6465
arene_5744,-797.3221
arene_5744,-797.3221
arene_5745,-908.3444
arene_5746,-615.7133
arene_5747,-946.3389
arene_5748,-946.3869
arene_5749,-1231.2534
arene_5750,-926.5389
arene_5751,-487.5831
arene_5751,-487.5831
arene_5752,-506.4215
arene_5753,-599.7898
arene_5754,-506.4412
arene_5755,-846.4387
arene_5756,
arene_5757,
arene_5757,
arene_5758,-539.4513
arene_5759,-1682.2549
arene_5760,-565.4468
arene_5760,-565.4468
arene_5761,-979.6119
arene_5762,-926.5014
arene_5762,-926.5014
arene_5763,-1344.3911
arene_5764,-411.4053
arene_5765,
arene_5766,-791.233
arene_5767,-526.2261
arene_5768,-658.9914
arene_5769,-635.6149
arene_5770,-562.7501
arene_5770,-562.7501
arene_5771,-829.3213
arene_5772,-1173.2436
arene_5773,-829.3551
arene_5774,-603.5654
arene_5775,-1021.5122
arene_5776,-1189.2687
arene_5777,-1344.4289
arene_5778,
arene_5779,-545.7386
arene_5780,-718.4607
arene_5781,-399.2293
arene_5782,
arene_5783,-377.1936
arene_5783,-377.1936
arene_5784,-373.3731
arene_5785,
arene_5786,-540.5979
arene_5787,-1269.2856
arene_5788,
arene_5789,-577.6095
arene_5790,
arene_5791,-395.4538
arene_5792,-829.279
arene_5793,-623.4646
arene_5794,-1322.2979
arene_5795,-807.1995
arene_5796,
arene_5797,-804.4799
arene_5798,-694.631
arene_5799,-699.5625
arene_5799,-699.5625
arene_5800,
arene_5801,-562.7558
arene_5801,-562.7558
arene_5802,-842.5346
arene_5803,
arene_5804,-814.4521
arene_5804,-814.4521
arene_5805,-810.5992
arene_5805,-810.5992
arene_5806,-585.3383
arene_5807,-678.7846
arene_5808,-942.4844
arene_5809,-490.4017
arene_5810,-866.2027
arene_5811,
arene_5812,-472.1433
arene_5813,-560.4029
arene_5814,-1269.2724
arene_5815,-1021.5512
arene_5816,-851.4062
arene_5817,-1269.261
arene_5818,-1260.4569
arene_5819,-710.7083
arene_5820,-1001.726
arene_5821,-1247.2385
arene_5822,-474.3896
arene_5823,-1269.2549
arene_5824,-379.4063
arene_5825,-567.8097
arene_5825,-567.8097
arene_5826,-942.5277
arene_5827,-661.5107
arene_5828,-849.1705
arene_5829,-1571.2757
arene_5829,-1571.2757
arene_5830,-1319.675
arene_5831,-942.4928
arene_5832,-700.1092
arene_5832,-700.1092
arene_5833,-999.4757
arene_5834,-797.3275
arene_5834,-797.3275
arene_5835,-582.6418
arene_5835,-582.6418
arene_5836,-523.5276
arene_5837,-506.387
arene_5838,-635.5519
arene_5839,-694.6439
arene_5840,-523.471
arene_5841,-1099.7928
arene_5842,-539.4704
arene_5843,-599.7875
arene_5844,-813.3291
arene_5845,
arene_5846,-792.3219
arene_5846,-792.3219
arene_5847,-846.3644
arene_5848,-658.9047
arene_5848,-658.9047
arene_5849,-508.68
arene_5850,-1037.5747
arene_5851,-502.5775
arene_5852,-470.5741
arene_5853,-470.6124
arene_5854,-619.5858
arene_5855,
arene_5856,-581.5157
arene_5857,-698.6531
arene_5858,-921.5224
arene_5859,-1017.7628
arene_5860,-700.1355
arene_5861,-447.1804
arene_5862,-583.8162
arene_5863,-486.5462
arene_5864,-1016.5969
arene_5865,-722.1818
arene_5865,-722.1818
arene_5865,-722.1818
arene_5866,-470.539
arene_5867,-817.1447
arene_5867,-817.1447
arene_5868,-522.3396
arene_5869,-524.5989
arene_5870,
arene_5870,
arene_5870,
arene_5870,
arene_5871,
arene_5872,-432.413
arene_5872,-432.413
arene_5873,-599.7453
arene_5874,-490.4298
arene_5875,-587.6153
arene_5875,-587.6153
arene_5876,-926.5119
arene_5877,-528.4302
arene_5877,-528.4302
arene_5877,-528.4302
arene_5878,-1021.5735
arene_5879,-1021.5413
arene_5880,-379.3818
arene_5880,-379.3818
arene_5881,-1001.6938
arene_5882,-797.2906
arene_5882,-797.2906
arene_5883,-986.6179
arene_5884,-826.5429
arene_5884,-826.5429
arene_5885,
arene_5886,-946.3224
arene_5887,-486.5981
arene_5888,
arene_5889,-490.4145
arene_5890,-1244.5258
arene_5891,-1516.0084
arene_5892,
arene_5893,-677.5352
arene_5894,-393.1042
arene_5895,
arene_5896,-1269.2922
arene_5897,-1285.2597
arene_5898,-754.1546
arene_5899,-431.2186
arene_5900,-908.3618
arene_5901,-835.3659
arene_5901,-835.3659
arene_5901,-835.3659
arene_5902,-603.548
arene_5903,-524.6908
arene_5904,-377.1546
arene_5905,-830.3622
arene_5905,-830.3622
arene_5906,-901.7119
arene_5907,-1172.0749
arene_5908,-583.7691
arene_5909,-845.271
arene_5910,-1496.1766
arene_5911,-449.4828
arene_5911,-449.4828
arene_5912,-829.3035
arene_5913,
arene_5914,-1322.3972
arene_5915,-544.4611
arene_5916,-957.3247
arene_5917,-1112.6114
arene_5918,-1587.2445
arene_5919,-492.6245
arene_5919,-492.6245
arene_5919,-492.6245
arene_5920,-677.5516
arene_5921,-656.6094
arene_5922,
arene_5923,-1017.6206
arene_5924,-946.3881
arene_5925,-1244.5076
arene_5926,-830.4292
arene_5927,-863.6673
arene_5928,
arene_5929,
arene_5930,
arene_5931,-1112.5691
arene_5932,-639.3603
arene_5933,-1253.2757
arene_5934,-1339.4477
arene_5935,
arene_5936,-690.8366
arene_5937,
arene_5938,-1435.5757
arene_5939,-678.7688
arene_5940,-594.7293
arene_5941,-524.6833
arene_5942,-508.6553
arene_5942,-508.6553
arene_5943,-599.775
arene_5944,-581.545
arene_5945,-1682.2716
arene_5946,-1231.2593
arene_5947,-594.7412
arene_5948,-619.6027
arene_5949,-431.1978
arene_5950,-1319.6063
arene_5951,-1153.3881
arene_5952,-714.5964
arene_5953,
arene_5954,-587.6394
arene_5954,-587.6394
arene_5954,-587.6394
arene_5955,
arene_5956,-862.4617
arene_5957,-700.11
arene_5958,-581.5657
arene_5959,-908.2822
arene_5960,-926.5258
arene_5960,-926.5258
arene_5961,-659.0146
arene_5962,-540.6501
arene_5963,-583.7764
arene_5963,-583.7764
arene_5964,-474.4025
arene_5965,-926.5665
arene_5966,-888.5071
arene_5967,
arene_5968,-508.6485
arene_5969,
arene_5970,-603.5914
arene_5971,-926.5636
arene_5972,-603.6311
arene_5973,-578.7776
arene_5974,-1269.277
arene_5975,-1037.5645
arene_5976,-1021.5721
arene_5977,-1344.4119
arene_5978,-562.747
arene_5978,-562.747
arene_5979,-1189.1526
arene_5980,
arene_5981,-342.9562
arene_5982,-924.3896
arene_5983,-567.8063
arene_5984,-867.3736
arene_5984,-867.3736
arene_5985,-1662.4436
arene_5986,-867.4047
arene_5987,
arene_5988,-490.4195
arene_5989,-508.6503
arene_5989,-508.6503
arene_5990,-545.7866
arene_5991,-1269.2958
arene_5992,
arene_5993,
arene_5994,-942.5363
arene_5995,-829.3663
arene_5996,-565.5285
arene_5997,-719.9508
arene_5998,-411.4226
arene_5999,-377.0989
arene_6000,-487.6761
arene_6001,
arene_6002,-658.9955
arene_6003,-470.635
arene_6003,-470.635
arene_6004,-565.5799
arene_6005,
arene_6006,-583.8209
arene_6007,-754.2266
arene_6008,-635.4758
arene_6009,-681.897
arene_6010,-979.6456
arene_6011,
arene_6012,-842.6338
arene_6013,-558.9524
arene_6014,-560.4849
arene_6015,-1253.2674
arene_6015,-1253.2674
arene_6016,-694.7097
arene_6017,-1244.5233
arene_6018,-1435.5626
arene_6019,-958.5129
arene_6020,-639.4101
arene_6021,-813.3107
arene_6022,-846.4561
arene_6023,-656.6636
arene_6024,
arene_6025,-924.28
arene_6026,-924.3223
arene_6027,-819.3362
arene_6027,-819.3362
arene_6028,-603.6034
arene_6029,
arene_6030,-395.4288
arene_6031,-470.5356
arene_6031,-470.5356
arene_6032,
arene_6033,-849.1919
arene_6034,-962.412
arene_6035,-908.2766
arene_6036,-470.5759
arene_6037,-1131.2777
arene_6038,-674.9409
arene_6039,-1137.358
arene_6039,-1137.358
arene_6040,-581.5684
arene_6041,-1269.2847
arene_6042,-519.6598
arene_6043,-601.369
arene_6044,
arene_6045,-565.6141
arene_6046,-908.3459
arene_6047,-486.5329
arene_6048,-470.5955
arene_6049,
arene_6050,-506.3243
arene_6051,-1253.2652
arene_6051,-1253.2652
arene_6052,
arene_6053,-722.1621
arene_6053,-722.1621
arene_6054,-510.2085
arene_6055,-1269.2732
arene_6056,-411.3826
arene_6057,-393.1227
arene_6058,-561.6574
arene_6059,
arene_6060,-698.6767
arene_6061,-524.6537
arene_6062,-599.8053
arene_6063,-719.9145
arene_6064,-694.7204
arene_6065,-714.6731
arene_6066,-524.5824
arene_6067,-942.5466
arene_6068,-1037.5501
arene_6069,-599.712
arene_6070,-926.527
arene_6071,-415.2205
arene_6072,-496.4279
arene_6072,-496.4279
arene_6073,
arene_6074,-946.3984
arene_6075,-1021.5571
arene_6076,-1364.2947
arene_6077,-561.6187
arene_6078,-774.7173
arene_6079,-231.9692
arene_6080,-1118.0567
arene_6081,-1435.5636
arene_6082,-1231.1786
arene_6083,-623.5103
arene_6084,-813.3387
arene_6085,-415.2747
arene_6086,-545.6619
arene_6086,-545.6619
arene_6087,-1169.4032
arene_6088,-901.7596
arene_6089,-1360.419
arene_6090,-926.5368
arene_6091,-561.659
arene_6092,-506.3349
arene_6093,-830.4192
arene_6094,-603.645
arene_6095,-850.2626
arene_6096,-942.512
arene_6097,-603.5925
arene_6098,-901.7345
arene_6099,-908.3612
arene_6100,-833.1863
arene_6101,-587.6067
arene_6101,-587.6067
arene_6102,
arene_6103,
arene_6103,
arene_6104,-694.8061
arene_6105,-813.3514
arene_6106,-1496.1762
arene_6107,
arene_6108,-357.3203
arene_6109,-1140.069
arene_6109,-1140.069
arene_6110,-1021.5495
arene_6111,-921.5698
arene_6112,-449.4245
arene_6112,-449.4245
arene_6113,-749.993
arene_6114,-565.4751
arene_6115,
arene_6116,-846.4675
arene_6117,-567.7608
arene_6118,-603.5702
arene_6119,-427.4144
arene_6120,-506.3334
arene_6121,-603.6573
arene_6122,-1344.4176
arene_6123,-845.3015
arene_6124,-1112.6595
arene_6125,-545.7713
arene_6126,-470.5096
arene_6127,-1021.4811
arene_6128,-941.3747
arene_6129,-464.4234
arene_6130,-508.5728
arene_6131,-1269.2843
arene_6132,
arene_6133,
arene_6134,-738.1738
arene_6134,-738.1738
arene_6134,-738.1738
arene_6135,-829.4023
arene_6136,-862.4253
arene_6137,-1269.2827
arene_6138,-490.4426
arene_6138,-490.4426
arene_6139,-599.8399
arene_6140,-797.3433
arene_6140,-797.3433
arene_6141,-835.3822
arene_6141,-835.3822
arene_6142,-658.9321
arene_6143,-829.3183
arene_6144,-603.63
arene_6145,-1322.331
arene_6146,-946.3821
arene_6147,-1247.2299
arene_6148,-1169.3255
arene_6148,-1169.3255
arene_6149,-585.4226
arene_6150,-599.7507
arene_6151,-619.5833
arene_6152,-928.171
arene_6153,-1177.0687
arene_6154,-577.7127
arene_6155,-718.3881
arene_6156,-1189.1715
arene_6157,-599.6831
arene_6158,-506.4185
arene_6159,-921.5402
arene_6160,
arene_6161,-937.4799
arene_6162,
arene_6163,-817.1422
arene_6163,-817.1422
arene_6164,-908.3471
arene_6165,-560.4077
arene_6166,-926.5169
arene_6167,-676.52
arene_6168,-581.6037
arene_6169,-508.5882
arene_6170,-1360.4599
arene_6171,-926.5345
arene_6172,
arene_6173,-862.3836
arene_6174,-470.5851
arene_6175,-565.514
arene_6176,-714.5903
arene_6177,-920.4105
arene_6178,-1344.4281
arene_6179,-829.3265
arene_6180,-910.5747
arene_6180,-910.5747
arene_6180,-910.5747
arene_6181,
arene_6182,-567.8135
arene_6182,-567.8135
arene_6183,-942.4995
arene_6184,-494.227
arene_6185,-603.5461
arene_6186,-1017.6638
arene_6187,-490.3543
arene_6188,-434.6771
arene_6188,-434.6771
arene_6188,-434.6771
arene_6189,-524.6321
arene_6190,-937.5544
arene_6191,-567.772
arene_6191,-567.772
arene_6192,-699.5247
arene_6193,-411.4115
arene_6193,-411.4115
arene_6194,-673.7971
arene_6195,-656.662
arene_6196,-813.33
arene_6197,-1280.2635
arene_6198,-1001.7461
arene_6199,-924.2762
arene_6200,-615.7965
arene_6201,-926.5183
arene_6202,
arene_6203,-506.4154
arene_6204,-849.1313
arene_6205,-694.6457
arene_6206,-567.787
arene_6206,-567.787
arene_6207,
arene_6208,-486.5392
arene_6209,-1344.3922
arene_6210,-908.3054
arene_6211,-397.0266
arene_6212,-942.4675
arene_6213,-926.5144
arene_6214,-524.6194
arene_6215,
arene_6216,-833.1738
arene_6217,-339.1258
arene_6218,-1001.7236
arene_6219,-769.9394
arene_6220,-678.7796
arene_6221,-867.348
arene_6222,-602.3908
arene_6222,-602.3908
arene_6223,-603.5874
arene_6224,-393.1259
arene_6225,
arene_6226,-565.5799
arene_6227,-486.4903
arene_6228,-946.3676
arene_6229,-583.7052
arene_6229,-583.7052
arene_6230,-470.5322
arene_6231,-474.3944
arene_6231,-474.3944
arene_6232,-1017.6008
arene_6233,-508.6278
arene_6233,-508.6278
arene_6234,-926.5443
arene_6235,-399.2209
arene_6235,-399.2209
arene_6235,-399.2209
arene_6236,-833.1564
arene_6237,-958.5154
arene_6238,-769.89
arene_6239,
arene_6240,-1156.1211
arene_6241,
arene_6242,-524.6211
arene_6243,-565.5887
arene_6244,-958.5016
arene_6245,-561.6866
arene_6246,-813.3354
arene_6246,-813.3354
arene_6247,-483.8599
arene_6248,-833.0989
arene_6249,-713.4436
arene_6250,-812.117
arene_6250,-812.117
arene_6251,
arene_6252,
arene_6253,
arene_6254,-1134.0628
arene_6255,-490.4127
arene_6255,-490.4127
arene_6256,-490.4086
arene_6257,-866.3242
arene_6258,-942.5849
arene_6259,-829.3748
arene_6260,-676.4152
arene_6261,-619.6596
arene_6262,-1512.1653
arene_6263,-581.448
arene_6264,-599.8106
arene_6265,-830.4677
arene_6266,-469.365
arene_6266,-469.365
arene_6267,-1189.2028
arene_6268,-1244.4813
arene_6269,-434.1823
arene_6270,-1017.7009
arene_6271,-545.6343
arene_6271,-545.6343
arene_6272,-603.5642
arene_6273,-958.5323
arene_6274,-946.3771
arene_6275,-962.3868
arene_6276,-454.5813
arene_6277,
arene_6278,-619.5916
arene_6279,-908.3757
arene_6280,-930.3717
arene_6280,-930.3717
arene_6281,-790.732
arene_6282,-601.4023
arene_6283,-1189.2131
arene_6284,-1017.6411
arene_6285,
arene_6286,-583.7363
arene_6287,-1156.0908
arene_6288,-508.6017
arene_6289,-411.38
arene_6290,-1021.5421
arene_6291,-1017.7638
arene_6292,-1603.2626
arene_6293,-946.3713
arene_6294,-1251.041
arene_6295,-908.3132
arene_6296,-379.4023
arene_6296,-379.4023
arene_6297,-694.8074
arene_6298,-924.3684
arene_6299,
arene_6300,-1021.5231
arene_6301,-490.3893
arene_6302,-946.3583
arene_6303,-845.3178
arene_6304,-411.4018
arene_6304,-411.4018
arene_6305,-946.335
arene_6306,
arene_6307,-946.3218
arene_6308,-518.4903
arene_6309,-942.5411
arene_6310,-506.3837
arene_6311,-699.5397
arene_6312,-678.8226
arene_6313,-623.5205
arene_6313,-623.5205
arene_6314,-225.9565
arene_6315,-811.1357
arene_6316,
arene_6317,-979.5072
arene_6318,-694.7119
arene_6319,-1571.2703
arene_6319,-1571.2703
arene_6320,-1253.2962
arene_6320,-1253.2962
arene_6320,-1253.2962
arene_6321,-791.2078
arene_6322,-1360.4527
arene_6323,-474.4068
arene_6324,-926.5614
arene_6325,
arene_6326,-1021.543
arene_6327,-379.4074
arene_6328,-544.4838
arene_6329,
arene_6330,-599.6686
arene_6330,-599.6686
arene_6331,-1173.2582
arene_6332,-694.6832
arene_6333,-769.8475
arene_6334,-846.4081
arene_6335,-910.5393
arene_6335,-910.5393
arene_6336,-470.4962
arene_6336,-470.4962
arene_6337,-674.9504
arene_6338,
arene_6339,-1515.9735
arene_6340,-789.6742
arene_6341,-474.4051
arene_6341,-474.4051
arene_6342,-393.1805
arene_6343,-508.6209
arene_6344,
arene_6345,-926.5404
arene_6346,
arene_6346,
arene_6347,-826.5837
arene_6348,-603.6591
arene_6349,-1206.4198
arene_6350,-567.8008
arene_6350,-567.8008
arene_6351,-1156.0864
arene_6352,-910.5216
arene_6352,-910.5216
arene_6353,-851.3957
arene_6354,
arene_6355,-526.2046
arene_6356,-1248.2856
arene_6356,-1248.2856
arene_6357,-716.1197
arene_6358,-829.3331
arene_6359,-926.5531
arene_6360,-583.7734
arene_6361,-561.8243
arene_6362,-1344.4609
arene_6363,-999.3989
arene_6364,-486.5469
arene_6365,-694.7442
arene_6366,-490.4009
arene_6367,-1339.502
arene_6368,-432.5119
arene_6369,-483.8561
arene_6370,-524.644
arene_6371,-619.6068
arene_6372,
arene_6373,-585.3911
arene_6374,-942.5506
arene_6375,
arene_6376,-1173.2418
arene_6377,-434.1817
arene_6378,-585.34
arene_6379,-431.2589
arene_6380,-694.8588
arene_6381,-635.596
arene_6382,-577.6613
arene_6383,-427.3966
arene_6384,-508.6482
arene_6385,-678.7372
arene_6386,-775.293
arene_6387,-540.5822
arene_6388,-942.5
arene_6389,-942.4957
arene_6390,
arene_6391,-619.5682
arene_6392,
arene_6393,-1260.4952
arene_6394,
arene_6395,
arene_6396,-681.3538
arene_6397,-399.2601
arene_6397,-399.2601
arene_6397,-399.2601
arene_6398,-851.4017
arene_6399,-661.5095
arene_6400,-528.4939
arene_6401,-769.811
arene_6402,-904.418
arene_6403,-942.5789
arene_6404,-942.5324
arene_6405,-623.4717
arene_6406,-813.3345
arene_6407,-561.6517
arene_6408,-946.3913
arene_6409,-486.5162
arene_6409,-486.5162
arene_6410,-583.7982
arene_6411,
arene_6412,-676.4216
arene_6413,-774.7055
arene_6414,-581.4395
arene_6415,-757.0603
arene_6416,-431.2425
arene_6417,-819.365
arene_6417,-819.365
arene_6417,-819.365
arene_6417,-819.365
arene_6418,-508.6076
arene_6418,-508.6076
arene_6419,-698.6751
arene_6420,-502.5938
arene_6421,-774.7039
arene_6422,-829.3083
arene_6423,
arene_6424,-395.4463
arene_6424,-395.4463
arene_6425,
arene_6426,
arene_6427,-930.362
arene_6427,-930.362
arene_6428,-508.6006
arene_6428,-508.6006
arene_6429,-540.5861
arene_6430,-599.7394
arene_6431,
arene_6432,-594.7116
arene_6433,-926.5496
arene_6434,-506.4003
arene_6435,-487.5933
arene_6435,-487.5933
arene_6436,
arene_6437,
arene_6438,-619.5672
arene_6439,-619.5578
arene_6440,-829.3332
arene_6441,
arene_6442,
arene_6443,-1169.3773
arene_6444,-603.6458
arene_6445,-1167.0717
arene_6446,
arene_6447,-503.6206
arene_6448,
arene_6449,-601.3419
arene_6450,-813.3384
arene_6451,-888.4676
arene_6452,-1037.4532
arene_6453,-829.2941
arene_6454,-829.2832
arene_6455,-1017.6448
arene_6456,-886.2518
arene_6457,-833.1613
arene_6458,-377.1909
arene_6459,-503.6387
arene_6460,-494.2758
arene_6460,-494.2758
arene_6461,-833.1725
arene_6462,
arene_6463,-656.599
arene_6464,-674.8445
arene_6465,-694.6975
arene_6466,-829.3315
arene_6467,-524.5892
arene_6468,-813.3387
arene_6469,-925.3471
arene_6469,-925.3471
arene_6470,-490.351
arene_6471,-623.3953
arene_6472,
arene_6473,
arene_6474,
arene_6475,-830.3815
arene_6475,-830.3815
arene_6476,-615.7943
arene_6477,-946.394
arene_6478,-603.5983
arene_6479,-490.3673
arene_6480,-603.6641
arene_6481,
arene_6482,-829.2476
arene_6483,
arene_6484,-561.6548
arene_6485,
arene_6486,-850.2382
arene_6487,-1206.4045
arene_6488,-524.6118
arene_6488,-524.6118
arene_6489,-565.601
arene_6490,
arene_6491,-769.8808
arene_6492,-926.5538
arene_6493,
arene_6494,-545.7058
arene_6495,
arene_6496,-678.844
arene_6497,
arene_6498,-1156.101
arene_6499,
arene_6500,-508.6323
arene_6500,-508.6323
arene_6501,
arene_6502,-567.7976
arene_6503,-639.4564
arene_6504,-619.5488
arene_6505,-700.134
arene_6506,-545.7929
arene_6507,-560.4536
arene_6508,
arene_6509,-508.6722
arene_6509,-508.6722
arene_6510,-867.3766
arene_6510,-867.3766
arene_6511,-845.3248
arene_6512,-926.5523
arene_6513,-718.4869
arene_6514,-926.5042
arene_6515,-795.1297
arene_6516,-508.6668
arene_6517,
arene_6518,-926.5531
arene_6518,-926.5531
arene_6519,-946.3544
arene_6520,-794.5379
arene_6521,-524.6276
arene_6522,-603.6161
arene_6523,-910.5324
arene_6524,-510.1936
arene_6525,-577.7005
arene_6526,-1001.6617
arene_6527,-1037.4791
arene_6528,-694.7785
arene_6529,-829.3702
arene_6530,-486.5817
arene_6531,-924.3069
arene_6532,-1360.4449
arene_6533,-1248.2846
arene_6533,-1248.2846
arene_6534,-946.4126
arene_6534,-946.4126
arene_6535,-1322.3694
arene_6536,
arene_6537,-615.7466
arene_6538,
arene_6538,
arene_6539,-814.9589
arene_6540,-1364.2916
arene_6541,-1021.4823
arene_6542,-1021.5522
arene_6543,-1185.376
arene_6544,-851.4027
arene_6544,-851.4027
arene_6545,-471.6567
arene_6545,-471.6567
arene_6546,-999.3843
arene_6547,
arene_6548,-829.335
arene_6549,-928.1504
arene_6550,
arene_6551,-603.6212
arene_6552,-491.5071
arene_6552,-491.5071
arene_6553,-958.534
arene_6554,-474.4154
arene_6554,-474.4154
arene_6555,-339.1578
arene_6556,-470.5987
arene_6557,-698.5699
arene_6558,
arene_6559,-813.3407
arene_6560,-634.4053
arene_6561,-577.6591
arene_6562,-888.518
arene_6563,-508.6211
arene_6563,-508.6211
arene_6563,-508.6211
arene_6564,-905.5067
arene_6564,-905.5067
arene_6565,-583.8603
arene_6566,-813.3278
arene_6567,
arene_6568,-962.3554
arene_6569,-561.6564
arene_6570,-377.1549
arene_6571,-866.4194
arene_6572,-623.3974
arene_6573,-512.4429
arene_6574,-470.5835
arene_6575,-942.5571
arene_6576,-470.6117
arene_6577,-1017.6079
arene_6578,
arene_6579,-999.4767
arene_6580,-492.6312
arene_6580,-492.6312
arene_6581,-942.6028
arene_6582,-1253.2446
arene_6583,-377.1773
arene_6584,-946.3212
arene_6585,-674.8908
arene_6586,-522.4096
arene_6587,-545.6168
arene_6587,-545.6168
arene_6588,-523.5046
arene_6589,-524.6001
arene_6589,-524.6001
arene_6590,-772.4914
arene_6590,-772.4914
arene_6591,-1285.2547
arene_6592,-946.3297
arene_6593,-901.7633
arene_6594,-399.2538
arene_6594,-399.2538
arene_6595,-506.3864
arene_6596,-797.2821
arene_6596,-797.2821
arene_6597,-583.8376
arene_6598,
arene_6599,-565.5505
arene_6600,-1264.3137
arene_6601,-603.5634
arene_6602,-942.53
arene_6603,-507.4855
arene_6604,-583.7558
arene_6605,-942.4893
arene_6606,-694.6958
arene_6607,-583.724
arene_6607,-583.724
arene_6608,
arene_6609,
arene_6610,-636.7963
arene_6611,
arene_6612,-1512.1362
arene_6613,-829.3446
arene_6614,-1435.4955
arene_6615,-587.6397
arene_6615,-587.6397
arene_6616,-942.4766
arene_6617,-813.3201
arene_6618,-1041.4025
arene_6619,-920.3934
arene_6620,-508.6116
arene_6620,-508.6116
arene_6621,-888.5375
arene_6622,-567.7051
arene_6622,-567.7051
arene_6623,-942.5745
arene_6624,-524.6359
arene_6625,-603.527
arene_6626,-393.1705
arene_6627,-623.4311
arene_6628,-813.3547
arene_6629,-1033.6197
arene_6630,-714.6095
arene_6631,-769.8701
arene_6632,-885.7658
arene_6632,-885.7658
arene_6633,-1364.3075
arene_6634,-544.4776
arene_6635,-684.0936
arene_6636,-677.532
arene_6637,-926.548
arene_6638,-583.6957
arene_6638,-583.6957
arene_6639,-1169.4067
arene_6640,-833.1287
arene_6641,
arene_6642,
arene_6643,-845.2836
arene_6644,-926.5168
arene_6645,-1244.5022
arene_6646,-1156.0909
arene_6647,
arene_6648,-1264.2928
arene_6649,
arene_6650,
arene_6651,-583.7339
arene_6652,-910.545
arene_6652,-910.545
arene_6653,-491.5412
arene_6654,-661.5253
arene_6655,
arene_6656,
arene_6657,-849.1464
arene_6658,-833.2095
arene_6659,
arene_6660,-598.5894
arene_6661,-508.6544
arene_6661,-508.6544
arene_6662,-1285.3241
arene_6663,-1364.2692
arene_6664,-598.604
arene_6665,
arene_6666,-714.5338
arene_6667,
arene_6668,-599.715
arene_6669,-389.3548
arene_6670,-1017.6434
arene_6671,-1004.2637
arene_6672,-810.5992
arene_6673,-946.3688
arene_6674,-636.7985
arene_6675,-1017.7001
arene_6676,-979.666
arene_6677,-599.7661
arene_6678,-522.3901
arene_6679,-694.7174
arene_6680,-565.6167
arene_6681,-904.4268
arene_6682,-1001.7253
arene_6683,-888.4864
arene_6684,-512.4768
arene_6684,-512.4768
arene_6685,-486.609
arene_6686,-1041.3986
arene_6687,-1344.46
arene_6688,
arene_6689,-486.5572
arene_6690,-930.3501
arene_6690,-930.3501
arene_6691,-1231.231
arene_6692,
arene_6693,-603.6437
arene_6693,-603.6437
arene_6694,-813.3491
arene_6695,-1156.028
arene_6696,-635.5644
arene_6697,-619.5014
arene_6698,-962.3895
arene_6699,-583.7272
arene_6699,-583.7272
arene_6700,-583.8341
arene_6701,-829.3132
arene_6702,-1004.2516
arene_6703,-449.521
arene_6704,-341.3261
arene_6704,-341.3261
arene_6705,
arene_6706,-1264.3375
arene_6707,-1264.3045
arene_6708,-486.5906
arene_6709,-603.6019
arene_6710,-583.6827
arene_6710,-583.6827
arene_6711,
arene_6712,
arene_6713,-700.1055
arene_6714,-1205.1732
arene_6715,-544.4836
arene_6716,-1153.3296
arene_6716,-1153.3296
arene_6717,-910.5296
arene_6718,-774.7098
arene_6719,-570.9558
arene_6719,-570.9558
arene_6719,-570.9558
arene_6720,-565.5283
arene_6721,-924.3555
arene_6722,-738.1818
arene_6723,-849.178
arene_6724,-507.5265
arene_6725,-937.5194
arene_6726,-490.3764
arene_6727,-485.3427
arene_6728,-942.5242
arene_6729,-524.5849
arene_6730,-962.3495
arene_6731,-835.3794
arene_6731,-835.3794
arene_6732,
arene_6733,-448.4258
arene_6734,-888.5006
arene_6735,-942.5672
arene_6736,-813.2839
arene_6737,-1037.5668
arene_6738,-603.6209
arene_6739,-1041.3703
arene_6740,-908.3533
arene_6741,
arene_6742,
arene_6743,-605.1955
arene_6744,-851.4037
arene_6745,-567.7316
arene_6746,-487.6742
arene_6747,-678.6599
arene_6747,-678.6599
arene_6748,-926.5123
arene_6749,-829.3118
arene_6750,-1253.2315
arene_6750,-1253.2315
arene_6751,-1173.1961
arene_6751,-1173.1961
arene_6752,-946.3786
arene_6753,-544.441
arene_6753,-544.441
arene_6754,-674.8496
arene_6755,-678.7452
arene_6756,-926.5301
arene_6757,
arene_6758,-486.5982
arene_6759,-1001.6708
arene_6760,-888.5096
arene_6761,-813.351
arene_6762,-508.5668
arene_6762,-508.5668
arene_6763,
arene_6764,-415.2172
arene_6765,-904.4253
arene_6766,-1037.4878
arene_6767,-1169.3888
arene_6768,-908.2605
arene_6769,-603.6487
arene_6770,-946.407
arene_6771,-1137.3961
arene_6772,-921.524
arene_6773,-735.9256
arene_6774,-639.4479
arene_6775,-619.6521
arene_6776,-490.2994
arene_6777,-603.5972
arene_6778,-603.5994
arene_6779,-926.5474
arene_6780,
arene_6781,-882.2008
arene_6782,-791.2346
arene_6783,-508.6458
arene_6784,
arene_6785,-1185.3758
arene_6786,-835.3567
arene_6787,
arene_6788,-603.6605
arene_6789,-415.2388
arene_6790,-851.3871
arene_6790,-851.3871
arene_6791,
arene_6792,-411.4329
arene_6793,-530.0566
arene_6794,-1189.1827
arene_6795,-904.4233
arene_6796,-506.378
arene_6797,-1569.018
arene_6798,-867.3794
arene_6799,-946.3644
arene_6800,-508.6739
arene_6800,-508.6739
arene_6801,-1662.4933
arene_6802,-813.3326
arene_6803,
arene_6804,-735.9233
arene_6805,
arene_6806,-817.153
arene_6806,-817.153
arene_6807,-694.7829
arene_6808,-795.1262
arene_6809,-1092.8124
arene_6810,-597.4351
arene_6811,-813.3238
arene_6812,-928.1331
arene_6813,-926.5326
arene_6814,-490.4216
arene_6815,-867.3947
arene_6816,-1339.544
arene_6817,
arene_6818,-1185.3229
arene_6819,
arene_6820,-849.1337
arene_6821,-540.6268
arene_6822,-467.8491
arene_6822,-467.8491
arene_6823,-1587.3039
arene_6824,-567.8059
arene_6825,-774.7038
arene_6826,-1021.48
arene_6827,-698.6135
arene_6828,-415.2365
arene_6829,-1092.8364
arene_6830,-603.5643
arene_6831,-492.6314
arene_6831,-492.6314
arene_6832,
arene_6832,
arene_6833,
arene_6834,-599.7914
arene_6835,-492.628
arene_6835,-492.628
arene_6835,-492.628
arene_6836,-470.5389
arene_6836,-470.5389
arene_6837,-544.4351
arene_6838,-1004.2384
arene_6839,-656.6569
arene_6840,-999.4231
arene_6841,-506.4254
arene_6842,-635.6024
arene_6843,-581.6499
arene_6844,-389.3289
arene_6845,-490.3975
arene_6846,
arene_6847,-524.6143
arene_6848,-888.506
arene_6849,-524.5986
arene_6849,-524.5986
arene_6850,
arene_6851,-636.8699
arene_6852,-503.696
arene_6853,
arene_6854,
arene_6855,-583.8213
arene_6856,-942.5343
arene_6857,-1285.2881
arene_6858,-658.9496
arene_6859,-769.9038
arene_6860,-454.535
arene_6860,-454.535
arene_6861,-658.9791
arene_6862,-830.4127
arene_6862,-830.4127
arene_6863,-395.4287
arene_6864,-508.6741
arene_6864,-508.6741
arene_6865,-829.3606
arene_6866,-719.9495
arene_6867,-710.6674
arene_6868,-567.774
arene_6868,-567.774
arene_6869,-417.4471
arene_6869,-417.4471
arene_6870,
arene_6871,-845.323
arene_6872,
arene_6873,-506.3531
arene_6874,-866.3625
arene_6875,
arene_6876,-603.632
arene_6877,-908.3724
arene_6878,-524.6572
arene_6879,-619.6046
arene_6880,-1269.2996
arene_6881,-470.554
arene_6882,-528.4887
arene_6882,-528.4887
arene_6883,-599.7933
arene_6884,-431.1952
arene_6885,-826.6308
arene_6886,-411.3948
arene_6887,-506.3207
arene_6888,-565.565
arene_6889,-528.442
arene_6890,-527.3619
arene_6891,-508.5934
arene_6892,
arene_6893,-602.32
arene_6894,-1285.2539
arene_6895,-503.6926
arene_6896,
arene_6897,-926.548
arene_6898,-597.5377
arene_6899,-910.5223
arene_6900,-544.4097
arene_6901,-506.399
arene_6902,-674.8475
arene_6903,-603.662
arene_6904,-710.6233
arene_6905,-1021.5746
arene_6906,
arene_6907,-619.6152
arene_6908,-389.356
arene_6909,-719.9643
arene_6910,-1280.372
arene_6911,-523.4511
arene_6912,
arene_6912,
arene_6913,-1156.0916
arene_6914,
arene_6915,-490.4213
arene_6916,-683.5214
arene_6916,-683.5214
arene_6917,
arene_6918,-813.326
arene_6919,-581.5877
arene_6920,
arene_6921,-587.6145
arene_6921,-587.6145
arene_6922,-1021.5234
arene_6923,-1117.4372
arene_6924,-474.3847
arene_6925,-1344.4763
arene_6926,-415.2193
arene_6927,
arene_6928,-623.4409
arene_6929,-1364.3011
arene_6930,
arene_6930,
arene_6931,-690.8073
arene_6932,-1156.0741
arene_6933,-619.5893
arene_6934,
arene_6935,-619.5811
arene_6936,-1603.2538
arene_6937,-1092.8249
arene_6938,-506.359
arene_6939,-490.4377
arene_6940,-415.2202
arene_6941,
arene_6942,-486.5942
arene_6943,-578.7682
arene_6944,-639.4358
arene_6945,-619.6331
arene_6946,
arene_6947,-908.3359
arene_6948,-619.5418
arene_6949,-602.3611
arene_6950,-1021.5807
arene_6951,-431.2198
arene_6952,-1344.4611
arene_6953,-1092.8438
arene_6954,
arene_6955,-878.327
arene_6956,-658.9695
arene_6957,-1140.0808
arene_6957,-1140.0808
arene_6958,-506.3351
arene_6959,
arene_6959,
arene_6960,-470.5885
arene_6961,-522.3737
arene_6962,-1253.2634
arene_6963,
arene_6964,
arene_6965,-411.4565
arene_6966,-1253.2629
arene_6967,-926.5149
arene_6968,
arene_6968,
arene_6969,-528.4957
arene_6970,-1118.0463
arene_6971,-1137.3748
arene_6971,-1137.3748
arene_6972,-603.6604
arene_6973,-1001.6653
arene_6974,-1253.2214
arene_6975,-833.1422
arene_6976,-506.3964
arene_6977,-1037.4997
arene_6978,-1285.2579
arene_6979,-946.3827
arene_6980,
arene_6981,-1359.3143
arene_6982,
arene_6983,-678.8481
arene_6984,-512.3965
arene_6984,-512.3965
arene_6985,-851.39
arene_6986,-506.4031
arene_6987,-380.9897
arene_6988,-1156.0915
arene_6989,-849.141
arene_6990,-561.6728
arene_6991,-581.5353
arene_6992,-619.5578
arene_6993,
arene_6994,-470.5764
arene_6995,
arene_6995,
arene_6996,
arene_6997,-411.4162
arene_6998,-813.327
arene_6999,-905.5257
arene_6999,-905.5257
arene_7000,-917.7188
arene_7001,-542.981
arene_7001,-542.981
arene_7002,-586.372
arene_7003,-485.4091
arene_7004,-545.7167
arene_7005,-518.4855
arene_7006,-470.6167
arene_7007,-585.4494
arene_7008,-578.7606
arene_7009,
arene_7010,-678.8207
arene_7011,-1251.0926
arene_7012,-1021.5367
arene_7013,-926.5246
arene_7014,-1001.5917
arene_7014,-1001.5917
arene_7015,-813.3481
arene_7015,-813.3481
arene_7016,-443.396
arene_7017,-540.6047
arene_7018,
arene_7019,
arene_7020,-1169.3928
arene_7021,-946.3772
arene_7022,-639.4273
arene_7023,-603.6432
arene_7024,-1041.3623
arene_7025,-996.787
arene_7026,
arene_7027,-674.8787
arene_7028,-615.68
arene_7029,-694.7115
arene_7030,
arene_7031,-523.498
arene_7032,-1185.3474
arene_7033,
arene_7034,-908.2903
arene_7035,-411.3632
arene_7036,-710.6749
arene_7037,-562.7794
arene_7037,-562.7794
arene_7038,-1117.4502
arene_7039,-942.554
arene_7040,-698.5581
arene_7041,-813.3069
arene_7041,-813.3069
arene_7042,-910.47
arene_7042,-910.47
arene_7043,
arene_7044,-399.2522
arene_7044,-399.2522
arene_7045,-597.4006
arene_7046,
arene_7047,
arene_7048,-1092.7487
arene_7049,-851.4035
arene_7050,-603.65
arene_7051,-603.6642
arene_7052,-380.9953
arene_7053,-1339.5608
arene_7054,-888.4985
arene_7055,-1041.3447
arene_7056,-942.5394
arene_7057,-503.6544
arene_7058,-490.4462
arene_7059,-813.3485
arene_7060,-698.5854
arene_7061,-833.1298
arene_7062,
arene_7063,-813.2958
arene_7064,
arene_7065,-524.5954
arene_7066,-835.3762
arene_7066,-835.3762
arene_7067,-1041.3791
arene_7068,-714.5786
arene_7069,-942.569
arene_7070,
arene_7070,
arene_7071,-851.4002
arene_7072,-942.4635
arene_7073,
arene_7074,-561.6921
arene_7075,-942.5583
arene_7076,-470.5928
arene_7077,
arene_7078,
arene_7079,-1269.2676
arene_7080,-1285.3126
arene_7081,-1041.3651
arene_7082,
arene_7083,-846.4727
arene_7084,-486.5451
arene_7085,-926.5439
arene_7086,-830.4195
arene_7087,-515.7557
arene_7088,-903.307
arene_7089,-486.4991
arene_7090,
arene_7091,-888.4542
arene_7092,-431.2049
arene_7093,-715.5135
arene_7094,-393.1693
arene_7095,-583.8184
arene_7096,-565.536
arene_7097,-583.8084
arene_7097,-583.8084
arene_7098,-490.4014
arene_7099,-867.3802
arene_7100,
arene_7100,
arene_7101,-506.3613
arene_7102,-769.8178
arene_7103,-1251.0817
arene_7104,-830.4921
arene_7105,-1112.6082
arene_7106,-1247.2777
arene_7107,-1244.5239
arene_7108,-585.4415
arene_7109,-693.6248
arene_7110,-1231.2735
arene_7111,-775.2725
arene_7112,-962.3508
arene_7113,-867.3756
arene_7114,
arene_7115,-615.7643
arene_7116,
arene_7116,
arene_7117,-454.5874
arene_7117,-454.5874
arene_7118,-904.5093
arene_7119,-833.1652
arene_7120,-583.7808
arene_7121,-431.2562
arene_7122,-835.3456
arene_7122,-835.3456
arene_7123,-924.3721
arene_7124,-431.308
arene_7125,-833.1826
arene_7126,
arene_7127,-454.5621
arene_7128,-603.607
arene_7129,-1269.2824
arene_7130,-1344.477
arene_7131,-1285.2911
arene_7132,
arene_7133,-486.5669
arene_7134,
arene_7135,
arene_7136,-486.5529
arene_7137,-570.3156
arene_7137,-570.3156
arene_7138,-962.3415
arene_7139,-587.6294
arene_7140,-524.6377
arene_7141,
arene_7142,-1269.3075
arene_7142,-1269.3075
arene_7143,-524.6054
arene_7144,
arene_7145,-486.5583
arene_7146,-1042.8941
arene_7147,-1092.7968
arene_7148,-619.6165
arene_7149,
arene_7150,-1041.4007
arene_7151,-474.3497
arene_7152,-830.4504
arene_7153,-598.5667
arene_7154,
arene_7155,-867.3669
arene_7156,-598.6549
arene_7157,
arene_7158,-468.3467
arene_7159,-891.0595
arene_7160,
arene_7161,
arene_7162,-636.8754
arene_7163,-849.1556
arene_7164,-540.5921
arene_7165,-524.6268
arene_7166,-544.4489
arene_7167,
arene_7168,-851.3667
arene_7168,-851.3667
arene_7169,
arene_7170,-470.5928
arene_7171,-599.8467
arene_7172,-830.4508
arene_7173,-958.5483
arene_7174,
arene_7175,-1687.162
arene_7176,-891.0509
arene_7177,-528.4513
arene_7177,-528.4513
arene_7177,-528.4513
arene_7178,-486.6051
arene_7179,-1285.2489
arene_7180,-1021.5632
arene_7181,-833.1412
arene_7182,-614.5236
arene_7183,-962.334
arene_7184,
arene_7185,-888.4835
arene_7186,-937.5333
arene_7187,-1156.0956
arene_7188,-674.9556
arene_7189,-683.5204
arene_7190,-524.6347
arene_7191,-788.5226
arene_7192,
arene_7193,-427.4086
arene_7194,-558.9856
arene_7195,-1339.4359
arene_7196,-490.3431
arene_7196,-490.3431
arene_7197,
arene_7198,-867.3714
arene_7198,-867.3714
arene_7199,-587.6249
arene_7199,-587.6249
arene_7200,-1587.306
arene_7201,-1344.3838
arene_7202,-490.4207
arene_7203,-1041.2881
arene_7204,-926.5409
arene_7205,-599.8141
arene_7206,-1244.5139
arene_7207,-1167.0483
arene_7208,-659.0099
arene_7209,-813.3383
arene_7210,-1264.3798
arene_7211,-486.5889
arene_7212,-1260.5431
arene_7213,
arene_7214,-492.5854
arene_7214,-492.5854
arene_7215,-926.5175
arene_7216,-1360.468
arene_7217,-813.3576
arene_7218,-524.6552
arene_7219,
arene_7220,-813.3255
arene_7221,-829.3622
arene_7222,-1280.2637
arene_7223,-656.6103
arene_7224,-926.5633
arene_7225,-829.3717
arene_7226,-470.594
arene_7227,-946.3325
arene_7228,-583.7215
arene_7229,-1017.6494
arene_7230,-510.1886
arene_7231,-449.4523
arene_7232,-578.8034
arene_7233,-581.4626
arene_7234,-942.4951
arene_7235,-826.6558
arene_7236,-618.439
arene_7237,-917.758
arene_7238,-544.4772
arene_7239,-583.7239
arene_7240,-710.6434
arene_7241,-587.6146
arene_7242,-979.6046
arene_7243,
arene_7244,-946.3746
arene_7245,-750.072
arene_7246,-1285.2673
arene_7247,-492.6157
arene_7247,-492.6157
arene_7248,-1157.2288
arene_7248,-1157.2288
arene_7249,-1115.2669
arene_7249,-1115.2669
arene_7250,-979.5923
arene_7251,-829.334
arene_7252,-958.5206
arene_7253,-565.6167
arene_7254,-883.4811
arene_7255,-599.8024
arene_7256,-1260.4958
arene_7257,-921.5624
arene_7258,-1017.635
arene_7259,-1247.2745
arene_7260,-769.9379
arene_7261,-946.2801
arene_7262,-926.5371
arene_7263,-581.4611
arene_7264,-883.3595
arene_7265,-603.6532
arene_7265,-603.6532
arene_7266,-792.2965
arene_7266,-792.2965
arene_7267,-1021.5744
arene_7268,-754.1891
arene_7269,-490.3717
arene_7269,-490.3717
arene_7270,-452.3648
arene_7271,-813.3722
arene_7272,-835.369
arene_7272,-835.369
arene_7272,-835.369
arene_7273,-623.464
arene_7274,-474.3881
arene_7275,
arene_7276,-830.4784
arene_7277,
arene_7278,-888.5235
arene_7279,-619.5633
arene_7280,-1001.6522
arene_7281,-710.7186
arene_7282,-486.5892
arene_7283,-813.2811
arene_7284,
arene_7285,-603.5468
arene_7286,-512.4793
arene_7286,-512.4793
arene_7286,-512.4793
arene_7287,-904.4139
arene_7288,-379.4225
arene_7288,-379.4225
arene_7289,-904.4758
arene_7290,-1017.6846
arene_7291,-486.5342
arene_7292,-910.5018
arene_7292,-910.5018
arene_7293,-1156.0896
arene_7294,-888.4377
arene_7295,-957.383
arene_7296,-503.6024
arene_7297,-1344.4673
arene_7298,-1037.5366
arene_7299,-1037.4225
arene_7300,-1001.7542
arene_7301,-486.543
arene_7302,-561.7312
arene_7303,-678.7993
arene_7304,
arene_7305,-910.5354
arene_7305,-910.5354
arene_7306,-925.3516
arene_7306,-925.3516
arene_7307,
arene_7308,
arene_7309,-508.6802
arene_7309,-508.6802
arene_7310,-486.5823
arene_7311,-678.765
arene_7312,-492.5794
arene_7312,-492.5794
arene_7313,-603.5555
arene_7314,
arene_7315,-833.1834
arene_7316,-615.7267
arene_7317,-1253.2696
arene_7318,
arene_7319,-619.5887
arene_7320,
arene_7321,-599.8063
arene_7322,-1189.1842
arene_7323,
arene_7324,-867.3842
arene_7325,-791.2241
arene_7326,-917.7009
arene_7327,-1172.0967
arene_7328,-813.321
arene_7329,
arene_7330,-568.1532
arene_7331,
arene_7332,
arene_7333,-528.4728
arene_7334,-411.41
arene_7335,-1001.7467
arene_7336,-926.5331
arene_7337,
arene_7338,-490.4308
arene_7339,-830.4472
arene_7340,-373.3113
arene_7341,-618.4268
arene_7342,-603.5533
arene_7343,-1156.0424
arene_7344,-623.3938
arene_7345,-1253.255
arene_7346,-904.448
arene_7347,-678.6682
arene_7348,-1117.4553
arene_7349,-1033.6113
arene_7350,-528.4901
arene_7351,
arene_7352,-926.5439
arene_7353,-862.3526
arene_7354,-1001.7138
arene_7355,-910.4699
arene_7355,-910.4699
arene_7356,-490.3858
arene_7357,-623.4165
arene_7358,-1251.0765
arene_7359,-619.7037
arene_7360,-1017.6624
arene_7361,-427.347
arene_7362,-1251.1035
arene_7363,-524.5931
arene_7364,
arene_7365,-1244.5291
arene_7366,-674.8288
arene_7367,-904.4887
arene_7368,
arene_7369,-795.1127
arene_7370,-1172.0955
arene_7371,-942.4714
arene_7372,-1021.5167
arene_7373,-813.3191
arene_7374,-653.9731
arene_7375,-524.6603
arene_7376,-833.1259
arene_7377,-813.3668
arene_7378,-619.6728
arene_7379,-523.4912
arene_7380,-661.5061
arene_7381,-486.6266
arene_7382,-813.3497
arene_7383,-563.192
arene_7384,-926.5588
arene_7385,-819.3623
arene_7385,-819.3623
arene_7385,-819.3623
arene_7385,-819.3623
arene_7386,-910.4982
arene_7386,-910.4982
arene_7387,-1285.2587
arene_7388,-544.471
arene_7389,-910.5095
arene_7390,-379.4212
arene_7390,-379.4212
arene_7391,-1001.7516
arene_7392,-561.6477
arene_7393,
arene_7394,-619.6034
arene_7395,
arene_7396,-581.5822
arene_7397,-851.3666
arene_7397,-851.3666
arene_7398,-699.5648
arene_7399,-506.4716
arene_7400,-486.4967
arene_7401,-926.5267
arene_7402,-619.5429
arene_7403,-544.4034
arene_7404,
arene_7405,-656.6199
arene_7406,
arene_7407,
arene_7408,-813.2816
arene_7409,
arene_7410,
arene_7410,
arene_7411,-545.7885
arene_7412,-1058.8993
arene_7413,-605.234
arene_7414,-1021.5
arene_7415,
arene_7416,-1260.4613
arene_7417,-486.5838
arene_7418,-401.4607
arene_7418,-401.4607
arene_7418,-401.4607
arene_7418,-401.4607
arene_7419,-789.6788
arene_7420,-1157.237
arene_7420,-1157.237
arene_7421,
arene_7422,
arene_7423,-882.2737
arene_7424,-599.8265
arene_7425,-683.5177
arene_7426,-1322.322
arene_7427,-774.7297
arene_7428,-676.4274
arene_7429,-830.4363
arene_7430,
arene_7431,
arene_7432,
arene_7433,-464.4085
arene_7434,-503.6631
arene_7435,
arene_7436,
arene_7437,-678.6523
arene_7437,-678.6523
arene_7438,-1285.2922
arene_7439,-698.5644
arene_7440,-619.6178
arene_7441,-490.4208
arene_7442,-603.6394
arene_7443,
arene_7444,-1021.5766
arene_7445,-1280.3055
arene_7446,-470.5446
arene_7447,-470.6135
arene_7448,-1033.5992
arene_7449,-583.7343
arene_7449,-583.7343
arene_7450,-888.4909
arene_7451,-474.3955
arene_7451,-474.3955
arene_7452,-942.4587
arene_7453,-470.5987
arene_7454,-528.5098
arene_7454,-528.5098
arene_7455,-694.7063
arene_7456,-1201.3244
arene_7457,-457.0872
arene_7458,-587.5318
arene_7458,-587.5318
arene_7459,-828.1262
arene_7460,-427.4294
arene_7461,-1033.5931
arene_7462,-658.8592
arene_7462,-658.8592
arene_7463,
arene_7464,-619.6843
arene_7465,-1344.4218
arene_7466,-494.2436
arene_7466,-494.2436
arene_7467,-661.5135
arene_7468,-1682.2359
arene_7469,-833.1224
arene_7470,-1037.4932
arene_7471,-578.7731
arene_7472,-486.5483
arene_7473,-339.1677
arene_7474,-866.2472
arene_7475,-690.8468
arene_7476,-603.6324
arene_7477,-1021.5205
arene_7478,-910.5345
arene_7478,-910.5345
arene_7479,-399.2307
arene_7480,-1264.3497
arene_7481,-528.5038
arene_7482,-506.3677
arene_7483,
arene_7484,-813.3241
arene_7485,-603.5928
arene_7486,-599.7972
arene_7487,-797.3444
arene_7487,-797.3444
arene_7488,
arene_7489,-585.4225
arene_7490,-676.5226
arene_7491,-474.3201
arene_7491,-474.3201
arene_7492,-1280.3025
arene_7493,
arene_7494,-583.8116
arene_7495,-738.2095
arene_7495,-738.2095
arene_7496,-619.6192
arene_7497,
arene_7498,-639.424
arene_7499,-829.3511
arene_7500,-635.6205
arene_7501,-904.4552
arene_7502,-813.3264
arene_7503,
arene_7504,-506.3773
arene_7505,-448.4236
arene_7506,-623.4669
arene_7507,-926.5003
arene_7508,-904.5197
arene_7509,-1231.2642
arene_7510,-681.3409
arene_7511,-639.4055
arene_7512,
arene_7512,
arene_7513,-510.2583
arene_7514,-979.58
arene_7515,-508.5722
arene_7515,-508.5722
arene_7516,-1017.7375
arene_7517,-979.5292
arene_7518,-508.5971
arene_7519,-1001.666
arene_7520,-833.1661
arene_7521,-908.3428
arene_7522,-698.6493
arene_7523,-661.5374
arene_7524,-540.6143
arene_7525,-567.8032
arene_7525,-567.8032
arene_7526,
arene_7526,
arene_7527,-583.7395
arene_7528,-738.1805
arene_7529,-355.1329
arene_7530,-937.5252
arene_7531,-1041.3888
arene_7532,-1021.5344
arene_7533,-1528.1571
arene_7534,-681.8806
arene_7535,-507.4888
arene_7536,-941.3483
arene_7537,-619.5622
arene_7538,-789.5627
arene_7539,
arene_7540,-942.548
arene_7541,
arene_7541,
arene_7542,-1169.3727
arene_7543,-563.2299
arene_7544,-694.6948
arene_7545,-904.533
arene_7546,-561.6272
arene_7547,-1260.4941
arene_7548,-1260.4941
arene_7549,-614.543
arene_7550,
arene_7551,-921.5089
arene_7552,-1112.5684
arene_7553,-506.3977
arene_7554,-1021.5487
arene_7555,-1021.4819
arene_7556,-942.5346
arene_7557,-581.4544
arene_7558,-921.564
arene_7559,-1244.5481
arene_7560,-599.7921
arene_7561,-490.4245
arene_7562,-1264.2697
arene_7563,-1153.3916
arene_7564,-769.805
arene_7565,-454.5718
arene_7566,-486.5734
arene_7567,-678.7584
arene_7568,-472.1947
arene_7569,-510.2696
arene_7570,-817.1471
arene_7570,-817.1471
arene_7571,-506.4147
arene_7572,-583.7912
arene_7573,-658.8233
arene_7573,-658.8233
arene_7574,-926.536
arene_7575,-908.3278
arene_7576,-470.561
arene_7577,-925.3665
arene_7577,-925.3665
arene_7578,-1131.2955
arene_7579,-508.6256
arene_7580,-519.5879
arene_7581,-833.1502
arene_7582,
arene_7583,-674.9808
arene_7584,-924.3404
arene_7585,
arene_7586,
arene_7586,
arene_7587,-1339.4723
arene_7588,-263.9729
arene_7588,-263.9729
arene_7589,
arene_7590,
arene_7591,-1021.5507
arene_7592,-1189.1891
arene_7593,-486.506
arene_7594,
arene_7595,-565.4927
arene_7596,-1001.644
arene_7597,-619.6413
arene_7598,-698.6355
arene_7599,-431.2251
arene_7600,-1344.4466
arene_7601,-486.5533
arene_7602,-639.4196
arene_7603,-920.3889
arene_7604,-926.4724
arene_7605,-788.4792
arene_7606,-599.7688
arene_7607,-681.3741
arene_7608,
arene_7609,-930.3606
arene_7610,-908.3359
arene_7611,-1269.2727
arene_7612,-1226.249
arene_7613,-486.5292
arene_7614,-904.4926
arene_7615,-1037.4939
arene_7616,-635.6127
arene_7617,-395.3935
arene_7618,-851.3811
arene_7619,-870.1238
arene_7620,-1247.2673
arene_7621,-674.832
arene_7622,-603.5512
arene_7623,-1001.6926
arene_7624,-694.7607
arene_7625,-797.3142
arene_7625,-797.3142
arene_7626,
arene_7627,-901.7001
arene_7628,
arene_7629,-431.2081
arene_7630,-1026.8675
arene_7631,-926.5035
arene_7632,-905.5204
arene_7632,-905.5204
arene_7633,-603.5775
arene_7633,-603.5775
arene_7634,-528.5037
arene_7634,-528.5037
arene_7635,-1017.6577
arene_7636,-1016.6
arene_7637,-1587.2986
arene_7638,-412.9661
arene_7639,-524.6371
arene_7640,-926.5624
arene_7641,-888.4282
arene_7641,-888.4282
arene_7642,-674.904
arene_7643,-813.3536
arene_7644,-1360.448
arene_7645,
arene_7646,-1021.5486
arene_7647,-599.8421
arene_7648,
arene_7648,
arene_7649,-502.5499
arene_7650,-1017.6473
arene_7651,-829.3201
arene_7652,-528.4104
arene_7653,-1285.2562
arene_7654,
arene_7655,-506.4323
arene_7656,-619.5604
arene_7657,-603.6558
arene_7658,-904.4816
arene_7659,-797.2534
arene_7659,-797.2534
arene_7660,-792.3088
arene_7660,-792.3088
arene_7661,-930.3477
arene_7661,-930.3477
arene_7662,-829.3207
arene_7663,-905.5425
arene_7663,-905.5425
arene_7664,-904.4093
arene_7665,-565.5917
arene_7666,-817.1566
arene_7666,-817.1566
arene_7667,-833.1794
arene_7668,-583.7637
arene_7669,-583.7503
arene_7669,-583.7503
arene_7670,-1322.3451
arene_7671,-490.4234
arene_7672,-921.5299
arene_7673,-851.4044
arene_7673,-851.4044
arene_7674,-1344.4719
arene_7675,-797.2541
arene_7675,-797.2541
arene_7676,-946.2852
arene_7677,-586.3336
arene_7678,-454.5702
arene_7678,-454.5702
arene_7679,-581.5748
arene_7680,-1017.6513
arene_7681,
arene_7682,-502.5613
arene_7683,-1280.3293
arene_7684,-473.1145
arene_7685,-851.3502
arene_7685,-851.3502
arene_7686,
arene_7687,-942.5248
arene_7688,
arene_7689,-904.4455
arene_7690,-694.6837
arene_7691,-829.3122
arene_7692,-1344.4452
arene_7693,-506.3889
arene_7694,
arene_7695,
arene_7696,-470.5874
arene_7697,-1246.0532
arene_7698,-623.401
arene_7699,-635.5995
arene_7700,
arene_7701,
arene_7702,-583.7745
arene_7703,-508.6366
arene_7703,-508.6366
arene_7704,
arene_7705,-1264.3506
arene_7706,-1017.6446
arene_7707,-814.3808
arene_7707,-814.3808
arene_7707,-814.3808
arene_7708,-750.0696
arene_7709,-926.5641
arene_7710,-716.0906
arene_7711,-454.5099
arene_7711,-454.5099
arene_7712,-583.7851
arene_7713,
arene_7714,-1112.6615
arene_7715,
arene_7716,-510.2198
arene_7717,-797.3003
arene_7717,-797.3003
arene_7718,-926.5449
arene_7719,-578.7785
arene_7720,-788.5048
arene_7721,-1037.5256
arene_7722,-603.6438
arene_7723,-826.6327
arene_7724,-775.1999
arene_7724,-775.1999
arene_7725,-904.453
arene_7726,
arene_7727,-917.7357
arene_7728,
arene_7729,-999.3773
arene_7730,-826.5449
arene_7730,-826.5449
arene_7731,-674.8789
arene_7732,-486.4696
arene_7733,-623.4981
arene_7734,
arene_7735,-1280.3082
arene_7736,-946.3802
arene_7737,
arene_7738,-1131.2978
arene_7739,-926.5668
arene_7740,-817.0822
arene_7740,-817.0822
arene_7741,-506.4876
arene_7742,-603.5649
arene_7743,-1021.5296
arene_7744,-829.3227
arene_7745,-528.4451
arene_7746,-962.4234
arene_7747,
arene_7748,-603.668
arene_7748,-603.668
arene_7749,-901.7928
arene_7750,-1269.2682
arene_7751,-678.6491
arene_7751,-678.6491
arene_7752,
arene_7753,-602.2949
arene_7754,-583.7815
arene_7755,-810.616
arene_7756,-599.7102
arene_7757,-470.5077
arene_7758,
arene_7759,-583.8135
arene_7760,-1269.2677
arene_7761,
arene_7762,-926.5363
arene_7763,-494.2214
arene_7764,-928.1815
arene_7765,-598.6374
arene_7766,
arene_7767,-567.7163
arene_7767,-567.7163
arene_7768,-619.6404
arene_7769,-946.3777
arene_7770,-813.3612
arene_7771,-926.5901
arene_7772,-623.4826
arene_7773,-1037.5497
arene_7774,-1037.5444
arene_7775,-578.7386
arene_7776,-449.4429
arene_7777,
arene_7778,-619.5309
arene_7779,
arene_7780,-700.1091
arene_7781,
arene_7782,-797.3152
arene_7783,-789.7086
arene_7784,-499.8351
arene_7785,-1251.1049
arene_7786,
arene_7787,
arene_7788,-603.6485
arene_7789,
arene_7790,-467.8313
arene_7791,-583.8393
arene_7791,-583.8393
arene_7792,-544.4472
arene_7793,-1001.7212
arene_7794,-556.5724
arene_7795,-829.3523
arene_7796,-926.5425
arene_7797,-826.6409
arene_7798,-528.5016
arene_7798,-528.5016
arene_7799,-694.7321
arene_7800,-567.7671
arene_7800,-567.7671
arene_7801,-846.4455
arene_7802,-958.5122
arene_7803,
arene_7804,-619.5335
arene_7805,-813.36
arene_7806,-619.5263
arene_7807,-810.5554
arene_7807,-810.5554
arene_7808,
arene_7809,-910.5395
arene_7809,-910.5395
arene_7810,-583.7667
arene_7811,-926.4857
arene_7812,
arene_7813,-829.2896
arene_7814,-1021.5445
arene_7815,-1226.2552
arene_7816,-510.2134
arene_7817,-946.2722
arene_7818,-508.6456
arene_7819,-716.1233
arene_7820,-674.9175
arene_7821,-942.552
arene_7822,-829.3377
arene_7823,-377.1478
arene_7824,-789.7201
arene_7825,-603.6195
arene_7826,-996.6837
arene_7827,-908.3292
arene_7828,-427.3906
arene_7829,-1037.5624
arene_7830,-605.2681
arene_7831,-866.2851
arene_7832,-631.6386
arene_7833,-486.6052
arene_7834,-846.4003
arene_7835,-619.5737
arene_7836,-690.8822
arene_7837,-603.6374
arene_7838,-486.5522
arene_7839,
arene_7840,-829.347
arene_7841,-544.4231
arene_7842,-942.5285
arene_7843,-1037.5845
arene_7844,-603.6211
arene_7845,-681.3331
arene_7846,
arene_7847,
arene_7848,-846.3682
arene_7848,-846.3682
arene_7849,-735.9464
arene_7850,
arene_7851,-597.4738
arene_7852,-1205.1953
arene_7853,-833.1827
arene_7854,-490.3937
arene_7855,-603.6505
arene_7856,
arene_7857,-528.4256
arene_7858,
arene_7859,-490.3508
arene_7860,
arene_7861,-522.3856
arene_7862,-810.6363
arene_7863,-619.5206
arene_7864,-471.6048
arene_7864,-471.6048
arene_7864,-471.6048
arene_7865,-813.3675
arene_7866,-561.6512
arene_7867,-603.6448
arene_7868,-926.5039
arene_7868,-926.5039
arene_7869,-901.7408
arene_7870,-908.3363
arene_7871,-599.7913
arene_7872,-942.5197
arene_7873,-581.4952
arene_7874,-508.594
arene_7875,-926.5277
arene_7876,-490.386
arene_7877,-524.5826
arene_7878,
arene_7879,-1364.2157
arene_7880,-794.548
arene_7880,-794.548
arene_7880,-794.548
arene_7881,-583.7977
arene_7882,-599.7012
arene_7883,
arene_7884,-926.5859
arene_7884,-926.5859
arene_7885,-694.6401
arene_7886,
arene_7886,
arene_7887,-942.59
arene_7888,-926.5415
arene_7889,-946.3746
arene_7890,-454.5676
arene_7890,-454.5676
arene_7891,-1253.2756
arene_7891,-1253.2756
arene_7892,-603.5936
arene_7893,-926.5025
arene_7894,-1092.7722
arene_7895,-561.705
arene_7896,-597.493
arene_7897,
arene_7898,-470.5564
arene_7898,-470.5564
arene_7899,-523.4936
arene_7900,-544.4442
arene_7901,
arene_7902,-946.368
arene_7903,-528.4124
arene_7904,
arene_7905,-586.3182
arene_7906,
arene_7907,
arene_7908,-958.5224
arene_7909,-1244.5187
arene_7910,
arene_7911,-528.4764
arene_7911,-528.4764
arene_7912,-946.3561
arene_7913,-1339.543
arene_7914,
arene_7915,
arene_7916,-694.6276
arene_7917,-490.4083
arene_7918,-714.681
arene_7919,
arene_7920,-528.4958
arene_7920,-528.4958
arene_7921,-715.5701
arene_7922,-678.6666
arene_7923,-942.4881
arene_7924,-910.4952
arene_7924,-910.4952
arene_7925,-1344.4684
arene_7926,-1231.2506
arene_7927,-1021.5462
arene_7928,-946.3811
arene_7929,-694.7657
arene_7930,-1264.3489
arene_7931,-850.248
arene_7932,-797.3189
arene_7932,-797.3189
arene_7933,-474.3213
arene_7933,-474.3213
arene_7934,-942.5089
arene_7935,-999.4707
arene_7936,-904.4222
arene_7937,-619.5655
arene_7938,
arene_7939,-888.5252
arene_7940,-833.1676
arene_7941,-699.5309
arene_7942,-623.4699
arene_7943,-1016.4824
arene_7944,-585.3769
arene_7945,-587.6306
arene_7945,-587.6306
arene_7946,-1260.4878
arene_7947,-833.1675
arene_7948,-583.8147
arene_7949,-486.5396
arene_7950,-1228.5043
arene_7950,-1228.5043
arene_7951,-1280.296
arene_7952,
arene_7952,
arene_7953,-619.6044
arene_7954,-789.6163
arene_7955,
arene_7956,
arene_7957,-583.7873
arene_7958,-583.8131
arene_7959,-716.1135
arene_7960,-957.2815
arene_7961,-540.6187
arene_7962,-908.3545
arene_7963,-603.5678
arene_7964,-393.1554
arene_7965,-411.4309
arene_7965,-411.4309
arene_7966,
arene_7967,-926.5418
arene_7967,-926.5418
arene_7968,-1231.2761
arene_7969,-619.662
arene_7970,
arene_7971,-813.3391
arene_7972,-583.8008
arene_7973,
arene_7974,-599.8295
arene_7975,-851.3616
arene_7976,
arene_7977,-694.7461
arene_7978,-1173.212
arene_7979,
arene_7980,-502.6009
arene_7981,
arene_7982,-958.4609
arene_7983,-714.5505
arene_7984,-833.1094
arene_7985,-813.3417
arene_7986,-1001.7123
arene_7987,-694.7684
arene_7988,-826.5852
arene_7989,-1364.2969
arene_7990,-1112.6212
arene_7991,-1118.0366
arene_7992,-490.3743
arene_7993,-555.3717
arene_7994,-508.6319
arene_7995,-926.5396
arene_7995,-926.5396
arene_7996,-1687.197
arene_7997,-544.4678
arene_7998,-506.4075
arene_7999,-603.6493
arene_8000,-603.6757
arene_8001,
arene_8002,-506.3855
arene_8003,-946.3802
arene_8004,
arene_8005,-448.4216
arene_8006,
arene_8007,
arene_8008,-1001.6755
arene_8009,-527.3839
arene_8010,
arene_8011,
arene_8012,-851.3935
arene_8013,-1112.6642
arene_8014,-769.8849
arene_8015,-888.5165
arene_8016,-587.6209
arene_8016,-587.6209
arene_8017,-607.4636
arene_8018,-888.5139
arene_8019,
arene_8020,-926.5256
arene_8021,-908.2487
arene_8022,-694.7649
arene_8023,-1021.4752
arene_8024,
arene_8025,-1344.4542
arene_8026,-502.4818
arene_8027,-524.6188
arene_8028,-597.461
arene_8029,-941.3664
arene_8030,-510.22
arene_8031,
arene_8032,-565.6217
arene_8033,
arene_8034,
arene_8035,-607.4675
arene_8035,-607.4675
arene_8036,-1269.2381
arene_8037,-393.1772
arene_8038,-377.2001
arene_8039,-524.6353
arene_8040,-373.3639
arene_8041,-817.1412
arene_8042,-496.4436
arene_8042,-496.4436
arene_8042,-496.4436
arene_8042,-496.4436
arene_8043,-528.474
arene_8044,-754.1838
arene_8045,-583.8174
arene_8046,-587.5398
arene_8046,-587.5398
arene_8047,-830.4785
arene_8048,-908.2723
arene_8049,-1112.5693
arene_8050,
arene_8050,
arene_8051,-921.6186
arene_8052,
arene_8053,-1269.2958
arene_8053,-1269.2958
arene_8054,-926.5562
arene_8055,-1269.2896
arene_8056,-474.4066
arene_8056,-474.4066
arene_8057,-826.6083
arene_8058,-411.3904
arene_8059,
arene_8060,-674.8642
arene_8061,-946.3685
arene_8062,-1151.1003
arene_8063,-908.3178
arene_8064,-555.3454
arene_8065,-363.381
arene_8065,-363.381
arene_8065,-363.381
arene_8066,-583.8149
arene_8067,-694.8688
arene_8068,-1021.5717
arene_8069,-659.0181
arene_8070,-433.5034
arene_8071,-797.3172
arene_8072,-492.6452
arene_8072,-492.6452
arene_8072,-492.6452
arene_8073,-797.274
arene_8073,-797.274
arene_8074,-490.3657
arene_8075,-846.4392
arene_8076,
arene_8077,-946.3098
arene_8078,-833.1683
arene_8079,-486.5654
arene_8080,-502.5344
arene_8081,
arene_8082,-1244.5164
arene_8083,
arene_8084,-524.6234
arene_8085,-528.4741
arene_8086,-603.637
arene_8087,-942.5308
arene_8088,-603.6304
arene_8089,-1033.6162
arene_8090,-957.3965
arene_8091,-930.3629
arene_8091,-930.3629
arene_8092,-490.4458
arene_8093,-866.3704
arene_8094,-1140.0728
arene_8094,-1140.0728
arene_8095,-722.1764
arene_8095,-722.1764
arene_8095,-722.1764
arene_8096,-599.8211
arene_8097,-510.2494
arene_8098,-619.678
arene_8099,
arene_8100,-835.3752
arene_8100,-835.3752
arene_8101,-1156.0869
arene_8102,-769.8702
arene_8103,-1247.2746
arene_8104,-395.4141
arene_8105,-850.2902
arene_8106,-699.5389
arene_8107,-545.639
arene_8107,-545.639
arene_8108,
arene_8109,-1017.6759
arene_8110,-833.1649
arene_8111,-849.1425
arene_8112,-979.5683
arene_8113,-603.6151
arene_8113,-603.6151
arene_8114,-752.6602
arene_8115,-681.8883
arene_8116,-845.323
arene_8117,-926.5523
arene_8118,-835.3529
arene_8119,-700.0972
arene_8120,-813.3286
arene_8121,-908.3322
arene_8122,-698.5874
arene_8123,-1001.6553
arene_8124,-1017.6435
arene_8125,-636.8496
arene_8126,-556.587
arene_8127,-474.4111
arene_8128,-830.4128
arene_8129,
arene_8130,-817.1469
arene_8131,-1173.2244
arene_8132,
arene_8133,-1017.725
arene_8134,-661.5141
arene_8135,
arene_8136,
arene_8137,-1033.5981
arene_8138,
arene_8139,-833.1725
arene_8140,-565.58
arene_8141,-417.4782
arene_8142,-678.7557
arene_8143,-920.4517
arene_8144,-1017.7109
arene_8145,-996.7242
arene_8146,-888.5128
arene_8147,-905.51
arene_8147,-905.51
arene_8148,-658.9585
arene_8149,-1037.5018
arene_8150,-810.5551
arene_8150,-810.5551
arene_8151,-924.3233
arene_8152,-434.1494
arene_8153,-941.4038
arene_8154,-581.5988
arene_8155,-639.3682
arene_8156,-775.2914
arene_8157,-578.7319
arene_8158,-716.1148
arene_8159,-1021.5065
arene_8160,-601.4088
arene_8161,-930.3637
arene_8161,-930.3637
arene_8162,-813.3486
arene_8163,-603.5523
arene_8164,-506.3996
arene_8165,-492.6448
arene_8165,-492.6448
arene_8166,-467.8397
arene_8167,-583.7637
arene_8168,-447.2243
arene_8169,-962.3582
arene_8170,-846.4044
arene_8171,-946.371
arene_8172,-452.3449
arene_8173,-454.5377
arene_8173,-454.5377
arene_8174,-510.1928
arene_8175,-942.5129
arene_8176,-603.5571
arene_8176,-603.5571
arene_8177,
arene_8178,-813.3139
arene_8179,-1004.2752
arene_8180,-1269.2853
arene_8181,-587.5571
arene_8182,-1247.2531
arene_8183,-411.4103
arene_8183,-411.4103
arene_8184,-619.5237
arene_8185,-1041.3752
arene_8186,-1037.5896
arene_8187,-512.4766
arene_8187,-512.4766
arene_8187,-512.4766
arene_8188,-674.8309
arene_8189,-1021.5269
arene_8190,-846.3917
arene_8191,-486.6125
arene_8192,
arene_8193,-636.8825
arene_8194,-470.5859
arene_8194,-470.5859
arene_8195,-470.5958
arene_8195,-470.5958
arene_8196,-524.6146
arene_8197,-1092.8352
arene_8198,-599.7782
arene_8199,-842.5624
arene_8200,
arene_8201,
arene_8202,-942.5304
arene_8203,-1041.3757
arene_8204,-448.4287
arene_8205,-659.0211
arene_8206,-738.2077
arene_8207,
arene_8208,-467.7579
arene_8208,-467.7579
arene_8209,-487.7103
arene_8210,-797.3125
arene_8211,-574.9227
arene_8212,-1687.144
arene_8213,
arene_8214,-486.5592
arene_8215,-1587.2849
arene_8216,-1092.8368
arene_8217,-946.3742
arene_8218,-693.6176
arene_8219,
arene_8220,
arene_8221,-506.4478
arene_8222,
arene_8223,-714.5286
arene_8224,
arene_8224,
arene_8225,-719.9446
arene_8226,
arene_8227,-1435.5606
arene_8228,-700.1243
arene_8228,-700.1243
arene_8229,-904.5446
arene_8230,-941.3568
arene_8231,
arene_8232,-1359.3286
arene_8233,-926.5309
arene_8234,-924.2404
arene_8235,-661.5241
arene_8236,
arene_8237,-928.1778
arene_8238,-1001.7122
arene_8239,-1269.2946
arene_8240,-507.4929
arene_8240,-507.4929
arene_8241,-678.8202
arene_8242,-506.4059
arene_8243,-539.3817
arene_8244,-623.4822
arene_8245,
arene_8246,-750.0602
arene_8247,-1285.2597
