aryne_ID,aryne_energy
aryne_1,-1154.7269
aryne_2,-845.1003
aryne_3,-944.9744
aryne_4,-1267.9693
aryne_5,-1227.1702
aryne_6,
aryne_7,
aryne_8,-598.3859
aryne_9,-825.2913
aryne_10,
aryne_11,-1036.223
aryne_12,-1002.949
aryne_13,-1187.8615
aryne_14,-560.3527
aryne_15,-828.0254
aryne_16,-1000.4306
aryne_17,-240.5255
aryne_18,-511.1181
aryne_19,-793.28
aryne_20,-793.3005
aryne_21,-945.0634
aryne_22,-827.9858
aryne_23,-523.2748
aryne_24,-523.2584
aryne_25,-394.0838
aryne_26,-825.2949
aryne_27,-941.134
aryne_28,
aryne_29,-521.0333
aryne_30,-811.9831
aryne_31,
aryne_32,-920.2513
aryne_33,-544.3235
aryne_34,
aryne_35,
aryne_36,-900.4173
aryne_37,-1020.2472
aryne_38,
aryne_39,-1040.0609
aryne_40,
aryne_41,-1152.0945
aryne_42,-504.9847
aryne_43,-485.1877
aryne_44,
aryne_45,-709.3434
aryne_46,-492.9035
aryne_47,-492.8235
aryne_48,-919.0209
aryne_49,-566.437
aryne_50,-566.4183
aryne_51,-752.8239
aryne_52,-599.9906
aryne_53,-543.1487
aryne_54,-1116.6218
aryne_55,-543.0908
aryne_56,-564.203
aryne_57,
aryne_58,-1320.9861
aryne_59,-1359.1118
aryne_60,-961.006
aryne_61,-564.1175
aryne_62,-564.0816
aryne_63,-602.2509
aryne_64,-1267.9819
aryne_65,-1152.0809
aryne_66,
aryne_67,-1020.2017
aryne_68,-488.9957
aryne_69,-697.1933
aryne_70,-925.1611
aryne_71,
aryne_72,-489.0471
aryne_73,-1000.357
aryne_74,
aryne_75,-771.1695
aryne_76,-527.0813
aryne_77,-1020.1564
aryne_78,-518.3024
aryne_79,-925.2082
aryne_80,-925.2275
aryne_81,-523.2999
aryne_82,-410.0312
aryne_83,-485.2573
aryne_84,-828.0282
aryne_85,-614.3863
aryne_86,-812.0256
aryne_87,-453.1389
aryne_88,-453.1479
aryne_89,-598.4242
aryne_90,-1138.7572
aryne_91,
aryne_92,-887.0439
aryne_93,-445.8894
aryne_94,-618.3
aryne_95,-1227.1902
aryne_96,-1227.2426
aryne_97,-903.1207
aryne_98,-584.9595
aryne_99,-843.9944
aryne_100,-847.7688
aryne_101,-909.2122
aryne_102,-909.1873
aryne_103,-1020.1163
aryne_104,-941.1532
aryne_105,-522.0495
aryne_106,
aryne_107,-523.2735
aryne_108,-1170.7035
aryne_109,-580.1045
aryne_110,
aryne_111,
aryne_112,-566.4458
aryne_113,-566.4645
aryne_114,-527.1298
aryne_115,-527.123
aryne_116,-602.3489
aryne_117,-602.341
aryne_118,-602.3298
aryne_119,-582.4837
aryne_120,-407.7301
aryne_121,-472.993
aryne_122,-485.1707
aryne_123,-1601.9679
aryne_124,-460.3094
aryne_125,-504.9986
aryne_126,-546.918
aryne_127,-1262.9506
aryne_128,-371.9467
aryne_129,-1321.0505
aryne_130,-922.946
aryne_131,-1321.0203
aryne_132,
aryne_133,-925.2079
aryne_134,-489.0409
aryne_135,-586.2658
aryne_136,-586.254
aryne_137,-618.2478
aryne_138,-864.9439
aryne_139,-1152.085
aryne_140,
aryne_141,-505.036
aryne_142,-925.2162
aryne_143,-925.224
aryne_144,-925.2409
aryne_145,-491.3142
aryne_146,-491.3147
aryne_147,-491.3193
aryne_148,
aryne_149,
aryne_150,-1267.9604
aryne_151,-618.2127
aryne_152,-1171.8849
aryne_153,-1338.1869
aryne_154,-736.8593
aryne_155,-1000.37
aryne_156,-546.9247
aryne_157,
aryne_158,-773.371
aryne_159,-448.1191
aryne_160,-448.12
aryne_161,-909.2197
aryne_162,-602.3419
aryne_163,-602.3486
aryne_164,-598.3715
aryne_165,-751.2645
aryne_166,-501.2473
aryne_167,-693.5208
aryne_168,-961.0344
aryne_169,-394.0817
aryne_170,-394.0658
aryne_171,-495.1307
aryne_172,-495.1228
aryne_173,-495.1222
aryne_174,-495.1246
aryne_175,-850.091
aryne_176,
aryne_177,-677.4422
aryne_178,-543.1407
aryne_179,-909.2339
aryne_180,-909.2284
aryne_181,-909.2263
aryne_182,-789.8496
aryne_183,-773.4103
aryne_184,-580.1483
aryne_185,
aryne_186,-941.2295
aryne_187,
aryne_188,-827.9787
aryne_189,-482.8348
aryne_190,
aryne_191,-1036.2172
aryne_192,-1020.1038
aryne_193,-929.0064
aryne_194,-978.2207
aryne_195,-432.1324
aryne_196,-432.1354
aryne_197,-432.1334
aryne_198,-903.1168
aryne_199,-1016.3145
aryne_200,-602.2501
aryne_201,-562.9572
aryne_202,
aryne_203,-771.1592
aryne_204,-505.0731
aryne_205,-505.0256
aryne_206,-602.3101
aryne_207,-857.1929
aryne_208,-866.0628
aryne_209,-1152.0419
aryne_210,-1152.074
aryne_211,
aryne_212,-491.2675
aryne_213,-491.2518
aryne_214,-1170.79
aryne_215,-596.1547
aryne_216,-602.3066
aryne_217,-941.1526
aryne_218,-960.9951
aryne_219,-523.2917
aryne_220,-485.2031
aryne_221,
aryne_222,-903.0748
aryne_223,-471.7417
aryne_224,-397.9169
aryne_225,-397.9237
aryne_226,-397.8496
aryne_227,-448.1462
aryne_228,-925.2024
aryne_229,-1039.9772
aryne_230,-827.9994
aryne_231,-866.0345
aryne_232,-453.2254
aryne_233,-453.1697
aryne_234,-1572.6169
aryne_235,-618.1675
aryne_236,-847.7657
aryne_237,
aryne_238,-925.2114
aryne_239,-511.1146
aryne_240,-961.0309
aryne_241,-925.2465
aryne_242,-845.0152
aryne_243,
aryne_244,-717.1159
aryne_245,-580.2185
aryne_246,-602.2482
aryne_247,-1251.954
aryne_248,-507.3178
aryne_249,-507.2833
aryne_250,-488.9693
aryne_251,-957.1568
aryne_252,-709.3483
aryne_253,-1229.8915
aryne_254,-1091.4007
aryne_255,
aryne_256,-1259.1707
aryne_257,-489.0808
aryne_258,-489.0254
aryne_259,-543.1133
aryne_260,
aryne_261,-507.3114
aryne_262,-584.0688
aryne_263,-1168.0821
aryne_264,-827.9657
aryne_265,-677.4776
aryne_266,-412.9614
aryne_267,-598.476
aryne_268,-697.284
aryne_269,-811.9814
aryne_270,-1168.0609
aryne_271,-622.0828
aryne_272,-657.5778
aryne_273,-598.3953
aryne_274,-697.3236
aryne_275,
aryne_276,-1459.4376
aryne_277,-489.0479
aryne_278,-485.1742
aryne_279,-551.318
aryne_280,
aryne_281,-1362.9231
aryne_282,-1016.3626
aryne_283,-941.1549
aryne_284,-566.3908
aryne_285,-566.3903
aryne_286,-657.6318
aryne_287,-815.83
aryne_288,-815.7249
aryne_289,-507.3379
aryne_290,
aryne_291,-501.2364
aryne_292,-539.2675
aryne_293,-978.2411
aryne_294,-697.2871
aryne_295,-1020.2152
aryne_296,-693.4348
aryne_297,-768.8283
aryne_298,-410.0654
aryne_299,-923.0036
aryne_300,-602.314
aryne_301,-925.2199
aryne_302,-811.9099
aryne_303,
aryne_304,-903.0677
aryne_305,-602.3034
aryne_306,-677.4876
aryne_307,-378.0839
aryne_308,-378.0683
aryne_309,-378.0173
aryne_310,-622.1086
aryne_311,-657.5917
aryne_312,-906.9097
aryne_313,-831.832
aryne_314,-925.2223
aryne_315,-677.5131
aryne_316,-469.138
aryne_317,-469.1612
aryne_318,-926.8118
aryne_319,-622.0667
aryne_320,-582.4763
aryne_321,-925.1799
aryne_322,-602.1901
aryne_323,-677.4963
aryne_324,-638.0634
aryne_325,-815.7258
aryne_326,-815.7492
aryne_327,-825.2841
aryne_328,-339.8991
aryne_329,-339.9027
aryne_330,
aryne_331,-321.8216
aryne_332,-321.7982
aryne_333,-689.5344
aryne_334,-1343.1114
aryne_335,-860.9947
aryne_336,-507.3195
aryne_337,-469.1485
aryne_338,-677.4858
aryne_339,-504.9641
aryne_340,-909.1933
aryne_341,-909.1749
aryne_342,-381.9011
aryne_343,-381.9026
aryne_344,-381.9036
aryne_345,-381.8287
aryne_346,-426.0732
aryne_347,-576.3442
aryne_348,
aryne_349,
aryne_350,-564.2257
aryne_351,-847.7502
aryne_352,-1091.4387
aryne_353,-1016.3613
aryne_354,-887.1223
aryne_355,-502.3009
aryne_356,-961.0314
aryne_357,
aryne_358,-394.0911
aryne_359,-394.0991
aryne_360,-1040.0839
aryne_361,-1111.2645
aryne_362,-586.1888
aryne_363,-586.1762
aryne_364,-602.1653
aryne_365,-693.4652
aryne_366,-1472.7223
aryne_367,-602.2179
aryne_368,-602.1681
aryne_369,-582.4409
aryne_370,-811.9593
aryne_371,-523.2404
aryne_372,-845.0461
aryne_373,-378.002
aryne_374,-378.0516
aryne_375,-598.5049
aryne_376,-523.3116
aryne_377,-523.3086
aryne_378,-945.053
aryne_379,
aryne_380,-371.9555
aryne_381,-543.1427
aryne_382,-473.0601
aryne_383,-472.9875
aryne_384,-909.2335
aryne_385,-909.1993
aryne_386,-507.2759
aryne_387,-507.2775
aryne_388,-929.0079
aryne_389,-618.2414
aryne_390,-677.4222
aryne_391,
aryne_392,-602.2311
aryne_393,-489.0176
aryne_394,-825.2645
aryne_395,
aryne_396,
aryne_397,
aryne_398,-1283.918
aryne_399,-811.9349
aryne_400,-922.9829
aryne_401,-602.2655
aryne_402,-593.4153
aryne_403,-498.4346
aryne_404,-1243.1996
aryne_405,-543.1313
aryne_406,-504.9359
aryne_407,-489.0599
aryne_408,-505.0491
aryne_409,-827.9389
aryne_410,-564.1785
aryne_411,-582.4899
aryne_412,-337.8183
aryne_413,-941.2042
aryne_414,-1171.9022
aryne_415,-978.2135
aryne_416,-925.2243
aryne_417,-929.0428
aryne_418,-887.2005
aryne_419,-906.9781
aryne_420,-789.3884
aryne_421,
aryne_422,-941.1766
aryne_423,
aryne_424,-1249.7728
aryne_425,-508.7932
aryne_426,-546.9139
aryne_427,
aryne_428,-618.3083
aryne_429,-1362.9251
aryne_430,
aryne_431,-709.2979
aryne_432,
aryne_433,-1170.6974
aryne_434,-410.0456
aryne_435,-606.0977
aryne_436,-900.4222
aryne_437,-602.3333
aryne_438,
aryne_439,-1343.1121
aryne_440,-507.3277
aryne_441,-507.3074
aryne_442,-1171.9007
aryne_443,
aryne_444,-925.2026
aryne_445,-841.2157
aryne_446,-538.0404
aryne_447,-523.3088
aryne_448,-941.1888
aryne_449,
aryne_450,-998.0416
aryne_451,-827.9936
aryne_452,-504.9765
aryne_453,
aryne_454,-887.1879
aryne_455,
aryne_456,-523.3142
aryne_457,-827.9512
aryne_458,
aryne_459,-847.8027
aryne_460,
aryne_461,
aryne_462,-602.2577
aryne_463,
aryne_464,-945.0099
aryne_465,
aryne_466,
aryne_467,-618.2711
aryne_468,
aryne_469,-1243.2039
aryne_470,
aryne_471,
aryne_472,-909.2092
aryne_473,-909.1897
aryne_474,-909.1963
aryne_475,-523.2693
aryne_476,-978.2262
aryne_477,-598.4161
aryne_478,-848.9205
aryne_479,
aryne_480,-507.325
aryne_481,-507.3297
aryne_482,-634.1239
aryne_483,-598.399
aryne_484,-355.9608
aryne_485,-941.188
aryne_486,-689.4881
aryne_487,
aryne_488,-586.2164
aryne_489,-586.2234
aryne_490,
aryne_491,-618.1781
aryne_492,-812.0021
aryne_493,-811.9601
aryne_494,-1245.826
aryne_495,-773.392
aryne_496,-560.2986
aryne_497,-410.0607
aryne_498,-805.8366
aryne_499,-378.0094
aryne_500,-378.0699
aryne_501,-488.9617
aryne_502,-1016.2987
aryne_503,-916.3884
aryne_504,-827.9185
aryne_505,-926.8568
aryne_506,-469.14
aryne_507,-469.1695
aryne_508,-586.2626
aryne_509,-586.2477
aryne_510,
aryne_511,-602.3601
aryne_512,-523.2737
aryne_513,-426.0189
aryne_514,-1362.9829
aryne_515,-506.1461
aryne_516,-812.0074
aryne_517,-811.9188
aryne_518,-850.0787
aryne_519,-850.0175
aryne_520,
aryne_521,
aryne_522,-602.1572
aryne_523,-539.278
aryne_524,-596.0604
aryne_525,-1251.9588
aryne_526,-1251.948
aryne_527,-543.1323
aryne_528,
aryne_529,-975.5861
aryne_530,-1357.9534
aryne_531,-543.1319
aryne_532,-714.7526
aryne_533,
aryne_534,-564.2203
aryne_535,-504.9028
aryne_536,-586.3079
aryne_537,-586.2768
aryne_538,
aryne_539,-543.1041
aryne_540,-1187.8889
aryne_541,-501.2041
aryne_542,-485.239
aryne_543,-925.2519
aryne_544,-582.4115
aryne_545,-582.3793
aryne_546,-903.1947
aryne_547,-1338.2209
aryne_548,
aryne_549,-564.0807
aryne_550,-1020.2158
aryne_551,-600.9876
aryne_552,-582.3955
aryne_553,-489.0728
aryne_554,-614.4135
aryne_555,-673.6193
aryne_556,-1000.2901
aryne_557,-1000.2841
aryne_558,-453.2356
aryne_559,-453.186
aryne_560,-945.0783
aryne_561,-829.0834
aryne_562,-582.4763
aryne_563,-582.4674
aryne_564,
aryne_565,-485.2026
aryne_566,-431.0364
aryne_567,-431.0728
aryne_568,-468.0216
aryne_569,
aryne_570,
aryne_571,-426.0727
aryne_572,-1249.6642
aryne_573,-618.1536
aryne_574,
aryne_575,-925.2372
aryne_576,-1251.9526
aryne_577,-811.916
aryne_578,-524.8392
aryne_579,
aryne_580,-1246.992
aryne_581,-505.0392
aryne_582,-466.5224
aryne_583,-582.4466
aryne_584,-580.2378
aryne_585,
aryne_586,-539.2691
aryne_587,-501.173
aryne_588,-655.3225
aryne_589,
aryne_590,-680.5841
aryne_591,-978.2564
aryne_592,
aryne_593,-1267.983
aryne_594,-564.2634
aryne_595,-887.0542
aryne_596,-887.0518
aryne_597,-677.3247
aryne_598,-677.3088
aryne_599,-1229.9154
aryne_600,-866.0394
aryne_601,-920.2153
aryne_602,-789.8793
aryne_603,-508.9602
aryne_604,-508.9543
aryne_605,-1263.0161
aryne_606,-848.8763
aryne_607,
aryne_608,-622.0712
aryne_609,-1267.9726
aryne_610,-527.0846
aryne_611,-557.612
aryne_612,-618.3074
aryne_613,-922.8966
aryne_614,-677.4288
aryne_615,-811.9353
aryne_616,-978.2261
aryne_617,-378.0747
aryne_618,-378.0777
aryne_619,-378.0799
aryne_620,-505.0011
aryne_621,-489.0083
aryne_622,-832.9764
aryne_623,-832.9244
aryne_624,-768.5647
aryne_625,-561.4384
aryne_626,-561.4917
aryne_627,-1267.9709
aryne_628,-941.1257
aryne_629,-887.199
aryne_630,-635.4064
aryne_631,-811.9836
aryne_632,
aryne_633,-978.174
aryne_634,-925.2024
aryne_635,-925.2118
aryne_636,-698.2181
aryne_637,-598.3471
aryne_638,
aryne_639,-1016.3004
aryne_640,-523.2202
aryne_641,-693.2937
aryne_642,-580.1729
aryne_643,-677.3872
aryne_644,-564.2157
aryne_645,
aryne_646,
aryne_647,-861.0468
aryne_648,-887.0783
aryne_649,-828.0227
aryne_650,-539.2811
aryne_651,-489.1309
aryne_652,-489.125
aryne_653,-543.07
aryne_654,-357.6061
aryne_655,-903.1936
aryne_656,-522.0664
aryne_657,-941.2105
aryne_658,
aryne_659,-929.0317
aryne_660,-929.0396
aryne_661,-866.0395
aryne_662,-941.2367
aryne_663,-677.4399
aryne_664,-544.2852
aryne_665,-544.2904
aryne_666,-1205.1265
aryne_667,
aryne_668,-622.1031
aryne_669,-602.3205
aryne_670,-827.9558
aryne_671,-484.0005
aryne_672,-504.9515
aryne_673,-411.5769
aryne_674,-521.0616
aryne_675,-1020.2268
aryne_676,-1036.2452
aryne_677,-1154.7765
aryne_678,-603.8579
aryne_679,-1154.7115
aryne_680,-944.9889
aryne_681,-829.1238
aryne_682,
aryne_683,-850.0942
aryne_684,-634.2612
aryne_685,-598.3977
aryne_686,-586.2453
aryne_687,-586.1909
aryne_688,-426.0702
aryne_689,-527.173
aryne_690,-789.8231
aryne_691,-752.8672
aryne_692,-945.0061
aryne_693,-472.9971
aryne_694,-472.9907
aryne_695,-485.1848
aryne_696,-598.3707
aryne_697,
aryne_698,-1203.8494
aryne_699,-598.3926
aryne_700,-843.9909
aryne_701,-602.2666
aryne_702,-511.1263
aryne_703,-511.128
aryne_704,-511.1282
aryne_705,-1244.7293
aryne_706,-925.2125
aryne_707,-507.3306
aryne_708,
aryne_709,-850.0416
aryne_710,-538.0378
aryne_711,-941.2539
aryne_712,-602.3036
aryne_713,-618.2294
aryne_714,-501.2093
aryne_715,-828.0155
aryne_716,-586.3319
aryne_717,-586.3352
aryne_718,-586.3377
aryne_719,-582.4192
aryne_720,-1358.0121
aryne_721,-582.4254
aryne_722,-582.433
aryne_723,-469.2629
aryne_724,-469.1952
aryne_725,-523.3211
aryne_726,-507.2787
aryne_727,-1267.9739
aryne_728,-508.8407
aryne_729,-378.0718
aryne_730,-378.0723
aryne_731,
aryne_732,-413.9508
aryne_733,-413.9584
aryne_734,-788.2901
aryne_735,-1136.5157
aryne_736,-903.0239
aryne_737,-527.1045
aryne_738,-606.0745
aryne_739,-618.2758
aryne_740,-1129.9574
aryne_741,
aryne_742,-469.2288
aryne_743,-1016.3791
aryne_744,-582.4271
aryne_745,-485.1834
aryne_746,-945.0126
aryne_747,-922.9621
aryne_748,-939.9757
aryne_749,-602.2515
aryne_750,-693.3584
aryne_751,-945.0212
aryne_752,-811.9128
aryne_753,-560.2993
aryne_754,-945.0725
aryne_755,-511.0966
aryne_756,-511.0972
aryne_757,-511.093
aryne_758,-1585.9831
aryne_759,-1091.4534
aryne_760,
aryne_761,-527.1024
aryne_762,-527.1131
aryne_763,-580.1625
aryne_764,-602.2517
aryne_765,-543.0448
aryne_766,
aryne_767,-1243.2095
aryne_768,-598.4135
aryne_769,-811.9993
aryne_770,-811.9333
aryne_771,-508.8552
aryne_772,-598.4215
aryne_773,-564.1238
aryne_774,-602.2631
aryne_775,-829.0637
aryne_776,-1032.2572
aryne_777,
aryne_778,-957.1505
aryne_779,-597.2408
aryne_780,
aryne_781,-447.1402
aryne_782,-831.8139
aryne_783,-997.9866
aryne_784,-1154.774
aryne_785,-941.2372
aryne_786,
aryne_787,
aryne_788,-655.3434
aryne_789,-811.9419
aryne_790,-586.2632
aryne_791,-1259.2143
aryne_792,-602.2174
aryne_793,-602.1701
aryne_794,-1187.832
aryne_795,-941.1808
aryne_796,-469.2517
aryne_797,-677.3254
aryne_798,-638.0444
aryne_799,-1243.2339
aryne_800,-925.2339
aryne_801,-1032.2183
aryne_802,-1015.2288
aryne_803,-925.2374
aryne_804,-843.9193
aryne_805,-542.0492
aryne_806,-596.1125
aryne_807,-673.541
aryne_808,-1229.9505
aryne_809,-673.6803
aryne_810,-598.3427
aryne_811,-489.1096
aryne_812,-1036.1132
aryne_813,
aryne_814,-580.1154
aryne_815,-828.0029
aryne_816,-505.1028
aryne_817,-1040.0705
aryne_818,
aryne_819,-827.9963
aryne_820,-618.2052
aryne_821,
aryne_822,
aryne_823,-577.4228
aryne_824,-1154.7881
aryne_825,-829.1371
aryne_826,-827.8815
aryne_827,
aryne_828,-469.2675
aryne_829,-1362.987
aryne_830,-907.0306
aryne_831,-505.0721
aryne_832,-586.2627
aryne_833,-586.2432
aryne_834,-564.192
aryne_835,-489.0502
aryne_836,-1020.1017
aryne_837,-920.1953
aryne_838,-961.0011
aryne_839,-693.4284
aryne_840,-1434.202
aryne_841,-469.2091
aryne_842,-469.1442
aryne_843,
aryne_844,-925.2239
aryne_845,
aryne_846,
aryne_847,-598.4167
aryne_848,-906.8767
aryne_849,
aryne_850,-903.0464
aryne_851,
aryne_852,-394.0789
aryne_853,-394.0803
aryne_854,-394.0821
aryne_855,-829.1509
aryne_856,
aryne_857,-866.0356
aryne_858,-413.9502
aryne_859,-413.9552
aryne_860,-903.1043
aryne_861,-714.7558
aryne_862,
aryne_863,-489.0118
aryne_864,-920.1989
aryne_865,-752.835
aryne_866,
aryne_867,-847.8532
aryne_868,-598.4188
aryne_869,-634.2257
aryne_870,-523.2801
aryne_871,
aryne_872,
aryne_873,-1016.3681
aryne_874,-544.3191
aryne_875,-598.4954
aryne_876,-655.3061
aryne_877,-1016.2815
aryne_878,-957.1778
aryne_879,-831.8634
aryne_880,-925.2311
aryne_881,-925.2362
aryne_882,-698.7307
aryne_883,-697.3005
aryne_884,-1229.8818
aryne_885,
aryne_886,-473.0542
aryne_887,-473.0125
aryne_888,-657.6182
aryne_889,-936.1886
aryne_890,-429.8237
aryne_891,
aryne_892,-1111.2551
aryne_893,-811.9435
aryne_894,-544.3385
aryne_895,-502.3091
aryne_896,-394.1205
aryne_897,-394.125
aryne_898,-1000.3081
aryne_899,-564.1875
aryne_900,-1111.2556
aryne_901,-1245.9151
aryne_902,-489.0292
aryne_903,-488.9773
aryne_904,-614.4409
aryne_905,-660.1494
aryne_906,-1016.4031
aryne_907,-827.9382
aryne_908,-1170.7684
aryne_909,-1016.3991
aryne_910,-903.1287
aryne_911,-1283.9357
aryne_912,
aryne_913,-925.2529
aryne_914,-673.4904
aryne_915,-655.2858
aryne_916,-562.9318
aryne_917,-505.0497
aryne_918,-505.0067
aryne_919,-1267.9579
aryne_920,-1016.3312
aryne_921,-1000.3785
aryne_922,-720.8497
aryne_923,-720.8165
aryne_924,-582.4414
aryne_925,-697.3414
aryne_926,-922.9671
aryne_927,-941.2009
aryne_928,
aryne_929,-426.0652
aryne_930,
aryne_931,-617.0243
aryne_932,-850.081
aryne_933,-845.135
aryne_934,-614.3493
aryne_935,-582.4562
aryne_936,
aryne_937,-598.3517
aryne_938,-828.0075
aryne_939,-491.3058
aryne_940,-491.3174
aryne_941,-702.5257
aryne_942,-598.4351
aryne_943,-941.2152
aryne_944,-564.1299
aryne_945,-622.1374
aryne_946,-903.065
aryne_947,-936.232
aryne_948,-504.9841
aryne_949,-582.442
aryne_950,
aryne_951,-622.1516
aryne_952,-507.2815
aryne_953,-416.1468
aryne_954,-416.1519
aryne_955,-416.1475
aryne_956,-1229.8594
aryne_957,-614.4526
aryne_958,-922.9132
aryne_959,-635.4332
aryne_960,-941.2114
aryne_961,-395.5723
aryne_962,
aryne_963,-1032.222
aryne_964,-378.1019
aryne_965,-378.1037
aryne_966,-378.1049
aryne_967,-793.7242
aryne_968,-585.0126
aryne_969,-598.4931
aryne_970,-491.298
aryne_971,-491.2862
aryne_972,-1343.168
aryne_973,-1111.3371
aryne_974,-527.1546
aryne_975,-527.1628
aryne_976,-614.4067
aryne_977,
aryne_978,
aryne_979,-657.5042
aryne_980,-657.5001
aryne_981,-866.0248
aryne_982,
aryne_983,-560.3632
aryne_984,
aryne_985,-1113.9366
aryne_986,-463.0648
aryne_987,-693.4239
aryne_988,-1016.4191
aryne_989,-544.3108
aryne_990,-544.2606
aryne_991,
aryne_992,-827.996
aryne_993,-698.702
aryne_994,-813.5383
aryne_995,-884.8225
aryne_996,
aryne_997,-884.8037
aryne_998,-413.0105
aryne_999,-602.2484
aryne_1000,-906.9493
aryne_1001,-1000.3608
aryne_1002,-827.9412
aryne_1003,-693.311
aryne_1004,-789.3905
aryne_1005,-505.0846
aryne_1006,-586.3027
aryne_1007,-506.1624
aryne_1008,-431.1364
aryne_1009,-469.2568
aryne_1010,-978.2686
aryne_1011,-847.8708
aryne_1012,-395.5757
aryne_1013,-602.2359
aryne_1014,-506.0852
aryne_1015,
aryne_1016,-448.1451
aryne_1017,-811.9411
aryne_1018,-811.9804
aryne_1019,-936.1974
aryne_1020,-582.428
aryne_1021,
aryne_1022,-957.2013
aryne_1023,-543.1471
aryne_1024,-809.6921
aryne_1025,-811.9851
aryne_1026,-811.9535
aryne_1027,-1154.7773
aryne_1028,-618.3003
aryne_1029,-796.0102
aryne_1030,-795.9685
aryne_1031,-582.5176
aryne_1032,
aryne_1033,-1245.9509
aryne_1034,
aryne_1035,-485.2108
aryne_1036,-673.523
aryne_1037,-505.0272
aryne_1038,-1000.384
aryne_1039,-923.0059
aryne_1040,-825.3138
aryne_1041,-1154.7212
aryne_1042,-505.0613
aryne_1043,-505.0583
aryne_1044,-1000.2784
aryne_1045,-1000.2899
aryne_1046,-1138.7701
aryne_1047,-1138.7687
aryne_1048,-1000.3492
aryne_1049,-884.8008
aryne_1050,-903.0712
aryne_1051,-887.1778
aryne_1052,-926.7323
aryne_1053,-1020.1685
aryne_1054,-903.0607
aryne_1055,
aryne_1056,-904.2329
aryne_1057,-904.2847
aryne_1058,-634.2812
aryne_1059,-925.2054
aryne_1060,-901.9434
aryne_1061,-453.252
aryne_1062,-453.1797
aryne_1063,-622.0606
aryne_1064,
aryne_1065,-693.3061
aryne_1066,-1152.0602
aryne_1067,
aryne_1068,-602.3265
aryne_1069,-395.6121
aryne_1070,-507.3418
aryne_1071,-485.1767
aryne_1072,-827.9977
aryne_1073,-480.0808
aryne_1074,-752.8522
aryne_1075,-752.8579
aryne_1076,
aryne_1077,-997.9915
aryne_1078,
aryne_1079,-475.2827
aryne_1080,-475.2854
aryne_1081,-475.2801
aryne_1082,-475.2773
aryne_1083,-537.5828
aryne_1084,-537.5862
aryne_1085,-537.5904
aryne_1086,-537.5903
aryne_1087,
aryne_1088,-998.0673
aryne_1089,-730.7147
aryne_1090,-602.2473
aryne_1091,-582.3866
aryne_1092,-582.358
aryne_1093,-472.9807
aryne_1094,-472.9288
aryne_1095,-1000.4346
aryne_1096,-501.1802
aryne_1097,-748.6821
aryne_1098,-507.3219
aryne_1099,-453.212
aryne_1100,-453.1627
aryne_1101,-698.7498
aryne_1102,-527.1494
aryne_1103,
aryne_1104,-428.3894
aryne_1105,-752.8737
aryne_1106,
aryne_1107,-925.1707
aryne_1108,-355.9785
aryne_1109,-850.0646
aryne_1110,-850.0679
aryne_1111,-1111.3377
aryne_1112,
aryne_1113,-488.9843
aryne_1114,-815.8203
aryne_1115,-815.8023
aryne_1116,-564.1915
aryne_1117,-614.3354
aryne_1118,-1283.9401
aryne_1119,-1002.94
aryne_1120,-829.0511
aryne_1121,
aryne_1122,-1000.3906
aryne_1123,-825.23
aryne_1124,-602.2149
aryne_1125,-903.121
aryne_1126,-831.8351
aryne_1127,-1359.1011
aryne_1128,-961.0261
aryne_1129,-827.9141
aryne_1130,-485.1751
aryne_1131,-632.8376
aryne_1132,-485.245
aryne_1133,-828.0006
aryne_1134,-919.1055
aryne_1135,-1168.0917
aryne_1136,-1685.8819
aryne_1137,-709.3299
aryne_1138,
aryne_1139,-582.4907
aryne_1140,-865.014
aryne_1141,-1263.018
aryne_1142,-539.2761
aryne_1143,-941.2401
aryne_1144,-811.9783
aryne_1145,-1020.1525
aryne_1146,
aryne_1147,-925.1989
aryne_1148,-584.0329
aryne_1149,-566.7167
aryne_1150,-582.486
aryne_1151,-582.4652
aryne_1152,-618.2952
aryne_1153,-1243.2047
aryne_1154,-543.0979
aryne_1155,-573.5876
aryne_1156,-941.1883
aryne_1157,-557.8908
aryne_1158,-507.296
aryne_1159,-507.2974
aryne_1160,
aryne_1161,-831.8156
aryne_1162,-634.2067
aryne_1163,-693.5085
aryne_1164,-508.7958
aryne_1165,-586.2773
aryne_1166,-586.2548
aryne_1167,-1320.999
aryne_1168,-489.062
aryne_1169,-998.0759
aryne_1170,-582.408
aryne_1171,-920.2311
aryne_1172,
aryne_1173,-961.0154
aryne_1174,-655.2355
aryne_1175,-501.245
aryne_1176,-841.21
aryne_1177,-448.1169
aryne_1178,-677.4511
aryne_1179,-775.5761
aryne_1180,-410.0729
aryne_1181,-1091.4489
aryne_1182,-995.4383
aryne_1183,-925.1616
aryne_1184,-923.0142
aryne_1185,-841.224
aryne_1186,-828.036
aryne_1187,-945.0072
aryne_1188,-1343.1536
aryne_1189,-566.3878
aryne_1190,-566.3652
aryne_1191,-697.2931
aryne_1192,
aryne_1193,-505.0129
aryne_1194,-618.3253
aryne_1195,-1168.0676
aryne_1196,-848.9634
aryne_1197,-831.8539
aryne_1198,-489.0266
aryne_1199,-1016.3201
aryne_1200,-466.9116
aryne_1201,
aryne_1202,-1249.7357
aryne_1203,-1154.7769
aryne_1204,-825.2424
aryne_1205,-796.028
aryne_1206,-796.0255
aryne_1207,-796.0252
aryne_1208,-697.2919
aryne_1209,-995.4543
aryne_1210,-1175.6794
aryne_1211,-1175.7459
aryne_1212,-809.2868
aryne_1213,-602.2077
aryne_1214,
aryne_1215,-541.9417
aryne_1216,
aryne_1217,-909.1971
aryne_1218,-847.7577
aryne_1219,-815.8358
aryne_1220,-815.7945
aryne_1221,-471.7822
aryne_1222,-596.0903
aryne_1223,-788.3721
aryne_1224,-564.2675
aryne_1225,-941.2253
aryne_1226,
aryne_1227,
aryne_1228,-832.9337
aryne_1229,-375.7459
aryne_1230,-375.7305
aryne_1231,-834.0231
aryne_1232,
aryne_1233,-539.2649
aryne_1234,-827.9657
aryne_1235,-1526.832
aryne_1236,-470.3393
aryne_1237,-470.3155
aryne_1238,-508.9611
aryne_1239,-393.9876
aryne_1240,-394.0284
aryne_1241,-1036.1807
aryne_1242,-523.2545
aryne_1243,-677.4102
aryne_1244,
aryne_1245,
aryne_1246,
aryne_1247,-560.3159
aryne_1248,-1494.8402
aryne_1249,
aryne_1250,-828.0059
aryne_1251,-523.3057
aryne_1252,-521.062
aryne_1253,-504.9744
aryne_1254,-469.2203
aryne_1255,-618.2718
aryne_1256,-561.451
aryne_1257,
aryne_1258,-506.1383
aryne_1259,-485.1873
aryne_1260,-748.6754
aryne_1261,
aryne_1262,-568.9961
aryne_1263,-811.9887
aryne_1264,-502.3211
aryne_1265,-748.756
aryne_1266,-925.165
aryne_1267,-925.187
aryne_1268,
aryne_1269,-714.7432
aryne_1270,-469.1629
aryne_1271,-469.1601
aryne_1272,-941.2041
aryne_1273,-539.2832
aryne_1274,-941.195
aryne_1275,-677.4831
aryne_1276,-717.1474
aryne_1277,-521.062
aryne_1278,-522.2219
aryne_1279,-657.5517
aryne_1280,-811.9624
aryne_1281,-822.9347
aryne_1282,-848.9209
aryne_1283,-1016.417
aryne_1284,-502.2897
aryne_1285,-698.216
aryne_1286,
aryne_1287,-507.3037
aryne_1288,-1343.1189
aryne_1289,-566.4576
aryne_1290,-922.8649
aryne_1291,-602.3517
aryne_1292,-602.3525
aryne_1293,-1343.0858
aryne_1294,-469.2023
aryne_1295,-469.1163
aryne_1296,-469.1565
aryne_1297,-564.225
aryne_1298,-1318.2822
aryne_1299,-586.2992
aryne_1300,-586.2779
aryne_1301,
aryne_1302,-1155.8809
aryne_1303,-1155.8916
aryne_1304,-489.0478
aryne_1305,-945.0744
aryne_1306,-635.4589
aryne_1307,
aryne_1308,-677.5171
aryne_1309,
aryne_1310,-925.2375
aryne_1311,-469.2344
aryne_1312,
aryne_1313,-504.9973
aryne_1314,-920.2146
aryne_1315,-1229.8035
aryne_1316,-586.2917
aryne_1317,-586.2725
aryne_1318,
aryne_1319,-470.3447
aryne_1320,-470.3234
aryne_1321,-504.988
aryne_1322,-903.0708
aryne_1323,-919.0961
aryne_1324,-622.0865
aryne_1325,-1362.8958
aryne_1326,
aryne_1327,-598.3879
aryne_1328,-1168.0453
aryne_1329,-928.9977
aryne_1330,-925.2109
aryne_1331,-598.339
aryne_1332,-1434.1783
aryne_1333,-903.0529
aryne_1334,-847.7295
aryne_1335,-491.2632
aryne_1336,-491.2399
aryne_1337,-1149.6954
aryne_1338,
aryne_1339,
aryne_1340,-1168.025
aryne_1341,-904.1931
aryne_1342,
aryne_1343,-482.827
aryne_1344,-827.9603
aryne_1345,-1000.3946
aryne_1346,-909.1422
aryne_1347,-557.6058
aryne_1348,-866.0693
aryne_1349,-920.2065
aryne_1350,-941.202
aryne_1351,-956.0096
aryne_1352,
aryne_1353,-1184.006
aryne_1354,-544.3451
aryne_1355,-752.8381
aryne_1356,-614.338
aryne_1357,-1191.7121
aryne_1358,-682.6806
aryne_1359,-682.7157
aryne_1360,
aryne_1361,-1191.7533
aryne_1362,-1514.67
aryne_1363,-508.8575
aryne_1364,-903.0983
aryne_1365,-1098.5136
aryne_1366,-606.1223
aryne_1367,-606.0955
aryne_1368,-945.0569
aryne_1369,-945.0485
aryne_1370,-1020.198
aryne_1371,
aryne_1372,
aryne_1373,-506.1289
aryne_1374,
aryne_1375,-1032.2704
aryne_1376,-489.0625
aryne_1377,-582.4754
aryne_1378,-582.4712
aryne_1379,-845.063
aryne_1380,-485.2232
aryne_1381,-698.7352
aryne_1382,-586.2746
aryne_1383,-677.4795
aryne_1384,-827.9124
aryne_1385,-634.1735
aryne_1386,-507.2704
aryne_1387,-1016.2994
aryne_1388,-1343.1575
aryne_1389,-940.0025
aryne_1390,-827.9621
aryne_1391,-602.1739
aryne_1392,-673.5602
aryne_1393,-825.224
aryne_1394,-697.231
aryne_1395,-489.0034
aryne_1396,-488.9532
aryne_1397,-1032.2987
aryne_1398,-638.0798
aryne_1399,
aryne_1400,
aryne_1401,-1020.2587
aryne_1402,-697.2192
aryne_1403,-1020.2239
aryne_1404,-847.7372
aryne_1405,-887.0565
aryne_1406,-887.1067
aryne_1407,-397.9357
aryne_1408,-397.9356
aryne_1409,-397.9366
aryne_1410,-1229.8784
aryne_1411,-831.7309
aryne_1412,-1036.1451
aryne_1413,
aryne_1414,-941.2003
aryne_1415,-490.0707
aryne_1416,
aryne_1417,-882.0072
aryne_1418,-957.1564
aryne_1419,-900.3928
aryne_1420,-827.8886
aryne_1421,-812.0517
aryne_1422,-559.073
aryne_1423,-505.0734
aryne_1424,-543.1233
aryne_1425,-811.9487
aryne_1426,-904.2078
aryne_1427,
aryne_1428,-920.2414
aryne_1429,-929.0353
aryne_1430,-929.0049
aryne_1431,-598.4792
aryne_1432,-489.0771
aryne_1433,-489.0095
aryne_1434,-598.4111
aryne_1435,-606.1096
aryne_1436,-1116.1185
aryne_1437,-940.0583
aryne_1438,-1343.1016
aryne_1439,-1032.2814
aryne_1440,-507.2959
aryne_1441,-507.2923
aryne_1442,-523.2688
aryne_1443,-582.4561
aryne_1444,-473.0309
aryne_1445,-472.9998
aryne_1446,-941.152
aryne_1447,-353.7768
aryne_1448,-602.2359
aryne_1449,-1343.1369
aryne_1450,-1243.2058
aryne_1451,-413.9002
aryne_1452,-1000.4047
aryne_1453,-1149.7441
aryne_1454,-900.4194
aryne_1455,-680.0318
aryne_1456,-432.1276
aryne_1457,-432.1222
aryne_1458,-582.3852
aryne_1459,-582.3641
aryne_1460,-244.3584
aryne_1461,-488.9405
aryne_1462,
aryne_1463,-602.2861
aryne_1464,-357.6439
aryne_1465,-941.2308
aryne_1466,-602.2382
aryne_1467,-1154.7125
aryne_1468,-508.861
aryne_1469,-489.077
aryne_1470,-489.0207
aryne_1471,-1343.1133
aryne_1472,-489.0378
aryne_1473,-488.9696
aryne_1474,
aryne_1475,-450.8519
aryne_1476,
aryne_1477,-945.0668
aryne_1478,-1036.17
aryne_1479,-1359.1083
aryne_1480,-596.0687
aryne_1481,
aryne_1482,
aryne_1483,-1585.9789
aryne_1484,-831.8266
aryne_1485,-916.4058
aryne_1486,-614.4068
aryne_1487,-505.0939
aryne_1488,-903.1009
aryne_1489,-941.2212
aryne_1490,
aryne_1491,-1016.4354
aryne_1492,-491.3023
aryne_1493,-491.3095
aryne_1494,-586.2775
aryne_1495,-940.0162
aryne_1496,-469.1611
aryne_1497,-573.5863
aryne_1498,-697.3234
aryne_1499,-633.0074
aryne_1500,-1171.8831
aryne_1501,-807.0107
aryne_1502,-560.3298
aryne_1503,-602.2159
aryne_1504,-795.9994
aryne_1505,-795.9233
aryne_1506,-704.8148
aryne_1507,-1091.439
aryne_1508,-582.4631
aryne_1509,-523.3129
aryne_1510,-618.2587
aryne_1511,-584.1044
aryne_1512,-355.9623
aryne_1513,-355.9667
aryne_1514,-831.8117
aryne_1515,-811.9242
aryne_1516,-485.2483
aryne_1517,-535.3839
aryne_1518,-535.386
aryne_1519,-535.3845
aryne_1520,
aryne_1521,-491.3058
aryne_1522,-491.2988
aryne_1523,-491.2798
aryne_1524,-925.2219
aryne_1525,-622.1278
aryne_1526,-602.2744
aryne_1527,-925.237
aryne_1528,-1267.9779
aryne_1529,-539.2188
aryne_1530,-941.1845
aryne_1531,
aryne_1532,-812.0158
aryne_1533,-485.2315
aryne_1534,-507.3196
aryne_1535,-507.2824
aryne_1536,-416.1109
aryne_1537,-416.1146
aryne_1538,-416.1126
aryne_1539,-416.1062
aryne_1540,-582.4411
aryne_1541,-925.1714
aryne_1542,-793.2649
aryne_1543,-793.2742
aryne_1544,-1016.4139
aryne_1545,-673.648
aryne_1546,-447.1016
aryne_1547,-845.0095
aryne_1548,-844.9982
aryne_1549,-492.8859
aryne_1550,
aryne_1551,-673.5273
aryne_1552,-1016.3273
aryne_1553,-843.937
aryne_1554,-903.0659
aryne_1555,-539.2228
aryne_1556,-447.0761
aryne_1557,-1262.9985
aryne_1558,-1267.9576
aryne_1559,-922.9834
aryne_1560,-845.0638
aryne_1561,-945.0292
aryne_1562,-864.858
aryne_1563,-580.2403
aryne_1564,-768.4657
aryne_1565,-1154.7264
aryne_1566,-1002.8692
aryne_1567,-1091.5122
aryne_1568,-1343.1199
aryne_1569,-1243.1995
aryne_1570,-1572.6547
aryne_1571,-677.4768
aryne_1572,-1154.7092
aryne_1573,-811.9495
aryne_1574,-845.069
aryne_1575,-504.9372
aryne_1576,-941.1774
aryne_1577,-828.0333
aryne_1578,-485.1788
aryne_1579,-523.3274
aryne_1580,-677.3845
aryne_1581,-597.2249
aryne_1582,-473.017
aryne_1583,-472.9294
aryne_1584,-485.2696
aryne_1585,-1320.9945
aryne_1586,-845.1014
aryne_1587,-507.2598
aryne_1588,-507.2798
aryne_1589,-488.9979
aryne_1590,-941.1845
aryne_1591,-614.3082
aryne_1592,-925.2357
aryne_1593,-925.1967
aryne_1594,-1020.1367
aryne_1595,-843.969
aryne_1596,-580.1589
aryne_1597,-505.0317
aryne_1598,-602.3066
aryne_1599,-827.9987
aryne_1600,-582.5143
aryne_1601,-768.5356
aryne_1602,-1661.1288
aryne_1603,-693.3228
aryne_1604,-829.1163
aryne_1605,-602.2108
aryne_1606,-507.3084
aryne_1607,-507.3048
aryne_1608,
aryne_1609,-793.2104
aryne_1610,-539.1939
aryne_1611,-618.1904
aryne_1612,-618.2595
aryne_1613,-941.1945
aryne_1614,-603.8966
aryne_1615,-444.4058
aryne_1616,-391.7378
aryne_1617,-796.0064
aryne_1618,-506.1635
aryne_1619,-1000.3969
aryne_1620,-582.46
aryne_1621,-582.4268
aryne_1622,-961.022
aryne_1623,-491.2816
aryne_1624,-491.2629
aryne_1625,-491.2795
aryne_1626,-1111.2524
aryne_1627,-502.3274
aryne_1628,
aryne_1629,-1111.336
aryne_1630,-1000.4194
aryne_1631,-543.081
aryne_1632,-793.238
aryne_1633,-527.0833
aryne_1634,-505.009
aryne_1635,-906.9391
aryne_1636,-693.5179
aryne_1637,-527.1114
aryne_1638,-524.9383
aryne_1639,-622.1048
aryne_1640,-598.399
aryne_1641,-1000.2889
aryne_1642,-1135.9927
aryne_1643,
aryne_1644,-453.1795
aryne_1645,-815.7882
aryne_1646,-523.2651
aryne_1647,-511.1192
aryne_1648,-511.1329
aryne_1649,-580.2035
aryne_1650,-662.3293
aryne_1651,-811.9403
aryne_1652,
aryne_1653,-909.1891
aryne_1654,-909.1755
aryne_1655,-469.2378
aryne_1656,-1362.9771
aryne_1657,
aryne_1658,-432.1308
aryne_1659,-432.1344
aryne_1660,-925.1881
aryne_1661,-945.0696
aryne_1662,-945.0638
aryne_1663,-1685.861
aryne_1664,-523.2392
aryne_1665,-523.3492
aryne_1666,
aryne_1667,
aryne_1668,-585.0044
aryne_1669,-524.8235
aryne_1670,-489.0452
aryne_1671,-941.1536
aryne_1672,-606.1584
aryne_1673,-606.1619
aryne_1674,-606.1641
aryne_1675,-489.031
aryne_1676,
aryne_1677,-831.842
aryne_1678,-622.067
aryne_1679,-566.4159
aryne_1680,-566.3745
aryne_1681,-1168.0674
aryne_1682,-677.4172
aryne_1683,-521.0214
aryne_1684,-469.2276
aryne_1685,-677.4324
aryne_1686,-1040.0234
aryne_1687,-925.2176
aryne_1688,-689.5333
aryne_1689,-1016.3087
aryne_1690,-960.9864
aryne_1691,-602.2893
aryne_1692,-637.9872
aryne_1693,-469.149
aryne_1694,-944.9915
aryne_1695,-1000.3025
aryne_1696,-1000.3102
aryne_1697,-580.1474
aryne_1698,-793.6687
aryne_1699,-601.0418
aryne_1700,-925.2559
aryne_1701,-691.046
aryne_1702,-691.05
aryne_1703,-691.0628
aryne_1704,-691.0514
aryne_1705,-393.971
aryne_1706,-394.0281
aryne_1707,-488.974
aryne_1708,-586.2721
aryne_1709,-586.2651
aryne_1710,-1267.9596
aryne_1711,
aryne_1712,
aryne_1713,
aryne_1714,
aryne_1715,
aryne_1716,-598.4177
aryne_1717,-505.0612
aryne_1718,-495.1084
aryne_1719,-495.1268
aryne_1720,-495.1251
aryne_1721,-495.122
aryne_1722,-582.4273
aryne_1723,
aryne_1724,-473.055
aryne_1725,-472.9998
aryne_1726,
aryne_1727,-1000.4026
aryne_1728,-1685.8889
aryne_1729,
aryne_1730,-602.292
aryne_1731,-929.046
aryne_1732,
aryne_1733,-583.3213
aryne_1734,-787.157
aryne_1735,-489.0397
aryne_1736,
aryne_1737,
aryne_1738,-925.1834
aryne_1739,-887.0939
aryne_1740,-444.3338
aryne_1741,-811.9562
aryne_1742,-1249.7143
aryne_1743,-586.2186
aryne_1744,-586.1741
aryne_1745,-925.192
aryne_1746,-925.1692
aryne_1747,-568.9421
aryne_1748,-568.9864
aryne_1749,-709.2887
aryne_1750,-485.137
aryne_1751,-618.3118
aryne_1752,-341.6451
aryne_1753,-341.619
aryne_1754,-713.1992
aryne_1755,-673.545
aryne_1756,-546.9476
aryne_1757,-843.9854
aryne_1758,-1016.2855
aryne_1759,-866.0596
aryne_1760,-469.1744
aryne_1761,-1091.5158
aryne_1762,
aryne_1763,-475.2745
aryne_1764,-475.2681
aryne_1765,-475.2487
aryne_1766,-539.2646
aryne_1767,-602.3259
aryne_1768,-602.3197
aryne_1769,-582.4479
aryne_1770,-582.4484
aryne_1771,-634.2688
aryne_1772,-748.7262
aryne_1773,-520.9179
aryne_1774,-1032.2957
aryne_1775,-598.4309
aryne_1776,-920.2471
aryne_1777,
aryne_1778,-1203.8315
aryne_1779,-655.2969
aryne_1780,-597.2418
aryne_1781,-391.7788
aryne_1782,-906.9965
aryne_1783,-1020.1267
aryne_1784,-1229.9524
aryne_1785,-655.3671
aryne_1786,
aryne_1787,-543.1362
aryne_1788,-1343.1385
aryne_1789,-1171.841
aryne_1790,-679.9655
aryne_1791,-566.4591
aryne_1792,-1362.9671
aryne_1793,-1020.203
aryne_1794,-501.1803
aryne_1795,-906.9498
aryne_1796,-485.1854
aryne_1797,-543.133
aryne_1798,-543.1315
aryne_1799,-508.8638
aryne_1800,-925.2254
aryne_1801,-1318.3938
aryne_1802,
aryne_1803,-925.2064
aryne_1804,-600.064
aryne_1805,-1145.9363
aryne_1806,-564.1521
aryne_1807,-919.107
aryne_1808,
aryne_1809,-1016.4009
aryne_1810,-507.2666
aryne_1811,-901.9397
aryne_1812,
aryne_1813,-617.0481
aryne_1814,-523.2843
aryne_1815,
aryne_1816,-407.7155
aryne_1817,-600.0621
aryne_1818,-473.0806
aryne_1819,-472.9957
aryne_1820,-539.2767
aryne_1821,-1138.7621
aryne_1822,-507.3274
aryne_1823,-527.0909
aryne_1824,-527.0852
aryne_1825,-466.523
aryne_1826,-936.1688
aryne_1827,-1002.88
aryne_1828,-453.1165
aryne_1829,-453.1595
aryne_1830,-453.154
aryne_1831,-829.0879
aryne_1832,
aryne_1833,-805.8106
aryne_1834,-1036.2616
aryne_1835,-1245.9366
aryne_1836,-847.8245
aryne_1837,-1338.1264
aryne_1838,-961.031
aryne_1839,-1154.7485
aryne_1840,-906.8593
aryne_1841,-689.4892
aryne_1842,-618.1781
aryne_1843,-1494.8292
aryne_1844,-507.3352
aryne_1845,-507.3304
aryne_1846,-788.3029
aryne_1847,
aryne_1848,-618.3199
aryne_1849,-752.793
aryne_1850,-957.1585
aryne_1851,-618.2457
aryne_1852,-598.5047
aryne_1853,-584.0163
aryne_1854,-582.4026
aryne_1855,-887.0675
aryne_1856,-887.0391
aryne_1857,-848.9459
aryne_1858,-524.8706
aryne_1859,
aryne_1860,
aryne_1861,-1020.2451
aryne_1862,
aryne_1863,-1036.1598
aryne_1864,-923.0013
aryne_1865,-709.3115
aryne_1866,
aryne_1867,-925.233
aryne_1868,-925.2236
aryne_1869,-827.9924
aryne_1870,-925.2439
aryne_1871,-602.3115
aryne_1872,-602.2845
aryne_1873,-831.763
aryne_1874,-829.1308
aryne_1875,-795.9265
aryne_1876,-795.9587
aryne_1877,-560.3695
aryne_1878,-464.1023
aryne_1879,-464.1047
aryne_1880,-944.9956
aryne_1881,
aryne_1882,-582.4559
aryne_1883,-909.2181
aryne_1884,-909.2237
aryne_1885,-501.1339
aryne_1886,-903.0597
aryne_1887,-602.3214
aryne_1888,-834.0427
aryne_1889,-834.0418
aryne_1890,-834.0443
aryne_1891,-378.0879
aryne_1892,-378.0945
aryne_1893,-378.0312
aryne_1894,-955.9649
aryne_1895,-1229.8547
aryne_1896,-956.0344
aryne_1897,-391.7757
aryne_1898,
aryne_1899,-582.4177
aryne_1900,
aryne_1901,-847.8006
aryne_1902,-560.3446
aryne_1903,-394.054
aryne_1904,
aryne_1905,-941.1972
aryne_1906,
aryne_1907,-845.1216
aryne_1908,-1020.1821
aryne_1909,-1000.3986
aryne_1910,-559.2231
aryne_1911,-752.8516
aryne_1912,-941.2327
aryne_1913,-998.0354
aryne_1914,-1434.2015
aryne_1915,-473.0438
aryne_1916,-472.9993
aryne_1917,-925.1968
aryne_1918,-796.0104
aryne_1919,-795.9311
aryne_1920,-828.0039
aryne_1921,-522.2392
aryne_1922,-673.6255
aryne_1923,-561.4136
aryne_1924,-561.4012
aryne_1925,-1036.1382
aryne_1926,
aryne_1927,-697.2653
aryne_1928,-1091.4345
aryne_1929,-945.0598
aryne_1930,
aryne_1931,-539.2601
aryne_1932,-618.2421
aryne_1933,-488.9827
aryne_1934,-1000.3318
aryne_1935,-524.8647
aryne_1936,-906.8549
aryne_1937,
aryne_1938,-489.1313
aryne_1939,-903.0672
aryne_1940,
aryne_1941,-432.1675
aryne_1942,-489.0211
aryne_1943,-598.463
aryne_1944,-523.3164
aryne_1945,
aryne_1946,
aryne_1947,
aryne_1948,-730.7259
aryne_1949,-489.0091
aryne_1950,-1263.011
aryne_1951,-866.047
aryne_1952,
aryne_1953,
aryne_1954,
aryne_1955,
aryne_1956,-507.2939
aryne_1957,-507.2702
aryne_1958,-941.2101
aryne_1959,-453.2437
aryne_1960,-453.1918
aryne_1961,-1040.081
aryne_1962,-371.9629
aryne_1963,-582.5145
aryne_1964,-582.5218
aryne_1965,-697.2447
aryne_1966,-1091.4675
aryne_1967,-586.2968
aryne_1968,-586.2963
aryne_1969,-925.1656
aryne_1970,-768.4914
aryne_1971,-1245.8447
aryne_1972,-489.1256
aryne_1973,-489.1321
aryne_1974,-602.3103
aryne_1975,-925.2148
aryne_1976,-378.066
aryne_1977,-378.0476
aryne_1978,-1016.247
aryne_1979,-1359.1407
aryne_1980,-491.3291
aryne_1981,-491.3273
aryne_1982,-491.3248
aryne_1983,-600.0597
aryne_1984,-522.0434
aryne_1985,-577.4647
aryne_1986,
aryne_1987,-394.0768
aryne_1988,-1283.9404
aryne_1989,-614.45
aryne_1990,
aryne_1991,-679.9165
aryne_1992,-955.9953
aryne_1993,
aryne_1994,-831.8616
aryne_1995,
aryne_1996,
aryne_1997,-887.1079
aryne_1998,
aryne_1999,-486.2657
aryne_2000,-486.2717
aryne_2001,-527.0892
aryne_2002,
aryne_2003,-906.9945
aryne_2004,-925.1598
aryne_2005,-489.0438
aryne_2006,-673.6381
aryne_2007,
aryne_2008,-602.257
aryne_2009,-916.3512
aryne_2010,-384.1076
aryne_2011,-384.1123
aryne_2012,
aryne_2013,-657.584
aryne_2014,-426.0658
aryne_2015,
aryne_2016,-1170.7622
aryne_2017,-504.8977
aryne_2018,-576.2775
aryne_2019,-655.166
aryne_2020,-582.3853
aryne_2021,-828.0191
aryne_2022,-920.2485
aryne_2023,-1016.3901
aryne_2024,-689.4869
aryne_2025,-900.4176
aryne_2026,-697.3118
aryne_2027,
aryne_2028,-919.0531
aryne_2029,-919.0449
aryne_2030,-1020.2262
aryne_2031,-544.3762
aryne_2032,-597.2429
aryne_2033,-748.7303
aryne_2034,-262.6386
aryne_2035,-834.0711
aryne_2036,-834.0399
aryne_2037,-834.0434
aryne_2038,-924.0451
aryne_2039,
aryne_2040,-925.1856
aryne_2041,
aryne_2042,-618.2515
aryne_2043,-566.4644
aryne_2044,-812.0089
aryne_2045,-488.9782
aryne_2046,-560.2878
aryne_2047,-1434.2423
aryne_2048,
aryne_2049,-582.3533
aryne_2050,
aryne_2051,-825.2525
aryne_2052,-622.134
aryne_2053,-580.1921
aryne_2054,-618.2386
aryne_2055,-485.2111
aryne_2056,-559.1053
aryne_2057,-1267.9742
aryne_2058,-697.3008
aryne_2059,-925.1981
aryne_2060,-900.3959
aryne_2061,
aryne_2062,-511.1262
aryne_2063,-511.1435
aryne_2064,-677.4148
aryne_2065,-489.0683
aryne_2066,-593.4261
aryne_2067,-1020.2561
aryne_2068,-730.7333
aryne_2069,
aryne_2070,-736.8387
aryne_2071,-1338.1565
aryne_2072,-1041.5254
aryne_2073,-926.7947
aryne_2074,-582.4441
aryne_2075,-809.2814
aryne_2076,-485.1924
aryne_2077,-560.371
aryne_2078,-489.0743
aryne_2079,-1229.8492
aryne_2080,-455.7246
aryne_2081,-1091.4518
aryne_2082,-941.2131
aryne_2083,-618.2881
aryne_2084,-831.8752
aryne_2085,-945.0566
aryne_2086,-1000.3902
aryne_2087,-825.3001
aryne_2088,-559.0697
aryne_2089,-1267.9764
aryne_2090,-485.1738
aryne_2091,-1321.0103
aryne_2092,-916.3794
aryne_2093,-693.5099
aryne_2094,-945.066
aryne_2095,
aryne_2096,-489.0276
aryne_2097,-581.2429
aryne_2098,
aryne_2099,-618.3276
aryne_2100,-673.551
aryne_2101,-520.9615
aryne_2102,-486.3125
aryne_2103,-524.8595
aryne_2104,-487.7246
aryne_2105,
aryne_2106,-582.3933
aryne_2107,-850.0512
aryne_2108,-850.022
aryne_2109,-618.2734
aryne_2110,-448.1183
aryne_2111,-448.1228
aryne_2112,-1032.3008
aryne_2113,-602.215
aryne_2114,-507.2867
aryne_2115,-507.2887
aryne_2116,-507.2932
aryne_2117,-622.0066
aryne_2118,-693.4467
aryne_2119,-768.4868
aryne_2120,-812.0447
aryne_2121,-812.0505
aryne_2122,-925.2234
aryne_2123,-1321.0198
aryne_2124,-714.692
aryne_2125,-576.2943
aryne_2126,-606.1259
aryne_2127,-581.2356
aryne_2128,
aryne_2129,-906.9384
aryne_2130,-827.8923
aryne_2131,-1016.3406
aryne_2132,-507.2873
aryne_2133,-507.2882
aryne_2134,-1020.072
aryne_2135,-673.5314
aryne_2136,-827.9253
aryne_2137,-523.2968
aryne_2138,-689.492
aryne_2139,-909.2243
aryne_2140,-1229.9046
aryne_2141,-1020.218
aryne_2142,-469.2753
aryne_2143,-469.1975
aryne_2144,-1283.9846
aryne_2145,-1040.0409
aryne_2146,-841.2935
aryne_2147,-598.4885
aryne_2148,-582.4695
aryne_2149,-1243.2003
aryne_2150,-1229.8442
aryne_2151,-501.255
aryne_2152,-1016.2607
aryne_2153,-1041.5154
aryne_2154,-925.1921
aryne_2155,-622.1119
aryne_2156,-920.2468
aryne_2157,-1020.1511
aryne_2158,-909.2174
aryne_2159,-909.1812
aryne_2160,-602.3431
aryne_2161,-1359.0928
aryne_2162,
aryne_2163,-522.1435
aryne_2164,-1000.3983
aryne_2165,-598.3777
aryne_2166,-925.1925
aryne_2167,-961.0187
aryne_2168,-577.4557
aryne_2169,-697.3037
aryne_2170,-920.2034
aryne_2171,-660.1431
aryne_2172,-511.1166
aryne_2173,-511.1172
aryne_2174,
aryne_2175,
aryne_2176,-736.8461
aryne_2177,-843.9007
aryne_2178,-598.4117
aryne_2179,-925.1744
aryne_2180,-945.0517
aryne_2181,-978.2285
aryne_2182,
aryne_2183,-464.1281
aryne_2184,-598.4521
aryne_2185,
aryne_2186,-736.8555
aryne_2187,-622.1234
aryne_2188,-566.4588
aryne_2189,-582.457
aryne_2190,-945.0769
aryne_2191,-697.301
aryne_2192,-523.313
aryne_2193,-1267.9184
aryne_2194,-866.042
aryne_2195,-845.0652
aryne_2196,-1267.9733
aryne_2197,-491.2732
aryne_2198,-491.2706
aryne_2199,-941.1838
aryne_2200,-1267.968
aryne_2201,-586.1933
aryne_2202,-586.2112
aryne_2203,-580.1692
aryne_2204,-945.0138
aryne_2205,-618.2489
aryne_2206,-925.1882
aryne_2207,-702.519
aryne_2208,-702.567
aryne_2209,-1116.6598
aryne_2210,
aryne_2211,-941.212
aryne_2212,-569.0042
aryne_2213,-602.2706
aryne_2214,-1358.0427
aryne_2215,-900.4058
aryne_2216,-693.3948
aryne_2217,-788.3901
aryne_2218,-906.9257
aryne_2219,-717.0268
aryne_2220,-900.4571
aryne_2221,-1320.9378
aryne_2222,-961.0551
aryne_2223,-577.451
aryne_2224,-502.3391
aryne_2225,-505.0854
aryne_2226,
aryne_2227,-827.9672
aryne_2228,-809.2804
aryne_2229,-827.9675
aryne_2230,-945.0701
aryne_2231,-618.3193
aryne_2232,-618.2654
aryne_2233,-602.2063
aryne_2234,-585.0231
aryne_2235,-677.3673
aryne_2236,-432.1629
aryne_2237,-432.1312
aryne_2238,-413.8992
aryne_2239,-413.8375
aryne_2240,-920.1835
aryne_2241,-773.3831
aryne_2242,-1661.087
aryne_2243,-606.1214
aryne_2244,-866.0405
aryne_2245,-809.3069
aryne_2246,-847.8578
aryne_2247,-1000.4077
aryne_2248,-614.3619
aryne_2249,-827.9387
aryne_2250,-693.4961
aryne_2251,-602.2387
aryne_2252,-582.3917
aryne_2253,-1359.0931
aryne_2254,-583.9383
aryne_2255,-831.8594
aryne_2256,-909.172
aryne_2257,-909.1807
aryne_2258,-598.5135
aryne_2259,
aryne_2260,
aryne_2261,-811.9895
aryne_2262,-1016.2693
aryne_2263,-566.4767
aryne_2264,-866.0399
aryne_2265,-599.9744
aryne_2266,-718.5566
aryne_2267,-602.354
aryne_2268,-602.3547
aryne_2269,-606.0475
aryne_2270,-605.9856
aryne_2271,-564.1985
aryne_2272,-809.2836
aryne_2273,-469.212
aryne_2274,-618.16
aryne_2275,-815.8294
aryne_2276,-815.7393
aryne_2277,-581.2333
aryne_2278,-581.2206
aryne_2279,-906.9764
aryne_2280,-1184.0742
aryne_2281,-539.2496
aryne_2282,-505.0169
aryne_2283,-1154.6654
aryne_2284,-469.2475
aryne_2285,-812.0446
aryne_2286,-522.0993
aryne_2287,-920.203
aryne_2288,-850.0502
aryne_2289,-850.013
aryne_2290,-1249.7092
aryne_2291,-673.5732
aryne_2292,-583.9576
aryne_2293,
aryne_2294,-560.2579
aryne_2295,-847.8386
aryne_2296,-598.5229
aryne_2297,-698.7168
aryne_2298,-904.2182
aryne_2299,
aryne_2300,-564.1794
aryne_2301,-498.4232
aryne_2302,-995.3421
aryne_2303,
aryne_2304,
aryne_2305,-1321.0025
aryne_2306,-1111.342
aryne_2307,-635.4996
aryne_2308,-482.4171
aryne_2309,-906.9533
aryne_2310,
aryne_2311,-1091.4195
aryne_2312,
aryne_2313,-617.0434
aryne_2314,-543.1154
aryne_2315,-469.1482
aryne_2316,
aryne_2317,-929.0368
aryne_2318,-606.1042
aryne_2319,-606.0881
aryne_2320,-806.9577
aryne_2321,-713.2688
aryne_2322,-1016.3725
aryne_2323,-795.9877
aryne_2324,-795.956
aryne_2325,-809.6679
aryne_2326,-638.0841
aryne_2327,-925.2274
aryne_2328,-925.2102
aryne_2329,-845.1162
aryne_2330,-1000.368
aryne_2331,-486.3571
aryne_2332,-448.1497
aryne_2333,-448.1508
aryne_2334,-485.1949
aryne_2335,-849.9925
aryne_2336,
aryne_2337,-586.3099
aryne_2338,-586.294
aryne_2339,-228.3423
aryne_2340,-485.1775
aryne_2341,
aryne_2342,-507.2486
aryne_2343,-1091.4383
aryne_2344,
aryne_2345,-904.2273
aryne_2346,-560.4156
aryne_2347,-566.3855
aryne_2348,
aryne_2349,-828.0025
aryne_2350,-507.3286
aryne_2351,-507.3372
aryne_2352,-415.5444
aryne_2353,-539.2334
aryne_2354,-693.3478
aryne_2355,-582.4676
aryne_2356,-618.3105
aryne_2357,-832.9462
aryne_2358,
aryne_2359,-410.0023
aryne_2360,-507.3108
aryne_2361,-507.3114
aryne_2362,-527.1547
aryne_2363,-850.0638
aryne_2364,-887.0442
aryne_2365,-868.7833
aryne_2366,-598.4763
aryne_2367,
aryne_2368,-602.2944
aryne_2369,-1251.9613
aryne_2370,-1251.9529
aryne_2371,-698.7229
aryne_2372,-394.0525
aryne_2373,
aryne_2374,-812.0069
aryne_2375,-394.0835
aryne_2376,-566.4617
aryne_2377,-1343.1404
aryne_2378,
aryne_2379,-718.5517
aryne_2380,-523.3116
aryne_2381,-580.1206
aryne_2382,-811.9667
aryne_2383,-925.2103
aryne_2384,-580.1456
aryne_2385,-1343.0986
aryne_2386,-564.2447
aryne_2387,-527.1648
aryne_2388,
aryne_2389,
aryne_2390,-1149.7614
aryne_2391,-584.0924
aryne_2392,-566.7682
aryne_2393,-507.3182
aryne_2394,-507.2937
aryne_2395,-613.1978
aryne_2396,-598.4729
aryne_2397,-582.4819
aryne_2398,-582.4981
aryne_2399,-1111.2485
aryne_2400,-564.2543
aryne_2401,-416.1481
aryne_2402,-416.1513
aryne_2403,-416.1466
aryne_2404,-560.3015
aryne_2405,-508.8915
aryne_2406,-560.3125
aryne_2407,-489.1121
aryne_2408,-713.2404
aryne_2409,-602.2727
aryne_2410,-864.8999
aryne_2411,-492.8765
aryne_2412,-492.8105
aryne_2413,-1152.0804
aryne_2414,-1152.0946
aryne_2415,-815.8581
aryne_2416,-815.8575
aryne_2417,-815.857
aryne_2418,-925.1792
aryne_2419,-925.1972
aryne_2420,-560.4108
aryne_2421,-843.9401
aryne_2422,-630.3256
aryne_2423,-1249.6431
aryne_2424,-508.8832
aryne_2425,-718.5517
aryne_2426,-828.0187
aryne_2427,-673.5698
aryne_2428,-523.3244
aryne_2429,
aryne_2430,-523.2468
aryne_2431,-473.081
aryne_2432,-473.0149
aryne_2433,-410.0956
aryne_2434,-1111.246
aryne_2435,-560.2864
aryne_2436,-485.2814
aryne_2437,
aryne_2438,-492.7718
aryne_2439,-453.1744
aryne_2440,-453.1104
aryne_2441,-925.2438
aryne_2442,-906.9966
aryne_2443,-618.2653
aryne_2444,-652.6019
aryne_2445,-1434.2126
aryne_2446,-1154.7778
aryne_2447,-618.2947
aryne_2448,-507.3395
aryne_2449,-507.337
aryne_2450,-1039.9203
aryne_2451,
aryne_2452,-598.4719
aryne_2453,-882.1676
aryne_2454,-618.1874
aryne_2455,-831.7592
aryne_2456,-978.2503
aryne_2457,-811.9102
aryne_2458,-657.6519
aryne_2459,-1245.9086
aryne_2460,-997.986
aryne_2461,-880.8464
aryne_2462,-995.4556
aryne_2463,-789.4092
aryne_2464,-793.7334
aryne_2465,-831.773
aryne_2466,-1036.2399
aryne_2467,-677.4005
aryne_2468,-508.8377
aryne_2469,-919.0611
aryne_2470,-469.1768
aryne_2471,
aryne_2472,-834.0624
aryne_2473,-834.0463
aryne_2474,-834.0427
aryne_2475,-622.1049
aryne_2476,-469.2736
aryne_2477,-929.0039
aryne_2478,-929.026
aryne_2479,
aryne_2480,
aryne_2481,-606.0776
aryne_2482,
aryne_2483,-978.2601
aryne_2484,-718.5441
aryne_2485,
aryne_2486,-482.4823
aryne_2487,-523.2694
aryne_2488,-655.3575
aryne_2489,-900.4131
aryne_2490,-834.0701
aryne_2491,-834.0499
aryne_2492,-834.0501
aryne_2493,-655.2215
aryne_2494,-788.2829
aryne_2495,-473.0712
aryne_2496,-472.9802
aryne_2497,-597.2275
aryne_2498,-410.0763
aryne_2499,-865.9978
aryne_2500,-945.0744
aryne_2501,
aryne_2502,-489.0589
aryne_2503,-622.1527
aryne_2504,-882.0139
aryne_2505,
aryne_2506,-613.2152
aryne_2507,
aryne_2508,
aryne_2509,
aryne_2510,-524.8507
aryne_2511,
aryne_2512,-1205.0879
aryne_2513,-622.1671
aryne_2514,-622.1744
aryne_2515,
aryne_2516,-940.0768
aryne_2517,-677.398
aryne_2518,-473.0102
aryne_2519,-472.9432
aryne_2520,-507.3387
aryne_2521,-795.9923
aryne_2522,-795.9577
aryne_2523,-900.4068
aryne_2524,-521.0534
aryne_2525,-618.2603
aryne_2526,-208.5275
aryne_2527,-1016.3732
aryne_2528,-811.9674
aryne_2529,-882.0135
aryne_2530,-1283.9435
aryne_2531,
aryne_2532,-448.143
aryne_2533,
aryne_2534,
aryne_2535,-673.5336
aryne_2536,-803.1516
aryne_2537,-473.077
aryne_2538,-580.2046
aryne_2539,-1034.9317
aryne_2540,-926.8549
aryne_2541,
aryne_2542,-582.4246
aryne_2543,-491.3032
aryne_2544,-491.3085
aryne_2545,-925.2566
aryne_2546,-925.2541
aryne_2547,-941.1834
aryne_2548,-1016.3207
aryne_2549,-1357.9198
aryne_2550,-584.9627
aryne_2551,-904.2228
aryne_2552,
aryne_2553,-507.3185
aryne_2554,-505.0535
aryne_2555,-811.9817
aryne_2556,-394.1286
aryne_2557,-945.0174
aryne_2558,-618.1935
aryne_2559,-922.9146
aryne_2560,-916.3821
aryne_2561,-507.3044
aryne_2562,-922.9441
aryne_2563,
aryne_2564,-961.0387
aryne_2565,-576.2667
aryne_2566,-598.4666
aryne_2567,-598.4971
aryne_2568,-521.0182
aryne_2569,-906.9266
aryne_2570,-936.1731
aryne_2571,-713.2901
aryne_2572,-1016.3679
aryne_2573,-593.4121
aryne_2574,
aryne_2575,
aryne_2576,-597.2214
aryne_2577,-504.9693
aryne_2578,-1020.1816
aryne_2579,-1016.3342
aryne_2580,-598.4326
aryne_2581,
aryne_2582,-618.1894
aryne_2583,-709.2739
aryne_2584,-580.2361
aryne_2585,-485.1419
aryne_2586,-660.2112
aryne_2587,-501.1946
aryne_2588,-602.2955
aryne_2589,-485.2008
aryne_2590,-482.5217
aryne_2591,-564.2087
aryne_2592,-560.4408
aryne_2593,-602.2456
aryne_2594,-815.7608
aryne_2595,
aryne_2596,-675.0981
aryne_2597,-359.7637
aryne_2598,-359.755
aryne_2599,-903.1235
aryne_2600,-602.3121
aryne_2601,-602.2915
aryne_2602,-469.1999
aryne_2603,-752.8407
aryne_2604,-909.2047
aryne_2605,-909.2222
aryne_2606,
aryne_2607,-1267.9337
aryne_2608,-394.0924
aryne_2609,-544.355
aryne_2610,-544.3718
aryne_2611,-1168.07
aryne_2612,-602.2419
aryne_2613,-518.2203
aryne_2614,-598.4517
aryne_2615,-544.3201
aryne_2616,-485.1562
aryne_2617,-598.4599
aryne_2618,-482.4468
aryne_2619,-593.4465
aryne_2620,
aryne_2621,
aryne_2622,-961.0161
aryne_2623,-410.0589
aryne_2624,-978.2628
aryne_2625,-793.2352
aryne_2626,-602.3178
aryne_2627,-1343.1582
aryne_2628,-960.9894
aryne_2629,-618.2999
aryne_2630,-498.4376
aryne_2631,-847.8246
aryne_2632,-825.3155
aryne_2633,-471.4361
aryne_2634,-471.4313
aryne_2635,-448.1394
aryne_2636,-562.9827
aryne_2637,-601.0488
aryne_2638,-812.0005
aryne_2639,-945.0453
aryne_2640,-1343.0985
aryne_2641,-394.0827
aryne_2642,-394.0117
aryne_2643,-693.2812
aryne_2644,-448.0971
aryne_2645,-224.5302
aryne_2646,-697.2161
aryne_2647,
aryne_2648,-504.965
aryne_2649,-598.3448
aryne_2650,-866.0456
aryne_2651,-1016.2856
aryne_2652,
aryne_2653,-582.4605
aryne_2654,-482.5241
aryne_2655,-614.3075
aryne_2656,-602.3159
aryne_2657,
aryne_2658,-381.8838
aryne_2659,
aryne_2660,-827.9915
aryne_2661,-598.3591
aryne_2662,-850.0734
aryne_2663,-850.0709
aryne_2664,-1116.1247
aryne_2665,-848.9674
aryne_2666,-720.8559
aryne_2667,-720.8583
aryne_2668,-720.858
aryne_2669,-1229.8244
aryne_2670,-378.0903
aryne_2671,-378.0994
aryne_2672,-378.042
aryne_2673,-709.2832
aryne_2674,-447.1096
aryne_2675,-525.9557
aryne_2676,-469.1742
aryne_2677,-847.7867
aryne_2678,-485.2463
aryne_2679,-394.0951
aryne_2680,-925.2569
aryne_2681,-1016.2998
aryne_2682,-677.4362
aryne_2683,-469.2502
aryne_2684,-601.0594
aryne_2685,-601.0295
aryne_2686,-811.9686
aryne_2687,-355.9421
aryne_2688,-461.4326
aryne_2689,-461.4363
aryne_2690,
aryne_2691,-812.01
aryne_2692,-373.5997
aryne_2693,-1000.3956
aryne_2694,-907.0023
aryne_2695,-618.1937
aryne_2696,-488.9189
aryne_2697,-469.1393
aryne_2698,-469.1781
aryne_2699,-941.2011
aryne_2700,-617.06
aryne_2701,-811.9575
aryne_2702,-904.2229
aryne_2703,
aryne_2704,-847.7942
aryne_2705,-614.3265
aryne_2706,-622.1421
aryne_2707,-812.01
aryne_2708,-926.7654
aryne_2709,-676.2107
aryne_2710,-1152.0415
aryne_2711,-614.3996
aryne_2712,-945.074
aryne_2713,-945.0733
aryne_2714,-945.0023
aryne_2715,-887.1392
aryne_2716,-491.3113
aryne_2717,-491.3033
aryne_2718,-491.3051
aryne_2719,-618.2621
aryne_2720,-580.1645
aryne_2721,-829.0647
aryne_2722,-829.0643
aryne_2723,
aryne_2724,-922.9738
aryne_2725,-698.2243
aryne_2726,-1362.9586
aryne_2727,-524.817
aryne_2728,-827.9543
aryne_2729,-505.0547
aryne_2730,-828.0121
aryne_2731,-1136.4579
aryne_2732,-1168.0165
aryne_2733,-508.8737
aryne_2734,-827.9308
aryne_2735,-1020.2406
aryne_2736,-828.0161
aryne_2737,-909.2284
aryne_2738,-909.1877
aryne_2739,-394.0946
aryne_2740,-394.1029
aryne_2741,-1032.2675
aryne_2742,
aryne_2743,-489.0364
aryne_2744,-903.1405
aryne_2745,-812.041
aryne_2746,-523.2559
aryne_2747,-941.1499
aryne_2748,-543.0984
aryne_2749,-622.1829
aryne_2750,-1020.1321
aryne_2751,-523.2618
aryne_2752,-599.9708
aryne_2753,-1251.962
aryne_2754,-394.0889
aryne_2755,-827.952
aryne_2756,-632.9973
aryne_2757,-469.2035
aryne_2758,
aryne_2759,-925.1598
aryne_2760,-488.948
aryne_2761,-941.2125
aryne_2762,-581.2524
aryne_2763,
aryne_2764,-582.4573
aryne_2765,-488.9649
aryne_2766,-602.1831
aryne_2767,-602.1446
aryne_2768,-618.2548
aryne_2769,
aryne_2770,-394.0114
aryne_2771,-660.1561
aryne_2772,
aryne_2773,-410.0504
aryne_2774,
aryne_2775,
aryne_2776,-1247.0075
aryne_2777,
aryne_2778,-618.1996
aryne_2779,
aryne_2780,-523.3073
aryne_2781,-1359.1564
aryne_2782,
aryne_2783,-560.3196
aryne_2784,
aryne_2785,-582.4642
aryne_2786,-1138.7026
aryne_2787,-813.1143
aryne_2788,-813.0802
aryne_2789,-464.2088
aryne_2790,-489.0019
aryne_2791,-736.8254
aryne_2792,-736.8051
aryne_2793,-469.111
aryne_2794,-523.2691
aryne_2795,-394.0937
aryne_2796,
aryne_2797,-720.8366
aryne_2798,-560.3878
aryne_2799,-638.0522
aryne_2800,-1000.3797
aryne_2801,-826.7663
aryne_2802,
aryne_2803,-598.4477
aryne_2804,-941.2
aryne_2805,-507.2817
aryne_2806,-1040.0116
aryne_2807,-868.7784
aryne_2808,-811.9782
aryne_2809,-887.0994
aryne_2810,-560.3367
aryne_2811,-852.7558
aryne_2812,-852.7971
aryne_2813,-606.116
aryne_2814,-1016.2727
aryne_2815,-492.7915
aryne_2816,-582.4512
aryne_2817,-713.239
aryne_2818,-1129.8942
aryne_2819,-560.2669
aryne_2820,
aryne_2821,
aryne_2822,
aryne_2823,-1000.3522
aryne_2824,-906.9421
aryne_2825,-845.1523
aryne_2826,-925.1969
aryne_2827,-391.7459
aryne_2828,-1246.9976
aryne_2829,
aryne_2830,-941.1883
aryne_2831,-698.7237
aryne_2832,
aryne_2833,
aryne_2834,-831.8201
aryne_2835,-1572.6426
aryne_2836,
aryne_2837,-618.2431
aryne_2838,-1171.8815
aryne_2839,
aryne_2840,
aryne_2841,-1016.287
aryne_2842,
aryne_2843,
aryne_2844,-586.3097
aryne_2845,-586.3082
aryne_2846,-1000.3901
aryne_2847,-597.2515
aryne_2848,-524.8186
aryne_2849,-679.9601
aryne_2850,-941.1792
aryne_2851,-504.9857
aryne_2852,-582.4519
aryne_2853,-829.0905
aryne_2854,
aryne_2855,-1057.508
aryne_2856,-1343.1039
aryne_2857,-584.0754
aryne_2858,-1036.1971
aryne_2859,-586.2859
aryne_2860,-586.279
aryne_2861,-925.1935
aryne_2862,-677.4917
aryne_2863,-426.073
aryne_2864,
aryne_2865,-841.2741
aryne_2866,-1191.7043
aryne_2867,-466.8653
aryne_2868,
aryne_2869,-586.2039
aryne_2870,-586.2038
aryne_2871,-618.2853
aryne_2872,-489.0181
aryne_2873,-560.3877
aryne_2874,-903.1814
aryne_2875,-925.1674
aryne_2876,
aryne_2877,
aryne_2878,-1170.7819
aryne_2879,-507.2909
aryne_2880,-507.2752
aryne_2881,-831.7375
aryne_2882,-673.5295
aryne_2883,-1434.2365
aryne_2884,-945.0726
aryne_2885,-527.105
aryne_2886,-527.1139
aryne_2887,-944.9933
aryne_2888,
aryne_2889,-906.9191
aryne_2890,-598.5228
aryne_2891,-520.9768
aryne_2892,-523.3003
aryne_2893,-693.4164
aryne_2894,-299.7405
aryne_2895,-941.224
aryne_2896,-520.9572
aryne_2897,-580.1116
aryne_2898,-555.2222
aryne_2899,-246.6593
aryne_2900,-246.6553
aryne_2901,-887.168
aryne_2902,-866.0612
aryne_2903,
aryne_2904,
aryne_2905,-1091.4159
aryne_2906,-1132.6826
aryne_2907,-582.4419
aryne_2908,
aryne_2909,-522.0761
aryne_2910,-847.847
aryne_2911,-618.2333
aryne_2912,-507.2711
aryne_2913,-507.2684
aryne_2914,-507.2634
aryne_2915,-843.9832
aryne_2916,-527.1104
aryne_2917,-527.1114
aryne_2918,-673.6784
aryne_2919,-680.5696
aryne_2920,-564.1511
aryne_2921,-564.1633
aryne_2922,-696.5402
aryne_2923,-585.0109
aryne_2924,-844.0073
aryne_2925,-811.9547
aryne_2926,-887.1122
aryne_2927,-925.2055
aryne_2928,-806.9436
aryne_2929,-697.1081
aryne_2930,-925.1541
aryne_2931,-391.7271
aryne_2932,-1510.8543
aryne_2933,
aryne_2934,-1000.2804
aryne_2935,-1187.8945
aryne_2936,
aryne_2937,-452.5919
aryne_2938,-371.9508
aryne_2939,-866.0398
aryne_2940,-598.4336
aryne_2941,-1020.2057
aryne_2942,-485.1991
aryne_2943,-866.0529
aryne_2944,
aryne_2945,-925.207
aryne_2946,-426.0798
aryne_2947,-768.4777
aryne_2948,-807.0044
aryne_2949,-506.0766
aryne_2950,
aryne_2951,-445.881
aryne_2952,-507.2932
aryne_2953,-482.4484
aryne_2954,-697.2986
aryne_2955,-812.0038
aryne_2956,-371.9049
aryne_2957,-453.2416
aryne_2958,-453.2193
aryne_2959,-491.3089
aryne_2960,-491.3169
aryne_2961,-491.3165
aryne_2962,-580.1106
aryne_2963,-861.0754
aryne_2964,-355.9557
aryne_2965,-887.1956
aryne_2966,-847.8395
aryne_2967,
aryne_2968,-262.6806
aryne_2969,-834.0439
aryne_2970,-834.0434
aryne_2971,-834.0406
aryne_2972,
aryne_2973,-884.4554
aryne_2974,-957.161
aryne_2975,-618.2674
aryne_2976,-582.4818
aryne_2977,-582.4691
aryne_2978,-359.7724
aryne_2979,-359.756
aryne_2980,
aryne_2981,-748.6737
aryne_2982,-618.2241
aryne_2983,
aryne_2984,-1016.4128
aryne_2985,-923.0096
aryne_2986,-736.8302
aryne_2987,-736.8418
aryne_2988,-538.0306
aryne_2989,
aryne_2990,-960.9974
aryne_2991,-543.1243
aryne_2992,-543.131
aryne_2993,-507.2411
aryne_2994,-507.2127
aryne_2995,-618.2631
aryne_2996,-577.4262
aryne_2997,-429.9306
aryne_2998,-566.4209
aryne_2999,-566.4228
aryne_3000,
aryne_3001,-471.7805
aryne_3002,-827.9337
aryne_3003,-928.9804
aryne_3004,-928.961
aryne_3005,-394.0043
aryne_3006,
aryne_3007,-547.5892
aryne_3008,-547.5961
aryne_3009,-547.5967
aryne_3010,-903.0655
aryne_3011,
aryne_3012,-520.9997
aryne_3013,-861.0128
aryne_3014,-634.1904
aryne_3015,-523.3087
aryne_3016,-489.0732
aryne_3017,-718.5498
aryne_3018,-825.3156
aryne_3019,-1036.1027
aryne_3020,-491.2442
aryne_3021,-491.2451
aryne_3022,-697.2743
aryne_3023,-811.9943
aryne_3024,-926.7614
aryne_3025,
aryne_3026,-850.0528
aryne_3027,-466.5123
aryne_3028,-1263.0349
aryne_3029,-1170.7677
aryne_3030,-375.7673
aryne_3031,-585.036
aryne_3032,-585.0339
aryne_3033,
aryne_3034,-564.2758
aryne_3035,-577.3973
aryne_3036,-1016.2933
aryne_3037,-1000.366
aryne_3038,-618.2704
aryne_3039,-925.2429
aryne_3040,-488.9913
aryne_3041,
aryne_3042,-523.2869
aryne_3043,-523.2879
aryne_3044,-638.1498
aryne_3045,-1020.2329
aryne_3046,-469.2228
aryne_3047,-507.2904
aryne_3048,-618.2225
aryne_3049,-850.0365
aryne_3050,-1020.1816
aryne_3051,-936.2117
aryne_3052,-491.2998
aryne_3053,-847.8316
aryne_3054,-410.1105
aryne_3055,-957.1847
aryne_3056,-537.5714
aryne_3057,-537.5782
aryne_3058,
aryne_3059,
aryne_3060,-453.2294
aryne_3061,-560.3445
aryne_3062,-900.4482
aryne_3063,-448.1137
aryne_3064,-861.0401
aryne_3065,-828.0073
aryne_3066,-1154.7822
aryne_3067,
aryne_3068,-827.9563
aryne_3069,
aryne_3070,-773.8752
aryne_3071,-580.1477
aryne_3072,
aryne_3073,-564.1616
aryne_3074,
aryne_3075,
aryne_3076,-488.9711
aryne_3077,-919.0189
aryne_3078,-393.9936
aryne_3079,-410.1043
aryne_3080,-505.0496
aryne_3081,-1478.83
aryne_3082,-1478.8452
aryne_3083,-486.7702
aryne_3084,-1111.3375
aryne_3085,-941.2123
aryne_3086,-713.1615
aryne_3087,
aryne_3088,-815.7345
aryne_3089,-475.2783
aryne_3090,-475.2753
aryne_3091,
aryne_3092,-605.9924
aryne_3093,
aryne_3094,
aryne_3095,-793.2149
aryne_3096,-429.8593
aryne_3097,-693.3134
aryne_3098,-827.9844
aryne_3099,-485.209
aryne_3100,-925.2456
aryne_3101,
aryne_3102,-527.1322
aryne_3103,-714.7165
aryne_3104,-793.6446
aryne_3105,-827.9286
aryne_3106,-502.2636
aryne_3107,-469.2345
aryne_3108,-1262.9784
aryne_3109,-602.2636
aryne_3110,-447.102
aryne_3111,-475.3036
aryne_3112,-475.294
aryne_3113,-475.2929
aryne_3114,-475.2977
aryne_3115,-906.9918
aryne_3116,-831.8177
aryne_3117,-580.2672
aryne_3118,-660.1144
aryne_3119,-544.389
aryne_3120,-831.7709
aryne_3121,-813.1452
aryne_3122,-813.1193
aryne_3123,-925.171
aryne_3124,
aryne_3125,-1020.242
aryne_3126,
aryne_3127,-796.0085
aryne_3128,-795.9695
aryne_3129,-957.1812
aryne_3130,-482.4543
aryne_3131,-903.1604
aryne_3132,-582.4168
aryne_3133,
aryne_3134,-598.4478
aryne_3135,-677.4728
aryne_3136,-371.9757
aryne_3137,-1041.5151
aryne_3138,-475.2876
aryne_3139,-475.3001
aryne_3140,-475.2974
aryne_3141,-475.295
aryne_3142,-906.9621
aryne_3143,
aryne_3144,-518.2322
aryne_3145,-466.4481
aryne_3146,-466.4807
aryne_3147,-505.0667
aryne_3148,-416.1461
aryne_3149,-812.0086
aryne_3150,-410.0977
aryne_3151,-1136.0728
aryne_3152,-1168.0278
aryne_3153,-1259.1538
aryne_3154,-566.4538
aryne_3155,-957.1585
aryne_3156,-618.2367
aryne_3157,-598.4076
aryne_3158,-813.5361
aryne_3159,-941.1746
aryne_3160,-655.2761
aryne_3161,-598.4944
aryne_3162,-925.236
aryne_3163,-887.0825
aryne_3164,-1016.3474
aryne_3165,-809.2688
aryne_3166,-697.2807
aryne_3167,-582.41
aryne_3168,
aryne_3169,
aryne_3170,-508.8535
aryne_3171,
aryne_3172,-523.2948
aryne_3173,-501.1548
aryne_3174,-945.0224
aryne_3175,-929.0517
aryne_3176,-929.0026
aryne_3177,-584.0885
aryne_3178,-602.2205
aryne_3179,-1116.1245
aryne_3180,
aryne_3181,-469.2408
aryne_3182,-469.1673
aryne_3183,-1167.9895
aryne_3184,
aryne_3185,-1020.1937
aryne_3186,
aryne_3187,
aryne_3188,-941.1479
aryne_3189,-828.0005
aryne_3190,
aryne_3191,-689.49
aryne_3192,-887.0973
aryne_3193,-887.0604
aryne_3194,-486.3317
aryne_3195,-1283.9379
aryne_3196,-909.2072
aryne_3197,-909.2242
aryne_3198,-582.3998
aryne_3199,
aryne_3200,-1020.2084
aryne_3201,
aryne_3202,-432.1728
aryne_3203,-432.1725
aryne_3204,-1170.7662
aryne_3205,-1016.2973
aryne_3206,-485.2391
aryne_3207,-1091.5146
aryne_3208,-673.5373
aryne_3209,-720.8296
aryne_3210,-375.7746
aryne_3211,-936.1634
aryne_3212,-450.8551
aryne_3213,-450.8788
aryne_3214,-598.4309
aryne_3215,-657.6473
aryne_3216,-812.0239
aryne_3217,-1243.1641
aryne_3218,-945.0543
aryne_3219,-524.9438
aryne_3220,-903.1211
aryne_3221,-618.2475
aryne_3222,
aryne_3223,
aryne_3224,-622.0913
aryne_3225,-566.4421
aryne_3226,-693.4208
aryne_3227,
aryne_3228,-586.2765
aryne_3229,-586.3007
aryne_3230,-638.1444
aryne_3231,-945.0624
aryne_3232,-975.5705
aryne_3233,-926.8231
aryne_3234,-584.9893
aryne_3235,-866.0203
aryne_3236,-828.0399
aryne_3237,-903.0928
aryne_3238,-978.1726
aryne_3239,-622.0637
aryne_3240,-1343.1582
aryne_3241,-1020.2021
aryne_3242,-1547.854
aryne_3243,-508.8304
aryne_3244,-520.9961
aryne_3245,-655.2771
aryne_3246,-887.0785
aryne_3247,
aryne_3248,-538.0988
aryne_3249,-831.8607
aryne_3250,-507.2851
aryne_3251,
aryne_3252,-582.408
aryne_3253,-677.4581
aryne_3254,-539.2589
aryne_3255,-920.2507
aryne_3256,-618.3307
aryne_3257,-655.3224
aryne_3258,
aryne_3259,
aryne_3260,-829.1133
aryne_3261,
aryne_3262,-593.4184
aryne_3263,-630.2943
aryne_3264,-925.1915
aryne_3265,-518.2331
aryne_3266,-900.4431
aryne_3267,-375.7603
aryne_3268,-903.0745
aryne_3269,-602.2605
aryne_3270,-602.2991
aryne_3271,-602.2806
aryne_3272,-617.0416
aryne_3273,-961.0455
aryne_3274,-485.2728
aryne_3275,-488.9637
aryne_3276,-775.5933
aryne_3277,-978.252
aryne_3278,-831.8767
aryne_3279,-831.8684
aryne_3280,-359.7661
aryne_3281,-598.5011
aryne_3282,-1229.8303
aryne_3283,-466.8459
aryne_3284,-582.4194
aryne_3285,-1111.2454
aryne_3286,-602.2435
aryne_3287,-602.2461
aryne_3288,-941.1639
aryne_3289,-598.4661
aryne_3290,-755.7571
aryne_3291,-884.3963
aryne_3292,-884.4169
aryne_3293,
aryne_3294,
aryne_3295,-1171.8698
aryne_3296,-1318.3637
aryne_3297,-582.4786
aryne_3298,-602.3103
aryne_3299,-602.3276
aryne_3300,-925.1284
aryne_3301,-929.0636
aryne_3302,-929.0655
aryne_3303,-929.0677
aryne_3304,-748.6566
aryne_3305,-583.9847
aryne_3306,-961.0411
aryne_3307,-618.3242
aryne_3308,-697.2862
aryne_3309,-505.0226
aryne_3310,-693.474
aryne_3311,-489.084
aryne_3312,-903.1382
aryne_3313,
aryne_3314,-920.2497
aryne_3315,-829.1245
aryne_3316,-998.0858
aryne_3317,-736.8695
aryne_3318,-736.8792
aryne_3319,-1318.3068
aryne_3320,-582.4904
aryne_3321,-618.2745
aryne_3322,-941.1917
aryne_3323,-812.0272
aryne_3324,-811.9351
aryne_3325,-1249.7799
aryne_3326,-689.5069
aryne_3327,-811.9142
aryne_3328,-598.4445
aryne_3329,-1227.1805
aryne_3330,-1227.1832
aryne_3331,-598.4329
aryne_3332,-850.0531
aryne_3333,-941.2209
aryne_3334,-507.2905
aryne_3335,-490.1565
aryne_3336,
aryne_3337,-504.989
aryne_3338,-887.1206
aryne_3339,-811.9445
aryne_3340,-375.77
aryne_3341,-957.1866
aryne_3342,-920.2393
aryne_3343,-903.0898
aryne_3344,-606.0962
aryne_3345,
aryne_3346,-773.8951
aryne_3347,-940.037
aryne_3348,-618.3315
aryne_3349,-598.5025
aryne_3350,
aryne_3351,-843.9399
aryne_3352,-485.224
aryne_3353,-501.1598
aryne_3354,-714.7237
aryne_3355,-1016.2494
aryne_3356,-580.1994
aryne_3357,-825.2731
aryne_3358,-523.2912
aryne_3359,-673.4845
aryne_3360,
aryne_3361,
aryne_3362,-564.2024
aryne_3363,-850.0196
aryne_3364,-850.0209
aryne_3365,-850.0233
aryne_3366,-560.3606
aryne_3367,-736.8467
aryne_3368,-677.3151
aryne_3369,-480.165
aryne_3370,-593.3833
aryne_3371,-543.0905
aryne_3372,-543.0846
aryne_3373,-845.123
aryne_3374,
aryne_3375,-1359.1571
aryne_3376,-657.6067
aryne_3377,-523.2965
aryne_3378,-925.1902
aryne_3379,-831.8124
aryne_3380,-543.1153
aryne_3381,-672.4875
aryne_3382,-584.0558
aryne_3383,-925.2142
aryne_3384,-847.8195
aryne_3385,-1434.2224
aryne_3386,-511.1125
aryne_3387,-511.1233
aryne_3388,-511.1182
aryne_3389,
aryne_3390,-961.0065
aryne_3391,-524.7773
aryne_3392,-850.0555
aryne_3393,-850.0529
aryne_3394,-906.9444
aryne_3395,-811.8972
aryne_3396,-1111.2349
aryne_3397,-831.7949
aryne_3398,-638.0774
aryne_3399,-638.0384
aryne_3400,-584.9635
aryne_3401,-510.0135
aryne_3402,-509.9954
aryne_3403,
aryne_3404,-887.0884
aryne_3405,-788.3591
aryne_3406,-714.1927
aryne_3407,-945.0852
aryne_3408,-1171.8302
aryne_3409,-1171.8801
aryne_3410,-925.1968
aryne_3411,-961.0101
aryne_3412,-1247.0003
aryne_3413,
aryne_3414,-618.1912
aryne_3415,
aryne_3416,
aryne_3417,
aryne_3418,-925.2501
aryne_3419,-473.0633
aryne_3420,-473.0175
aryne_3421,-469.1985
aryne_3422,-1263.0219
aryne_3423,
aryne_3424,-469.2412
aryne_3425,-469.1682
aryne_3426,-469.1929
aryne_3427,-541.9086
aryne_3428,-845.1044
aryne_3429,-618.2388
aryne_3430,-407.7459
aryne_3431,-713.2274
aryne_3432,-523.2473
aryne_3433,-523.2687
aryne_3434,-391.7978
aryne_3435,-505.0295
aryne_3436,-541.5987
aryne_3437,-541.6099
aryne_3438,
aryne_3439,-866.0252
aryne_3440,-940.0189
aryne_3441,-677.4755
aryne_3442,-466.9427
aryne_3443,-583.9785
aryne_3444,
aryne_3445,-827.9346
aryne_3446,-602.2377
aryne_3447,-827.9304
aryne_3448,-831.8471
aryne_3449,-491.3001
aryne_3450,-491.3137
aryne_3451,-491.3091
aryne_3452,-845.0524
aryne_3453,-812.0085
aryne_3454,-1318.3746
aryne_3455,-1343.1363
aryne_3456,-920.2129
aryne_3457,-831.8081
aryne_3458,
aryne_3459,
aryne_3460,-524.8614
aryne_3461,-485.2401
aryne_3462,-693.315
aryne_3463,-544.4108
aryne_3464,-697.3062
aryne_3465,-1020.0899
aryne_3466,-926.8515
aryne_3467,-613.2005
aryne_3468,-1020.1902
aryne_3469,-523.2664
aryne_3470,-524.8946
aryne_3471,-1020.2233
aryne_3472,-866.0406
aryne_3473,-489.0883
aryne_3474,-693.3552
aryne_3475,-748.74
aryne_3476,
aryne_3477,-677.4808
aryne_3478,-789.384
aryne_3479,-1091.5117
aryne_3480,-559.0581
aryne_3481,-945.009
aryne_3482,-657.5208
aryne_3483,-657.5175
aryne_3484,-795.9731
aryne_3485,-795.8845
aryne_3486,-539.2621
aryne_3487,-868.7369
aryne_3488,-923.0171
aryne_3489,-929.0508
aryne_3490,-473.1096
aryne_3491,-473.1103
aryne_3492,-473.1088
aryne_3493,-787.1942
aryne_3494,-693.3746
aryne_3495,-634.2636
aryne_3496,-941.2363
aryne_3497,-768.551
aryne_3498,-521.0255
aryne_3499,-635.416
aryne_3500,-697.1268
aryne_3501,-507.2899
aryne_3502,-507.2844
aryne_3503,
aryne_3504,-1111.2279
aryne_3505,-811.9896
aryne_3506,-697.2435
aryne_3507,-506.1876
aryne_3508,-1136.5174
aryne_3509,-1016.3111
aryne_3510,-602.3019
aryne_3511,-831.818
aryne_3512,-945.0045
aryne_3513,-978.2177
aryne_3514,-339.9387
aryne_3515,-939.9881
aryne_3516,-812.0141
aryne_3517,-622.1507
aryne_3518,-1138.7022
aryne_3519,
aryne_3520,-884.4143
aryne_3521,-941.1726
aryne_3522,-1267.9593
aryne_3523,-489.0359
aryne_3524,-720.8454
aryne_3525,-720.8509
aryne_3526,-720.8186
aryne_3527,-900.4485
aryne_3528,-920.2492
aryne_3529,
aryne_3530,-539.3985
aryne_3531,-585.0279
aryne_3532,-922.9193
aryne_3533,-672.3599
aryne_3534,-453.2229
aryne_3535,-453.169
aryne_3536,-698.2221
aryne_3537,-693.5126
aryne_3538,-489.0516
aryne_3539,-1154.7201
aryne_3540,-1359.0863
aryne_3541,-941.1671
aryne_3542,-866.0288
aryne_3543,-866.0259
aryne_3544,-564.1968
aryne_3545,-598.4579
aryne_3546,
aryne_3547,
aryne_3548,-602.2313
aryne_3549,-602.2325
aryne_3550,-568.9875
aryne_3551,-568.9418
aryne_3552,-1362.9875
aryne_3553,
aryne_3554,-903.0787
aryne_3555,-832.893
aryne_3556,
aryne_3557,-485.1385
aryne_3558,-569.0231
aryne_3559,-569.028
aryne_3560,-523.304
aryne_3561,-882.0081
aryne_3562,-978.2168
aryne_3563,-1040.0456
aryne_3564,-564.143
aryne_3565,-564.1595
aryne_3566,-448.1473
aryne_3567,-1000.2904
aryne_3568,-1000.2805
aryne_3569,-1283.9501
aryne_3570,-613.2212
aryne_3571,-925.1948
aryne_3572,-486.3343
aryne_3573,-582.5013
aryne_3574,
aryne_3575,
aryne_3576,-831.8155
aryne_3577,-1321.0133
aryne_3578,-693.3088
aryne_3579,
aryne_3580,-598.3816
aryne_3581,
aryne_3582,-1020.194
aryne_3583,-848.9622
aryne_3584,-601.0119
aryne_3585,-828.0252
aryne_3586,-1245.909
aryne_3587,-921.7902
aryne_3588,
aryne_3589,-596.0668
aryne_3590,-677.3213
aryne_3591,-677.3361
aryne_3592,-469.25
aryne_3593,-1362.971
aryne_3594,-582.3761
aryne_3595,-489.1083
aryne_3596,-413.9513
aryne_3597,-489.0874
aryne_3598,-394.038
aryne_3599,
aryne_3600,-602.2923
aryne_3601,
aryne_3602,-523.3055
aryne_3603,-598.4007
aryne_3604,-1243.1915
aryne_3605,-491.2751
aryne_3606,-491.2574
aryne_3607,-584.0111
aryne_3608,-1000.3686
aryne_3609,-940.0076
aryne_3610,-602.2941
aryne_3611,-602.2846
aryne_3612,-961.0255
aryne_3613,-584.0286
aryne_3614,
aryne_3615,-598.4457
aryne_3616,-543.0947
aryne_3617,-543.0926
aryne_3618,
aryne_3619,-518.3257
aryne_3620,
aryne_3621,-527.1501
aryne_3622,-527.1548
aryne_3623,-582.4952
aryne_3624,-464.0986
aryne_3625,-812.0164
aryne_3626,-1224.9104
aryne_3627,-941.2255
aryne_3628,-909.1434
aryne_3629,-909.1639
aryne_3630,
aryne_3631,-941.1834
aryne_3632,-371.9246
aryne_3633,-941.1823
aryne_3634,-941.1849
aryne_3635,-812.0131
aryne_3636,-845.0846
aryne_3637,-925.1888
aryne_3638,-1229.8895
aryne_3639,-1283.9671
aryne_3640,-829.0804
aryne_3641,-618.328
aryne_3642,-880.9016
aryne_3643,-680.0451
aryne_3644,
aryne_3645,-673.4996
aryne_3646,
aryne_3647,
aryne_3648,-655.2688
aryne_3649,
aryne_3650,-426.0647
aryne_3651,-1245.8753
aryne_3652,
aryne_3653,-564.1644
aryne_3654,-841.2181
aryne_3655,-834.0725
aryne_3656,-834.0489
aryne_3657,-887.1397
aryne_3658,-926.8301
aryne_3659,-795.9125
aryne_3660,-580.1997
aryne_3661,-355.9411
aryne_3662,-689.5328
aryne_3663,-1267.9778
aryne_3664,-614.4014
aryne_3665,
aryne_3666,-941.1776
aryne_3667,-850.0288
aryne_3668,-922.9683
aryne_3669,-1246.9967
aryne_3670,-1247.0707
aryne_3671,-448.1368
aryne_3672,-448.1105
aryne_3673,
aryne_3674,-394.102
aryne_3675,-394.0401
aryne_3676,-394.0706
aryne_3677,-450.4338
aryne_3678,-450.4526
aryne_3679,-677.398
aryne_3680,-677.355
aryne_3681,-834.0572
aryne_3682,-834.056
aryne_3683,-834.0542
aryne_3684,
aryne_3685,-1243.1504
aryne_3686,
aryne_3687,
aryne_3688,-748.7494
aryne_3689,-711.9919
aryne_3690,-919.0267
aryne_3691,-622.1513
aryne_3692,-622.1454
aryne_3693,-469.1992
aryne_3694,-1262.979
aryne_3695,-523.2868
aryne_3696,-576.3149
aryne_3697,-634.1781
aryne_3698,-469.1943
aryne_3699,-491.2732
aryne_3700,-491.2656
aryne_3701,-485.1528
aryne_3702,
aryne_3703,-978.1849
aryne_3704,-936.1957
aryne_3705,-1283.9363
aryne_3706,-945.0195
aryne_3707,-941.1804
aryne_3708,-887.172
aryne_3709,-544.3106
aryne_3710,-544.2759
aryne_3711,-906.9532
aryne_3712,-1359.1156
aryne_3713,-614.3331
aryne_3714,-940.0501
aryne_3715,-827.9885
aryne_3716,-1116.1303
aryne_3717,-941.1806
aryne_3718,-598.5096
aryne_3719,
aryne_3720,
aryne_3721,-961.0268
aryne_3722,-1091.4732
aryne_3723,-618.2606
aryne_3724,-505.091
aryne_3725,-1267.9552
aryne_3726,-584.0241
aryne_3727,-884.3952
aryne_3728,-884.4021
aryne_3729,-809.28
aryne_3730,
aryne_3731,-522.1001
aryne_3732,-677.3574
aryne_3733,-925.2246
aryne_3734,
aryne_3735,-489.0875
aryne_3736,
aryne_3737,-1259.1499
aryne_3738,-362.0597
aryne_3739,-1155.8628
aryne_3740,-1155.9125
aryne_3741,-582.4913
aryne_3742,-925.2115
aryne_3743,-527.0796
aryne_3744,-527.0785
aryne_3745,-527.0737
aryne_3746,-394.09
aryne_3747,-394.0402
aryne_3748,-693.3372
aryne_3749,-580.2374
aryne_3750,-714.1854
aryne_3751,-809.2286
aryne_3752,
aryne_3753,-673.5842
aryne_3754,-523.3003
aryne_3755,-523.3068
aryne_3756,-394.1204
aryne_3757,-394.13
aryne_3758,-634.227
aryne_3759,-507.2956
aryne_3760,-945.0424
aryne_3761,-485.131
aryne_3762,-518.3131
aryne_3763,-582.3807
aryne_3764,-582.3806
aryne_3765,-473.064
aryne_3766,-473.0011
aryne_3767,-593.4107
aryne_3768,-1283.9512
aryne_3769,-909.1861
aryne_3770,-909.2081
aryne_3771,-1362.9598
aryne_3772,-698.2044
aryne_3773,-1041.5214
aryne_3774,-634.292
aryne_3775,-543.1069
aryne_3776,
aryne_3777,
aryne_3778,-652.6617
aryne_3779,-606.1024
aryne_3780,-602.2273
aryne_3781,-887.2018
aryne_3782,-584.0024
aryne_3783,-489.0894
aryne_3784,-508.8398
aryne_3785,-576.2911
aryne_3786,-941.1981
aryne_3787,-485.1499
aryne_3788,-506.167
aryne_3789,
aryne_3790,-1020.1915
aryne_3791,-1243.1862
aryne_3792,-584.0294
aryne_3793,-523.3091
aryne_3794,
aryne_3795,-527.1487
aryne_3796,-850.0552
aryne_3797,-507.3185
aryne_3798,-355.9051
aryne_3799,-501.1496
aryne_3800,-882.0163
aryne_3801,-485.1959
aryne_3802,-491.33
aryne_3803,-491.3205
aryne_3804,-491.3168
aryne_3805,-845.1025
aryne_3806,-1032.2742
aryne_3807,
aryne_3808,
aryne_3809,-673.5717
aryne_3810,-887.1323
aryne_3811,
aryne_3812,-598.4786
aryne_3813,-903.1912
aryne_3814,-602.3203
aryne_3815,-573.6366
aryne_3816,-677.4112
aryne_3817,-677.3627
aryne_3818,-1091.4346
aryne_3819,-431.101
aryne_3820,-655.3002
aryne_3821,-809.7229
aryne_3822,
aryne_3823,-827.9124
aryne_3824,-426.0079
aryne_3825,-660.1788
aryne_3826,
aryne_3827,-394.1207
aryne_3828,-1251.9573
aryne_3829,-584.0452
aryne_3830,-675.1279
aryne_3831,-1362.9612
aryne_3832,-543.0787
aryne_3833,-577.4643
aryne_3834,-593.3908
aryne_3835,-602.291
aryne_3836,-789.9095
aryne_3837,
aryne_3838,-903.1313
aryne_3839,
aryne_3840,-527.1392
aryne_3841,-866.0717
aryne_3842,
aryne_3843,-395.5701
aryne_3844,-1000.3855
aryne_3845,
aryne_3846,-1133.7406
aryne_3847,
aryne_3848,-909.1889
aryne_3849,-1111.2554
aryne_3850,-485.2643
aryne_3851,-505.0747
aryne_3852,-1016.338
aryne_3853,-469.2462
aryne_3854,-577.4565
aryne_3855,-544.3074
aryne_3856,-544.2677
aryne_3857,-602.2896
aryne_3858,-543.1362
aryne_3859,-828.0199
aryne_3860,
aryne_3861,
aryne_3862,-527.1029
aryne_3863,-527.0966
aryne_3864,-606.0975
aryne_3865,-1243.2444
aryne_3866,-523.3114
aryne_3867,
aryne_3868,
aryne_3869,-907.0296
aryne_3870,
aryne_3871,-559.0675
aryne_3872,-1229.9365
aryne_3873,
aryne_3874,
aryne_3875,-485.272
aryne_3876,-1243.1477
aryne_3877,-582.4588
aryne_3878,-827.9391
aryne_3879,-1229.9478
aryne_3880,
aryne_3881,-882.0075
aryne_3882,-491.323
aryne_3883,-491.3212
aryne_3884,-523.227
aryne_3885,-1000.311
aryne_3886,
aryne_3887,
aryne_3888,-827.9499
aryne_3889,-1249.7724
aryne_3890,-903.1761
aryne_3891,-887.0666
aryne_3892,-793.7074
aryne_3893,-622.0901
aryne_3894,-717.1633
aryne_3895,-1149.7064
aryne_3896,-432.1044
aryne_3897,-432.1052
aryne_3898,-432.1043
aryne_3899,-831.7609
aryne_3900,-504.9555
aryne_3901,-887.1698
aryne_3902,-903.1386
aryne_3903,-936.1771
aryne_3904,-507.2806
aryne_3905,-580.0872
aryne_3906,-489.0522
aryne_3907,-544.307
aryne_3908,-522.1174
aryne_3909,-925.1642
aryne_3910,-469.1437
aryne_3911,-508.8417
aryne_3912,-1472.7249
aryne_3913,-505.0345
aryne_3914,-582.472
aryne_3915,-447.1276
aryne_3916,-795.9646
aryne_3917,-511.1212
aryne_3918,-511.1398
aryne_3919,-511.135
aryne_3920,-464.1988
aryne_3921,-677.5083
aryne_3922,
aryne_3923,
aryne_3924,-357.6167
aryne_3925,-1572.6404
aryne_3926,-505.0577
aryne_3927,-809.2238
aryne_3928,
aryne_3929,-748.7492
aryne_3930,-1020.1773
aryne_3931,-1020.1235
aryne_3932,
aryne_3933,-884.3719
aryne_3934,-534.2067
aryne_3935,
aryne_3936,-736.8635
aryne_3937,-1283.9021
aryne_3938,-906.9917
aryne_3939,-920.2104
aryne_3940,-453.1384
aryne_3941,-453.1623
aryne_3942,
aryne_3943,-1000.3037
aryne_3944,-1229.9317
aryne_3945,
aryne_3946,-900.4005
aryne_3947,-524.7946
aryne_3948,-796.0089
aryne_3949,-795.9212
aryne_3950,
aryne_3951,-1510.8576
aryne_3952,-1267.9596
aryne_3953,-1155.8485
aryne_3954,-1155.8923
aryne_3955,-576.2577
aryne_3956,
aryne_3957,-995.4075
aryne_3958,-355.931
aryne_3959,-1152.058
aryne_3960,-1152.0605
aryne_3961,-544.4069
aryne_3962,-432.1289
aryne_3963,-432.1332
aryne_3964,-432.1257
aryne_3965,-831.7504
aryne_3966,-544.3663
aryne_3967,
aryne_3968,
aryne_3969,
aryne_3970,
aryne_3971,
aryne_3972,-941.2262
aryne_3973,-736.7981
aryne_3974,-602.3005
aryne_3975,-585.0174
aryne_3976,-922.9778
aryne_3977,-926.8135
aryne_3978,-827.9868
aryne_3979,-464.0997
aryne_3980,
aryne_3981,-473.0036
aryne_3982,-827.9324
aryne_3983,-504.9493
aryne_3984,-1020.1833
aryne_3985,-432.169
aryne_3986,-432.1758
aryne_3987,-1572.6734
aryne_3988,-961.0299
aryne_3989,-941.185
aryne_3990,-850.0469
aryne_3991,-407.759
aryne_3992,-1016.3695
aryne_3993,-1000.348
aryne_3994,-1362.9559
aryne_3995,-829.0919
aryne_3996,-1681.0134
aryne_3997,-634.2423
aryne_3998,
aryne_3999,-812.0303
aryne_4000,-486.3161
aryne_4001,-825.2607
aryne_4002,-582.494
aryne_4003,-975.5247
aryne_4004,-1601.961
aryne_4005,
aryne_4006,
aryne_4007,-410.0849
aryne_4008,-471.7472
aryne_4009,-713.2124
aryne_4010,-564.0979
aryne_4011,
aryne_4012,
aryne_4013,-597.2391
aryne_4014,-925.219
aryne_4015,-811.9371
aryne_4016,-1585.9949
aryne_4017,
aryne_4018,-945.0824
aryne_4019,-945.0796
aryne_4020,-903.181
aryne_4021,-413.8945
aryne_4022,-413.894
aryne_4023,-413.8955
aryne_4024,
aryne_4025,-1091.4207
aryne_4026,-1154.7682
aryne_4027,
aryne_4028,-489.0904
aryne_4029,
aryne_4030,-622.1297
aryne_4031,-410.0362
aryne_4032,-907.0183
aryne_4033,-679.9814
aryne_4034,-504.984
aryne_4035,-577.5009
aryne_4036,-580.0644
aryne_4037,-812.01
aryne_4038,-598.4396
aryne_4039,-598.4627
aryne_4040,-618.2254
aryne_4041,-580.1038
aryne_4042,-566.5025
aryne_4043,-566.5058
aryne_4044,-566.5105
aryne_4045,-598.4294
aryne_4046,
aryne_4047,-586.2698
aryne_4048,
aryne_4049,-689.4872
aryne_4050,
aryne_4051,
aryne_4052,-485.1574
aryne_4053,-450.9523
aryne_4054,-811.9913
aryne_4055,-586.2522
aryne_4056,-586.1971
aryne_4057,-501.162
aryne_4058,-677.4972
aryne_4059,
aryne_4060,-1187.887
aryne_4061,
aryne_4062,-504.962
aryne_4063,-1057.5111
aryne_4064,-1036.2019
aryne_4065,-522.2204
aryne_4066,-941.1842
aryne_4067,-489.0796
aryne_4068,-504.921
aryne_4069,
aryne_4070,-485.1251
aryne_4071,-811.9569
aryne_4072,-488.94
aryne_4073,-845.1071
aryne_4074,-413.8718
aryne_4075,
aryne_4076,-586.2933
aryne_4077,-586.2913
aryne_4078,-580.1586
aryne_4079,-371.9378
aryne_4080,-768.4449
aryne_4081,-520.986
aryne_4082,-850.0491
aryne_4083,-469.2465
aryne_4084,-887.1057
aryne_4085,-1343.0818
aryne_4086,
aryne_4087,-1016.2566
aryne_4088,
aryne_4089,
aryne_4090,-882.0237
aryne_4091,-355.9669
aryne_4092,-597.2573
aryne_4093,-751.3437
aryne_4094,-657.5985
aryne_4095,-1111.2088
aryne_4096,-903.0666
aryne_4097,
aryne_4098,-773.8206
aryne_4099,-773.8572
aryne_4100,-598.4731
aryne_4101,-793.1714
aryne_4102,-1032.2818
aryne_4103,-544.314
aryne_4104,-544.3459
aryne_4105,
aryne_4106,-485.2435
aryne_4107,-1111.2489
aryne_4108,-1203.8824
aryne_4109,-844.0041
aryne_4110,
aryne_4111,-371.97
aryne_4112,-559.1003
aryne_4113,-1020.2116
aryne_4114,-925.1622
aryne_4115,-482.4885
aryne_4116,-906.9746
aryne_4117,-582.5098
aryne_4118,-945.0528
aryne_4119,-955.9684
aryne_4120,-903.1766
aryne_4121,-602.2873
aryne_4122,-618.2742
aryne_4123,-941.1819
aryne_4124,-557.6061
aryne_4125,
aryne_4126,-925.2445
aryne_4127,-925.2379
aryne_4128,-614.4311
aryne_4129,-1016.2834
aryne_4130,-909.2131
aryne_4131,-909.1932
aryne_4132,-693.3917
aryne_4133,-564.2423
aryne_4134,-598.4133
aryne_4135,-847.8128
aryne_4136,-1036.171
aryne_4137,-488.9374
aryne_4138,-486.2579
aryne_4139,
aryne_4140,-507.309
aryne_4141,-507.2933
aryne_4142,-812.0162
aryne_4143,-1000.32
aryne_4144,-1000.3097
aryne_4145,
aryne_4146,
aryne_4147,-614.4386
aryne_4148,-501.1627
aryne_4149,-887.1033
aryne_4150,-527.1492
aryne_4151,-787.1847
aryne_4152,-907.0107
aryne_4153,-925.2154
aryne_4154,-925.2001
aryne_4155,-564.2417
aryne_4156,-676.1243
aryne_4157,-1170.7741
aryne_4158,-606.0952
aryne_4159,-606.0807
aryne_4160,-925.2488
aryne_4161,-606.1157
aryne_4162,-606.1024
aryne_4163,-618.2814
aryne_4164,-693.4914
aryne_4165,
aryne_4166,-1133.7402
aryne_4167,-601.004
aryne_4168,-920.2785
aryne_4169,
aryne_4170,-618.2873
aryne_4171,-485.1998
aryne_4172,-773.9034
aryne_4173,-577.4275
aryne_4174,-1132.6465
aryne_4175,-978.2432
aryne_4176,-677.4856
aryne_4177,-543.0871
aryne_4178,-1278.9786
aryne_4179,-957.1944
aryne_4180,-602.2556
aryne_4181,-371.9632
aryne_4182,-505.093
aryne_4183,-523.2467
aryne_4184,-834.0724
aryne_4185,-834.0452
aryne_4186,-834.0501
aryne_4187,-410.0298
aryne_4188,-491.322
aryne_4189,-491.3101
aryne_4190,-491.3175
aryne_4191,-697.3022
aryne_4192,-375.7485
aryne_4193,-957.1765
aryne_4194,-488.9804
aryne_4195,-677.4633
aryne_4196,-559.1013
aryne_4197,-580.1235
aryne_4198,-339.9442
aryne_4199,-919.0152
aryne_4200,-736.8573
aryne_4201,-736.8645
aryne_4202,-564.1298
aryne_4203,
aryne_4204,-909.1691
aryne_4205,-909.1548
aryne_4206,-1020.1662
aryne_4207,-598.3879
aryne_4208,-1267.978
aryne_4209,-1267.9748
aryne_4210,-693.3677
aryne_4211,-709.2938
aryne_4212,-559.0742
aryne_4213,-945.0746
aryne_4214,-860.9929
aryne_4215,-768.5537
aryne_4216,-614.4666
aryne_4217,
aryne_4218,-928.9627
aryne_4219,-586.2636
aryne_4220,-586.252
aryne_4221,-339.9384
aryne_4222,-371.9298
aryne_4223,-582.5003
aryne_4224,-941.1941
aryne_4225,-887.0983
aryne_4226,-887.0376
aryne_4227,-689.5533
aryne_4228,
aryne_4229,-584.0109
aryne_4230,-518.2914
aryne_4231,-1170.7056
aryne_4232,-926.7225
aryne_4233,
aryne_4234,-580.1039
aryne_4235,-469.2043
aryne_4236,
aryne_4237,-1138.7038
aryne_4238,-501.17
aryne_4239,-638.1065
aryne_4240,-576.3159
aryne_4241,-1359.1022
aryne_4242,-582.4866
aryne_4243,-523.2952
aryne_4244,-523.2533
aryne_4245,-573.5626
aryne_4246,-680.0209
aryne_4247,-618.3099
aryne_4248,-811.9383
aryne_4249,-925.2002
aryne_4250,-1020.1906
aryne_4251,-473.072
aryne_4252,-473.0493
aryne_4253,
aryne_4254,-544.3363
aryne_4255,-539.2928
aryne_4256,
aryne_4257,-1267.9425
aryne_4258,-828.0288
aryne_4259,-584.991
aryne_4260,-903.1231
aryne_4261,-788.3453
aryne_4262,-586.2605
aryne_4263,-586.2711
aryne_4264,-577.433
aryne_4265,-488.9883
aryne_4266,-876.9867
aryne_4267,-1171.8908
aryne_4268,-375.8004
aryne_4269,-887.1288
aryne_4270,-1036.0883
aryne_4271,-936.205
aryne_4272,-941.2228
aryne_4273,-1020.1971
aryne_4274,-321.798
aryne_4275,-936.1856
aryne_4276,-909.151
aryne_4277,-909.169
aryne_4278,-489.021
aryne_4279,-580.1587
aryne_4280,-697.3107
aryne_4281,-945.056
aryne_4282,-614.3595
aryne_4283,
aryne_4284,-847.7861
aryne_4285,
aryne_4286,-929.0217
aryne_4287,-567.3436
aryne_4288,-1343.1358
aryne_4289,-564.2023
aryne_4290,-410.0803
aryne_4291,
aryne_4292,-1227.1516
aryne_4293,-1154.7788
aryne_4294,-903.075
aryne_4295,-523.276
aryne_4296,-453.2763
aryne_4297,-453.2762
aryne_4298,-546.9272
aryne_4299,-1000.3984
aryne_4300,-831.8493
aryne_4301,
aryne_4302,-903.2085
aryne_4303,-602.3216
aryne_4304,-602.3284
aryne_4305,-469.2631
aryne_4306,-1000.3881
aryne_4307,-1032.279
aryne_4308,-1145.8835
aryne_4309,-523.301
aryne_4310,-523.2996
aryne_4311,-539.2512
aryne_4312,-1168.1058
aryne_4313,-375.7955
aryne_4314,-1246.9712
aryne_4315,-1247.0127
aryne_4316,-657.508
aryne_4317,-560.3772
aryne_4318,-471.7369
aryne_4319,
aryne_4320,-581.2545
aryne_4321,
aryne_4322,
aryne_4323,-583.9237
aryne_4324,-1020.0712
aryne_4325,-1015.1636
aryne_4326,-566.4348
aryne_4327,
aryne_4328,
aryne_4329,-714.7297
aryne_4330,-560.325
aryne_4331,-676.2293
aryne_4332,-795.9819
aryne_4333,-795.9461
aryne_4334,-850.0585
aryne_4335,-850.0595
aryne_4336,-582.3829
aryne_4337,-489.0604
aryne_4338,-864.9504
aryne_4339,-657.6439
aryne_4340,-812.0228
aryne_4341,-1016.3196
aryne_4342,-998.0592
aryne_4343,-1434.2379
aryne_4344,-1040.0228
aryne_4345,-936.177
aryne_4346,-936.174
aryne_4347,-1036.1614
aryne_4348,-1362.949
aryne_4349,-929.0361
aryne_4350,-929.0516
aryne_4351,-538.1043
aryne_4352,-469.2429
aryne_4353,
aryne_4354,-657.6109
aryne_4355,-1267.9783
aryne_4356,-961.0276
aryne_4357,-660.184
aryne_4358,-560.348
aryne_4359,-507.2749
aryne_4360,
aryne_4361,-1032.2794
aryne_4362,-850.043
aryne_4363,-850.0192
aryne_4364,-622.04
aryne_4365,-677.4643
aryne_4366,-602.2604
aryne_4367,-602.3032
aryne_4368,-577.4439
aryne_4369,-847.7821
aryne_4370,-850.0531
aryne_4371,-827.9235
aryne_4372,
aryne_4373,
aryne_4374,-831.8361
aryne_4375,-1343.1565
aryne_4376,-561.4468
aryne_4377,
aryne_4378,
aryne_4379,-557.8929
aryne_4380,-560.2624
aryne_4381,-795.9416
aryne_4382,-429.9325
aryne_4383,-673.61
aryne_4384,-527.0991
aryne_4385,-486.3279
aryne_4386,-1229.8799
aryne_4387,-812.024
aryne_4388,-941.1375
aryne_4389,-845.1131
aryne_4390,-566.4777
aryne_4391,-566.4743
aryne_4392,-866.0193
aryne_4393,-602.2287
aryne_4394,
aryne_4395,-638.1525
aryne_4396,-925.2506
aryne_4397,-925.2514
aryne_4398,-523.214
aryne_4399,-523.2814
aryne_4400,-511.1362
aryne_4401,-511.1365
aryne_4402,-511.139
aryne_4403,-584.0996
aryne_4404,-618.2775
aryne_4405,-359.7588
aryne_4406,
aryne_4407,-581.2323
aryne_4408,
aryne_4409,-598.4237
aryne_4410,-507.3185
aryne_4411,-618.3447
aryne_4412,-485.1332
aryne_4413,-618.2302
aryne_4414,-507.3259
aryne_4415,-866.0399
aryne_4416,-866.0394
aryne_4417,-919.0409
aryne_4418,-618.2598
aryne_4419,-584.0198
aryne_4420,-673.5607
aryne_4421,-485.2481
aryne_4422,-485.2737
aryne_4423,
aryne_4424,-559.0721
aryne_4425,-1016.3684
aryne_4426,-847.8173
aryne_4427,-491.2811
aryne_4428,-491.2614
aryne_4429,-560.4276
aryne_4430,-522.1157
aryne_4431,-1259.1684
aryne_4432,-887.1577
aryne_4433,
aryne_4434,-903.0688
aryne_4435,-598.4887
aryne_4436,-849.9987
aryne_4437,-925.2049
aryne_4438,-469.2188
aryne_4439,-410.1035
aryne_4440,-1229.907
aryne_4441,
aryne_4442,-1000.4195
aryne_4443,
aryne_4444,-543.1027
aryne_4445,
aryne_4446,-602.2776
aryne_4447,
aryne_4448,-618.305
aryne_4449,-618.2745
aryne_4450,-736.8274
aryne_4451,-736.7988
aryne_4452,-618.3225
aryne_4453,-925.1942
aryne_4454,-691.0504
aryne_4455,-691.0561
aryne_4456,-691.0563
aryne_4457,-691.0591
aryne_4458,-691.0533
aryne_4459,-691.0506
aryne_4460,-691.0576
aryne_4461,-469.16
aryne_4462,-507.2977
aryne_4463,-469.2567
aryne_4464,-486.3576
aryne_4465,-482.4567
aryne_4466,-602.2329
aryne_4467,-564.2197
aryne_4468,-1039.9953
aryne_4469,-887.1641
aryne_4470,
aryne_4471,-614.4645
aryne_4472,-697.3071
aryne_4473,-998.063
aryne_4474,
aryne_4475,
aryne_4476,-444.3973
aryne_4477,-941.2242
aryne_4478,-866.037
aryne_4479,-507.2666
aryne_4480,-882.002
aryne_4481,-925.2411
aryne_4482,-806.9886
aryne_4483,
aryne_4484,-600.0489
aryne_4485,-884.3942
aryne_4486,
aryne_4487,-805.8436
aryne_4488,-866.0374
aryne_4489,-936.2138
aryne_4490,-822.9578
aryne_4491,-866.0003
aryne_4492,-1091.4364
aryne_4493,-505.0656
aryne_4494,-1243.1717
aryne_4495,
aryne_4496,-492.8748
aryne_4497,-492.8111
aryne_4498,-598.4496
aryne_4499,-488.9838
aryne_4500,
aryne_4501,-909.2114
aryne_4502,-909.2245
aryne_4503,
aryne_4504,-1170.6946
aryne_4505,
aryne_4506,-597.2521
aryne_4507,-693.4587
aryne_4508,
aryne_4509,-1359.0502
aryne_4510,
aryne_4511,-1170.6955
aryne_4512,-602.2053
aryne_4513,-1249.7404
aryne_4514,-1246.9879
aryne_4515,
aryne_4516,-1183.993
aryne_4517,
aryne_4518,-473.0735
aryne_4519,-618.283
aryne_4520,-560.3109
aryne_4521,-906.8986
aryne_4522,-577.4088
aryne_4523,-1000.3113
aryne_4524,-508.7984
aryne_4525,-916.3634
aryne_4526,-906.9275
aryne_4527,-768.465
aryne_4528,-504.9938
aryne_4529,-375.7636
aryne_4530,-998.0352
aryne_4531,-1601.9506
aryne_4532,-975.6283
aryne_4533,-829.109
aryne_4534,
aryne_4535,-664.5642
aryne_4536,-673.5032
aryne_4537,-929.0175
aryne_4538,
aryne_4539,-543.1222
aryne_4540,-957.2003
aryne_4541,-714.7261
aryne_4542,
aryne_4543,-831.8164
aryne_4544,-909.214
aryne_4545,-909.2085
aryne_4546,-909.2104
aryne_4547,-920.2124
aryne_4548,-598.3735
aryne_4549,-755.7687
aryne_4550,-508.8651
aryne_4551,-501.1724
aryne_4552,-925.2111
aryne_4553,-900.4139
aryne_4554,-602.2444
aryne_4555,-845.0311
aryne_4556,
aryne_4557,
aryne_4558,-1572.6931
aryne_4559,-693.3998
aryne_4560,-560.3211
aryne_4561,-582.3956
aryne_4562,-1000.3059
aryne_4563,-1154.7793
aryne_4564,-581.2434
aryne_4565,
aryne_4566,
aryne_4567,
aryne_4568,-582.5026
aryne_4569,-582.4954
aryne_4570,-1016.3606
aryne_4571,-831.756
aryne_4572,-598.5068
aryne_4573,-506.1862
aryne_4574,-634.2129
aryne_4575,
aryne_4576,-903.144
aryne_4577,-582.4293
aryne_4578,-768.4765
aryne_4579,-900.4189
aryne_4580,-586.2814
aryne_4581,
aryne_4582,
aryne_4583,-815.8177
aryne_4584,-815.8032
aryne_4585,-448.1029
aryne_4586,-491.2879
aryne_4587,
aryne_4588,
aryne_4589,-1020.2508
aryne_4590,-682.6955
aryne_4591,-682.7085
aryne_4592,
aryne_4593,-598.3699
aryne_4594,
aryne_4595,-598.4084
aryne_4596,-1267.9635
aryne_4597,-657.6018
aryne_4598,-564.1194
aryne_4599,-564.0839
aryne_4600,-903.1545
aryne_4601,-586.2935
aryne_4602,-811.9738
aryne_4603,-498.4322
aryne_4604,-584.0464
aryne_4605,
aryne_4606,-812.0101
aryne_4607,
aryne_4608,-1251.9648
aryne_4609,-1251.9594
aryne_4610,
aryne_4611,-1111.228
aryne_4612,-450.9182
aryne_4613,-1510.8079
aryne_4614,-1016.2971
aryne_4615,-675.1147
aryne_4616,-1343.1166
aryne_4617,-602.2923
aryne_4618,-1000.2711
aryne_4619,-1338.1213
aryne_4620,-600.055
aryne_4621,
aryne_4622,-638.0802
aryne_4623,-955.9741
aryne_4624,-903.0955
aryne_4625,
aryne_4626,-617.0905
aryne_4627,-508.9337
aryne_4628,-466.4405
aryne_4629,-466.4441
aryne_4630,-598.4646
aryne_4631,-1116.1214
aryne_4632,-1359.1253
aryne_4633,-564.1599
aryne_4634,-1002.9366
aryne_4635,-582.4557
aryne_4636,-850.0586
aryne_4637,-664.5722
aryne_4638,-664.561
aryne_4639,
aryne_4640,-1343.0967
aryne_4641,-502.2115
aryne_4642,-502.226
aryne_4643,-815.7903
aryne_4644,-1685.8728
aryne_4645,-828.0481
aryne_4646,-925.251
aryne_4647,-598.4454
aryne_4648,
aryne_4649,-492.9063
aryne_4650,-492.8264
aryne_4651,
aryne_4652,
aryne_4653,-507.271
aryne_4654,-507.23
aryne_4655,
aryne_4656,
aryne_4657,-925.1793
aryne_4658,-1168.0632
aryne_4659,-887.115
aryne_4660,-539.2698
aryne_4661,
aryne_4662,-603.9259
aryne_4663,-441.9667
aryne_4664,-410.0937
aryne_4665,-485.2224
aryne_4666,
aryne_4667,-936.1961
aryne_4668,-945.0823
aryne_4669,-768.5825
aryne_4670,-602.2441
aryne_4671,
aryne_4672,-602.3412
aryne_4673,
aryne_4674,
aryne_4675,-1585.9786
aryne_4676,-507.2885
aryne_4677,-507.3064
aryne_4678,-450.9659
aryne_4679,-1243.208
aryne_4680,-887.1975
aryne_4681,-795.9916
aryne_4682,-795.9699
aryne_4683,
aryne_4684,-961.051
aryne_4685,
aryne_4686,
aryne_4687,-582.4636
aryne_4688,-614.3459
aryne_4689,
aryne_4690,-580.1282
aryne_4691,-909.2188
aryne_4692,-909.1951
aryne_4693,-929.0594
aryne_4694,-929.0566
aryne_4695,-929.0545
aryne_4696,-582.3434
aryne_4697,-582.3436
aryne_4698,-1434.2037
aryne_4699,
aryne_4700,
aryne_4701,
aryne_4702,-909.1968
aryne_4703,-909.1954
aryne_4704,-809.7189
aryne_4705,
aryne_4706,-394.0867
aryne_4707,-560.2947
aryne_4708,-576.2722
aryne_4709,-843.992
aryne_4710,-1036.0398
aryne_4711,-618.1751
aryne_4712,-795.996
aryne_4713,-795.9366
aryne_4714,-1165.7599
aryne_4715,-584.0979
aryne_4716,-789.8727
aryne_4717,-929.012
aryne_4718,-929.0469
aryne_4719,-580.2178
aryne_4720,-941.2325
aryne_4721,
aryne_4722,-1601.9669
aryne_4723,-689.5102
aryne_4724,-464.1635
aryne_4725,-907.0135
aryne_4726,-564.1
aryne_4727,-598.472
aryne_4728,
aryne_4729,-1359.1243
aryne_4730,-505.0814
aryne_4731,-469.2099
aryne_4732,-834.0299
aryne_4733,
aryne_4734,-502.3028
aryne_4735,-582.4259
aryne_4736,-975.6428
aryne_4737,-524.8676
aryne_4738,-559.0651
aryne_4739,-425.9836
aryne_4740,-515.5495
aryne_4741,-515.5538
aryne_4742,-515.5514
aryne_4743,-1036.1656
aryne_4744,-602.2815
aryne_4745,
aryne_4746,-482.4595
aryne_4747,
aryne_4748,-485.1986
aryne_4749,-469.2005
aryne_4750,-564.2633
aryne_4751,-795.9809
aryne_4752,-795.9074
aryne_4753,-582.3959
aryne_4754,
aryne_4755,
aryne_4756,-827.9541
aryne_4757,-618.2375
aryne_4758,-1585.9732
aryne_4759,-466.869
aryne_4760,-941.216
aryne_4761,-907.0256
aryne_4762,-941.196
aryne_4763,-541.9367
aryne_4764,-1020.1552
aryne_4765,-618.1804
aryne_4766,-925.2176
aryne_4767,-945.0857
aryne_4768,-907.0272
aryne_4769,-600.9268
aryne_4770,-521.013
aryne_4771,-748.6503
aryne_4772,-811.9823
aryne_4773,
aryne_4774,-486.2772
aryne_4775,
aryne_4776,-410.0978
aryne_4777,-657.5823
aryne_4778,
aryne_4779,-713.0973
aryne_4780,-527.0943
aryne_4781,-527.0938
aryne_4782,-566.4053
aryne_4783,-566.4146
aryne_4784,
aryne_4785,-505.0482
aryne_4786,-582.4584
aryne_4787,-1685.8645
aryne_4788,-618.1651
aryne_4789,
aryne_4790,-909.2287
aryne_4791,
aryne_4792,-355.9332
aryne_4793,-355.932
aryne_4794,-944.9961
aryne_4795,-884.397
aryne_4796,-884.4192
aryne_4797,
aryne_4798,-491.2955
aryne_4799,-491.2704
aryne_4800,-618.2375
aryne_4801,-906.9375
aryne_4802,-485.1458
aryne_4803,-1000.4021
aryne_4804,-1343.1242
aryne_4805,
aryne_4806,-469.2553
aryne_4807,-602.2743
aryne_4808,-527.0897
aryne_4809,-527.0858
aryne_4810,-1837.6238
aryne_4811,-940.0228
aryne_4812,-453.2385
aryne_4813,-453.1734
aryne_4814,-1020.2621
aryne_4815,-828.0341
aryne_4816,-539.201
aryne_4817,-602.2743
aryne_4818,-1040.0466
aryne_4819,-582.4797
aryne_4820,-416.1474
aryne_4821,-416.1506
aryne_4822,-416.1147
aryne_4823,-1267.9285
aryne_4824,-709.3285
aryne_4825,-768.8283
aryne_4826,-834.0512
aryne_4827,-834.0501
aryne_4828,-834.0476
aryne_4829,-1434.1967
aryne_4830,-793.2335
aryne_4831,-926.8538
aryne_4832,
aryne_4833,-1036.2393
aryne_4834,-543.1062
aryne_4835,-543.1061
aryne_4836,-505.0646
aryne_4837,-1283.9469
aryne_4838,-375.7534
aryne_4839,-505.082
aryne_4840,-717.0908
aryne_4841,-1032.2954
aryne_4842,-1034.9804
aryne_4843,-834.068
aryne_4844,-834.0498
aryne_4845,-488.8993
aryne_4846,-655.2951
aryne_4847,-614.3646
aryne_4848,-850.018
aryne_4849,-850.018
aryne_4850,-850.014
aryne_4851,
aryne_4852,-602.2816
aryne_4853,-887.1669
aryne_4854,-945.0528
aryne_4855,
aryne_4856,-1155.8587
aryne_4857,-945.0534
aryne_4858,-1020.2057
aryne_4859,-576.2791
aryne_4860,-831.8136
aryne_4861,-1283.9362
aryne_4862,
aryne_4863,-1685.8674
aryne_4864,-486.3277
aryne_4865,-1036.0926
aryne_4866,-539.2773
aryne_4867,-490.1836
aryne_4868,-693.398
aryne_4869,-831.8642
aryne_4870,-673.5775
aryne_4871,-491.2931
aryne_4872,-491.2723
aryne_4873,-475.2485
aryne_4874,-475.2302
aryne_4875,-475.2471
aryne_4876,-567.3306
aryne_4877,-926.7792
aryne_4878,-941.2146
aryne_4879,
aryne_4880,-485.1104
aryne_4881,-978.2506
aryne_4882,-845.0689
aryne_4883,-621.9981
aryne_4884,-929.0295
aryne_4885,-929.049
aryne_4886,
aryne_4887,-831.8146
aryne_4888,-1245.8609
aryne_4889,-904.2052
aryne_4890,
aryne_4891,-523.2677
aryne_4892,-523.2479
aryne_4893,-939.9732
aryne_4894,-828.0231
aryne_4895,
aryne_4896,-618.2607
aryne_4897,
aryne_4898,
aryne_4899,-940.0127
aryne_4900,-511.1422
aryne_4901,-511.1433
aryne_4902,-511.1455
aryne_4903,-925.2072
aryne_4904,-811.9449
aryne_4905,-523.3029
aryne_4906,-539.2513
aryne_4907,-539.2456
aryne_4908,
aryne_4909,-582.4335
aryne_4910,
aryne_4911,-448.2097
aryne_4912,-845.0891
aryne_4913,-508.8613
aryne_4914,-520.9344
aryne_4915,-507.2822
aryne_4916,-614.4599
aryne_4917,
aryne_4918,-598.4063
aryne_4919,
aryne_4920,-602.1987
aryne_4921,-1359.1354
aryne_4922,-815.8341
aryne_4923,-812.009
aryne_4924,-1510.8429
aryne_4925,-602.2652
aryne_4926,-717.1238
aryne_4927,-573.6253
aryne_4928,
aryne_4929,-400.1292
aryne_4930,-400.1331
aryne_4931,-400.1329
aryne_4932,-400.1301
aryne_4933,-400.1344
aryne_4934,-602.3225
aryne_4935,-812.0225
aryne_4936,-811.9738
aryne_4937,-850.0454
aryne_4938,-850.0422
aryne_4939,-638.0881
aryne_4940,-923.0062
aryne_4941,
aryne_4942,-538.1069
aryne_4943,-455.7519
aryne_4944,-1000.4102
aryne_4945,
aryne_4946,-357.6688
aryne_4947,
aryne_4948,
aryne_4949,-507.3416
aryne_4950,-829.0991
aryne_4951,-829.1376
aryne_4952,-920.2181
aryne_4953,-1184.0404
aryne_4954,-485.1854
aryne_4955,-941.1926
aryne_4956,-1283.9419
aryne_4957,-813.0793
aryne_4958,-813.1091
aryne_4959,-1039.967
aryne_4960,-491.3088
aryne_4961,-491.3088
aryne_4962,-491.3134
aryne_4963,-1362.9803
aryne_4964,-1138.7615
aryne_4965,-1138.7141
aryne_4966,-523.3055
aryne_4967,-925.1755
aryne_4968,-1183.9949
aryne_4969,-925.2429
aryne_4970,-920.2591
aryne_4971,-1244.7676
aryne_4972,-602.2902
aryne_4973,-489.0229
aryne_4974,-488.9456
aryne_4975,-925.2109
aryne_4976,
aryne_4977,
aryne_4978,-850.0646
aryne_4979,-850.0705
aryne_4980,-450.5165
aryne_4981,-566.4241
aryne_4982,-566.3816
aryne_4983,-1020.1883
aryne_4984,-502.2492
aryne_4985,-469.1876
aryne_4986,-916.3792
aryne_4987,-598.3947
aryne_4988,
aryne_4989,
aryne_4990,-502.2388
aryne_4991,
aryne_4992,-941.2046
aryne_4993,
aryne_4994,-1283.9742
aryne_4995,-689.513
aryne_4996,-925.26
aryne_4997,-925.2097
aryne_4998,-919.0957
aryne_4999,-618.2521
aryne_5000,-598.3626
aryne_5001,-1091.5093
aryne_5002,-698.2117
aryne_5003,-995.4333
aryne_5004,-941.1841
aryne_5005,-489.0809
aryne_5006,-748.656
aryne_5007,-673.5384
aryne_5008,-907.0279
aryne_5009,-961.0659
aryne_5010,-941.1643
aryne_5011,-655.2523
aryne_5012,-278.6322
aryne_5013,-1041.5154
aryne_5014,-602.2648
aryne_5015,-546.9527
aryne_5016,-1015.1826
aryne_5017,-584.035
aryne_5018,-677.4443
aryne_5019,-582.4558
aryne_5020,-469.2585
aryne_5021,-469.1984
aryne_5022,
aryne_5023,-527.1312
aryne_5024,-1129.9592
aryne_5025,-489.0652
aryne_5026,-410.0446
aryne_5027,-909.1716
aryne_5028,-909.1948
aryne_5029,-469.2035
aryne_5030,-469.1451
aryne_5031,-945.0034
aryne_5032,-1362.922
aryne_5033,-655.3123
aryne_5034,-811.987
aryne_5035,-585.0237
aryne_5036,-768.4868
aryne_5037,-1262.9505
aryne_5038,-598.3878
aryne_5039,-812.0115
aryne_5040,-1000.3619
aryne_5041,-903.0363
aryne_5042,-843.9083
aryne_5043,-1168.0566
aryne_5044,-1111.2631
aryne_5045,-501.1531
aryne_5046,-850.0534
aryne_5047,-850.0268
aryne_5048,-941.1838
aryne_5049,
aryne_5050,-1170.7891
aryne_5051,-925.2249
aryne_5052,-583.999
aryne_5053,-941.2101
aryne_5054,
aryne_5055,-736.8565
aryne_5056,-736.8651
aryne_5057,-714.7389
aryne_5058,-1016.3715
aryne_5059,-866.0399
aryne_5060,-813.0826
aryne_5061,
aryne_5062,-978.2549
aryne_5063,-822.951
aryne_5064,-793.2726
aryne_5065,-793.2822
aryne_5066,-945.0411
aryne_5067,-1184.0494
aryne_5068,-828.025
aryne_5069,-489.0075
aryne_5070,-582.4905
aryne_5071,
aryne_5072,
aryne_5073,-464.221
aryne_5074,-1572.6963
aryne_5075,-828.0179
aryne_5076,-1229.9166
aryne_5077,-941.2062
aryne_5078,-492.884
aryne_5079,-492.8253
aryne_5080,-831.8493
aryne_5081,-714.1797
aryne_5082,-1821.6069
aryne_5083,-957.1585
aryne_5084,-485.1761
aryne_5085,-523.2994
aryne_5086,-523.2953
aryne_5087,-1362.9093
aryne_5088,
aryne_5089,
aryne_5090,-2003.8743
aryne_5091,-752.8187
aryne_5092,-698.7451
aryne_5093,-1187.9057
aryne_5094,-426.0294
aryne_5095,-698.766
aryne_5096,-1283.9636
aryne_5097,-597.1933
aryne_5098,-903.1145
aryne_5099,
aryne_5100,-925.1974
aryne_5101,-375.7285
aryne_5102,-489.0563
aryne_5103,-697.3017
aryne_5104,-657.574
aryne_5105,-677.5094
aryne_5106,-525.9534
aryne_5107,
aryne_5108,-501.1564
aryne_5109,-1362.9266
aryne_5110,-576.2561
aryne_5111,-602.2953
aryne_5112,-1036.2307
aryne_5113,-925.2101
aryne_5114,-925.1646
aryne_5115,-618.3495
aryne_5116,-429.9045
aryne_5117,-429.9112
aryne_5118,-1016.2909
aryne_5119,-925.2131
aryne_5120,-906.9671
aryne_5121,
aryne_5122,-697.2568
aryne_5123,-1251.9025
aryne_5124,-1251.9115
aryne_5125,-598.4613
aryne_5126,
aryne_5127,-597.2525
aryne_5128,-518.2227
aryne_5129,-847.783
aryne_5130,-598.3864
aryne_5131,-1002.8939
aryne_5132,
aryne_5133,-487.7282
aryne_5134,-1229.8815
aryne_5135,-945.0622
aryne_5136,-598.4701
aryne_5137,-598.4615
aryne_5138,-702.526
aryne_5139,-702.5653
aryne_5140,
aryne_5141,-675.1101
aryne_5142,-1362.9532
aryne_5143,-576.2475
aryne_5144,-811.9296
aryne_5145,-582.4075
aryne_5146,-941.2153
aryne_5147,
aryne_5148,-906.8986
aryne_5149,-920.1865
aryne_5150,-907.0296
aryne_5151,-577.4364
aryne_5152,-597.245
aryne_5153,-488.9724
aryne_5154,-508.8438
aryne_5155,-598.4344
aryne_5156,-1249.7419
aryne_5157,
aryne_5158,-811.9199
aryne_5159,-489.0568
aryne_5160,
aryne_5161,
aryne_5162,
aryne_5163,
aryne_5164,-790.9559
aryne_5165,-961.0198
aryne_5166,-906.9414
aryne_5167,-489.0298
aryne_5168,-566.4514
aryne_5169,-566.4371
aryne_5170,-606.1338
aryne_5171,-606.1159
aryne_5172,-602.2648
aryne_5173,-825.3232
aryne_5174,-632.7273
aryne_5175,-806.9714
aryne_5176,-941.1662
aryne_5177,-584.0676
aryne_5178,
aryne_5179,-825.2219
aryne_5180,-936.1899
aryne_5181,-926.8313
aryne_5182,-586.2882
aryne_5183,-925.2093
aryne_5184,-713.3356
aryne_5185,-1020.0996
aryne_5186,-1020.2232
aryne_5187,-834.0504
aryne_5188,-834.0501
aryne_5189,-834.0521
aryne_5190,-598.3349
aryne_5191,-598.3343
aryne_5192,-697.333
aryne_5193,-698.711
aryne_5194,-925.2478
aryne_5195,-1267.9801
aryne_5196,-359.7717
aryne_5197,
aryne_5198,-469.1474
aryne_5199,-827.9489
aryne_5200,-906.9111
aryne_5201,-941.2038
aryne_5202,-638.076
aryne_5203,-811.9466
aryne_5204,
aryne_5205,-675.0824
aryne_5206,-505.0072
aryne_5207,-597.2533
aryne_5208,-523.3222
aryne_5209,-677.3923
aryne_5210,-903.187
aryne_5211,
aryne_5212,-945.0299
aryne_5213,
aryne_5214,-602.2799
aryne_5215,
aryne_5216,
aryne_5217,-504.9668
aryne_5218,-577.4486
aryne_5219,-904.2323
aryne_5220,
aryne_5221,
aryne_5222,-489.0964
aryne_5223,-714.1992
aryne_5224,-603.8344
aryne_5225,
aryne_5226,
aryne_5227,-940.0064
aryne_5228,-909.1998
aryne_5229,-680.0259
aryne_5230,-655.2744
aryne_5231,-672.4459
aryne_5232,-523.2496
aryne_5233,
aryne_5234,
aryne_5235,-1036.1876
aryne_5236,-773.4094
aryne_5237,
aryne_5238,
aryne_5239,
aryne_5240,
aryne_5241,-598.3572
aryne_5242,-539.2609
aryne_5243,-544.3791
aryne_5244,-698.7239
aryne_5245,-602.3186
aryne_5246,-450.934
aryne_5247,-505.0153
aryne_5248,-1320.9797
aryne_5249,-811.952
aryne_5250,-882.0033
aryne_5251,-564.1319
aryne_5252,-815.7366
aryne_5253,-811.992
aryne_5254,-337.8433
aryne_5255,-961.0522
aryne_5256,-541.6008
aryne_5257,-541.6256
aryne_5258,-850.0582
aryne_5259,-850.0602
aryne_5260,
aryne_5261,-633.0213
aryne_5262,-941.2035
aryne_5263,-505.0292
aryne_5264,-469.2426
aryne_5265,-961.0214
aryne_5266,-1020.2561
aryne_5267,-919.0362
aryne_5268,
aryne_5269,-539.2896
aryne_5270,-850.0787
aryne_5271,-850.026
aryne_5272,-1015.2639
aryne_5273,-1152.0401
aryne_5274,-657.6711
aryne_5275,-809.2888
aryne_5276,-889.678
aryne_5277,-768.8331
aryne_5278,-469.1593
aryne_5279,-1251.9516
aryne_5280,-504.9934
aryne_5281,
aryne_5282,
aryne_5283,-1000.3935
aryne_5284,-488.9706
aryne_5285,-889.6963
aryne_5286,-613.2344
aryne_5287,-734.5357
aryne_5288,-906.9911
aryne_5289,-523.2358
aryne_5290,-1362.9343
aryne_5291,-1488.7037
aryne_5292,-682.7371
aryne_5293,-698.7187
aryne_5294,-355.9508
aryne_5295,-638.1318
aryne_5296,-796.0067
aryne_5297,-539.2899
aryne_5298,-887.0688
aryne_5299,-887.0548
aryne_5300,-1170.767
aryne_5301,-682.2101
aryne_5302,-599.9977
aryne_5303,-614.456
aryne_5304,
aryne_5305,-1456.7046
aryne_5306,-638.0679
aryne_5307,-580.0845
aryne_5308,-788.3711
aryne_5309,
aryne_5310,-882.0079
aryne_5311,-831.7765
aryne_5312,-560.3039
aryne_5313,-697.209
aryne_5314,
aryne_5315,-582.487
aryne_5316,-831.8433
aryne_5317,-957.1732
aryne_5318,-507.3448
aryne_5319,-887.1033
aryne_5320,-887.0362
aryne_5321,-1572.6924
aryne_5322,-501.1549
aryne_5323,-506.1682
aryne_5324,
aryne_5325,-527.1274
aryne_5326,-583.9762
aryne_5327,-1171.8661
aryne_5328,-469.1176
aryne_5329,-1478.8141
aryne_5330,-1478.8289
aryne_5331,-676.2018
aryne_5332,-850.0631
aryne_5333,-850.0571
aryne_5334,-945.0368
aryne_5335,-866.0365
aryne_5336,-1187.8923
aryne_5337,
aryne_5338,-598.4319
aryne_5339,
aryne_5340,-489.0528
aryne_5341,-489.0202
aryne_5342,-469.1717
aryne_5343,-485.2226
aryne_5344,
aryne_5345,-941.2465
aryne_5346,-507.2845
aryne_5347,-599.9053
aryne_5348,-811.9779
aryne_5349,-1168.0183
aryne_5350,-598.4244
aryne_5351,-1154.7377
aryne_5352,-811.9884
aryne_5353,-945.0269
aryne_5354,
aryne_5355,-394.0928
aryne_5356,-586.2609
aryne_5357,-586.2232
aryne_5358,
aryne_5359,-635.4582
aryne_5360,-887.0657
aryne_5361,-431.093
aryne_5362,
aryne_5363,-1267.964
aryne_5364,-998.0529
aryne_5365,-1111.3175
aryne_5366,-582.4852
aryne_5367,-469.2557
aryne_5368,-469.2328
aryne_5369,-900.4427
aryne_5370,-534.1966
aryne_5371,
aryne_5372,-906.84
aryne_5373,
aryne_5374,
aryne_5375,
aryne_5376,-831.7515
aryne_5377,-466.8703
aryne_5378,-831.8729
aryne_5379,-831.8778
aryne_5380,-1000.3683
aryne_5381,-697.3189
aryne_5382,-1343.109
aryne_5383,-466.8952
aryne_5384,-602.3004
aryne_5385,-1000.3784
aryne_5386,-453.2499
aryne_5387,-453.1799
aryne_5388,-752.8499
aryne_5389,-752.8582
aryne_5390,-882.0119
aryne_5391,-618.2759
aryne_5392,-906.9105
aryne_5393,-488.963
aryne_5394,
aryne_5395,
aryne_5396,-1262.9804
aryne_5397,-831.7585
aryne_5398,
aryne_5399,-828.0125
aryne_5400,-673.6245
aryne_5401,-618.2411
aryne_5402,-945.0533
aryne_5403,-945.0571
aryne_5404,-527.1669
aryne_5405,-527.1252
aryne_5406,-811.986
aryne_5407,-929.0403
aryne_5408,-413.8979
aryne_5409,-413.9061
aryne_5410,-355.9192
aryne_5411,-811.9137
aryne_5412,-929.0422
aryne_5413,-929.054
aryne_5414,-485.2535
aryne_5415,-919.1066
aryne_5416,-506.1603
aryne_5417,-925.2065
aryne_5418,-887.0654
aryne_5419,-887.1143
aryne_5420,-906.9722
aryne_5421,-773.9279
aryne_5422,-622.1276
aryne_5423,-941.2307
aryne_5424,-489.0995
aryne_5425,
aryne_5426,-1040.0738
aryne_5427,-1020.1212
aryne_5428,-582.5279
aryne_5429,-582.5274
aryne_5430,-925.2397
aryne_5431,-1343.0641
aryne_5432,-299.683
aryne_5433,-847.8217
aryne_5434,-546.9391
aryne_5435,-1016.3668
aryne_5436,-677.4985
aryne_5437,-560.4256
aryne_5438,-718.5352
aryne_5439,-1152.0116
aryne_5440,-1152.0123
aryne_5441,-957.1822
aryne_5442,-693.4161
aryne_5443,-634.1518
aryne_5444,-887.1773
aryne_5445,-1229.9514
aryne_5446,-812.009
aryne_5447,-811.9746
aryne_5448,-485.2131
aryne_5449,
aryne_5450,-395.5715
aryne_5451,-945.0086
aryne_5452,
aryne_5453,-961.0103
aryne_5454,-355.9417
aryne_5455,-518.2926
aryne_5456,-1229.8758
aryne_5457,-492.8717
aryne_5458,
aryne_5459,-410.1037
aryne_5460,-866.0406
aryne_5461,-539.2001
aryne_5462,-602.2424
aryne_5463,-600.993
aryne_5464,-916.3891
aryne_5465,-1262.9895
aryne_5466,-502.2565
aryne_5467,-602.2992
aryne_5468,-1278.97
aryne_5469,
aryne_5470,-410.0943
aryne_5471,-410.103
aryne_5472,
aryne_5473,-925.2324
aryne_5474,
aryne_5475,-1171.9201
aryne_5476,-1016.2872
aryne_5477,
aryne_5478,-538.0213
aryne_5479,-1113.9391
aryne_5480,
aryne_5481,-580.1838
aryne_5482,-410.0946
aryne_5483,-1187.845
aryne_5484,-1138.7601
aryne_5485,-522.0732
aryne_5486,-432.1665
aryne_5487,-432.1689
aryne_5488,-432.1335
aryne_5489,-507.2814
aryne_5490,-945.0129
aryne_5491,-861.0972
aryne_5492,
aryne_5493,-1191.6964
aryne_5494,-900.4032
aryne_5495,
aryne_5496,-472.9549
aryne_5497,-1338.1846
aryne_5498,-564.1305
aryne_5499,-564.0904
aryne_5500,-1245.9206
aryne_5501,-919.0319
aryne_5502,-845.1028
aryne_5503,-829.1251
aryne_5504,-825.2919
aryne_5505,
aryne_5506,-677.4753
aryne_5507,-773.394
aryne_5508,-884.3612
aryne_5509,-884.3871
aryne_5510,-508.7916
aryne_5511,-485.2041
aryne_5512,
aryne_5513,-1016.3261
aryne_5514,
aryne_5515,-469.3012
aryne_5516,-660.155
aryne_5517,-618.2415
aryne_5518,-924.0033
aryne_5519,-924.0028
aryne_5520,
aryne_5521,-469.1847
aryne_5522,-845.0198
aryne_5523,-543.0908
aryne_5524,-598.4295
aryne_5525,-1343.1204
aryne_5526,
aryne_5527,-485.2844
aryne_5528,-887.0653
aryne_5529,-720.8468
aryne_5530,-720.8159
aryne_5531,
aryne_5532,-482.4353
aryne_5533,-957.1659
aryne_5534,-812.0009
aryne_5535,-580.1472
aryne_5536,-1243.1934
aryne_5537,-602.255
aryne_5538,-618.2384
aryne_5539,-1259.1693
aryne_5540,-502.3222
aryne_5541,
aryne_5542,-1267.9672
aryne_5543,
aryne_5544,
aryne_5545,-523.2085
aryne_5546,
aryne_5547,-793.7601
aryne_5548,-602.3377
aryne_5549,-850.0489
aryne_5550,-717.1274
aryne_5551,-657.556
aryne_5552,
aryne_5553,
aryne_5554,-618.2548
aryne_5555,-655.3042
aryne_5556,-845.0767
aryne_5557,-596.0967
aryne_5558,-1020.2003
aryne_5559,
aryne_5560,-677.4618
aryne_5561,
aryne_5562,-1585.9807
aryne_5563,-704.8264
aryne_5564,-704.8303
aryne_5565,-704.8294
aryne_5566,-704.7991
aryne_5567,-957.1932
aryne_5568,-505.0844
aryne_5569,
aryne_5570,-391.765
aryne_5571,-929.0229
aryne_5572,-929.04
aryne_5573,-714.7434
aryne_5574,-560.4338
aryne_5575,-907.0043
aryne_5576,-514.407
aryne_5577,-602.2355
aryne_5578,-1498.6532
aryne_5579,
aryne_5580,
aryne_5581,-582.4768
aryne_5582,-473.0491
aryne_5583,-472.9988
aryne_5584,-1091.4151
aryne_5585,-789.8391
aryne_5586,-796.0028
aryne_5587,-795.914
aryne_5588,-1040.0079
aryne_5589,-507.2376
aryne_5590,-507.2161
aryne_5591,-789.8437
aryne_5592,-925.1803
aryne_5593,-955.9734
aryne_5594,-652.665
aryne_5595,-416.1488
aryne_5596,-416.1548
aryne_5597,-602.292
aryne_5598,
aryne_5599,-811.9219
aryne_5600,-426.0443
aryne_5601,
aryne_5602,-635.4815
aryne_5603,
aryne_5604,-1002.9523
aryne_5605,-795.9949
aryne_5606,-682.7079
aryne_5607,-682.7383
aryne_5608,-887.1235
aryne_5609,-502.3357
aryne_5610,-507.2659
aryne_5611,-925.2127
aryne_5612,-945.0045
aryne_5613,-673.6934
aryne_5614,-1036.1809
aryne_5615,-464.1148
aryne_5616,-453.1972
aryne_5617,-453.1287
aryne_5618,-960.9865
aryne_5619,-864.8717
aryne_5620,
aryne_5621,
aryne_5622,-580.1119
aryne_5623,-1187.8886
aryne_5624,-560.2948
aryne_5625,
aryne_5626,-489.0013
aryne_5627,-832.9403
aryne_5628,
aryne_5629,-635.4225
aryne_5630,
aryne_5631,-941.2134
aryne_5632,-1020.0923
aryne_5633,-1227.1749
aryne_5634,-1227.1928
aryne_5635,-831.8082
aryne_5636,-566.4611
aryne_5637,-566.4581
aryne_5638,-1249.7653
aryne_5639,-586.338
aryne_5640,-586.3336
aryne_5641,-586.3301
aryne_5642,-469.2056
aryne_5643,-1000.2638
aryne_5644,
aryne_5645,-1036.263
aryne_5646,-602.1781
aryne_5647,-485.2887
aryne_5648,-466.842
aryne_5649,-492.9007
aryne_5650,-850.0345
aryne_5651,-375.7746
aryne_5652,-903.1805
aryne_5653,-491.293
aryne_5654,-906.94
aryne_5655,-847.7229
aryne_5656,-677.467
aryne_5657,-596.0854
aryne_5658,
aryne_5659,
aryne_5660,-1249.7799
aryne_5661,-1278.9343
aryne_5662,-583.9994
aryne_5663,
aryne_5664,
aryne_5665,-941.185
aryne_5666,-677.4835
aryne_5667,-906.8947
aryne_5668,-1249.7324
aryne_5669,-1020.2292
aryne_5670,-522.0665
aryne_5671,
aryne_5672,-357.5918
aryne_5673,-844.0082
aryne_5674,-566.7584
aryne_5675,-831.8359
aryne_5676,-502.2661
aryne_5677,-508.7899
aryne_5678,-507.2909
aryne_5679,-507.2848
aryne_5680,-488.9687
aryne_5681,-598.4442
aryne_5682,-618.3106
aryne_5683,-900.4237
aryne_5684,
aryne_5685,-602.2727
aryne_5686,-618.2612
aryne_5687,-511.1211
aryne_5688,-1510.8709
aryne_5689,-1171.9228
aryne_5690,-689.5026
aryne_5691,-1016.2799
aryne_5692,-998.0671
aryne_5693,-523.2963
aryne_5694,-806.9567
aryne_5695,-815.8276
aryne_5696,-469.2785
aryne_5697,-353.8
aryne_5698,-657.5143
aryne_5699,-1138.7116
aryne_5700,-1000.3692
aryne_5701,
aryne_5702,-1267.9655
aryne_5703,-887.1674
aryne_5704,-622.1118
aryne_5705,-635.4965
aryne_5706,-432.1285
aryne_5707,-660.2055
aryne_5708,-1016.3623
aryne_5709,-677.4164
aryne_5710,-909.1777
aryne_5711,-909.1927
aryne_5712,-941.173
aryne_5713,-1016.4134
aryne_5714,-682.1939
aryne_5715,-507.2923
aryne_5716,
aryne_5717,-841.293
aryne_5718,
aryne_5719,-378.0782
aryne_5720,-378.0627
aryne_5721,-485.1703
aryne_5722,-1267.9853
aryne_5723,-845.0951
aryne_5724,-925.2189
aryne_5725,-929.028
aryne_5726,-768.5754
aryne_5727,-486.261
aryne_5728,
aryne_5729,
aryne_5730,-926.7377
aryne_5731,-831.8121
aryne_5732,-831.8626
aryne_5733,-453.2294
aryne_5734,-453.1642
aryne_5735,-544.3529
aryne_5736,-961.0285
aryne_5737,-1245.9549
aryne_5738,-1321.0571
aryne_5739,-904.2221
aryne_5740,
aryne_5741,-858.3084
aryne_5742,-858.3109
aryne_5743,-858.3119
aryne_5744,-413.8599
aryne_5745,-522.2985
aryne_5746,-557.6128
aryne_5747,-511.1446
aryne_5748,-511.1426
aryne_5749,-511.1386
aryne_5750,-527.1286
aryne_5751,-527.1151
aryne_5752,-887.1397
aryne_5753,-673.5744
aryne_5754,-432.1288
aryne_5755,-432.1304
aryne_5756,-432.1208
aryne_5757,
aryne_5758,-638.1277
aryne_5759,-410.0801
aryne_5760,-941.2509
aryne_5761,
aryne_5762,
aryne_5763,-1171.9319
aryne_5764,-922.8608
aryne_5765,-920.22
aryne_5766,-1016.2994
aryne_5767,-945.0574
aryne_5768,-597.2432
aryne_5769,-508.9081
aryne_5770,-1000.3671
aryne_5771,-582.3931
aryne_5772,-845.0842
aryne_5773,-698.7319
aryne_5774,-614.3454
aryne_5775,-507.3023
aryne_5776,-1020.2473
aryne_5777,-523.3066
aryne_5778,-828.0351
aryne_5779,-926.8298
aryne_5780,-929.0383
aryne_5781,-929.0352
aryne_5782,-929.0376
aryne_5783,-634.2288
aryne_5784,-618.2897
aryne_5785,
aryne_5786,-505.1133
aryne_5787,
aryne_5788,-845.1106
aryne_5789,
aryne_5790,-523.3036
aryne_5791,-505.0019
aryne_5792,-560.3399
aryne_5793,-864.8951
aryne_5794,-564.2435
aryne_5795,-469.1618
aryne_5796,-1035.0536
aryne_5797,-925.19
aryne_5798,-925.1915
aryne_5799,-507.2767
aryne_5800,-978.219
aryne_5801,-586.2872
aryne_5802,
aryne_5803,-936.1734
aryne_5804,-718.5947
aryne_5805,-564.1665
aryne_5806,
aryne_5807,-523.2481
aryne_5808,-697.268
aryne_5809,-673.5034
aryne_5810,-469.1807
aryne_5811,-582.4373
aryne_5812,-464.1163
aryne_5813,-463.0263
aryne_5814,-677.4754
aryne_5815,-960.9907
aryne_5816,-602.2809
aryne_5817,-955.9939
aryne_5818,-1091.452
aryne_5819,-1343.1328
aryne_5820,
aryne_5821,-397.8723
aryne_5822,-397.8731
aryne_5823,-1362.878
aryne_5824,
aryne_5825,
aryne_5826,-843.9026
aryne_5827,-1020.2591
aryne_5828,
aryne_5829,-811.9414
aryne_5830,
aryne_5831,
aryne_5832,
aryne_5833,-539.2555
aryne_5834,
aryne_5835,-413.9584
aryne_5836,
aryne_5837,-413.9069
aryne_5838,-413.8771
aryne_5839,-1000.3673
aryne_5840,
aryne_5841,-812.0039
aryne_5842,-940.0728
aryne_5843,-580.1214
aryne_5844,-593.4119
aryne_5845,-598.5034
aryne_5846,-1357.9184
aryne_5847,-697.195
aryne_5848,-834.073
aryne_5849,-834.0498
aryne_5850,-834.0447
aryne_5851,-502.3695
aryne_5852,-827.949
aryne_5853,-903.0963
aryne_5854,-442.0358
aryne_5855,-606.0856
aryne_5856,
aryne_5857,
aryne_5858,-841.1997
aryne_5859,-906.9323
aryne_5860,
aryne_5861,-448.1518
aryne_5862,-693.3031
aryne_5863,
aryne_5864,-489.0652
aryne_5865,-489.0422
aryne_5866,-693.4197
aryne_5867,-469.2733
aryne_5868,-922.878
aryne_5869,-1343.0658
aryne_5870,
aryne_5871,-998.0634
aryne_5872,-998.0335
aryne_5873,-527.1471
aryne_5874,
aryne_5875,-489.03
aryne_5876,-1229.9152
aryne_5877,-543.0879
aryne_5878,-1111.3234
aryne_5879,-866.03
aryne_5880,-598.4286
aryne_5881,-1154.7284
aryne_5882,-693.4436
aryne_5883,
aryne_5884,-618.2601
aryne_5885,-489.066
aryne_5886,-568.9654
aryne_5887,-861.0981
aryne_5888,-929.0323
aryne_5889,-928.9978
aryne_5890,
aryne_5891,-904.2714
aryne_5892,-1154.7733
aryne_5893,-736.8552
aryne_5894,-848.964
aryne_5895,-998.0762
aryne_5896,-909.1814
aryne_5897,-909.1902
aryne_5898,-957.1699
aryne_5899,-469.2663
aryne_5900,-469.2097
aryne_5901,-923.0327
aryne_5902,
aryne_5903,
aryne_5904,-543.046
aryne_5905,-337.8013
aryne_5906,-1020.2067
aryne_5907,
aryne_5908,-413.9035
aryne_5909,-413.829
aryne_5910,-831.8267
aryne_5911,-1016.3443
aryne_5912,
aryne_5913,
aryne_5914,
aryne_5915,-563.5826
aryne_5916,-563.5861
aryne_5917,-563.5808
aryne_5918,
aryne_5919,-586.1827
aryne_5920,
aryne_5921,
aryne_5922,-812.0007
aryne_5923,-618.1849
aryne_5924,-693.4517
aryne_5925,-1494.8305
aryne_5926,-394.1017
aryne_5927,-394.0833
aryne_5928,-864.921
aryne_5929,-864.5174
aryne_5930,
aryne_5931,-866.0489
aryne_5932,-920.1954
aryne_5933,-906.9553
aryne_5934,-945.0151
aryne_5935,-522.1134
aryne_5936,-752.8573
aryne_5937,-916.3496
aryne_5938,-485.1628
aryne_5939,-544.428
aryne_5940,-1000.2876
aryne_5941,-1000.3031
aryne_5942,-618.2598
aryne_5943,-941.2297
aryne_5944,-553.5952
aryne_5945,-553.6008
aryne_5946,-553.6012
aryne_5947,-580.2549
aryne_5948,-693.4391
aryne_5949,-812.0474
aryne_5950,-812.0388
aryne_5951,-394.0652
aryne_5952,-394.0471
aryne_5953,-850.0408
aryne_5954,-812.038
aryne_5955,-488.974
aryne_5956,-920.2291
aryne_5957,-480.067
aryne_5958,-1170.7968
aryne_5959,-504.9733
aryne_5960,-511.1518
aryne_5961,-511.1438
aryne_5962,-511.1421
aryne_5963,-925.186
aryne_5964,-622.106
aryne_5965,-618.2321
aryne_5966,-922.9146
aryne_5967,-489.0369
aryne_5968,-906.9753
aryne_5969,-1020.2319
aryne_5970,
aryne_5971,-614.344
aryne_5972,-861.0585
aryne_5973,-1267.9806
aryne_5974,-1020.2133
aryne_5975,-450.5098
aryne_5976,
aryne_5977,-564.2228
aryne_5978,-1154.7872
aryne_5979,
aryne_5980,-1000.3414
aryne_5981,-371.9348
aryne_5982,-1251.9471
aryne_5983,-1251.9422
aryne_5984,-596.0995
aryne_5985,-1111.2941
aryne_5986,-929.035
aryne_5987,-580.1263
aryne_5988,-845.1054
aryne_5989,-850.0267
aryne_5990,-850.0277
aryne_5991,-850.0254
aryne_5992,-831.8138
aryne_5993,-632.9959
aryne_5994,-673.5112
aryne_5995,-524.8867
aryne_5996,-945.0252
aryne_5997,-1002.9442
aryne_5998,-598.3936
aryne_5999,-469.1411
aryne_6000,-997.9835
aryne_6001,-1267.971
aryne_6002,
aryne_6003,
aryne_6004,-1267.9629
aryne_6005,-909.2175
aryne_6006,-909.2302
aryne_6007,
aryne_6008,
aryne_6009,-1138.765
aryne_6010,-1138.7081
aryne_6011,
aryne_6012,
aryne_6013,-909.1372
aryne_6014,-1338.1698
aryne_6015,-827.8925
aryne_6016,-857.1865
aryne_6017,-1152.0081
aryne_6018,
aryne_6019,-941.2518
aryne_6020,-520.97
aryne_6021,-1245.9301
aryne_6022,-887.16
aryne_6023,
aryne_6024,
aryne_6025,-429.914
aryne_6026,-488.9999
aryne_6027,-523.2626
aryne_6028,-486.7036
aryne_6029,-831.8095
aryne_6030,-502.2413
aryne_6031,-394.0055
aryne_6032,-561.4309
aryne_6033,-561.4309
aryne_6034,
aryne_6035,-815.8049
aryne_6036,-680.59
aryne_6037,-416.1513
aryne_6038,-416.1516
aryne_6039,-945.0752
aryne_6040,-696.5569
aryne_6041,-697.1966
aryne_6042,-1494.8333
aryne_6043,-660.1818
aryne_6044,-543.0839
aryne_6045,-582.4911
aryne_6046,-544.3067
aryne_6047,-1016.4191
aryne_6048,-635.485
aryne_6049,-773.4074
aryne_6050,-866.055
aryne_6051,-598.4588
aryne_6052,-843.9076
aryne_6053,
aryne_6054,-925.2103
aryne_6055,-1138.7619
aryne_6056,-1138.7052
aryne_6057,-505.0843
aryne_6058,
aryne_6059,-489.0188
aryne_6060,-812.0385
aryne_6061,-880.8741
aryne_6062,-1343.1079
aryne_6063,
aryne_6064,-1154.7898
aryne_6065,-1154.7827
aryne_6066,-1020.1588
aryne_6067,-775.5475
aryne_6068,-527.0928
aryne_6069,-527.101
aryne_6070,-601.078
aryne_6071,
aryne_6072,-598.4022
aryne_6073,-941.227
aryne_6074,-941.2123
aryne_6075,-827.9631
aryne_6076,
aryne_6077,
aryne_6078,-618.2566
aryne_6079,-394.0737
aryne_6080,-394.0228
aryne_6081,-489.1328
aryne_6082,
aryne_6083,-517.06
aryne_6084,-925.2187
aryne_6085,-924.0322
aryne_6086,
aryne_6087,-523.277
aryne_6088,
aryne_6089,-504.9938
aryne_6090,
aryne_6091,-1434.2467
aryne_6092,-768.4586
aryne_6093,-677.3735
aryne_6094,
aryne_6095,-925.1712
aryne_6096,-689.5356
aryne_6097,-941.1754
aryne_6098,-929.043
aryne_6099,
aryne_6100,
aryne_6101,-925.2121
aryne_6102,-925.2263
aryne_6103,-768.7777
aryne_6104,-1152.0583
aryne_6105,-614.4473
aryne_6106,-491.2797
aryne_6107,-491.2748
aryne_6108,-491.2715
aryne_6109,-1343.1032
aryne_6110,-1129.9882
aryne_6111,-410.1028
aryne_6112,-387.9221
aryne_6113,-677.3707
aryne_6114,
aryne_6115,-1343.1626
aryne_6116,-941.2375
aryne_6117,-1154.7271
aryne_6118,-945.0014
aryne_6119,-413.8791
aryne_6120,-1494.8505
aryne_6121,-1000.3935
aryne_6122,-1207.7541
aryne_6123,-394.0771
aryne_6124,-486.3195
aryne_6125,-486.3105
aryne_6126,-941.2273
aryne_6127,-941.2008
aryne_6128,-845.1233
aryne_6129,-957.1351
aryne_6130,-489.0359
aryne_6131,-542.0423
aryne_6132,-909.184
aryne_6133,-909.1971
aryne_6134,-410.0648
aryne_6135,
aryne_6136,-508.9343
aryne_6137,-602.3573
aryne_6138,-469.1886
aryne_6139,-1020.2424
aryne_6140,-1154.7291
aryne_6141,-1229.8557
aryne_6142,-660.2207
aryne_6143,-848.9498
aryne_6144,-555.2235
aryne_6145,-580.1126
aryne_6146,
aryne_6147,-673.6987
aryne_6148,-634.265
aryne_6149,-768.5669
aryne_6150,-961.0344
aryne_6151,-464.1385
aryne_6152,-1184.0765
aryne_6153,-602.3157
aryne_6154,-488.9963
aryne_6155,-925.2281
aryne_6156,-677.3987
aryne_6157,-697.3028
aryne_6158,-773.8527
aryne_6159,-527.1623
aryne_6160,-527.1616
aryne_6161,-936.1752
aryne_6162,-580.2394
aryne_6163,-752.8249
aryne_6164,-622.0465
aryne_6165,-582.4924
aryne_6166,-1685.8792
aryne_6167,-598.393
aryne_6168,-1569.9534
aryne_6169,-1569.983
aryne_6170,-773.8495
aryne_6171,
aryne_6172,-809.2391
aryne_6173,-450.9225
aryne_6174,-734.5276
aryne_6175,-523.3149
aryne_6176,-795.9168
aryne_6177,-812.0157
aryne_6178,-815.8335
aryne_6179,-815.7983
aryne_6180,-901.9717
aryne_6181,-413.9022
aryne_6182,-413.908
aryne_6183,-511.1452
aryne_6184,-511.1368
aryne_6185,-809.3173
aryne_6186,-464.0852
aryne_6187,-527.1666
aryne_6188,-489.0273
aryne_6189,-788.2713
aryne_6190,-936.219
aryne_6191,-508.8419
aryne_6192,-359.7157
aryne_6193,
aryne_6194,-486.3571
aryne_6195,-486.3287
aryne_6196,-844.008
aryne_6197,-355.9487
aryne_6198,-900.3958
aryne_6199,-543.1278
aryne_6200,-961.0062
aryne_6201,-748.6516
aryne_6202,-602.2098
aryne_6203,-602.1971
aryne_6204,-464.0889
aryne_6205,-812.0153
aryne_6206,-618.3012
aryne_6207,-582.4453
aryne_6208,-410.0781
aryne_6209,-768.4929
aryne_6210,-557.6428
aryne_6211,-925.21
aryne_6212,-925.1889
aryne_6213,-560.3105
aryne_6214,-602.2873
aryne_6215,-489.0574
aryne_6216,-473.0697
aryne_6217,-473.0037
aryne_6218,
aryne_6219,-1016.2567
aryne_6220,-618.2565
aryne_6221,-506.0628
aryne_6222,-506.0596
aryne_6223,
aryne_6224,-925.1627
aryne_6225,-812.0278
aryne_6226,-811.945
aryne_6227,
aryne_6228,-1020.2225
aryne_6229,-660.1955
aryne_6230,-811.9728
aryne_6231,-580.2449
aryne_6232,-507.272
aryne_6233,-1171.8822
aryne_6234,-906.9262
aryne_6235,-602.2968
aryne_6236,-602.2866
aryne_6237,-1207.7746
aryne_6238,-1016.3353
aryne_6239,-906.969
aryne_6240,
aryne_6241,-488.9789
aryne_6242,-584.9579
aryne_6243,-861.0421
aryne_6244,-522.124
aryne_6245,-586.3001
aryne_6246,-586.2791
aryne_6247,-1229.8663
aryne_6248,-945.0108
aryne_6249,-1015.1689
aryne_6250,-469.1963
aryne_6251,
aryne_6252,-1343.0812
aryne_6253,-828.0088
aryne_6254,-960.9858
aryne_6255,-634.2845
aryne_6256,-788.3444
aryne_6257,-598.3475
aryne_6258,
aryne_6259,-841.2697
aryne_6260,-560.2934
aryne_6261,-1036.1575
aryne_6262,-485.1007
aryne_6263,
aryne_6264,-576.2486
aryne_6265,-864.862
aryne_6266,-523.2497
aryne_6267,-925.2213
aryne_6268,-523.2878
aryne_6269,
aryne_6270,
aryne_6271,
aryne_6272,-941.2173
aryne_6273,-582.4278
aryne_6274,
aryne_6275,
aryne_6276,
aryne_6277,-811.9132
aryne_6278,-557.6132
aryne_6279,-598.4453
aryne_6280,-1318.4268
aryne_6281,
aryne_6282,
aryne_6283,-1025.5005
aryne_6284,
aryne_6285,-925.1683
aryne_6286,-539.2205
aryne_6287,-709.3621
aryne_6288,-602.2507
aryne_6289,-498.5056
aryne_6290,-317.9522
aryne_6291,-491.2958
aryne_6292,-925.212
aryne_6293,-580.1576
aryne_6294,-945.059
aryne_6295,-597.2588
aryne_6296,
aryne_6297,-978.1691
aryne_6298,-564.0915
aryne_6299,-564.0822
aryne_6300,-391.7624
aryne_6301,-925.1844
aryne_6302,-961.0196
aryne_6303,
aryne_6304,-582.467
aryne_6305,-511.1226
aryne_6306,-511.1351
aryne_6307,-618.1331
aryne_6308,-909.2269
aryne_6309,-864.501
aryne_6310,-1229.9425
aryne_6311,-602.3199
aryne_6312,-466.9571
aryne_6313,-864.9347
aryne_6314,-818.0493
aryne_6315,-818.0264
aryne_6316,-818.024
aryne_6317,-818.0225
aryne_6318,
aryne_6319,-527.1553
aryne_6320,-527.1501
aryne_6321,
aryne_6322,-1251.9583
aryne_6323,-394.0814
aryne_6324,-394.0321
aryne_6325,-560.3973
aryne_6326,-1362.954
aryne_6327,
aryne_6328,
aryne_6329,-542.1267
aryne_6330,
aryne_6331,-355.9474
aryne_6332,-847.7954
aryne_6333,-584.0443
aryne_6334,-1016.434
aryne_6335,-709.2827
aryne_6336,
aryne_6337,-795.9773
aryne_6338,-795.9128
aryne_6339,-689.5207
aryne_6340,-736.8744
aryne_6341,-1343.0824
aryne_6342,-900.4015
aryne_6343,-1207.697
aryne_6344,-544.3901
aryne_6345,-713.1922
aryne_6346,-362.0682
aryne_6347,-362.0716
aryne_6348,-362.073
aryne_6349,-362.009
aryne_6350,-527.108
aryne_6351,-527.1048
aryne_6352,-864.9869
aryne_6353,-539.2848
aryne_6354,-560.3768
aryne_6355,-485.1791
aryne_6356,-907.0176
aryne_6357,
aryne_6358,-906.8826
aryne_6359,-903.0745
aryne_6360,-866.011
aryne_6361,
aryne_6362,-1229.9172
aryne_6363,-831.8189
aryne_6364,-409.9851
aryne_6365,-1111.2874
aryne_6366,-489.0585
aryne_6367,-941.2346
aryne_6368,-489.0349
aryne_6369,-925.2393
aryne_6370,
aryne_6371,-507.336
aryne_6372,
aryne_6373,
aryne_6374,
aryne_6375,-1020.2088
aryne_6376,-1283.9702
aryne_6377,
aryne_6378,-586.2916
aryne_6379,-586.2761
aryne_6380,-485.2556
aryne_6381,-482.5007
aryne_6382,
aryne_6383,-1227.1823
aryne_6384,-1227.1778
aryne_6385,-498.4339
aryne_6386,-709.3062
aryne_6387,-566.3625
aryne_6388,
aryne_6389,-566.3437
aryne_6390,-582.4668
aryne_6391,-489.0553
aryne_6392,-394.0756
aryne_6393,-394.0133
aryne_6394,-1362.8961
aryne_6395,-598.4247
aryne_6396,-795.9672
aryne_6397,-582.3713
aryne_6398,-945.0751
aryne_6399,
aryne_6400,-657.5152
aryne_6401,-429.9069
aryne_6402,-429.9126
aryne_6403,-815.8361
aryne_6404,-815.7366
aryne_6405,-1362.9777
aryne_6406,-714.7619
aryne_6407,-1040.0305
aryne_6408,-505.0017
aryne_6409,
aryne_6410,
aryne_6411,-907.0034
aryne_6412,-426.0302
aryne_6413,-1040.0561
aryne_6414,-576.2973
aryne_6415,
aryne_6416,-903.1376
aryne_6417,-502.3167
aryne_6418,
aryne_6419,
aryne_6420,-1514.7017
aryne_6421,
aryne_6422,-501.1251
aryne_6423,
aryne_6424,-1020.2254
aryne_6425,-676.177
aryne_6426,
aryne_6427,
aryne_6428,-582.4767
aryne_6429,-1032.2559
aryne_6430,-634.2086
aryne_6431,
aryne_6432,-660.1988
aryne_6433,-445.8097
aryne_6434,-379.5885
aryne_6435,-864.9917
aryne_6436,-1000.3071
aryne_6437,-1000.3056
aryne_6438,-1154.7417
aryne_6439,-622.0706
aryne_6440,-831.7542
aryne_6441,-504.9241
aryne_6442,-861.0573
aryne_6443,-682.7054
aryne_6444,-682.7383
aryne_6445,-1000.3656
aryne_6446,-1116.6867
aryne_6447,-511.1579
aryne_6448,-511.1572
aryne_6449,-511.154
aryne_6450,-1267.923
aryne_6451,-602.2935
aryne_6452,-866.0482
aryne_6453,-1154.7901
aryne_6454,-618.1853
aryne_6455,-501.1249
aryne_6456,-793.2102
aryne_6457,-580.0508
aryne_6458,-673.6476
aryne_6459,-1020.2171
aryne_6460,-1000.2966
aryne_6461,-1000.2908
aryne_6462,-697.2235
aryne_6463,-582.4706
aryne_6464,-1152.0743
aryne_6465,-584.9544
aryne_6466,-618.2804
aryne_6467,-941.2102
aryne_6468,-523.2404
aryne_6469,
aryne_6470,-564.1999
aryne_6471,-677.5151
aryne_6472,-789.9109
aryne_6473,-564.2734
aryne_6474,-809.2903
aryne_6475,-809.31
aryne_6476,-557.649
aryne_6477,-635.454
aryne_6478,-768.8385
aryne_6479,-702.5624
aryne_6480,-945.0492
aryne_6481,
aryne_6482,
aryne_6483,-827.962
aryne_6484,-998.0597
aryne_6485,
aryne_6486,
aryne_6487,-673.6917
aryne_6488,-941.2198
aryne_6489,
aryne_6490,
aryne_6491,-1343.1263
aryne_6492,-941.1522
aryne_6493,-489.0953
aryne_6494,-866.0305
aryne_6495,-714.7434
aryne_6496,-945.0733
aryne_6497,-598.4667
aryne_6498,-416.1528
aryne_6499,-416.1547
aryne_6500,-416.1557
aryne_6501,
aryne_6502,-1091.4319
aryne_6503,-566.468
aryne_6504,-566.4569
aryne_6505,-682.214
aryne_6506,-682.2164
aryne_6507,
aryne_6508,-941.2123
aryne_6509,-473.0404
aryne_6510,
aryne_6511,
aryne_6512,-887.1701
aryne_6513,-566.4544
aryne_6514,-566.4443
aryne_6515,-697.175
aryne_6516,-598.429
aryne_6517,-945.0543
aryne_6518,-828.0192
aryne_6519,-850.0877
aryne_6520,-850.0289
aryne_6521,-787.0945
aryne_6522,
aryne_6523,-602.2099
aryne_6524,-1136.0591
aryne_6525,-1136.0599
aryne_6526,-505.0198
aryne_6527,-564.2158
aryne_6528,-880.9015
aryne_6529,
aryne_6530,-538.0914
aryne_6531,
aryne_6532,-1152.0964
aryne_6533,-1000.2886
aryne_6534,-1000.2879
aryne_6535,-1091.4208
aryne_6536,-580.076
aryne_6537,-925.2591
aryne_6538,-600.9357
aryne_6539,-1091.46
aryne_6540,-582.4062
aryne_6541,-887.1465
aryne_6542,-834.0356
aryne_6543,-834.0324
aryne_6544,-1227.1846
aryne_6545,-1227.1599
aryne_6546,-850.0718
aryne_6547,
aryne_6548,-1685.8778
aryne_6549,
aryne_6550,-582.4817
aryne_6551,-924.0154
aryne_6552,
aryne_6553,-1229.9149
aryne_6554,-752.8524
aryne_6555,
aryne_6556,-511.1276
aryne_6557,-511.1234
aryne_6558,-577.4315
aryne_6559,-1187.9263
aryne_6560,-789.914
aryne_6561,-941.1909
aryne_6562,-1002.949
aryne_6563,-618.1755
aryne_6564,-613.2111
aryne_6565,-618.1723
aryne_6566,-941.1857
aryne_6567,-1343.0362
aryne_6568,-577.4502
aryne_6569,-773.4013
aryne_6570,-1359.156
aryne_6571,-472.9662
aryne_6572,-472.9737
aryne_6573,-1170.7131
aryne_6574,-815.8168
aryne_6575,-469.1789
aryne_6576,-829.0996
aryne_6577,
aryne_6578,-936.2418
aryne_6579,-618.2642
aryne_6580,-813.1332
aryne_6581,
aryne_6582,-602.3202
aryne_6583,-1267.9652
aryne_6584,
aryne_6585,-501.1271
aryne_6586,-1168.0231
aryne_6587,-580.0803
aryne_6588,-507.2819
aryne_6589,-507.2878
aryne_6590,-864.8941
aryne_6591,-693.4147
aryne_6592,-487.8062
aryne_6593,-673.5948
aryne_6594,-850.0704
aryne_6595,-714.6935
aryne_6596,-907.0037
aryne_6597,-734.5691
aryne_6598,-618.2499
aryne_6599,-511.0798
aryne_6600,-511.0773
aryne_6601,-511.0741
aryne_6602,-485.0978
aryne_6603,-485.1243
aryne_6604,
aryne_6605,-909.1709
aryne_6606,-909.1537
aryne_6607,
aryne_6608,-736.8054
aryne_6609,-602.3126
aryne_6610,-796.011
aryne_6611,-795.922
aryne_6612,-906.935
aryne_6613,-614.3836
aryne_6614,-945.0231
aryne_6615,-945.0361
aryne_6616,-1229.933
aryne_6617,-925.2202
aryne_6618,-486.2516
aryne_6619,
aryne_6620,-505.0491
aryne_6621,-598.4585
aryne_6622,-505.08
aryne_6623,-845.0788
aryne_6624,
aryne_6625,
aryne_6626,
aryne_6627,-538.0859
aryne_6628,-1680.9216
aryne_6629,-564.1229
aryne_6630,
aryne_6631,-978.2633
aryne_6632,-925.1808
aryne_6633,-925.1724
aryne_6634,-1343.0588
aryne_6635,-410.0124
aryne_6636,
aryne_6637,-789.8834
aryne_6638,-524.8147
aryne_6639,-657.6573
aryne_6640,-634.2706
aryne_6641,-561.4121
aryne_6642,
aryne_6643,-828.0051
aryne_6644,-1171.8859
aryne_6645,-828.0212
aryne_6646,-602.1996
aryne_6647,-1020.1948
aryne_6648,-1187.9438
aryne_6649,-1343.1044
aryne_6650,
aryne_6651,-544.4128
aryne_6652,-717.1063
aryne_6653,-397.8982
aryne_6654,
aryne_6655,-375.7905
aryne_6656,
aryne_6657,-371.9714
aryne_6658,
aryne_6659,-539.2282
aryne_6660,-1267.9712
aryne_6661,
aryne_6662,-576.2551
aryne_6663,
aryne_6664,-394.0641
aryne_6665,-827.8799
aryne_6666,-622.1074
aryne_6667,-1320.9497
aryne_6668,-805.8207
aryne_6669,
aryne_6670,-803.084
aryne_6671,-693.2943
aryne_6672,-698.224
aryne_6673,-698.2247
aryne_6674,
aryne_6675,
aryne_6676,-561.4151
aryne_6677,-841.2222
aryne_6678,
aryne_6679,-813.112
aryne_6680,
aryne_6681,-809.2793
aryne_6682,-809.2777
aryne_6683,-583.9931
aryne_6684,-677.4488
aryne_6685,-941.1464
aryne_6686,-489.0569
aryne_6687,-864.8763
aryne_6688,
aryne_6689,-470.7489
aryne_6690,-559.0659
aryne_6691,-1267.9615
aryne_6692,-1020.2212
aryne_6693,-850.0669
aryne_6694,-1267.9511
aryne_6695,-1259.1364
aryne_6696,-709.3305
aryne_6697,-1000.4049
aryne_6698,-1245.8762
aryne_6699,-473.0493
aryne_6700,-1267.9456
aryne_6701,-378.0768
aryne_6702,-566.4851
aryne_6703,-566.4617
aryne_6704,-941.1898
aryne_6705,-660.1272
aryne_6706,-847.8403
aryne_6707,-1569.9614
aryne_6708,-1569.973
aryne_6709,-1318.3571
aryne_6710,-941.1834
aryne_6711,-698.7119
aryne_6712,-698.7455
aryne_6713,-998.1556
aryne_6714,-796.0091
aryne_6715,-795.9285
aryne_6716,-581.2645
aryne_6717,
aryne_6718,-522.147
aryne_6719,-504.9851
aryne_6720,-634.2047
aryne_6721,-693.3007
aryne_6722,-522.1094
aryne_6723,-1098.4852
aryne_6724,-538.1011
aryne_6725,-598.4209
aryne_6726,-811.9283
aryne_6727,
aryne_6728,
aryne_6729,-790.9417
aryne_6730,-845.0222
aryne_6731,-657.5702
aryne_6732,
aryne_6733,-507.3526
aryne_6734,-1036.238
aryne_6735,-501.2388
aryne_6736,-469.2323
aryne_6737,-469.2621
aryne_6738,-618.2508
aryne_6739,
aryne_6740,-580.108
aryne_6741,-697.3224
aryne_6742,-920.194
aryne_6743,-1016.4338
aryne_6744,-698.7413
aryne_6745,-445.8368
aryne_6746,-582.4729
aryne_6747,-485.1453
aryne_6748,-1015.2345
aryne_6749,-720.8428
aryne_6750,-720.8522
aryne_6751,-720.8257
aryne_6752,-469.2126
aryne_6753,-815.833
aryne_6754,-815.7325
aryne_6755,-520.9233
aryne_6756,-523.2371
aryne_6757,
aryne_6758,
aryne_6759,
aryne_6760,
aryne_6761,
aryne_6762,
aryne_6763,-431.0842
aryne_6764,-598.4126
aryne_6765,-489.016
aryne_6766,-586.2716
aryne_6767,-586.27
aryne_6768,-925.1752
aryne_6769,-527.0939
aryne_6770,-527.0957
aryne_6771,-527.0917
aryne_6772,-1020.2128
aryne_6773,-1020.225
aryne_6774,-378.051
aryne_6775,-377.9834
aryne_6776,-1000.3754
aryne_6777,-795.979
aryne_6778,-795.8916
aryne_6779,-985.2846
aryne_6780,-825.1947
aryne_6781,-825.2293
aryne_6782,
aryne_6783,-945.0101
aryne_6784,-485.2699
aryne_6785,
aryne_6786,-489.0237
aryne_6787,-1243.1931
aryne_6788,-1514.67
aryne_6789,
aryne_6790,-676.1985
aryne_6791,-391.7064
aryne_6792,
aryne_6793,-1267.9721
aryne_6794,-1283.9463
aryne_6795,-752.7867
aryne_6796,-429.8822
aryne_6797,-907.0056
aryne_6798,-834.034
aryne_6799,-834.0323
aryne_6800,-834.0298
aryne_6801,-602.2052
aryne_6802,-523.3202
aryne_6803,-375.757
aryne_6804,-829.0171
aryne_6805,-829.0172
aryne_6806,-900.3919
aryne_6807,-1170.7087
aryne_6808,-582.4412
aryne_6809,-843.9003
aryne_6810,-1494.8515
aryne_6811,-448.147
aryne_6812,-448.1511
aryne_6813,-827.9018
aryne_6814,
aryne_6815,-1321.0566
aryne_6816,-543.1171
aryne_6817,-955.9918
aryne_6818,-1111.2745
aryne_6819,-1585.9245
aryne_6820,-491.2944
aryne_6821,-491.2968
aryne_6822,-491.2916
aryne_6823,-676.2313
aryne_6824,-655.2732
aryne_6825,
aryne_6826,-1016.2894
aryne_6827,-945.0586
aryne_6828,-1243.1799
aryne_6829,-829.0937
aryne_6830,-862.3427
aryne_6831,
aryne_6832,
aryne_6833,
aryne_6834,-1111.2272
aryne_6835,-637.9744
aryne_6836,-1251.9556
aryne_6837,-1338.1323
aryne_6838,
aryne_6839,-689.4979
aryne_6840,
aryne_6841,-1434.2364
aryne_6842,-677.4189
aryne_6843,-593.4046
aryne_6844,-523.3433
aryne_6845,-507.3262
aryne_6846,-507.3211
aryne_6847,-598.4392
aryne_6848,-580.1588
aryne_6849,-1680.9682
aryne_6850,-1229.9247
aryne_6851,-593.4051
aryne_6852,-618.2563
aryne_6853,-429.8585
aryne_6854,-1318.3016
aryne_6855,-1152.0589
aryne_6856,-713.244
aryne_6857,
aryne_6858,-586.3062
aryne_6859,-586.3025
aryne_6860,-586.3039
aryne_6861,
aryne_6862,-861.0863
aryne_6863,-698.7458
aryne_6864,-580.1934
aryne_6865,-906.9451
aryne_6866,-925.1936
aryne_6867,-925.1773
aryne_6868,-657.6701
aryne_6869,-539.2776
aryne_6870,-582.4447
aryne_6871,-582.4263
aryne_6872,-472.9989
aryne_6873,-925.2501
aryne_6874,-887.1866
aryne_6875,
aryne_6876,-507.3228
aryne_6877,
aryne_6878,-602.2171
aryne_6879,-925.228
aryne_6880,-602.2807
aryne_6881,-577.4349
aryne_6882,-1267.9543
aryne_6883,-1036.246
aryne_6884,-1020.2566
aryne_6885,-1343.0985
aryne_6886,-561.426
aryne_6887,-561.4073
aryne_6888,-1187.8294
aryne_6889,
aryne_6890,-341.6126
aryne_6891,-923.0065
aryne_6892,-566.4787
aryne_6893,-866.0376
aryne_6894,-866.0353
aryne_6895,-1661.1159
aryne_6896,-866.035
aryne_6897,
aryne_6898,-489.0271
aryne_6899,-507.3241
aryne_6900,-507.2974
aryne_6901,-544.4373
aryne_6902,-1267.9823
aryne_6903,
aryne_6904,
aryne_6905,-941.2206
aryne_6906,-828.0137
aryne_6907,-564.1704
aryne_6908,-718.5511
aryne_6909,-410.0201
aryne_6910,-375.7023
aryne_6911,-486.3405
aryne_6912,
aryne_6913,-657.6578
aryne_6914,-469.301
aryne_6915,-469.2943
aryne_6916,-564.2393
aryne_6917,
aryne_6918,-582.4894
aryne_6919,-752.8567
aryne_6920,-634.1444
aryne_6921,-680.5912
aryne_6922,-978.3165
aryne_6923,
aryne_6924,-841.2834
aryne_6925,-557.6552
aryne_6926,-559.1102
aryne_6927,-1251.9546
aryne_6928,-1251.9558
aryne_6929,-693.3648
aryne_6930,-1243.1886
aryne_6931,-1434.2384
aryne_6932,-957.1962
aryne_6933,-638.0665
aryne_6934,-811.9761
aryne_6935,-845.087
aryne_6936,-655.2308
aryne_6937,
aryne_6938,-922.9095
aryne_6939,-922.9192
aryne_6940,-818.0097
aryne_6941,-818.0072
aryne_6942,-602.2676
aryne_6943,
aryne_6944,-394.1029
aryne_6945,-469.1673
aryne_6946,-469.1795
aryne_6947,
aryne_6948,-847.8558
aryne_6949,-961.0355
aryne_6950,-906.9147
aryne_6951,-469.2423
aryne_6952,-1129.9729
aryne_6953,-673.5804
aryne_6954,-1136.0386
aryne_6955,-1136.0347
aryne_6956,-580.2318
aryne_6957,-1267.9729
aryne_6958,-518.2937
aryne_6959,-599.9943
aryne_6960,
aryne_6961,-564.2039
aryne_6962,-907.031
aryne_6963,-485.1419
aryne_6964,-469.1847
aryne_6965,
aryne_6966,-504.9492
aryne_6967,-1251.9535
aryne_6968,-1251.9531
aryne_6969,
aryne_6970,-720.834
aryne_6971,-720.8345
aryne_6972,-508.7927
aryne_6973,-1267.963
aryne_6974,-409.9855
aryne_6975,-391.7132
aryne_6976,-560.3168
aryne_6977,
aryne_6978,-697.3429
aryne_6979,-523.3101
aryne_6980,-598.4747
aryne_6981,-718.5479
aryne_6982,-693.3434
aryne_6983,-713.3178
aryne_6984,-523.2573
aryne_6985,-941.2075
aryne_6986,-1036.2403
aryne_6987,-598.3803
aryne_6988,-925.2027
aryne_6989,-413.8906
aryne_6990,-495.1015
aryne_6991,-495.0982
aryne_6992,
aryne_6993,-945.0641
aryne_6994,-1020.2294
aryne_6995,-1362.9764
aryne_6996,-560.2727
aryne_6997,-773.3663
aryne_6998,-230.6387
aryne_6999,-1116.687
aryne_7000,-1434.2275
aryne_7001,-1229.8469
aryne_7002,-622.1687
aryne_7003,-812.0044
aryne_7004,-413.8683
aryne_7005,-544.3228
aryne_7006,-544.2769
aryne_7007,-1168.082
aryne_7008,-900.4478
aryne_7009,-1359.1093
aryne_7010,-925.229
aryne_7011,-560.3098
aryne_7012,-504.9869
aryne_7013,-829.0936
aryne_7014,-602.2973
aryne_7015,-848.8995
aryne_7016,-941.1771
aryne_7017,-602.2548
aryne_7018,-900.4009
aryne_7019,-906.9583
aryne_7020,-831.8579
aryne_7021,-586.2795
aryne_7022,-586.2728
aryne_7023,
aryne_7024,
aryne_7025,
aryne_7026,-693.4723
aryne_7027,-812.0254
aryne_7028,-1494.8467
aryne_7029,
aryne_7030,-355.9299
aryne_7031,-1138.7582
aryne_7032,-1138.7031
aryne_7033,-1020.2001
aryne_7034,-920.2455
aryne_7035,-448.0902
aryne_7036,-448.0901
aryne_7037,-748.6514
aryne_7038,-564.1087
aryne_7039,
aryne_7040,-845.131
aryne_7041,-566.4295
aryne_7042,-602.2362
aryne_7043,-426.0697
aryne_7044,-504.9664
aryne_7045,-602.3237
aryne_7046,-1343.0834
aryne_7047,-843.9413
aryne_7048,-1111.3418
aryne_7049,-544.4428
aryne_7050,-469.1708
aryne_7051,-1020.1418
aryne_7052,-940.0335
aryne_7053,-463.0682
aryne_7054,-507.2389
aryne_7055,-1267.9668
aryne_7056,
aryne_7057,
aryne_7058,-736.8383
aryne_7059,-736.8402
aryne_7060,-736.8409
aryne_7061,-828.0316
aryne_7062,-861.1024
aryne_7063,-1267.9711
aryne_7064,-489.0831
aryne_7065,-489.034
aryne_7066,-598.5029
aryne_7067,-795.9976
aryne_7068,-795.9786
aryne_7069,-834.0655
aryne_7070,-834.0427
aryne_7071,-657.5883
aryne_7072,-828.0068
aryne_7073,-602.2962
aryne_7074,-1321.0028
aryne_7075,-945.0674
aryne_7076,-1245.9179
aryne_7077,-1167.9722
aryne_7078,
aryne_7079,-584.0882
aryne_7080,-598.4191
aryne_7081,-618.2538
aryne_7082,-926.7585
aryne_7083,-1175.7307
aryne_7084,-576.3411
aryne_7085,-717.0003
aryne_7086,-1187.8639
aryne_7087,-598.3363
aryne_7088,-505.0127
aryne_7089,-920.2022
aryne_7090,
aryne_7091,-936.1717
aryne_7092,
aryne_7093,-815.831
aryne_7094,-815.7313
aryne_7095,-907.0177
aryne_7096,-559.0594
aryne_7097,-925.2059
aryne_7098,-675.1315
aryne_7099,-580.2513
aryne_7100,-507.2552
aryne_7101,-1359.1422
aryne_7102,-925.1991
aryne_7103,
aryne_7104,-861.0231
aryne_7105,-469.2582
aryne_7106,-564.1185
aryne_7107,-713.2534
aryne_7108,-919.045
aryne_7109,-1343.1133
aryne_7110,-828.0127
aryne_7111,-909.2374
aryne_7112,-909.2392
aryne_7113,-909.2415
aryne_7114,
aryne_7115,-566.4844
aryne_7116,-566.4686
aryne_7117,-941.1638
aryne_7118,-492.822
aryne_7119,-602.2251
aryne_7120,-1016.3247
aryne_7121,-488.961
aryne_7122,-433.3465
aryne_7123,-433.3429
aryne_7124,-433.3426
aryne_7125,-523.3042
aryne_7126,-936.1958
aryne_7127,-566.4389
aryne_7128,-566.4285
aryne_7129,-698.2054
aryne_7130,-410.0538
aryne_7131,-410.0141
aryne_7132,-672.4476
aryne_7133,-655.3209
aryne_7134,-811.9347
aryne_7135,-1278.9389
aryne_7136,-1000.4317
aryne_7137,-922.9297
aryne_7138,-614.4562
aryne_7139,-925.2086
aryne_7140,
aryne_7141,-505.0547
aryne_7142,-847.8181
aryne_7143,-693.2939
aryne_7144,-566.422
aryne_7145,-566.4611
aryne_7146,
aryne_7147,-485.2122
aryne_7148,-1343.0611
aryne_7149,-906.9946
aryne_7150,-395.6203
aryne_7151,-941.1361
aryne_7152,-925.1783
aryne_7153,-523.2633
aryne_7154,
aryne_7155,-831.7622
aryne_7156,-337.7988
aryne_7157,-1000.3881
aryne_7158,-768.5638
aryne_7159,-677.4052
aryne_7160,-866.0291
aryne_7161,-601.0548
aryne_7162,
aryne_7163,-602.2409
aryne_7164,-391.7296
aryne_7165,
aryne_7166,-564.1843
aryne_7167,-485.1131
aryne_7168,-945.0208
aryne_7169,-582.38
aryne_7170,
aryne_7171,-469.1698
aryne_7172,-473.0497
aryne_7173,-473.0007
aryne_7174,-1016.2822
aryne_7175,-507.2964
aryne_7176,-507.2806
aryne_7177,-925.2078
aryne_7178,-397.8859
aryne_7179,-397.8868
aryne_7180,-397.8886
aryne_7181,-831.7455
aryne_7182,-957.1754
aryne_7183,-768.5531
aryne_7184,
aryne_7185,-1154.7889
aryne_7186,
aryne_7187,-523.2918
aryne_7188,-564.2391
aryne_7189,-957.1561
aryne_7190,-560.3438
aryne_7191,-812.01
aryne_7192,-811.9323
aryne_7193,-482.5406
aryne_7194,-831.7602
aryne_7195,-712.068
aryne_7196,
aryne_7197,-810.7628
aryne_7198,
aryne_7199,
aryne_7200,
aryne_7201,-1132.6812
aryne_7202,-489.0757
aryne_7203,-489.0064
aryne_7204,-488.9953
aryne_7205,-865.0036
aryne_7206,-941.2431
aryne_7207,-827.9701
aryne_7208,-675.0627
aryne_7209,-618.2825
aryne_7210,-1510.8481
aryne_7211,-580.1056
aryne_7212,-598.4422
aryne_7213,-829.1369
aryne_7214,
aryne_7215,-468.0133
aryne_7216,-1187.8459
aryne_7217,-1243.1643
aryne_7218,-432.8349
aryne_7219,-1016.3729
aryne_7220,-544.2905
aryne_7221,-544.287
aryne_7222,-602.2303
aryne_7223,-957.1935
aryne_7224,-945.0447
aryne_7225,-961.0393
aryne_7226,-453.239
aryne_7227,
aryne_7228,-618.2572
aryne_7229,-907.0044
aryne_7230,-929.0579
aryne_7231,-929.0198
aryne_7232,-789.4088
aryne_7233,-600.0237
aryne_7234,-1187.8514
aryne_7235,-1016.3175
aryne_7236,
aryne_7237,-582.4185
aryne_7238,-1154.7812
aryne_7239,-507.2617
aryne_7240,-410.0359
aryne_7241,-1020.1857
aryne_7242,-1016.416
aryne_7243,-1601.9535
aryne_7244,-945.0419
aryne_7245,-1249.6989
aryne_7246,-906.9276
aryne_7247,-378.0602
aryne_7248,-378.0107
aryne_7249,-693.4741
aryne_7250,-923.0154
aryne_7251,
aryne_7252,-1020.1897
aryne_7253,-489.0126
aryne_7254,-945.0121
aryne_7255,-843.9822
aryne_7256,-410.0592
aryne_7257,-409.9974
aryne_7258,-945.0219
aryne_7259,
aryne_7260,-944.9818
aryne_7261,-517.1197
aryne_7262,-941.2073
aryne_7263,-505.0508
aryne_7264,-698.2164
aryne_7265,-677.4741
aryne_7266,-622.1774
aryne_7267,-622.1778
aryne_7268,-224.5536
aryne_7269,-809.7306
aryne_7270,
aryne_7271,-978.1867
aryne_7272,-693.3749
aryne_7273,-1569.9555
aryne_7274,-1569.9664
aryne_7275,-1251.9592
aryne_7276,-1251.9596
aryne_7277,-1251.9629
aryne_7278,-789.8289
aryne_7279,-1359.1185
aryne_7280,-473.0636
aryne_7281,-925.2518
aryne_7282,
aryne_7283,-1020.1932
aryne_7284,-378.0827
aryne_7285,-543.1511
aryne_7286,
aryne_7287,-598.338
aryne_7288,-598.3176
aryne_7289,-1171.92
aryne_7290,-693.332
aryne_7291,-768.4824
aryne_7292,-845.0699
aryne_7293,-909.2296
aryne_7294,-909.1918
aryne_7295,-469.1155
aryne_7296,-469.1539
aryne_7297,-673.6187
aryne_7298,
aryne_7299,-1514.6605
aryne_7300,-788.296
aryne_7301,-473.0778
aryne_7302,-473.0071
aryne_7303,-391.7771
aryne_7304,-507.2662
aryne_7305,
aryne_7306,-925.2257
aryne_7307,
aryne_7308,
aryne_7309,-825.2628
aryne_7310,-602.3021
aryne_7311,-1205.114
aryne_7312,-566.4668
aryne_7313,-566.4497
aryne_7314,-1154.7695
aryne_7315,-909.1882
aryne_7316,-909.1942
aryne_7317,-850.0628
aryne_7318,
aryne_7319,-524.7882
aryne_7320,-1246.9967
aryne_7321,-1246.9542
aryne_7322,-714.7563
aryne_7323,-828.0113
aryne_7324,-925.2392
aryne_7325,-582.4473
aryne_7326,-560.4133
aryne_7327,-1343.1224
aryne_7328,-998.0602
aryne_7329,-485.1482
aryne_7330,-693.3812
aryne_7331,-489.0485
aryne_7332,-1338.1684
aryne_7333,-431.1371
aryne_7334,-482.5376
aryne_7335,-523.2743
aryne_7336,-618.274
aryne_7337,
aryne_7338,-584.0238
aryne_7339,-941.2167
aryne_7340,
aryne_7341,-1171.8796
aryne_7342,-432.8304
aryne_7343,-583.9471
aryne_7344,-429.858
aryne_7345,-693.5249
aryne_7346,-634.252
aryne_7347,-576.3094
aryne_7348,-426.0512
aryne_7349,-507.3109
aryne_7350,-677.3925
aryne_7351,-773.8946
aryne_7352,-539.2348
aryne_7353,-941.1365
aryne_7354,-941.1746
aryne_7355,
aryne_7356,-618.234
aryne_7357,
aryne_7358,-1259.1654
aryne_7359,
aryne_7360,
aryne_7361,-679.9819
aryne_7362,-397.9197
aryne_7363,-397.9268
aryne_7364,-397.8596
aryne_7365,-850.0926
aryne_7366,-660.1745
aryne_7367,-527.1649
aryne_7368,-768.4745
aryne_7369,-903.0299
aryne_7370,-941.2465
aryne_7371,-941.182
aryne_7372,-622.1104
aryne_7373,-811.9466
aryne_7374,-560.2698
aryne_7375,-945.0428
aryne_7376,-485.1647
aryne_7377,-485.1609
aryne_7378,-582.4522
aryne_7379,
aryne_7380,-675.0837
aryne_7381,-773.3693
aryne_7382,-580.053
aryne_7383,-755.728
aryne_7384,-429.9074
aryne_7385,-818.0507
aryne_7386,-818.0337
aryne_7387,-818.0312
aryne_7388,-818.0296
aryne_7389,-507.2768
aryne_7390,-507.277
aryne_7391,-697.3382
aryne_7392,-501.2431
aryne_7393,-773.3674
aryne_7394,-827.9823
aryne_7395,
aryne_7396,-394.0797
aryne_7397,-394.0607
aryne_7398,
aryne_7399,
aryne_7400,
aryne_7401,-929.0463
aryne_7402,-507.2656
aryne_7403,-507.2444
aryne_7404,-539.2476
aryne_7405,-598.4207
aryne_7406,
aryne_7407,-593.398
aryne_7408,-925.2106
aryne_7409,-504.9873
aryne_7410,-486.2326
aryne_7411,-486.2491
aryne_7412,
aryne_7413,
aryne_7414,-618.2226
aryne_7415,-618.2214
aryne_7416,-828.0007
aryne_7417,
aryne_7418,
aryne_7419,-1168.0286
aryne_7420,-602.2951
aryne_7421,-1165.6897
aryne_7422,
aryne_7423,-502.2718
aryne_7424,
aryne_7425,-600.0052
aryne_7426,-811.9377
aryne_7427,-887.1113
aryne_7428,-1036.0812
aryne_7429,-827.9828
aryne_7430,-827.8831
aryne_7431,-1016.312
aryne_7432,-884.8997
aryne_7433,-831.7478
aryne_7434,-375.7829
aryne_7435,-502.2865
aryne_7436,-492.9403
aryne_7437,-492.9424
aryne_7438,-831.7735
aryne_7439,
aryne_7440,-655.2656
aryne_7441,-673.4967
aryne_7442,-693.3467
aryne_7443,-827.9984
aryne_7444,-523.2362
aryne_7445,-811.939
aryne_7446,
aryne_7447,-924.0112
aryne_7448,-489.0058
aryne_7449,-622.047
aryne_7450,
aryne_7451,
aryne_7452,
aryne_7453,-829.0407
aryne_7454,
aryne_7455,-614.4525
aryne_7456,-945.0708
aryne_7457,-602.2522
aryne_7458,-488.9673
aryne_7459,-602.3364
aryne_7460,
aryne_7461,-827.8851
aryne_7462,
aryne_7463,-560.2674
aryne_7464,
aryne_7465,-848.8735
aryne_7466,-1205.0519
aryne_7467,-523.2814
aryne_7468,-523.2761
aryne_7469,-564.2699
aryne_7470,
aryne_7471,-768.5476
aryne_7472,-925.2257
aryne_7473,
aryne_7474,-544.3723
aryne_7475,
aryne_7476,-677.4963
aryne_7477,
aryne_7478,-1154.7887
aryne_7479,
aryne_7480,-507.3043
aryne_7481,-507.2987
aryne_7482,
aryne_7483,-566.4715
aryne_7484,-638.1207
aryne_7485,-618.2108
aryne_7486,-698.7706
aryne_7487,-544.3924
aryne_7488,-559.081
aryne_7489,
aryne_7490,-507.3452
aryne_7491,-507.3021
aryne_7492,-866.0389
aryne_7493,-866.0349
aryne_7494,-843.9814
aryne_7495,-925.2172
aryne_7496,-717.1251
aryne_7497,-925.169
aryne_7498,-793.7581
aryne_7499,-507.3342
aryne_7500,
aryne_7501,-925.2249
aryne_7502,-925.2211
aryne_7503,-945.0088
aryne_7504,-793.2172
aryne_7505,-523.2988
aryne_7506,-602.2807
aryne_7507,-909.2175
aryne_7508,-508.8506
aryne_7509,-576.3462
aryne_7510,-1000.3251
aryne_7511,-1036.1444
aryne_7512,-693.4455
aryne_7513,-827.9572
aryne_7514,-485.2505
aryne_7515,-922.8939
aryne_7516,-1359.1359
aryne_7517,-1246.9909
aryne_7518,-1246.9537
aryne_7519,-945.0735
aryne_7520,-945.0784
aryne_7521,-1320.9813
aryne_7522,
aryne_7523,-614.4116
aryne_7524,
aryne_7525,
aryne_7526,-813.5882
aryne_7527,-1362.9678
aryne_7528,-1020.1131
aryne_7529,-1020.2162
aryne_7530,-1184.0607
aryne_7531,-850.0696
aryne_7532,-850.0656
aryne_7533,-470.3224
aryne_7534,
aryne_7535,-998.0663
aryne_7536,
aryne_7537,-827.9644
aryne_7538,-926.7376
aryne_7539,
aryne_7540,-602.2502
aryne_7541,-490.1555
aryne_7542,-490.1486
aryne_7543,-957.1937
aryne_7544,
aryne_7545,-473.0159
aryne_7546,-337.8266
aryne_7547,-469.2022
aryne_7548,-697.2349
aryne_7549,
aryne_7550,-811.9716
aryne_7551,-633.031
aryne_7552,-576.3078
aryne_7553,-887.1187
aryne_7554,-507.2869
aryne_7555,-507.2874
aryne_7556,-507.2843
aryne_7557,-904.2161
aryne_7558,
aryne_7559,-582.5333
aryne_7560,-811.9972
aryne_7561,
aryne_7562,-960.9987
aryne_7563,-560.305
aryne_7564,-375.7604
aryne_7565,-865.0707
aryne_7566,-622.0537
aryne_7567,-511.1087
aryne_7568,-469.1824
aryne_7569,-941.2192
aryne_7570,-469.2849
aryne_7571,-1016.2892
aryne_7572,
aryne_7573,-998.1467
aryne_7574,-491.3047
aryne_7575,-491.301
aryne_7576,-941.23
aryne_7577,-1251.9349
aryne_7578,-375.7736
aryne_7579,-945.0034
aryne_7580,-673.5649
aryne_7581,-520.9986
aryne_7582,-544.285
aryne_7583,-544.2707
aryne_7584,-522.1468
aryne_7585,-523.2671
aryne_7586,-523.2376
aryne_7587,-771.1701
aryne_7588,-771.1454
aryne_7589,-1283.9446
aryne_7590,-945.0107
aryne_7591,-900.4561
aryne_7592,-397.9267
aryne_7593,-397.8458
aryne_7594,-505.053
aryne_7595,-795.9521
aryne_7596,-795.9218
aryne_7597,-582.5113
aryne_7598,
aryne_7599,-564.1702
aryne_7600,-1262.9975
aryne_7601,-602.197
aryne_7602,-941.2158
aryne_7603,-506.1231
aryne_7604,-582.393
aryne_7605,-941.1708
aryne_7606,-693.3606
aryne_7607,-582.3776
aryne_7608,-582.3732
aryne_7609,
aryne_7610,
aryne_7611,-635.4634
aryne_7612,
aryne_7613,-1510.8239
aryne_7614,-827.9879
aryne_7615,-1434.1878
aryne_7616,-586.3097
aryne_7617,
aryne_7618,-941.1456
aryne_7619,-811.9512
aryne_7620,-1040.0824
aryne_7621,-919.037
aryne_7622,-507.2767
aryne_7623,-507.2581
aryne_7624,-887.1897
aryne_7625,-566.3777
aryne_7626,-566.3745
aryne_7627,-941.2521
aryne_7628,-523.3
aryne_7629,-602.1992
aryne_7630,-391.76
aryne_7631,-622.097
aryne_7632,-811.9858
aryne_7633,-1032.2917
aryne_7634,-713.2726
aryne_7635,-768.5182
aryne_7636,-884.4101
aryne_7637,
aryne_7638,-1362.9932
aryne_7639,-543.1279
aryne_7640,-682.7046
aryne_7641,-676.1573
aryne_7642,-925.2363
aryne_7643,-582.3619
aryne_7644,
aryne_7645,-1168.0816
aryne_7646,-831.8157
aryne_7647,
aryne_7648,
aryne_7649,-843.9525
aryne_7650,-925.2039
aryne_7651,-1243.2095
aryne_7652,-1154.7363
aryne_7653,
aryne_7654,-1262.963
aryne_7655,
aryne_7656,
aryne_7657,-582.4041
aryne_7658,-909.1954
aryne_7659,-909.2236
aryne_7660,-490.1822
aryne_7661,-660.1998
aryne_7662,
aryne_7663,
aryne_7664,-847.8212
aryne_7665,-831.8794
aryne_7666,
aryne_7667,-597.2452
aryne_7668,-507.3271
aryne_7669,-507.315
aryne_7670,-1283.95
aryne_7671,-1362.9596
aryne_7672,-597.2531
aryne_7673,
aryne_7674,-713.141
aryne_7675,
aryne_7676,-598.3584
aryne_7677,-387.9507
aryne_7678,-1016.3167
aryne_7679,-1002.9392
aryne_7680,-809.2774
aryne_7681,-945.0369
aryne_7682,-635.463
aryne_7683,-1016.3791
aryne_7684,-978.3245
aryne_7685,-598.4034
aryne_7686,-520.9792
aryne_7687,-693.3903
aryne_7688,-564.2167
aryne_7689,-903.0947
aryne_7690,-1000.3783
aryne_7691,-887.1273
aryne_7692,-511.1487
aryne_7693,-511.1452
aryne_7694,-485.2773
aryne_7695,-1040.0372
aryne_7696,-1343.1384
aryne_7697,
aryne_7698,-485.2223
aryne_7699,-929.0365
aryne_7700,-929.0039
aryne_7701,-1229.9167
aryne_7702,
aryne_7703,-602.3063
aryne_7704,-602.2848
aryne_7705,-812.0057
aryne_7706,-1154.6646
aryne_7707,-634.1964
aryne_7708,-618.177
aryne_7709,-961.0588
aryne_7710,-582.4001
aryne_7711,-582.3964
aryne_7712,-582.489
aryne_7713,-827.9559
aryne_7714,-1002.8805
aryne_7715,-448.1537
aryne_7716,-339.931
aryne_7717,-339.9385
aryne_7718,
aryne_7719,-1262.9927
aryne_7720,-1262.9682
aryne_7721,-485.2386
aryne_7722,-602.2448
aryne_7723,-582.3526
aryne_7724,-582.3418
aryne_7725,
aryne_7726,
aryne_7727,-698.7431
aryne_7728,-1203.854
aryne_7729,-543.1434
aryne_7730,-1151.9989
aryne_7731,
aryne_7732,-909.188
aryne_7733,-773.3865
aryne_7734,-569.6245
aryne_7735,-569.6265
aryne_7736,-569.6292
aryne_7737,-564.1356
aryne_7738,-922.9794
aryne_7739,-736.8533
aryne_7740,-847.7837
aryne_7741,-506.186
aryne_7742,-936.2004
aryne_7743,-488.9763
aryne_7744,-484.0098
aryne_7745,-941.2046
aryne_7746,-523.2398
aryne_7747,-961.0336
aryne_7748,-834.0702
aryne_7749,-834.0442
aryne_7750,
aryne_7751,-447.0578
aryne_7752,-887.1003
aryne_7753,-941.2341
aryne_7754,-811.9554
aryne_7755,-1036.2134
aryne_7756,-602.2911
aryne_7757,-1040.0362
aryne_7758,-907.0242
aryne_7759,
aryne_7760,
aryne_7761,-603.8112
aryne_7762,-850.0699
aryne_7763,-566.3724
aryne_7764,-486.3291
aryne_7765,-677.3153
aryne_7766,-677.3271
aryne_7767,-925.1861
aryne_7768,-827.941
aryne_7769,-1251.9111
aryne_7770,-1251.9244
aryne_7771,
aryne_7772,-1171.8831
aryne_7773,-945.0212
aryne_7774,-543.1047
aryne_7775,-543.1013
aryne_7776,-673.513
aryne_7777,-677.4151
aryne_7778,-925.2135
aryne_7779,
aryne_7780,-485.2613
aryne_7781,-1000.3109
aryne_7782,-887.1473
aryne_7783,-811.9881
aryne_7784,-507.2315
aryne_7785,-507.2219
aryne_7786,
aryne_7787,-413.8836
aryne_7788,-903.0907
aryne_7789,-1036.1514
aryne_7790,-1168.0814
aryne_7791,-906.9157
aryne_7792,-602.2904
aryne_7793,-945.0652
aryne_7794,-1136.075
aryne_7795,-920.1876
aryne_7796,-734.5553
aryne_7797,-638.1136
aryne_7798,-618.32
aryne_7799,-488.9499
aryne_7800,-602.2621
aryne_7801,-602.2495
aryne_7802,-925.2197
aryne_7803,
aryne_7804,-880.8568
aryne_7805,-789.8775
aryne_7806,-507.3154
aryne_7807,
aryne_7808,-1184.0513
aryne_7809,-834.0275
aryne_7810,
aryne_7811,-602.3302
aryne_7812,-413.9094
aryne_7813,-850.0472
aryne_7814,-850.0504
aryne_7815,
aryne_7816,-410.1028
aryne_7817,-528.7459
aryne_7818,-1187.8657
aryne_7819,-903.1054
aryne_7820,-504.9679
aryne_7821,-1567.7095
aryne_7822,-866.0429
aryne_7823,-945.0183
aryne_7824,-507.3428
aryne_7825,-507.3372
aryne_7826,-1661.1882
aryne_7827,-812.0072
aryne_7828,
aryne_7829,-734.5545
aryne_7830,
aryne_7831,-815.8085
aryne_7832,-815.7829
aryne_7833,-693.4474
aryne_7834,-793.7284
aryne_7835,-1091.4843
aryne_7836,-596.045
aryne_7837,-811.9966
aryne_7838,-926.789
aryne_7839,-925.2156
aryne_7840,-489.0193
aryne_7841,-866.0248
aryne_7842,-1338.237
aryne_7843,
aryne_7844,-1184.0239
aryne_7845,
aryne_7846,-847.7189
aryne_7847,-539.2807
aryne_7848,-466.5283
aryne_7849,-466.5082
aryne_7850,-1585.9998
aryne_7851,-566.4657
aryne_7852,-773.3757
aryne_7853,-1020.1531
aryne_7854,-697.2641
aryne_7855,-413.8254
aryne_7856,-1091.473
aryne_7857,-602.2371
aryne_7858,-491.2997
aryne_7859,-491.2887
aryne_7860,
aryne_7861,
aryne_7862,
aryne_7863,-598.4542
aryne_7864,-491.2959
aryne_7865,-491.2951
aryne_7866,-491.2918
aryne_7867,-469.1925
aryne_7868,-469.1864
aryne_7869,-543.1016
aryne_7870,-1002.8709
aryne_7871,-655.3018
aryne_7872,-998.0334
aryne_7873,-505.0765
aryne_7874,-634.2494
aryne_7875,-580.2378
aryne_7876,-387.9351
aryne_7877,-489.068
aryne_7878,
aryne_7879,-523.2658
aryne_7880,-887.1794
aryne_7881,-523.2622
aryne_7882,-523.254
aryne_7883,
aryne_7884,-635.5326
aryne_7885,-502.3301
aryne_7886,
aryne_7887,
aryne_7888,-582.4762
aryne_7889,-941.2172
aryne_7890,-1283.9474
aryne_7891,-657.5898
aryne_7892,-768.5653
aryne_7893,-453.1678
aryne_7894,-453.1765
aryne_7895,-657.6383
aryne_7896,-829.0887
aryne_7897,
aryne_7898,-394.0853
aryne_7899,-507.3325
aryne_7900,-507.3343
aryne_7901,-828.0004
aryne_7902,-718.5413
aryne_7903,-709.3163
aryne_7904,-566.4375
aryne_7905,-566.4298
aryne_7906,-416.1141
aryne_7907,-416.1153
aryne_7908,
aryne_7909,-843.9369
aryne_7910,
aryne_7911,-504.9513
aryne_7912,-864.9839
aryne_7913,
aryne_7914,-602.2738
aryne_7915,-907.0063
aryne_7916,-523.324
aryne_7917,-618.2271
aryne_7918,-1267.9812
aryne_7919,-469.2244
aryne_7920,-527.1377
aryne_7921,-527.1195
aryne_7922,-598.4422
aryne_7923,-429.8532
aryne_7924,-825.2913
aryne_7925,-410.0506
aryne_7926,-504.9221
aryne_7927,-564.1664
aryne_7928,-527.0986
aryne_7929,-525.9988
aryne_7930,-507.2593
aryne_7931,
aryne_7932,-600.9997
aryne_7933,-1283.9422
aryne_7934,-502.3297
aryne_7935,
aryne_7936,-925.2138
aryne_7937,-596.1602
aryne_7938,-909.2133
aryne_7939,-543.0608
aryne_7940,-504.9851
aryne_7941,-673.4998
aryne_7942,-602.3318
aryne_7943,-709.2894
aryne_7944,-1020.2601
aryne_7945,
aryne_7946,-618.2837
aryne_7947,-387.9442
aryne_7948,-718.5972
aryne_7949,-1279.0003
aryne_7950,-522.091
aryne_7951,
aryne_7952,
aryne_7953,-1154.724
aryne_7954,
aryne_7955,-489.0142
aryne_7956,
aryne_7957,-682.2008
aryne_7958,
aryne_7959,-812.0157
aryne_7960,-580.1895
aryne_7961,
aryne_7962,-586.2402
aryne_7963,-586.2878
aryne_7964,-1020.1872
aryne_7965,-1116.1251
aryne_7966,-473.0538
aryne_7967,-1343.1634
aryne_7968,-413.887
aryne_7969,
aryne_7970,-622.0993
aryne_7971,-1362.9827
aryne_7972,
aryne_7973,
aryne_7974,-689.4606
aryne_7975,-1154.7212
aryne_7976,-618.2567
aryne_7977,
aryne_7978,-618.2408
aryne_7979,-1601.9465
aryne_7980,-1091.4928
aryne_7981,-504.9604
aryne_7982,-489.1078
aryne_7983,-413.8917
aryne_7984,
aryne_7985,-485.2591
aryne_7986,-577.43
aryne_7987,-638.1041
aryne_7988,-618.2827
aryne_7989,
aryne_7990,-906.966
aryne_7991,-618.2061
aryne_7992,-601.0133
aryne_7993,-1020.2543
aryne_7994,-429.8762
aryne_7995,-1343.1492
aryne_7996,-1091.517
aryne_7997,
aryne_7998,-876.9873
aryne_7999,-657.6322
aryne_8000,-1138.7622
aryne_8001,-1138.7158
aryne_8002,-505.0013
aryne_8003,
aryne_8004,
aryne_8005,-469.1946
aryne_8006,-520.9656
aryne_8007,-1251.9499
aryne_8008,
aryne_8009,
aryne_8010,-410.1184
aryne_8011,-1251.9526
aryne_8012,-925.1825
aryne_8013,
aryne_8014,
aryne_8015,-527.1671
aryne_8016,-1116.6464
aryne_8017,-1136.0377
aryne_8018,
aryne_8019,-602.3123
aryne_8020,-1000.3319
aryne_8021,-1251.9088
aryne_8022,-831.8015
aryne_8023,-505.0492
aryne_8024,-1036.1657
aryne_8025,-1283.9437
aryne_8026,-945.0264
aryne_8027,
aryne_8028,-1357.9791
aryne_8029,
aryne_8030,-677.4941
aryne_8031,-511.0684
aryne_8032,-511.0658
aryne_8033,-850.0814
aryne_8034,-505.0507
aryne_8035,-379.5849
aryne_8036,-1154.722
aryne_8037,-847.8138
aryne_8038,-560.2906
aryne_8039,-580.1674
aryne_8040,-618.2314
aryne_8041,
aryne_8042,-469.2503
aryne_8043,
aryne_8044,
aryne_8045,
aryne_8046,-410.0672
aryne_8047,-812.0147
aryne_8048,-904.1931
aryne_8049,-904.2144
aryne_8050,-916.4051
aryne_8051,-541.6336
aryne_8052,
aryne_8053,-585.035
aryne_8054,-484.0083
aryne_8055,-544.388
aryne_8056,-517.1222
aryne_8057,-469.2202
aryne_8058,-584.0508
aryne_8059,-577.436
aryne_8060,
aryne_8061,-677.4651
aryne_8062,-1249.7782
aryne_8063,-1020.2077
aryne_8064,-925.1965
aryne_8065,-1000.2485
aryne_8066,-1000.2454
aryne_8067,-812.0172
aryne_8068,-811.9948
aryne_8069,-442.0308
aryne_8070,-539.256
aryne_8071,
aryne_8072,
aryne_8073,-1168.0778
aryne_8074,-945.0474
aryne_8075,-638.0906
aryne_8076,-602.3133
aryne_8077,-1040.0136
aryne_8078,-995.4575
aryne_8079,
aryne_8080,-673.544
aryne_8081,-614.3279
aryne_8082,-693.3363
aryne_8083,
aryne_8084,-522.1548
aryne_8085,-1183.9936
aryne_8086,
aryne_8087,-906.9633
aryne_8088,-409.9613
aryne_8089,-709.3403
aryne_8090,-561.4421
aryne_8091,
aryne_8092,-1116.1291
aryne_8093,-941.2231
aryne_8094,-697.2303
aryne_8095,-811.998
aryne_8096,-811.9089
aryne_8097,-909.1513
aryne_8098,-909.139
aryne_8099,
aryne_8100,-397.9187
aryne_8101,-397.8446
aryne_8102,-596.0675
aryne_8103,
aryne_8104,
aryne_8105,-1091.4143
aryne_8106,-850.092
aryne_8107,-602.3073
aryne_8108,-602.3172
aryne_8109,-379.5861
aryne_8110,-1338.2542
aryne_8111,-887.1577
aryne_8112,-1040.0025
aryne_8113,-941.2072
aryne_8114,-502.3054
aryne_8115,-489.0922
aryne_8116,-812.0373
aryne_8117,-697.2
aryne_8118,-831.8174
aryne_8119,
aryne_8120,-811.8971
aryne_8121,
aryne_8122,-523.2511
aryne_8123,-834.0673
aryne_8124,-834.0459
aryne_8125,-1040.0298
aryne_8126,-713.2387
aryne_8127,-941.2518
aryne_8128,
aryne_8129,
aryne_8130,-850.0585
aryne_8131,-941.1429
aryne_8132,
aryne_8133,-560.3057
aryne_8134,-941.2403
aryne_8135,-469.2489
aryne_8136,
aryne_8137,
aryne_8138,-1267.9575
aryne_8139,-1283.9375
aryne_8140,-1040.0482
aryne_8141,
aryne_8142,-845.152
aryne_8143,-485.1435
aryne_8144,-925.2161
aryne_8145,-829.0624
aryne_8146,-514.4078
aryne_8147,-901.9741
aryne_8148,-485.1029
aryne_8149,
aryne_8150,-887.1296
aryne_8151,-429.8699
aryne_8152,-714.1904
aryne_8153,-391.7373
aryne_8154,-582.4911
aryne_8155,-564.1934
aryne_8156,-582.4428
aryne_8157,-582.4787
aryne_8158,-489.0551
aryne_8159,-866.0627
aryne_8160,
aryne_8161,
aryne_8162,-505.0283
aryne_8163,-768.4654
aryne_8164,-1249.6674
aryne_8165,-829.1396
aryne_8166,-1111.2746
aryne_8167,-1245.8666
aryne_8168,-1243.1905
aryne_8169,-584.0303
aryne_8170,-692.2719
aryne_8171,-1229.9528
aryne_8172,-773.8907
aryne_8173,-960.9905
aryne_8174,-866.035
aryne_8175,
aryne_8176,-614.4264
aryne_8177,
aryne_8178,
aryne_8179,-453.2423
aryne_8180,-453.1896
aryne_8181,-903.168
aryne_8182,-831.7488
aryne_8183,-582.4488
aryne_8184,-429.8853
aryne_8185,-834.0184
aryne_8186,-834.0165
aryne_8187,-922.9627
aryne_8188,-429.9384
aryne_8189,-831.8366
aryne_8190,
aryne_8191,-453.1716
aryne_8192,-602.2789
aryne_8193,-1267.9719
aryne_8194,-1343.1529
aryne_8195,-1283.9782
aryne_8196,
aryne_8197,-485.2346
aryne_8198,
aryne_8199,
aryne_8200,-485.1863
aryne_8201,-568.998
aryne_8202,-568.9471
aryne_8203,-961.0274
aryne_8204,-586.2888
aryne_8205,-523.2977
aryne_8206,
aryne_8207,-1267.9696
aryne_8208,-1267.9737
aryne_8209,-523.2708
aryne_8210,
aryne_8211,-485.1579
aryne_8212,-1041.5299
aryne_8213,-1091.4526
aryne_8214,-618.2845
aryne_8215,
aryne_8216,-1040.0672
aryne_8217,-472.9783
aryne_8218,-829.1015
aryne_8219,-597.2276
aryne_8220,
aryne_8221,-866.0267
aryne_8222,-597.2774
aryne_8223,
aryne_8224,-466.9493
aryne_8225,-889.6899
aryne_8226,
aryne_8227,
aryne_8228,-635.5284
aryne_8229,-847.788
aryne_8230,-539.2594
aryne_8231,-523.2816
aryne_8232,-543.1169
aryne_8233,
aryne_8234,-850.0395
aryne_8235,-850.0366
aryne_8236,
aryne_8237,-469.1962
aryne_8238,-598.4982
aryne_8239,-829.1268
aryne_8240,-957.1789
aryne_8241,
aryne_8242,-1685.8513
aryne_8243,-889.6843
aryne_8244,-527.113
aryne_8245,-527.1154
aryne_8246,-527.1179
aryne_8247,-485.2534
aryne_8248,-1283.9377
aryne_8249,-1020.2322
aryne_8250,-831.7696
aryne_8251,-613.2036
aryne_8252,-961.0177
aryne_8253,
aryne_8254,-887.1504
aryne_8255,-936.1946
aryne_8256,-1154.7293
aryne_8257,-673.6142
aryne_8258,-682.1984
aryne_8259,-523.3026
aryne_8260,-787.198
aryne_8261,
aryne_8262,-426.0079
aryne_8263,-557.643
aryne_8264,-1338.1178
aryne_8265,-488.9716
aryne_8266,
aryne_8267,
aryne_8268,-866.0313
aryne_8269,-866.0334
aryne_8270,-586.2904
aryne_8271,-586.263
aryne_8272,-1585.9732
aryne_8273,-1343.0665
aryne_8274,-489.0713
aryne_8275,-1039.9022
aryne_8276,-925.2143
aryne_8277,-598.4866
aryne_8278,-1243.1818
aryne_8279,-1165.6989
aryne_8280,-657.6835
aryne_8281,-812.0287
aryne_8282,-1263.0758
aryne_8283,-485.2047
aryne_8284,-1259.1881
aryne_8285,
aryne_8286,-491.2615
aryne_8287,-491.2536
aryne_8288,-925.2021
aryne_8289,-1359.1362
aryne_8290,-811.9621
aryne_8291,-523.3163
aryne_8292,
aryne_8293,-812.0145
aryne_8294,-827.9588
aryne_8295,-1278.9465
aryne_8296,-655.2741
aryne_8297,-925.241
aryne_8298,-828.0272
aryne_8299,-469.2612
aryne_8300,-945.021
aryne_8301,-582.3954
aryne_8302,-1016.3225
aryne_8303,-508.7779
aryne_8304,-448.1147
aryne_8305,-577.4636
aryne_8306,-580.1082
aryne_8307,-941.1742
aryne_8308,-825.3244
aryne_8309,-617.0659
aryne_8310,-916.4037
aryne_8311,-543.1398
aryne_8312,-582.3932
aryne_8313,-709.3078
aryne_8314,-586.2815
aryne_8315,-978.2175
aryne_8316,
aryne_8317,-945.028
aryne_8318,-748.7256
aryne_8319,-1283.9521
aryne_8320,-491.2903
aryne_8321,-491.2539
aryne_8322,-1155.9047
aryne_8323,
aryne_8324,
aryne_8325,-1113.919
aryne_8326,-978.2499
aryne_8327,-828.0177
aryne_8328,-957.1886
aryne_8329,-564.2202
aryne_8330,-882.1203
aryne_8331,-598.4573
aryne_8332,-1259.1695
aryne_8333,-920.2033
aryne_8334,-1016.3015
aryne_8335,-1245.9431
aryne_8336,-768.5754
aryne_8337,-944.9589
aryne_8338,-925.1913
aryne_8339,-580.1139
aryne_8340,-882.0181
aryne_8341,-602.3015
aryne_8342,-602.3205
aryne_8343,-790.9179
aryne_8344,
aryne_8345,-1020.2394
aryne_8346,-752.8546
aryne_8347,-489.0426
aryne_8348,-488.9604
aryne_8349,-450.9697
aryne_8350,-812.0055
aryne_8351,-834.0607
aryne_8352,-834.0377
aryne_8353,-834.0353
aryne_8354,-622.1176
aryne_8355,-472.9967
aryne_8356,
aryne_8357,-829.141
aryne_8358,
aryne_8359,-887.123
aryne_8360,-618.1857
aryne_8361,-1000.3204
aryne_8362,-709.3585
aryne_8363,-485.2602
aryne_8364,-811.9251
aryne_8365,
aryne_8366,-602.203
aryne_8367,-511.1282
aryne_8368,-511.1427
aryne_8369,-511.1426
aryne_8370,-903.0324
aryne_8371,-378.0981
aryne_8372,-378.0285
aryne_8373,-903.0826
aryne_8374,-1016.3487
aryne_8375,-485.1355
aryne_8376,-909.1703
aryne_8377,-909.1699
aryne_8378,-1154.7779
aryne_8379,-887.0458
aryne_8380,-956.0059
aryne_8381,-502.2744
aryne_8382,-1343.1536
aryne_8383,-1036.1658
aryne_8384,-1036.1057
aryne_8385,-1000.4288
aryne_8386,-485.1729
aryne_8387,-560.3772
aryne_8388,-677.4483
aryne_8389,
aryne_8390,-909.1908
aryne_8391,-909.2216
aryne_8392,-924.0239
aryne_8393,
aryne_8394,
aryne_8395,
aryne_8396,-507.3459
aryne_8397,-507.343
aryne_8398,-485.185
aryne_8399,-677.4285
aryne_8400,-491.2275
aryne_8401,-491.2479
aryne_8402,-602.2209
aryne_8403,
aryne_8404,-831.7727
aryne_8405,-614.3916
aryne_8406,-1251.9585
aryne_8407,
aryne_8408,-618.2249
aryne_8409,
aryne_8410,-598.4636
aryne_8411,-1187.8678
aryne_8412,
aryne_8413,-866.0371
aryne_8414,-789.8388
aryne_8415,-916.3877
aryne_8416,-1170.7433
aryne_8417,-811.9211
aryne_8418,
aryne_8419,-566.7822
aryne_8420,
aryne_8421,
aryne_8422,-527.1403
aryne_8423,-410.0766
aryne_8424,-1000.419
aryne_8425,-925.2
aryne_8426,
aryne_8427,-489.0424
aryne_8428,-829.1118
aryne_8429,-371.9172
aryne_8430,-617.0542
aryne_8431,-602.1899
aryne_8432,-1154.7329
aryne_8433,-622.0101
aryne_8434,-1251.9453
aryne_8435,-903.1069
aryne_8436,-677.2996
aryne_8437,-1116.1391
aryne_8438,-1032.2761
aryne_8439,-527.1589
aryne_8440,
aryne_8441,-925.2168
aryne_8442,-861.0135
aryne_8443,-1000.3863
aryne_8444,-909.1447
aryne_8445,-909.1376
aryne_8446,-489.0578
aryne_8447,-622.0266
aryne_8448,-1249.706
aryne_8449,-618.3308
aryne_8450,-1016.3245
aryne_8451,-425.9479
aryne_8452,-1249.7313
aryne_8453,-523.2542
aryne_8454,
aryne_8455,-1243.2116
aryne_8456,-673.5013
aryne_8457,-903.1441
aryne_8458,
aryne_8459,-793.725
aryne_8460,-1170.7426
aryne_8461,-941.1374
aryne_8462,-1020.1758
aryne_8463,-811.9802
aryne_8464,-652.62
aryne_8465,-523.3307
aryne_8466,-831.8153
aryne_8467,-812.0189
aryne_8468,-618.3241
aryne_8469,-522.1524
aryne_8470,-660.1379
aryne_8471,-485.2748
aryne_8472,-811.9835
aryne_8473,-561.8426
aryne_8474,-925.2289
aryne_8475,-818.0544
aryne_8476,-818.0296
aryne_8477,-818.0276
aryne_8478,-818.03
aryne_8479,-909.1898
aryne_8480,-909.1712
aryne_8481,-1283.9392
aryne_8482,-543.1176
aryne_8483,-909.1769
aryne_8484,-378.0889
aryne_8485,-378.0272
aryne_8486,-1000.4356
aryne_8487,-560.313
aryne_8488,
aryne_8489,-618.2676
aryne_8490,
aryne_8491,-580.2491
aryne_8492,-850.0479
aryne_8493,-850.0217
aryne_8494,-698.2252
aryne_8495,-505.0658
aryne_8496,-485.1047
aryne_8497,-925.2008
aryne_8498,-618.2177
aryne_8499,-543.0668
aryne_8500,
aryne_8501,-655.296
aryne_8502,
aryne_8503,
aryne_8504,-811.9501
aryne_8505,
aryne_8506,
aryne_8507,
aryne_8508,-544.3899
aryne_8509,-1057.5397
aryne_8510,-603.8226
aryne_8511,-1020.1253
aryne_8512,
aryne_8513,-1259.1384
aryne_8514,-485.1747
aryne_8515,-400.1275
aryne_8516,-400.1315
aryne_8517,-400.1303
aryne_8518,-400.1278
aryne_8519,-788.3038
aryne_8520,-1155.9088
aryne_8521,
aryne_8522,
aryne_8523,
aryne_8524,-880.8845
aryne_8525,-598.4928
aryne_8526,-682.2039
aryne_8527,-1320.9406
aryne_8528,-773.3983
aryne_8529,-675.0378
aryne_8530,-829.1194
aryne_8531,
aryne_8532,
aryne_8533,
aryne_8534,-463.031
aryne_8535,-502.3437
aryne_8536,
aryne_8537,
aryne_8538,-677.322
aryne_8539,
aryne_8540,-1283.9801
aryne_8541,-697.219
aryne_8542,-618.2656
aryne_8543,-489.0654
aryne_8544,-602.2818
aryne_8545,
aryne_8546,-1020.2235
aryne_8547,-1278.9977
aryne_8548,-469.1494
aryne_8549,-469.2188
aryne_8550,-1032.2699
aryne_8551,-582.4127
aryne_8552,-582.374
aryne_8553,-887.0934
aryne_8554,-473.0626
aryne_8555,-472.9808
aryne_8556,-941.1203
aryne_8557,-469.1992
aryne_8558,-527.1737
aryne_8559,-527.1714
aryne_8560,-693.3701
aryne_8561,-1199.9731
aryne_8562,-455.721
aryne_8563,
aryne_8564,-586.1686
aryne_8565,-826.7519
aryne_8566,-426.0883
aryne_8567,-1032.2748
aryne_8568,-657.5334
aryne_8569,-657.5214
aryne_8570,
aryne_8571,-618.3291
aryne_8572,-1343.0877
aryne_8573,
aryne_8574,-492.8279
aryne_8575,-660.1899
aryne_8576,-1680.8941
aryne_8577,-831.7583
aryne_8578,-1036.1744
aryne_8579,-577.4043
aryne_8580,-485.2079
aryne_8581,-337.8217
aryne_8582,-864.8831
aryne_8583,-689.5186
aryne_8584,-602.2935
aryne_8585,-1020.1934
aryne_8586,-909.1993
aryne_8587,-909.2112
aryne_8588,-397.9047
aryne_8589,-1263.045
aryne_8590,-527.1732
aryne_8591,-505.033
aryne_8592,
aryne_8593,-812.015
aryne_8594,-602.2471
aryne_8595,-598.4611
aryne_8596,-795.9971
aryne_8597,-795.9779
aryne_8598,
aryne_8599,-584.0729
aryne_8600,-675.1714
aryne_8601,-472.9636
aryne_8602,-472.9602
aryne_8603,-1278.9619
aryne_8604,
aryne_8605,-582.4759
aryne_8606,-736.8736
aryne_8607,-736.8772
aryne_8608,-618.2888
aryne_8609,
aryne_8610,-638.0757
aryne_8611,-827.9399
aryne_8612,-634.2627
aryne_8613,-903.1355
aryne_8614,-812.0031
aryne_8615,
aryne_8616,-504.9974
aryne_8617,-447.0478
aryne_8618,-622.1335
aryne_8619,-925.1815
aryne_8620,-903.1965
aryne_8621,-1229.9514
aryne_8622,-680.0158
aryne_8623,-638.057
aryne_8624,
aryne_8625,
aryne_8626,-508.8465
aryne_8627,-978.2537
aryne_8628,-507.2481
aryne_8629,-507.2284
aryne_8630,-1016.4202
aryne_8631,-978.1993
aryne_8632,-507.2625
aryne_8633,-1000.337
aryne_8634,-831.7483
aryne_8635,-906.9947
aryne_8636,-697.3205
aryne_8637,-660.2064
aryne_8638,-539.2833
aryne_8639,-566.4722
aryne_8640,-566.4513
aryne_8641,
aryne_8642,
aryne_8643,-582.4085
aryne_8644,-736.8486
aryne_8645,-353.7992
aryne_8646,-936.182
aryne_8647,-1040.0752
aryne_8648,-1020.1841
aryne_8649,-1526.841
aryne_8650,-680.5807
aryne_8651,-506.1278
aryne_8652,-940.0188
aryne_8653,-618.2266
aryne_8654,-788.1883
aryne_8655,
aryne_8656,-941.2129
aryne_8657,
aryne_8658,
aryne_8659,-1168.0359
aryne_8660,-561.8526
aryne_8661,-693.3634
aryne_8662,-903.1895
aryne_8663,-560.2922
aryne_8664,-1259.1918
aryne_8665,-1259.1561
aryne_8666,-613.2273
aryne_8667,
aryne_8668,-920.1838
aryne_8669,-1111.216
aryne_8670,-505.0436
aryne_8671,-1020.1998
aryne_8672,-1020.1138
aryne_8673,-941.2058
aryne_8674,-580.1317
aryne_8675,-920.2302
aryne_8676,-1243.2461
aryne_8677,-598.4605
aryne_8678,-489.0212
aryne_8679,-1262.9729
aryne_8680,-1152.0529
aryne_8681,-768.451
aryne_8682,-453.2484
aryne_8683,-485.2301
aryne_8684,-677.4316
aryne_8685,-470.7977
aryne_8686,-508.9143
aryne_8687,-815.8015
aryne_8688,-815.7836
aryne_8689,-505.0606
aryne_8690,-582.4595
aryne_8691,-657.4837
aryne_8692,-657.4791
aryne_8693,-925.201
aryne_8694,-907.0094
aryne_8695,-469.2324
aryne_8696,-924.0305
aryne_8697,
aryne_8698,-1129.9599
aryne_8699,-507.2782
aryne_8700,-518.2469
aryne_8701,-831.7493
aryne_8702,
aryne_8703,-673.6487
aryne_8704,-923.0034
aryne_8705,
aryne_8706,
aryne_8707,
aryne_8708,-1338.1353
aryne_8709,-262.651
aryne_8710,-262.6348
aryne_8711,
aryne_8712,
aryne_8713,-1020.2134
aryne_8714,-1187.8585
aryne_8715,-485.1737
aryne_8716,
aryne_8717,-564.1315
aryne_8718,-1000.2876
aryne_8719,-618.2703
aryne_8720,-697.2816
aryne_8721,-429.8146
aryne_8722,-1343.1194
aryne_8723,-485.1519
aryne_8724,-638.0864
aryne_8725,-919.0141
aryne_8726,-925.1624
aryne_8727,-787.1816
aryne_8728,-598.4282
aryne_8729,-680.0548
aryne_8730,
aryne_8731,-929.0499
aryne_8732,-907.0083
aryne_8733,-1267.963
aryne_8734,-1224.9164
aryne_8735,-485.193
aryne_8736,-903.1575
aryne_8737,-1036.1588
aryne_8738,-634.2538
aryne_8739,-394.061
aryne_8740,-850.0491
aryne_8741,-868.7838
aryne_8742,-1245.9275
aryne_8743,-673.501
aryne_8744,-602.1855
aryne_8745,-1000.3608
aryne_8746,-693.3817
aryne_8747,-795.9955
aryne_8748,-795.9152
aryne_8749,
aryne_8750,-900.4035
aryne_8751,
aryne_8752,-429.8757
aryne_8753,-1025.5005
aryne_8754,-925.1756
aryne_8755,
aryne_8756,-904.1903
aryne_8757,-602.2443
aryne_8758,-602.2256
aryne_8759,-527.171
aryne_8760,-527.1652
aryne_8761,-1016.3219
aryne_8762,-1015.2804
aryne_8763,-1585.9952
aryne_8764,-411.5588
aryne_8765,-523.3056
aryne_8766,-925.2377
aryne_8767,-887.0983
aryne_8768,-887.0388
aryne_8769,-673.5526
aryne_8770,-812.0335
aryne_8771,-1359.1276
aryne_8772,
aryne_8773,-1020.2
aryne_8774,-598.4977
aryne_8775,
aryne_8776,
aryne_8777,-501.2155
aryne_8778,-1016.3201
aryne_8779,-827.9213
aryne_8780,-527.0738
aryne_8781,-1283.9426
aryne_8782,
aryne_8783,-505.0258
aryne_8784,-618.1845
aryne_8785,-602.315
aryne_8786,-903.1711
aryne_8787,-795.8922
aryne_8788,-795.9265
aryne_8789,
aryne_8790,-790.9748
aryne_8791,-929.0023
aryne_8792,-929.0315
aryne_8793,-827.9231
aryne_8794,-904.2041
aryne_8795,-904.1876
aryne_8796,-903.0736
aryne_8797,-564.2181
aryne_8798,-815.8346
aryne_8799,-815.7419
aryne_8800,-831.8227
aryne_8801,-582.4276
aryne_8802,-582.42
aryne_8803,-582.4193
aryne_8804,-1320.9809
aryne_8805,-489.0293
aryne_8806,-920.1897
aryne_8807,-850.0696
aryne_8808,-850.0659
aryne_8809,-1343.1416
aryne_8810,-795.9037
aryne_8811,-795.9267
aryne_8812,-944.965
aryne_8813,-585.0122
aryne_8814,
aryne_8815,-453.1717
aryne_8816,-580.2189
aryne_8817,-1016.3257
aryne_8818,
aryne_8819,-501.2194
aryne_8820,-1279.0256
aryne_8821,-471.7482
aryne_8822,-850.0415
aryne_8823,-850.0133
aryne_8824,
aryne_8825,-941.2048
aryne_8826,
aryne_8827,-903.1187
aryne_8828,-693.3523
aryne_8829,-827.9151
aryne_8830,-1343.1306
aryne_8831,-504.9868
aryne_8832,
aryne_8833,
aryne_8834,-469.243
aryne_8835,-1244.6871
aryne_8836,-622.0575
aryne_8837,-634.2225
aryne_8838,
aryne_8839,
aryne_8840,-582.44
aryne_8841,-507.3056
aryne_8842,-507.2968
aryne_8843,
aryne_8844,-1263.0437
aryne_8845,-1016.3099
aryne_8846,-813.0366
aryne_8847,-813.0366
aryne_8848,
aryne_8849,-748.7228
aryne_8850,-925.2239
aryne_8851,-714.7284
aryne_8852,-453.1789
aryne_8853,-453.1162
aryne_8854,-582.4488
aryne_8855,
aryne_8856,-1111.3428
aryne_8857,
aryne_8858,-508.8892
aryne_8859,-795.9687
aryne_8860,-795.917
aryne_8861,-925.224
aryne_8862,-577.4327
aryne_8863,-787.1265
aryne_8864,-1036.1863
aryne_8865,-602.3145
aryne_8866,-825.3003
aryne_8867,-773.8166
aryne_8868,-773.8463
aryne_8869,-903.1088
aryne_8870,
aryne_8871,-916.4249
aryne_8872,
aryne_8873,-998.0421
aryne_8874,-825.2027
aryne_8875,-825.2026
aryne_8876,-673.5346
aryne_8877,-485.1199
aryne_8878,-622.1633
aryne_8879,
aryne_8880,-1278.9492
aryne_8881,-945.0472
aryne_8882,
aryne_8883,-1129.9923
aryne_8884,-925.2451
aryne_8885,
aryne_8886,-815.7448
aryne_8887,-505.1174
aryne_8888,-602.2263
aryne_8889,-1020.2149
aryne_8890,-827.9815
aryne_8891,-527.105
aryne_8892,-961.0477
aryne_8893,
aryne_8894,-602.3339
aryne_8895,-602.3134
aryne_8896,-900.4377
aryne_8897,-1267.9597
aryne_8898,-677.3042
aryne_8899,-677.2994
aryne_8900,
aryne_8901,-600.9291
aryne_8902,-582.4452
aryne_8903,-809.2944
aryne_8904,-598.3785
aryne_8905,-469.1769
aryne_8906,
aryne_8907,-582.488
aryne_8908,-1267.9518
aryne_8909,
aryne_8910,-925.2012
aryne_8911,-492.8167
aryne_8912,-926.7628
aryne_8913,-597.2939
aryne_8914,
aryne_8915,-566.3912
aryne_8916,-566.362
aryne_8917,-618.3101
aryne_8918,-945.0273
aryne_8919,-812.0131
aryne_8920,-925.2488
aryne_8921,-622.1342
aryne_8922,-1036.1999
aryne_8923,-1036.2086
aryne_8924,-577.4139
aryne_8925,-448.1004
aryne_8926,
aryne_8927,-618.163
aryne_8928,
aryne_8929,-698.7452
aryne_8930,
aryne_8931,-796.0077
aryne_8932,-788.3604
aryne_8933,-498.5154
aryne_8934,-1249.7513
aryne_8935,
aryne_8936,
aryne_8937,-602.2956
aryne_8938,
aryne_8939,-466.5217
aryne_8940,-582.5064
aryne_8941,-582.4861
aryne_8942,-543.0928
aryne_8943,-1000.3753
aryne_8944,-555.2404
aryne_8945,-828.0203
aryne_8946,-925.2066
aryne_8947,-825.2964
aryne_8948,-527.1598
aryne_8949,-527.1601
aryne_8950,-693.3875
aryne_8951,
aryne_8952,-566.4288
aryne_8953,-845.1201
aryne_8954,-957.1812
aryne_8955,
aryne_8956,-618.1573
aryne_8957,-812.0338
aryne_8958,-618.2014
aryne_8959,-809.2181
aryne_8960,
aryne_8961,
aryne_8962,-909.2135
aryne_8963,-909.2287
aryne_8964,-582.4379
aryne_8965,-925.1555
aryne_8966,
aryne_8967,-827.9009
aryne_8968,-1020.2149
aryne_8969,-1224.9469
aryne_8970,-508.8831
aryne_8971,-944.9522
aryne_8972,-507.3122
aryne_8973,-714.7407
aryne_8974,-673.5604
aryne_8975,-941.2143
aryne_8976,-828.0061
aryne_8977,-375.7524
aryne_8978,-788.392
aryne_8979,-602.2862
aryne_8980,-995.3639
aryne_8981,-906.9147
aryne_8982,-425.9995
aryne_8983,-1036.1893
aryne_8984,-603.8546
aryne_8985,-864.9414
aryne_8986,-630.3014
aryne_8987,-485.2606
aryne_8988,-845.0753
aryne_8989,-618.2409
aryne_8990,-689.5155
aryne_8991,-602.302
aryne_8992,-485.227
aryne_8993,
aryne_8994,-828.0186
aryne_8995,-543.0794
aryne_8996,-941.1764
aryne_8997,-1036.233
aryne_8998,-602.2706
aryne_8999,-679.9867
aryne_9000,
aryne_9001,
aryne_9002,-845.0151
aryne_9003,
aryne_9004,-734.5366
aryne_9005,
aryne_9006,-596.1201
aryne_9007,-1203.8493
aryne_9008,-831.8286
aryne_9009,-489.0523
aryne_9010,-602.3162
aryne_9011,
aryne_9012,-527.0845
aryne_9013,
aryne_9014,-488.9865
aryne_9015,
aryne_9016,-521.0441
aryne_9017,-809.3139
aryne_9018,-618.185
aryne_9019,-470.2516
aryne_9020,-470.2616
aryne_9021,
aryne_9022,-812.0399
aryne_9023,-560.3145
aryne_9024,-602.2826
aryne_9025,-925.1809
aryne_9026,-925.1737
aryne_9027,-900.407
aryne_9028,-907.0244
aryne_9029,-598.458
aryne_9030,-941.2076
aryne_9031,-580.1092
aryne_9032,-507.2348
aryne_9033,-925.1947
aryne_9034,-488.991
aryne_9035,-523.2223
aryne_9036,
aryne_9037,-1362.8756
aryne_9038,-793.2136
aryne_9039,-793.2162
aryne_9040,
aryne_9041,-582.4698
aryne_9042,-598.3652
aryne_9043,
aryne_9044,-925.2483
aryne_9045,-925.2527
aryne_9046,-693.3146
aryne_9047,
aryne_9048,
aryne_9049,-941.2156
aryne_9050,-925.2066
aryne_9051,-945.0594
aryne_9052,-453.242
aryne_9053,-453.164
aryne_9054,-1251.9419
aryne_9055,-1251.9397
aryne_9056,-602.2611
aryne_9057,-925.1761
aryne_9058,-1091.4427
aryne_9059,-560.3171
aryne_9060,-596.1037
aryne_9061,
aryne_9062,-469.2264
aryne_9063,-469.1598
aryne_9064,-522.1347
aryne_9065,-543.1299
aryne_9066,
aryne_9067,-945.0215
aryne_9068,-527.078
aryne_9069,
aryne_9070,-584.9551
aryne_9071,
aryne_9072,
aryne_9073,-957.2044
aryne_9074,-1243.2023
aryne_9075,
aryne_9076,-527.1334
aryne_9077,-527.1043
aryne_9078,-945.0084
aryne_9079,-1338.2001
aryne_9080,
aryne_9081,
aryne_9082,-693.295
aryne_9083,-488.9884
aryne_9084,-713.3355
aryne_9085,
aryne_9086,-527.1574
aryne_9087,-527.1543
aryne_9088,-714.1981
aryne_9089,-677.3209
aryne_9090,-941.1496
aryne_9091,-909.1749
aryne_9092,-909.161
aryne_9093,-1343.1406
aryne_9094,-1229.9215
aryne_9095,-1020.2091
aryne_9096,-945.05
aryne_9097,-693.43
aryne_9098,-1263.0143
aryne_9099,-848.9238
aryne_9100,-796.0098
aryne_9101,-795.92
aryne_9102,-472.9905
aryne_9103,-472.9113
aryne_9104,-941.1925
aryne_9105,-998.0794
aryne_9106,-903.0898
aryne_9107,-618.2394
aryne_9108,
aryne_9109,-887.1257
aryne_9110,-831.754
aryne_9111,-698.2169
aryne_9112,-622.1378
aryne_9113,-1015.1167
aryne_9114,-584.052
aryne_9115,-586.2852
aryne_9116,
aryne_9117,-1259.1728
aryne_9118,-831.8214
aryne_9119,-582.4778
aryne_9120,-485.1503
aryne_9121,-1227.1713
aryne_9122,
aryne_9123,-1278.9602
aryne_9124,
aryne_9125,
aryne_9126,-618.2698
aryne_9127,-788.2692
aryne_9128,
aryne_9129,
aryne_9130,-582.4578
aryne_9131,-582.4645
aryne_9132,-714.7469
aryne_9133,-955.9793
aryne_9134,-539.2781
aryne_9135,-906.9663
aryne_9136,-602.2014
aryne_9137,-391.7474
aryne_9138,-410.0936
aryne_9139,-410.0992
aryne_9140,
aryne_9141,-925.2077
aryne_9142,-925.2109
aryne_9143,-1229.9064
aryne_9144,-618.327
aryne_9145,
aryne_9146,-811.939
aryne_9147,-582.4661
aryne_9148,
aryne_9149,-598.4999
aryne_9150,-850.0259
aryne_9151,
aryne_9152,-693.3751
aryne_9153,-1171.9024
aryne_9154,
aryne_9155,-501.194
aryne_9156,
aryne_9157,-957.1287
aryne_9158,-713.1742
aryne_9159,-831.7686
aryne_9160,-812.0219
aryne_9161,-1000.3835
aryne_9162,-693.4062
aryne_9163,-825.23
aryne_9164,-1362.9639
aryne_9165,-1111.2459
aryne_9166,-1116.6511
aryne_9167,-489.0499
aryne_9168,-553.996
aryne_9169,-507.2858
aryne_9170,-925.2081
aryne_9171,-925.2226
aryne_9172,-1685.8844
aryne_9173,-543.1362
aryne_9174,-505.046
aryne_9175,-602.314
aryne_9176,-602.3445
aryne_9177,
aryne_9178,-505.0502
aryne_9179,-945.0625
aryne_9180,
aryne_9181,-447.0703
aryne_9182,
aryne_9183,
aryne_9184,-1000.3382
aryne_9185,-526.003
aryne_9186,
aryne_9187,
aryne_9188,-850.0555
aryne_9189,-1111.2873
aryne_9190,-768.5475
aryne_9191,-887.1816
aryne_9192,-586.2718
aryne_9193,-586.2927
aryne_9194,-606.1314
aryne_9195,-887.1155
aryne_9196,
aryne_9197,-925.1891
aryne_9198,-906.8877
aryne_9199,-693.4288
aryne_9200,-1020.1406
aryne_9201,
aryne_9202,-1343.1051
aryne_9203,-501.0964
aryne_9204,-523.2929
aryne_9205,-596.1052
aryne_9206,-940.0282
aryne_9207,-508.8629
aryne_9208,
aryne_9209,-564.2242
aryne_9210,
aryne_9211,
aryne_9212,-606.1321
aryne_9213,-606.13
aryne_9214,-1267.9189
aryne_9215,-391.7712
aryne_9216,-375.8057
aryne_9217,-523.3059
aryne_9218,-371.9621
aryne_9219,-815.8319
aryne_9220,-495.1018
aryne_9221,-495.1121
aryne_9222,-495.109
aryne_9223,-495.1061
aryne_9224,-527.1402
aryne_9225,-752.8243
aryne_9226,-582.4559
aryne_9227,
aryne_9228,-586.1782
aryne_9229,-829.1526
aryne_9230,-906.9308
aryne_9231,-1111.247
aryne_9232,
aryne_9233,
aryne_9234,-920.2462
aryne_9235,
aryne_9236,-1267.9614
aryne_9237,-1267.9543
aryne_9238,-925.2293
aryne_9239,-1267.9771
aryne_9240,-473.079
aryne_9241,-472.9985
aryne_9242,-825.2516
aryne_9243,-409.9952
aryne_9244,
aryne_9245,-673.535
aryne_9246,-945.019
aryne_9247,-1149.755
aryne_9248,-906.9781
aryne_9249,-553.9978
aryne_9250,-362.0509
aryne_9251,-362.0356
aryne_9252,-361.9845
aryne_9253,-582.4811
aryne_9254,-693.5183
aryne_9255,-1020.246
aryne_9256,-657.6861
aryne_9257,-432.1684
aryne_9258,-795.9859
aryne_9259,-491.3153
aryne_9260,-491.3115
aryne_9261,-491.3075
aryne_9262,-795.897
aryne_9263,-795.9409
aryne_9264,-488.9522
aryne_9265,-845.0812
aryne_9266,
aryne_9267,-944.9982
aryne_9268,-831.8573
aryne_9269,-485.2362
aryne_9270,-501.1712
aryne_9271,
aryne_9272,-1243.2031
aryne_9273,
aryne_9274,-523.282
aryne_9275,-527.1467
aryne_9276,-602.2895
aryne_9277,-941.2009
aryne_9278,-602.2955
aryne_9279,-1032.2586
aryne_9280,-956.0188
aryne_9281,-929.0327
aryne_9282,-929.0493
aryne_9283,-489.0965
aryne_9284,-865.0343
aryne_9285,-1138.7645
aryne_9286,-1138.7084
aryne_9287,-720.8413
aryne_9288,-720.8448
aryne_9289,-720.8448
aryne_9290,-598.4842
aryne_9291,-508.9016
aryne_9292,-618.3149
aryne_9293,
aryne_9294,-834.066
aryne_9295,-834.0338
aryne_9296,-1154.7741
aryne_9297,-768.5191
aryne_9298,-1245.9407
aryne_9299,-394.0605
aryne_9300,-848.9515
aryne_9301,-698.2243
aryne_9302,-544.3147
aryne_9303,-544.297
aryne_9304,
aryne_9305,-1016.3441
aryne_9306,-831.8188
aryne_9307,-847.735
aryne_9308,-978.2398
aryne_9309,-602.2811
aryne_9310,-602.2451
aryne_9311,-751.3223
aryne_9312,-680.5852
aryne_9313,-843.9798
aryne_9314,-925.2419
aryne_9315,-834.0185
aryne_9316,-698.6994
aryne_9317,-811.93
aryne_9318,-907.0022
aryne_9319,-697.2181
aryne_9320,-1000.3256
aryne_9321,-1016.3142
aryne_9322,-635.4872
aryne_9323,-555.2146
aryne_9324,-473.0626
aryne_9325,-829.0909
aryne_9326,
aryne_9327,-815.8299
aryne_9328,-1171.8638
aryne_9329,
aryne_9330,-1016.379
aryne_9331,-660.1124
aryne_9332,
aryne_9333,
aryne_9334,-1032.2597
aryne_9335,
aryne_9336,-831.8091
aryne_9337,-564.2228
aryne_9338,-416.1443
aryne_9339,-677.4243
aryne_9340,-919.1083
aryne_9341,-1016.3767
aryne_9342,-995.3706
aryne_9343,-887.1792
aryne_9344,-904.1849
aryne_9345,
aryne_9346,-657.6125
aryne_9347,-1036.1792
aryne_9348,-809.2167
aryne_9349,-809.2132
aryne_9350,-922.99
aryne_9351,-432.7783
aryne_9352,-940.0266
aryne_9353,-580.1982
aryne_9354,-637.9844
aryne_9355,-773.8939
aryne_9356,-577.4027
aryne_9357,-714.7179
aryne_9358,-1020.1556
aryne_9359,-600.0739
aryne_9360,-929.0528
aryne_9361,-929.009
aryne_9362,-812.0225
aryne_9363,-602.223
aryne_9364,-504.9859
aryne_9365,-491.3197
aryne_9366,-491.3086
aryne_9367,-466.5046
aryne_9368,-582.4327
aryne_9369,-445.8838
aryne_9370,-961.0405
aryne_9371,-845.0781
aryne_9372,-945.0415
aryne_9373,-450.9678
aryne_9374,-453.2121
aryne_9375,-453.1374
aryne_9376,-508.778
aryne_9377,-941.1962
aryne_9378,-602.2123
aryne_9379,-602.2274
aryne_9380,
aryne_9381,-811.9438
aryne_9382,-1002.9557
aryne_9383,-1267.964
aryne_9384,-586.1824
aryne_9385,-1245.9204
aryne_9386,-410.0745
aryne_9387,-410.0563
aryne_9388,-618.2033
aryne_9389,-1040.0207
aryne_9390,-1036.2595
aryne_9391,-511.149
aryne_9392,-511.1369
aryne_9393,-511.1438
aryne_9394,-673.4973
aryne_9395,-1020.2169
aryne_9396,-845.0668
aryne_9397,-485.2171
aryne_9398,
aryne_9399,-635.498
aryne_9400,-469.2522
aryne_9401,-469.1941
aryne_9402,
aryne_9403,-469.1947
aryne_9404,-523.2815
aryne_9405,-1091.4997
aryne_9406,-598.4334
aryne_9407,-841.2279
aryne_9408,
aryne_9409,
aryne_9410,-941.2215
aryne_9411,-1040.0261
aryne_9412,-447.0465
aryne_9413,-657.668
aryne_9414,-736.8771
aryne_9415,
aryne_9416,-466.4355
aryne_9417,-466.4501
aryne_9418,-486.3726
aryne_9419,-796.0043
aryne_9420,-573.6019
aryne_9421,-1685.8308
aryne_9422,
aryne_9423,-485.197
aryne_9424,-1585.9745
aryne_9425,-1091.5116
aryne_9426,-945.0516
aryne_9427,-692.2445
aryne_9428,
aryne_9429,
aryne_9430,-505.1115
aryne_9431,
aryne_9432,-713.1918
aryne_9433,
aryne_9434,
aryne_9435,-718.5432
aryne_9436,
aryne_9437,-1434.2432
aryne_9438,-698.723
aryne_9439,-698.745
aryne_9440,-903.1798
aryne_9441,-940.0097
aryne_9442,
aryne_9443,-1357.993
aryne_9444,-925.1969
aryne_9445,-922.9126
aryne_9446,-660.2039
aryne_9447,
aryne_9448,-926.8459
aryne_9449,-1000.4001
aryne_9450,-1267.9841
aryne_9451,-506.1362
aryne_9452,-506.1355
aryne_9453,-677.4695
aryne_9454,-505.0594
aryne_9455,-538.0298
aryne_9456,-622.1458
aryne_9457,
aryne_9458,-748.726
aryne_9459,-1283.9359
