arene_ID,arene_smiles
arene_1,O=c1nc2ccc(=O)sc2co1
arene_2,O=c1cc2ccsc(=O)n2nn1
arene_3,O=c1cc2ncccc2no1
arene_4,O=c1ccn2c(=O)oc(=O)nc2[nH]1
arene_5,O=c1cc2occc(=O)n2c(=O)s1
arene_6,O=c1ccc(=O)n2ncocc1-2
arene_7,O=c1cc[nH]n2c(=O)onc12
arene_8,O=c1ccn2oncon2s1
arene_9,c1cc2snnn2c1
arene_10,O=c1onnc2nccnc12
arene_11,O=c1oc(=O)c2sccc2o1
arene_12,O=c1nc2nccnc2co1
arene_13,c1cc2ncon2c1
arene_14,O=c1ccn2nc[nH]n12
arene_15,O=c1[nH]ccn2cccc12
arene_16,O=c1snc2c(=O)sccn2c1=O
arene_17,O=c1cnc2cccnc2o1
arene_18,O=c1[nH]c(=O)n2cc[nH]nc1-2
arene_19,O=c1ccc2ccnc(=O)n2o1
arene_20,O=c1ccc2nnnn2[nH]1
arene_21,c1n[nH]c2occoc=2[nH]1
arene_22,O=c1cnc2cccnc2s1
arene_23,O=c1[nH]n2c(=O)ccc(=O)n2c(=O)s1
arene_24,O=c1cc2[nH]c(=O)ccn2c(=O)[nH]1
arene_25,O=c1cnc2c(=O)occc2s1
arene_26,O=c1oc2nccnc2oc1=O
arene_27,O=c1cnc2cc[nH]c(=O)c2o1
arene_28,c1cc2nnncc2o1
arene_29,c1cn2scnsc-2cs1
arene_30,O=c1occc2ncoc12
arene_31,O=c1nnoc2nccnc12
arene_32,O=c1nnn2sccon2[nH]1
arene_33,O=c1ccc2sc(=O)oc2[nH]1
arene_34,O=c1oc(=O)n2sccn2c1=O
arene_35,O=c1ccc2c(=O)c(=O)oc1=2
arene_36,c1c[nH]n2nnscc-2[nH]1
arene_37,O=c1onnn2c(=O)nccc12
arene_38,O=c1[nH]n2[nH]ccsn2oc1=O
arene_39,O=c1[nH]c(=O)n2nccnn12
arene_40,O=c1ncc2ncccc2o1
arene_41,O=c1ccnc2cnsc(=O)n12
arene_42,c1nn2[nH]ccoc-2n[nH]1
arene_43,O=c1sc(=O)n2ccc(=O)c(=O)n2s1
arene_44,O=c1cnn2ccoc(=O)n12
arene_45,c1cc2oncn2c1
arene_46,c1cnn2[nH]ccsn2c1
arene_47,O=c1sn2ccc(=O)n2sc1=O
arene_48,O=c1cnn2c(=O)[nH]ccn12
arene_49,c1cc2ccsn2n1
arene_50,O=c1ccc2cnncc2[nH]1
arene_51,c1non2[nH]ccn2[nH]1
arene_52,O=c1oc(=O)n2ccscc-2c1=O
arene_53,O=c1sn2c(=O)sccn2c(=O)c1=O
arene_54,O=c1ccn2ccsc2n1
arene_55,O=c1ccsc2nn[nH]c(=O)c12
arene_56,O=c1ncoc2ccoc(=O)c12
arene_57,O=c1cc2nccnn2c(=O)s1
arene_58,O=c1ccn2[nH]nnsn2o1
arene_59,O=c1oc(=O)n2[nH]ccsn2s1
arene_60,O=c1[nH]c2ccncc2[nH]c1=O
arene_61,c1cn2[nH]nnsn2nn1
arene_62,O=c1cc[nH]c2nn[nH]c(=O)c12
arene_63,O=c1ccn2c(=O)ncoc2c1
arene_64,O=c1ccsn2oncon12
arene_65,O=c1ncc2nccnc2s1
arene_66,O=c1c(=O)c(=O)n2sccon2c1=O
arene_67,O=c1ccc(=O)n2cc[nH]nc1-2
arene_68,O=c1ncoc2cc[nH]c12
arene_69,c1csc2c[nH]nnn-2o1
arene_70,O=c1sc(=O)n2sccc(=O)n2c1=O
arene_71,O=c1ccn2c(=O)ccn2[nH]1
arene_72,O=c1ccc2c(=O)c(=O)[nH]c(=O)c=2c1=O
arene_73,O=c1ncn2cccnn2c1=O
arene_74,O=c1nc[nH]c2cc[nH]c12
arene_75,O=c1cnsc2nccn12
arene_76,O=c1ccc2cc(=O)snc2o1
arene_77,O=c1ccc2sc(=O)ncc2o1
arene_78,O=c1ccn2cnoc(=O)n2c1=O
arene_79,c1cn2scnon2nn1
arene_80,O=c1cc2c(=O)[nH]ccn2cn1
arene_81,O=c1snc2c(=O)ccon2c1=O
arene_82,O=c1cc2[nH]ccn2nn1
arene_83,O=c1ccc2n[nH]ccn1-2
arene_84,O=c1cc2c(=O)c(=O)ccc-2n1
arene_85,O=c1nc2sc(=O)ccc2n[nH]1
arene_86,O=c1ccn2sccon2[nH]1
arene_87,c1nc2ccon2n1
arene_88,O=c1[nH]c2ccsc2o1
arene_89,O=c1cnn2ccsn2c1=O
arene_90,O=c1[nH]nc2c(=O)occn2c1=O
arene_91,O=c1ccn2c(=O)cn[nH]c2c1
arene_92,O=c1ccon2ncnc12
arene_93,c1csc2ocnoc=2o1
arene_94,O=c1sncn2sccon12
arene_95,c1csn2cnocc-2[nH]1
arene_96,O=c1ccc2nsc(=O)n2s1
arene_97,O=c1on2cc[nH]n2c(=O)c1=O
arene_98,O=c1oncn2ccnc12
arene_99,O=c1ccn2onnsn2o1
arene_100,O=c1ccn2[nH]c(=O)nnc2n1
arene_101,c1cnn2onnon2n1
arene_102,O=c1cc[nH]c2[nH]nnc12
arene_103,O=c1cc[nH]cn1
arene_104,c1csc2oncoc=2[nH]1
arene_105,O=c1cncco1
arene_106,O=c1nccc2cnccn12
arene_107,c1cn2cnnc2nn1
arene_108,O=c1sccs1
arene_109,O=c1nnn2cconc-2c1=O
arene_110,c1cnc2cc[nH]c2c1
arene_111,O=c1[nH]c(=O)c2cccc(=O)n2s1
arene_112,O=c1nnc2c(=O)sccc2[nH]1
arene_113,O=c1cc2sccc(=O)c2no1
arene_114,O=c1cc[nH]c2nc[nH]c(=O)c12
arene_115,O=c1on2c(=O)ccn2sc1=O
arene_116,O=c1cnsc2c(=O)cc[nH]c12
arene_117,O=c1ccon2c(=O)ccnc12
arene_118,O=c1occn2nncc12
arene_119,O=c1oc2sccc(=O)c2oc1=O
arene_120,O=c1oc2nsccn-2c1=O
arene_121,O=c1nnoc2cccnc12
arene_122,O=c1cnon2c(=O)nccc12
arene_123,c1nnn2sccon2n1
arene_124,O=c1nc2c(=O)sccn2c(=O)o1
arene_125,O=c1sc(=O)c2sccc(=O)c2s1
arene_126,O=c1sn2ccsn2c(=O)c1=O
arene_127,c1nsn2sccn2o1
arene_128,O=c1ccc2c(=O)c(=O)ccc=2c1=O
arene_129,O=c1[nH]c(=O)n2[nH]ccon2[nH]1
arene_130,c1cnn2snnsn2c1
arene_131,c1csc2onnsc=2o1
arene_132,O=c1[nH]c2c(=O)occc2c(=O)o1
arene_133,c1non2ccsn2[nH]1
arene_134,O=c1sc(=O)c2ccccc2s1
arene_135,O=c1ncn2[nH]ccsn2s1
arene_136,O=c1ncsc2ccncc12
arene_137,O=c1ccon2scnsn12
arene_138,O=c1ccc2c(=O)[nH]c(=O)sc2s1
arene_139,O=c1nnsn2cccc12
arene_140,O=c1oc2cccn2s1
arene_141,O=c1nnsn2[nH]ccsn12
arene_142,O=c1[nH]c2nccn2[nH]1
arene_143,O=c1nc2c(=O)ccsc2c[nH]1
arene_144,O=c1nnc2ccccc2[nH]1
arene_145,c1cc2csnc2[nH]1
arene_146,O=c1oc2nccc(=O)n2c(=O)s1
arene_147,O=c1oc(=O)n2occc(=O)n2c1=O
arene_148,O=c1cc[nH]c2c(=O)[nH]ccc12
arene_149,O=c1nnn2c(=O)cc[nH]c2n1
arene_150,O=c1occc2nscc12
arene_151,O=c1on2cccnn2c(=O)c1=O
arene_152,O=c1snnc2c(=O)sccc12
arene_153,O=c1nc2sccc2n[nH]1
arene_154,c1cn2sccsc-2ns1
arene_155,O=c1ccn2cnccn2c1=O
arene_156,O=c1ccn2oc(=O)oc2c1
arene_157,c1nsn2ccsn2[nH]1
arene_158,c1cc2scnc2o1
arene_159,O=c1cnc2ccsc2s1
arene_160,c1csc2[nH]nn[nH]c=2o1
arene_161,O=c1ncc2nccn2s1
arene_162,O=c1ccc2ccoc(=O)c2o1
arene_163,O=c1cc2ccsc2co1
arene_164,O=c1oncc2ncccc12
arene_165,c1cn2occon2[nH]1
arene_166,O=c1cc[nH]n2[nH]nc[nH]n12
arene_167,O=c1ccc2c(=O)ccoc2o1
arene_168,O=c1nc2sccon-2c1=O
arene_169,O=c1cncc2ccoc(=O)n12
arene_170,O=c1sccc2cocc12
arene_171,c1cn2ccsc2n1
arene_172,O=c1ccsc(=O)o1
arene_173,O=c1ncc2occc(=O)c2[nH]1
arene_174,O=c1cnn2[nH]ccc(=O)c2c1
arene_175,O=c1ccsc2c[nH]c(=O)n12
arene_176,O=c1ccnc2cc[nH]n12
arene_177,O=c1nccc2cnnnn12
arene_178,O=c1occ2occn12
arene_179,O=c1ncn2ccoc(=O)n2c1=O
arene_180,O=c1ccnc2scnc(=O)n12
arene_181,O=c1ccoc2ccsc12
arene_182,c1coc2[nH]ncsc=2[nH]1
arene_183,O=c1nnc2c(=O)cc[nH]c2s1
arene_184,O=c1sc2sccsc=2c1=O
arene_185,O=c1ccn2ncocc1-2
arene_186,O=c1cc2cccnn2c(=O)o1
arene_187,O=c1ccn2cnc(=O)c(=O)n2s1
arene_188,c1cn2onn[nH]n2s1
arene_189,O=c1ccn2cn[nH]nc1-2
arene_190,O=c1nc2sccc2no1
arene_191,c1csn2nnon2o1
arene_192,O=c1ncn2ccc(=O)oc2n1
arene_193,O=c1ccn2snnc(=O)n2c1=O
arene_194,c1noc2[nH]ccoc=2[nH]1
arene_195,O=c1on2sccn2c(=O)c1=O
arene_196,O=c1ccn2c(=O)cc[nH]n2c1=O
arene_197,O=c1oc2ccnn2oc1=O
arene_198,O=c1cc2[nH]ccc2ns1
arene_199,c1csn2cnocc-2s1
arene_200,O=c1[nH]ncc2ncccc12
arene_201,O=c1ccn2nccc2o1
arene_202,c1cc2c[nH]cc2o1
arene_203,O=c1ncc2sccoc1=2
arene_204,O=c1ccc2c(=O)sc(=O)sc2s1
arene_205,O=c1ncn2c(=O)ccn2o1
arene_206,O=c1nc2ccsc2n[nH]1
arene_207,O=c1ccn2c(=O)c(=O)ncn2s1
arene_208,O=c1ccsc2nc[nH]c(=O)c12
arene_209,c1cc2nn[nH]n2c1
arene_210,O=c1cnn2sccc(=O)c2c1
arene_211,c1cc2nncn2[nH]1
arene_212,O=c1onnc2ccccc12
arene_213,O=c1oc(=O)c2ccsc2o1
arene_214,O=c1sc(=O)c2c(=O)ccsc2s1
arene_215,c1csc2nsccn-2[nH]1
arene_216,O=c1ccn2sncsn2o1
arene_217,O=c1cnn2cccnn2c1=O
arene_218,O=c1nccc2nc[nH]n12
arene_219,O=c1ccc2c(=O)occc2o1
arene_220,c1cn2oncsc-2cs1
arene_221,O=c1ccn2[nH]cc[nH]n2o1
arene_222,O=c1ccn2c(=O)ncn2s1
arene_223,O=c1cc2ccsc(=O)c2c[nH]1
arene_224,c1cn2onnon2s1
arene_225,O=c1cnn2ccoc(=O)c2n1
arene_226,O=c1cnc2n[nH]ccn1-2
arene_227,O=c1on2nnccn2c(=O)c1=O
arene_228,c1csn2sccn2o1
arene_229,O=c1[nH]nc2occn2c1=O
arene_230,O=c1ccc2oc(=O)ccc2o1
arene_231,O=c1cc[nH]c2c(=O)[nH]cnc12
arene_232,c1cc2cn[nH]c2s1
arene_233,c1cc2ocnc2cn1
arene_234,O=c1ncsn2sccon12
arene_235,O=c1cc[nH]n2[nH]nn[nH]n12
arene_236,O=c1ccn2c(=O)nc[nH]n2c1=O
arene_237,c1csn2scnn2[nH]1
arene_238,O=c1ccc2cocnn-2c1=O
arene_239,c1csc2sncsc=2s1
arene_240,c1ccc2nonc2c1
arene_241,O=c1sncc2ccsc12
arene_242,c1coc2cscnn-2[nH]1
arene_243,O=c1[nH]c2cc[nH]c2oc1=O
arene_244,c1cc2ncnn2nn1
arene_245,O=c1cnc2ccsc(=O)c2[nH]1
arene_246,O=c1occ2cnccn12
arene_247,c1ccc2nnnnc2c1
arene_248,O=c1ccoc2ncoc12
arene_249,O=c1ncn2[nH]ccon2s1
arene_250,O=c1ccc2n[nH]c(=O)n2[nH]1
arene_251,O=c1cc[nH]c2sncc12
arene_252,O=c1ccoc2c(=O)sncc12
arene_253,O=c1nnn2occon2[nH]1
arene_254,O=c1on2cconc-2c(=O)c1=O
arene_255,O=c1[nH]nc2sccn12
arene_256,O=c1[nH]c(=O)n2c(=O)ccnc2s1
arene_257,c1cn2nncc2nn1
arene_258,O=c1cc2[nH]ccn2c(=O)[nH]1
arene_259,O=c1on2ccsn2c1=O
arene_260,c1cn2onn[nH]n2nn1
arene_261,O=c1[nH]n2c(=O)ccc(=O)n2[nH]1
arene_262,O=c1[nH]n2c(=O)ccn2c(=O)o1
arene_263,O=c1ccn2[nH]cnn12
arene_264,c1cnc2n[nH]cc2c1
arene_265,O=c1ccc2[nH]c(=O)nnc2[nH]1
arene_266,O=c1cc2ccncc2co1
arene_267,O=c1cnoc2ccsc12
arene_268,O=c1ccsc2c(=O)occc12
arene_269,c1cn2ocn[nH]n2nn1
arene_270,O=c1ccoc2scnc12
arene_271,O=c1nc2cnccn2c(=O)[nH]1
arene_272,O=c1ccc2c(=O)c(=O)[nH]c1=2
arene_273,O=c1nnn2ccsc(=O)c2n1
arene_274,O=c1ccc2cc(=O)c(=O)n-2c1=O
arene_275,c1cnc2ocnc2n1
arene_276,O=c1ccc2sc(=O)ccc2s1
arene_277,O=c1nnon2nccc12
arene_278,O=c1sc(=O)n2cconc1-2
arene_279,O=c1sccn2cnnc12
arene_280,O=c1ccoc2ocnc(=O)c12
arene_281,O=c1ccsc2nscc12
arene_282,O=c1ccoc2c(=O)ncoc12
arene_283,O=c1ccn2c(=O)oc(=O)oc2n1
arene_284,c1csn2nnncn2[nH]1
arene_285,O=c1snc2ccnnn2c1=O
arene_286,c1cnc2[nH]ncc2c1
arene_287,c1csn2ccscc-2[nH]1
arene_288,O=c1ccsc2oncc12
arene_289,O=c1ccc2scnc(=O)c2[nH]1
arene_290,c1cc2cnon2c1
arene_291,O=c1ccsc2ncnc(=O)n12
arene_292,O=c1ccc(=O)c2occoc1=2
arene_293,O=c1occn2c(=O)[nH]nc12
arene_294,O=c1[nH]cnn2sccon12
arene_295,c1nn2sccsc-2ns1
arene_296,O=c1ccoc2[nH]nnc(=O)c12
arene_297,O=c1ccoc2onnc(=O)c12
arene_298,c1cn2ocnsn2nn1
arene_299,O=c1[nH]cc2ccccn12
arene_300,c1cc2nnnn2s1
arene_301,O=c1scnn2c(=O)cccc12
arene_302,O=c1ccc(=O)c2c(=O)cnc1=2
arene_303,O=c1nc2ncccn2c(=O)s1
arene_304,O=c1ccn2ncnc2o1
arene_305,O=c1ncn2occon2[nH]1
arene_306,O=c1ccc2c(=O)snnc2[nH]1
arene_307,O=c1ccc2nncc(=O)n2s1
arene_308,O=c1oc2ccsc2o1
arene_309,c1csn2snnn2[nH]1
arene_310,O=c1sc2nccnc2sc1=O
arene_311,O=c1ccn2cnscc1-2
arene_312,c1csn2nnsnc-2[nH]1
arene_313,O=c1nc2cnccn2c(=O)o1
arene_314,c1cn2snnsn2[nH]1
arene_315,O=c1cc[nH]n2scnon12
arene_316,O=c1cnsn2c(=O)cccc12
arene_317,O=c1cc[nH]c2ncsc12
arene_318,O=c1sccc2onnc12
arene_319,c1cnc2nonc2n1
arene_320,O=c1[nH]ccc2[nH]ccc12
arene_321,c1cc2[nH]cnc2cn1
arene_322,O=c1cc[nH]n2c(=O)nccc12
arene_323,c1csn2nnsnc-2o1
arene_324,O=c1ccc2[nH]nnsc1=2
arene_325,O=c1ccon2nncc12
arene_326,O=c1oc2cccnc2s1
arene_327,O=c1[nH]n2cccc2c(=O)o1
arene_328,O=c1ccc2nnoc2[nH]1
arene_329,O=c1[nH]c2cc[nH]c(=O)c2s1
arene_330,O=c1ccn2sccn12
arene_331,O=c1sncc2cnccc12
arene_332,c1cn2scnon2o1
arene_333,O=c1nccc2cn[nH]c(=O)n12
arene_334,O=c1ccsn2occsn12
arene_335,c1cc2cc[nH]n2c1
arene_336,O=c1ccon2c(=O)snc12
arene_337,O=c1nnon2[nH]ccsn12
arene_338,O=c1[nH]c(=O)n2sccc(=O)n2c1=O
arene_339,O=c1oc2[nH]ccc2c(=O)s1
arene_340,O=c1nnc2cccc(=O)n2s1
arene_341,O=c1ccc2sc(=O)c(=O)sc2[nH]1
arene_342,O=c1ncn2ccocc1-2
arene_343,O=c1ccoc2oncc12
arene_344,c1cn2[nH]ccon2cn1
arene_345,O=c1ccn2onnon2[nH]1
arene_346,O=c1nnc2ncccc2s1
arene_347,O=c1onnc2occc12
arene_348,O=c1sc(=O)n2ncccn12
arene_349,O=c1ccc2ncncc2o1
arene_350,O=c1cc2nccnn2nn1
arene_351,O=c1nnn2ccc(=O)c(=O)n2o1
arene_352,O=c1[nH]c2[nH]cc[nH]c=2c1=O
arene_353,O=c1ccn2ccsc(=O)c2c1
arene_354,O=c1ccsc(=O)[nH]1
arene_355,O=c1ccc2sc(=O)c(=O)sc2s1
arene_356,O=c1ccc2ncncc2[nH]1
arene_357,O=c1ccc2onnc2s1
arene_358,O=c1oc2nsccn-2c(=O)c1=O
arene_359,O=c1ccn2ncsc2c1
arene_360,c1c[nH]n2cconc-2[nH]1
arene_361,O=c1[nH]n2[nH]ccon2[nH]1
arene_362,O=c1ccc2sncsc=2c1=O
arene_363,O=c1c(=O)n2[nH]ccsn2c1=O
arene_364,O=c1[nH]c2cc[nH]c2[nH]1
arene_365,c1coc2nonnn-2[nH]1
arene_366,O=c1ccsc2ocnc(=O)c12
arene_367,O=c1[nH]c2[nH]ccc(=O)c2s1
arene_368,O=c1ccc(=O)n2c(=O)c(=O)cc1-2
arene_369,O=c1cccc2occc(=O)n12
arene_370,O=c1c(=O)c(=O)c2ccccc2c1=O
arene_371,O=c1ccn2ocn[nH]n2[nH]1
arene_372,O=c1cnccs1
arene_373,O=c1nnc2ccnn2o1
arene_374,O=c1ccoc2cn[nH]c(=O)c12
arene_375,c1cn2snn[nH]n2s1
arene_376,O=c1ccc2ncnc(=O)n2[nH]1
arene_377,O=c1ccon2c(=O)scc12
arene_378,O=c1ccoc2cnnn12
arene_379,O=c1occn2ocn[nH]n12
arene_380,O=c1snc2ncccn12
arene_381,O=c1oc2sccc(=O)c2s1
arene_382,O=c1nccc2snnc(=O)n12
arene_383,O=c1ccon2[nH]nnsn12
arene_384,O=c1ccc2cnc(=O)sc2o1
arene_385,O=c1sc2occoc=2c1=O
arene_386,O=c1oc(=O)c2ccnc(=O)n2s1
arene_387,O=c1ccc2nc(=O)sc(=O)n2[nH]1
arene_388,O=c1ccc2noc(=O)n2s1
arene_389,O=c1nncc2ccncn12
arene_390,O=c1[nH]c2[nH]ccc2c(=O)o1
arene_391,O=c1ccn2nnoc2n1
arene_392,O=c1ccc2sc(=O)oc(=O)c2[nH]1
arene_393,O=c1ccc2oncsc=2c1=O
arene_394,O=c1nccc2ccnnn12
arene_395,O=c1[nH]n2c(=O)c(=O)ccn2c(=O)s1
arene_396,O=c1sncc2ncccc12
arene_397,c1cc2scnn2n1
arene_398,O=c1cnn2cc[nH]c(=O)c2c1
arene_399,O=c1nnn2occsn2[nH]1
arene_400,O=c1oc(=O)n2c(=O)ccon12
arene_401,O=c1[nH]c2nccn2s1
arene_402,O=c1ccn2ncccc2c1
arene_403,O=c1[nH]c2occoc=2c(=O)c1=O
arene_404,O=c1ncn2ccc(=O)n2[nH]1
arene_405,O=c1nnc2c(=O)sccc2s1
arene_406,O=c1cc2c(=O)ccsc2co1
arene_407,O=c1cccc2cc[nH]c(=O)n12
arene_408,O=c1sccc2n[nH]cc12
arene_409,O=c1oc(=O)c2occc(=O)c2s1
arene_410,O=c1on2occ[nH]n2s1
arene_411,c1cnoc1
arene_412,O=c1[nH]n2nccc2s1
arene_413,O=c1nc[nH]n2scc[nH]n12
arene_414,O=c1ccc2[nH]c(=O)c(=O)oc2o1
arene_415,c1ccn2onc[nH]n2c1
arene_416,O=c1nnn2ccc(=O)n2[nH]1
arene_417,c1cc2ccsc2s1
arene_418,c1cnc2nnnnc2n1
arene_419,O=c1ccn2[nH]ccon2s1
arene_420,O=c1ccoc2nc[nH]c12
arene_421,c1cc2nnnnc2[nH]1
arene_422,O=c1snnn2cccc12
arene_423,O=c1sccn2[nH]cnsn12
arene_424,O=c1cc[nH]c2ccnn12
arene_425,O=c1ccn2sc(=O)c(=O)[nH]c2c1
arene_426,O=c1ccc2coc(=O)c(=O)n2s1
arene_427,O=c1ccsn2sccon12
arene_428,O=c1nc2ccncn2c(=O)s1
arene_429,c1cc2cnnnc2[nH]1
arene_430,O=c1ccc2c(=O)sc(=O)c1=2
arene_431,c1cc2cocc2o1
arene_432,c1csc2[nH]nnoc=2[nH]1
arene_433,O=c1occc2sccc12
arene_434,O=c1nc2scc[nH]n-2c(=O)c1=O
arene_435,O=c1cc2ccon2c(=O)s1
arene_436,O=c1ocnn2[nH]ccsn12
arene_437,O=c1oc(=O)n2c(=O)cc[nH]n12
arene_438,O=c1onnc2ccnn12
arene_439,O=c1oc2ccnc(=O)n2o1
arene_440,O=c1ncn2occon2o1
arene_441,O=c1ccn2oc(=O)ncc2c1
arene_442,O=c1ccc2nc(=O)c(=O)nc-2c1=O
arene_443,O=c1[nH]c(=O)c2c(=O)occc2o1
arene_444,O=c1cc2nnccn2cn1
arene_445,c1cnn2nccc2n1
arene_446,O=c1ccc2ncc(=O)oc2o1
arene_447,O=c1ccc2occoc1=2
arene_448,c1cn2onnsc-2no1
arene_449,O=c1ccn2c(=O)cnn2[nH]1
arene_450,c1con2occn2[nH]1
arene_451,O=c1ncn2ccnnc2n1
arene_452,O=c1sccc2conc12
arene_453,O=c1nc2ccsn2c(=O)[nH]1
arene_454,O=c1ccc2ncoc(=O)c2[nH]1
arene_455,O=c1ccn2nnnnc2c1
arene_456,O=c1cc2cccnc2co1
arene_457,O=c1ncc2ccc(=O)sc2o1
arene_458,O=c1ccc2occc2s1
arene_459,O=c1ccoc2ncsc(=O)c12
arene_460,O=c1ccc2ccc(=O)oc2o1
arene_461,O=c1ccc2occc(=O)c2s1
arene_462,O=c1[nH]n2cc[nH]n2c(=O)c1=O
arene_463,c1cnc2nnncc2c1
arene_464,O=c1cccc2oncc(=O)n12
arene_465,O=c1ccc2ncc(=O)c(=O)c=2c1=O
arene_466,O=c1sc2scc[nH]c=2c(=O)c1=O
arene_467,O=c1nn[nH]c2ccnn12
arene_468,O=c1ccoc2ncncc12
arene_469,O=c1ccc2sc(=O)[nH]c2o1
arene_470,O=c1nnn2sccon2s1
arene_471,O=c1cnc(=O)n2ccscc1-2
arene_472,O=c1ncc2nccc(=O)n2[nH]1
arene_473,O=c1cnc2c(=O)[nH]ccc2s1
arene_474,O=c1nnsc2ncccc12
arene_475,O=c1ccn2nconc-2c1=O
arene_476,c1ccn2snnsn2c1
arene_477,O=c1cnsc2c(=O)ccoc12
arene_478,O=c1ccsc(=O)s1
arene_479,O=c1ncc2ccccc2o1
arene_480,O=c1ncc2nsccn-2c1=O
arene_481,O=c1oc(=O)c2sccc2s1
arene_482,O=c1ccn2c(=O)onnn2c1=O
arene_483,c1cc2nnsc2s1
arene_484,O=c1ccn2c(=O)nn[nH]c2n1
arene_485,O=c1[nH]c(=O)c2oc(=O)ccc2[nH]1
arene_486,O=c1on2sccn2c1=O
arene_487,O=c1ccn2nn[nH]n12
arene_488,c1csn2[nH]ncn2o1
arene_489,c1n[nH]c2coccn-2[nH]1
arene_490,O=c1nn[nH]n2sccsn12
arene_491,c1n[nH]n2ccscc-2[nH]1
arene_492,O=c1ccc2c(=O)c(=O)[nH]c(=O)c1=2
arene_493,O=c1nnc2nccn2[nH]1
arene_494,O=c1sccn2[nH]ccon12
arene_495,c1cn2cnoc2n1
arene_496,O=c1nnsc2occc12
arene_497,O=c1cc2ccoc(=O)c2n[nH]1
arene_498,O=c1cnn2c(=O)ccoc2n1
arene_499,O=c1[nH]c(=O)c2c(=O)ccoc2[nH]1
arene_500,O=c1cc[nH]c2cncc(=O)n12
arene_501,O=c1scnc2ccnnc12
arene_502,O=c1ccc2[nH]c(=O)sc(=O)c2[nH]1
arene_503,O=c1occn2occon12
arene_504,c1ccc2ncncc2c1
arene_505,O=c1ccc(=O)n2ncsnc1-2
arene_506,O=c1cnc2ccoc(=O)c2[nH]1
arene_507,O=c1[nH]ccc2ccsc12
arene_508,O=c1ccc2[nH]cnsc=2c1=O
arene_509,c1csc2n[nH]ncn-2o1
arene_510,O=c1cccc2nnccn12
arene_511,O=c1ccc(=O)n2nn[nH]nc1-2
arene_512,O=c1oc(=O)c(=O)c2occsc1=2
arene_513,O=c1nncc2sccn12
arene_514,O=c1sccc2cncnc12
arene_515,O=c1nnc2occc2o1
arene_516,O=c1cnn2sccn12
arene_517,O=c1occ2occn2c1=O
arene_518,c1con2nn[nH]cc-2[nH]1
arene_519,O=c1sn2sccsn2sc1=O
arene_520,O=c1[nH]ccn2sccsn12
arene_521,O=c1sc(=O)c2scc[nH]c1=2
arene_522,O=c1sc(=O)c2ccnn2s1
arene_523,O=c1[nH]n2ccscc-2c(=O)c1=O
arene_524,O=c1nnoc2cnccc12
arene_525,O=c1[nH]c(=O)c2ccnn2s1
arene_526,c1cc2nc[nH]c2cn1
arene_527,O=c1nnn2ccncn12
arene_528,O=c1ncn2cc[nH]nc-2c1=O
arene_529,O=c1ccn2sncc(=O)c2c1
arene_530,O=c1ccn2ncccn12
arene_531,O=c1[nH]ccn2oncon12
arene_532,O=c1cc2c(=O)[nH]ccc2no1
arene_533,c1cn2ocnon2[nH]1
arene_534,O=c1[nH]c(=O)n2nccc2s1
arene_535,c1cn2[nH]ncon2cn1
arene_536,c1cnc2cocc2c1
arene_537,O=c1[nH]c2ncccc2oc1=O
arene_538,O=c1on2ccsc(=O)n2c1=O
arene_539,c1ncn2occon2n1
arene_540,c1cn2onc[nH]c-2n[nH]1
arene_541,O=c1ccn2snn[nH]n2o1
arene_542,O=c1ccsn2sncsn12
arene_543,O=c1nccc2ccccn12
arene_544,O=c1ccc2cscc2[nH]1
arene_545,O=c1ccn2[nH]cc[nH]n2s1
arene_546,O=c1snnc2ccccc12
arene_547,O=c1on2c(=O)ccc(=O)n2c(=O)s1
arene_548,O=c1ccc(=O)n2cn[nH]nc1-2
arene_549,O=c1cc2c(=O)sccc2c[nH]1
arene_550,O=c1ncn2cc[nH]cc1-2
arene_551,O=c1ccscc1
arene_552,c1cn2ccoc2n1
arene_553,O=c1ccsc2ncnn12
arene_554,O=c1ccsn2c(=O)ncn12
arene_555,O=c1sccn2c(=O)[nH]cc12
arene_556,c1cn2oncoc-2n[nH]1
arene_557,O=c1sc2cc[nH]c(=O)c2s1
arene_558,O=c1cc[nH]c2nncn12
arene_559,O=c1[nH]n2nnccn2c(=O)c1=O
arene_560,O=c1ccsn2snn[nH]n12
arene_561,O=c1sccc2cnsc12
arene_562,O=c1ccc2ccncc2s1
arene_563,O=c1sc2ccsc(=O)c2s1
arene_564,O=c1[nH]n2ccc(=O)c(=O)n2s1
arene_565,c1csn2cnonc-2o1
arene_566,O=c1ccn2c(=O)nccc2[nH]1
arene_567,O=c1nnc(=O)n2sccn12
arene_568,O=c1cnc2c(=O)ccsc2[nH]1
arene_569,O=c1ccc2cscc2o1
arene_570,O=c1ccon2ocnon12
arene_571,O=c1cccc2[nH]cnn12
arene_572,O=c1ccnc2ccsn12
arene_573,O=c1ccn2ccncn2c1=O
arene_574,c1cnc2nn[nH]c2c1
arene_575,O=c1[nH]c(=O)n2cccc2o1
arene_576,O=c1c(=O)c(=O)c2nccnc2c1=O
arene_577,O=c1oc2c(=O)cc[nH]c2s1
arene_578,O=c1ccc2[nH]ncc(=O)c2o1
arene_579,O=c1ccc2[nH]ncoc1=2
arene_580,O=c1cc2cnccn2c(=O)o1
arene_581,O=c1cnn2c(=O)[nH]ccc2c1
arene_582,c1ncc2ccsc2n1
arene_583,O=c1[nH]nc2c(=O)ccon2c1=O
arene_584,O=c1oc2ncccc2c(=O)s1
arene_585,O=c1nnn2ccsn2c1=O
arene_586,O=c1ccn2cccnn2c1=O
arene_587,O=c1ncc2ccnn2s1
arene_588,O=c1snnn2sccon12
arene_589,O=c1nnn2ncccn12
arene_590,O=c1cc[nH]c2nsc(=O)n12
arene_591,O=c1occn2onn[nH]n12
arene_592,O=c1[nH]nnc2ccccc12
arene_593,O=c1ccc2[nH]cnoc=2c1=O
arene_594,c1cnn2nnnc2c1
arene_595,O=c1sccn2[nH]cnon12
arene_596,O=c1ccc2[nH]cnc(=O)c2o1
arene_597,O=c1ccc2c(=O)ncc(=O)c1=2
arene_598,O=c1oc2ccoc(=O)c2o1
arene_599,O=c1nnc2c(=O)[nH]ccc2o1
arene_600,O=c1ccn2cc[nH]c(=O)n2c1=O
arene_601,O=c1ncn2ccccn12
arene_602,O=c1cc[nH]n2onnon12
arene_603,O=c1ccc2[nH]nnc2[nH]1
arene_604,O=c1cc2ccnnc2co1
arene_605,O=c1ccn2ccnc2s1
arene_606,O=c1ccc2cc[nH]c2[nH]1
arene_607,O=c1nccc2cn[nH]n12
arene_608,O=c1ccc2c(=O)nc[nH]c2[nH]1
arene_609,O=c1[nH]c2csccn-2c1=O
arene_610,O=c1ccc(=O)n2nncnn12
arene_611,O=c1ncc2[nH]ccoc=2c1=O
arene_612,c1cnc2cocc2n1
arene_613,c1c[nH]n2[nH]nnn2[nH]1
arene_614,O=c1nc2occn2c(=O)o1
arene_615,O=c1nnon2occon12
arene_616,O=c1ccn2nncnn2c1=O
arene_617,O=c1ccc2n[nH]c(=O)c(=O)n2o1
arene_618,O=c1ccc2[nH]c(=O)oc(=O)c2o1
arene_619,c1cn2oncsc-2no1
arene_620,O=c1cnn2occsn2[nH]1
arene_621,O=c1[nH]c2c(=O)occc2s1
arene_622,O=c1ncn2ncccn12
arene_623,O=c1ccsc2ccnnc12
arene_624,c1c[nH]n2scnn2[nH]1
arene_625,O=c1oc(=O)n2ccccn2c1=O
arene_626,O=c1sn2c(=O)[nH]ccn2c(=O)c1=O
arene_627,O=c1occ2ccnnn2c1=O
arene_628,O=c1ccc2noc(=O)c(=O)n2s1
arene_629,c1cnc2nsnc2n1
arene_630,O=c1[nH]ccc2cn[nH]c12
arene_631,O=c1oc(=O)n2cc[nH]nc1-2
arene_632,O=c1cnoc2cnccc12
arene_633,O=c1ccn2c(=O)c(=O)onc2o1
arene_634,O=c1ncn2ccc(=O)c(=O)n2o1
arene_635,c1cc2nncn2nn1
arene_636,O=c1[nH]c2sccc(=O)c2sc1=O
arene_637,O=c1[nH]nnn2occon12
arene_638,O=c1cnn2c(=O)ccnc2o1
arene_639,c1cn2ncnc2cn1
arene_640,O=c1cnn2oc(=O)ccc2n1
arene_641,O=c1sccc2ncccc12
arene_642,O=c1ccn2c(=O)ncnc2[nH]1
arene_643,O=c1scnn2c(=O)ccnc12
arene_644,c1cc2cnoc2cn1
arene_645,O=c1ccn2c(=O)ccoc2c1
arene_646,O=c1sn2c(=O)[nH]ccn2c1=O
arene_647,O=c1ccc2c(=O)onnc2s1
arene_648,O=c1ccn2c(=O)sncn12
arene_649,c1cc2ocnc2nn1
arene_650,O=c1ccn2onn[nH]n2s1
arene_651,c1c[nH]n2ocnn2[nH]1
arene_652,c1csc2sncoc=2[nH]1
arene_653,O=c1[nH]c2nccc(=O)n2s1
arene_654,O=c1occo1
arene_655,O=c1[nH]n2ccnc2c(=O)o1
arene_656,c1csc2onnoc=2o1
arene_657,O=c1cc2occoc-2nc1=O
arene_658,O=c1oc(=O)n2c(=O)occn2c1=O
arene_659,O=c1nc2[nH]ccn2c(=O)[nH]1
arene_660,c1c[nH]c2snnsc=2[nH]1
arene_661,O=c1oc(=O)n2[nH]ccsn2o1
arene_662,O=c1ccn2snn[nH]n2[nH]1
arene_663,O=c1on2sccon2s1
arene_664,O=c1ccn2c(=O)[nH]c(=O)c(=O)n2o1
arene_665,O=c1ccn2cc[nH]n12
arene_666,O=c1cnc2ccncc2s1
arene_667,O=c1[nH]nnc2nccn12
arene_668,O=c1sccc2sccc12
arene_669,O=c1cc2cc[nH]c(=O)n2nn1
arene_670,O=c1[nH]c2[nH]ccc(=O)c2[nH]c1=O
arene_671,O=c1snc2c(=O)occn2c1=O
arene_672,O=c1ccnc2cn[nH]n12
arene_673,O=c1[nH]ccoc1=O
arene_674,O=c1nc2ccnnc2no1
arene_675,O=c1sc(=O)c2cnccc2s1
arene_676,O=c1[nH]cc2c(=O)sccn2c1=O
arene_677,O=c1[nH]nnn2[nH]cc[nH]n12
arene_678,O=c1cc[nH]n2[nH]ncsn12
arene_679,O=c1ocnn2occsn12
arene_680,c1cn2cnncc2n1
arene_681,c1cc2nn[nH]c2cn1
arene_682,O=c1cc[nH]c2ccoc12
arene_683,O=c1ncccs1
arene_684,O=c1nc2c(=O)ccsn2c(=O)[nH]1
arene_685,O=c1c(=O)c(=O)c2[nH]ccc2c1=O
arene_686,c1cnn2nnnc2n1
arene_687,c1cnc2n[nH]cc2n1
arene_688,O=c1nccc2ccsc(=O)n12
arene_689,c1con2cn[nH]nc-2[nH]1
arene_690,O=c1[nH]ccn2occ[nH]n12
arene_691,O=c1sc(=O)c2[nH]cc[nH]c1=2
arene_692,O=c1[nH]n2cccc2o1
arene_693,O=c1ncn2cccc2[nH]1
arene_694,O=c1c(=O)c(=O)c2c(=O)sccc2c1=O
arene_695,c1ccn2cnnc2c1
arene_696,O=c1ncoc2ccoc12
arene_697,c1cc2c[nH]cc2cn1
arene_698,O=c1oc2ccoc2sc1=O
arene_699,c1cc2cnoc2nn1
arene_700,c1cnn2oncsn2c1
arene_701,O=c1oc(=O)n2cc[nH]cc1-2
arene_702,O=c1ccc2nc(=O)c(=O)nc1-2
arene_703,O=c1ncc2sccoc=2c1=O
arene_704,O=c1cnc2ccccc2o1
arene_705,c1nn2scc[nH]c-2n[nH]1
arene_706,O=c1ccc2nc(=O)sc(=O)n2s1
arene_707,O=c1scnn2nccc12
arene_708,O=c1ccc2scnc(=O)c2s1
arene_709,O=c1[nH]n2c(=O)ccc(=O)n2sc1=O
arene_710,O=c1cc2[nH]ccsc-2nc1=O
arene_711,O=c1[nH]n2[nH]cc[nH]n2[nH]1
arene_712,O=c1occn2c(=O)snc12
arene_713,O=c1ccc2csc(=O)n2s1
arene_714,O=c1ccc2ncncc2s1
arene_715,O=c1ccn2cn[nH]cc1-2
arene_716,O=c1ccsc2sccc12
arene_717,c1cn2sncsc-2n[nH]1
arene_718,O=c1ccc2oc(=O)c(=O)sc2[nH]1
arene_719,O=c1ccn2c(=O)[nH]ncn12
arene_720,O=c1cncc2cc[nH]n12
arene_721,O=c1[nH]c2ccsc(=O)c2[nH]1
arene_722,O=c1[nH]n2c(=O)cccc2s1
arene_723,O=c1[nH]c2cc[nH]c(=O)c2c(=O)o1
arene_724,O=c1ccc2c(=O)cnoc2s1
arene_725,O=c1cnc2noccn1-2
arene_726,O=c1oncn2c(=O)nccc12
arene_727,O=c1cnn2scc[nH]n2s1
arene_728,O=c1ccc2nc[nH]c2o1
arene_729,c1cn2ncoc2n1
arene_730,O=c1cn[nH]c2cccn12
arene_731,O=c1[nH]n2ccc(=O)n2c(=O)s1
arene_732,O=c1cc2nccnc2n[nH]1
arene_733,O=c1ccc2cc[nH]c(=O)c2o1
arene_734,O=c1ccc2oc(=O)sc(=O)c2s1
arene_735,O=c1ccn2c(=O)oc(=O)n2s1
arene_736,O=c1cc2ccsc(=O)c2ns1
arene_737,O=c1nnon2[nH]cc[nH]n12
arene_738,O=c1ccc2sc(=O)c(=O)c(=O)c=2c1=O
arene_739,O=c1on2cnccn2c(=O)c1=O
arene_740,O=c1cn[nH]c2ccncc12
arene_741,O=c1nc2ncccn2c(=O)[nH]1
arene_742,c1coc2sncsc=2o1
arene_743,c1cc2cn[nH]c2nn1
arene_744,O=c1cc2c(=O)sccc2ns1
arene_745,O=c1oc(=O)n2c(=O)ccn2s1
arene_746,O=c1onnc2cnccc12
arene_747,c1csc2onnoc=2s1
arene_748,O=c1cc2ccncc2cs1
arene_749,O=c1ccc2nn[nH]c2o1
arene_750,O=c1occc2nc[nH]c12
arene_751,c1ncn2occsn2n1
arene_752,O=c1nnc2sccoc1=2
arene_753,O=c1[nH]c2ccccc2c(=O)o1
arene_754,O=c1sc2[nH]ccsc=2c(=O)c1=O
arene_755,O=c1occ2ccon2c1=O
arene_756,O=c1ncn2ccc(=O)n2o1
arene_757,O=c1nc[nH]c2nccnc12
arene_758,O=c1cnsn2c(=O)nccc12
arene_759,O=c1sncn2c(=O)ccnc12
arene_760,c1csc2snnsc=2o1
arene_761,O=c1ccc(=O)n2c(=O)nnon12
arene_762,O=c1ccc2nc(=O)sc(=O)n2o1
arene_763,O=c1[nH]c(=O)n2ccncn2c1=O
arene_764,O=c1[nH]c(=O)c2c(=O)ccoc2s1
arene_765,O=c1occc2csnc12
arene_766,O=c1ccn2cnonc-2c1=O
arene_767,c1cnc2nocc2c1
arene_768,O=c1nnn2ccsc(=O)n12
arene_769,O=c1cc2sccc2c[nH]1
arene_770,O=c1oncn2c(=O)cccc12
arene_771,O=c1cnn2ccc(=O)oc2c1
arene_772,O=c1oc(=O)n2occn2c1=O
arene_773,O=c1onc2occn12
arene_774,O=c1sc(=O)c2nccn2s1
arene_775,O=c1occn2cnnc12
arene_776,O=c1ccsn2[nH]cn[nH]n12
arene_777,O=c1ccn2c(=O)cnnc2s1
arene_778,O=c1[nH]c(=O)c2ccsc2[nH]1
arene_779,O=c1cn[nH]c2occc12
arene_780,c1cc2n[nH]nc2nn1
arene_781,O=c1nnnc2ccsn12
arene_782,O=c1cc2occsn-2c(=O)c1=O
arene_783,O=c1cccc2[nH]nnn12
arene_784,O=c1ccn2onnn2c1=O
arene_785,O=c1nc2nnccc2ns1
arene_786,O=c1ccn2scnn12
arene_787,O=c1sc(=O)c(=O)c2[nH]ccoc1=2
arene_788,O=c1ccn2c(=O)c(=O)[nH]c(=O)n2o1
arene_789,O=c1onnn2scc[nH]n12
arene_790,O=c1[nH]cc2occn12
arene_791,O=c1[nH]c(=O)n2ccnc2[nH]1
arene_792,O=c1nnc2ccnn2s1
arene_793,O=c1cc2ccon2nn1
arene_794,c1cc2nn[nH]c2o1
arene_795,O=c1[nH]n2c(=O)[nH]ccn2c1=O
arene_796,O=c1nnnc2cc[nH]n12
arene_797,c1cc2nscc2cn1
arene_798,O=c1sccc2cnoc12
arene_799,O=c1oc(=O)c2sccsc1=2
arene_800,O=c1cnsc2ccoc(=O)c12
arene_801,O=c1nnsc2c(=O)[nH]ccc12
arene_802,O=c1nc[nH]c2ccoc(=O)c12
arene_803,O=c1ccsc2scnc12
arene_804,O=c1[nH]n2c(=O)ccon2c1=O
arene_805,O=c1[nH]n2c(=O)ccn2s1
arene_806,O=c1nc2ccoc(=O)n2c(=O)o1
arene_807,c1cc2sncc2nn1
arene_808,O=c1[nH]n2c(=O)cccc2sc1=O
arene_809,O=c1cc2nccnc2no1
arene_810,O=c1oc2ccsc(=O)c2s1
arene_811,O=c1on2c(=O)ccsn2c1=O
arene_812,O=c1ccc2scn[nH]c1=2
arene_813,O=c1cc2ncccc2cs1
arene_814,O=c1ccn2sc(=O)oc(=O)c2n1
arene_815,O=c1nnn2sccc(=O)c2n1
arene_816,O=c1sc2[nH]cc[nH]c=2c1=O
arene_817,O=c1ccnc2occn12
arene_818,O=c1cn[nH]n2c(=O)ccn12
arene_819,O=c1occc2nnnn12
arene_820,O=c1ccn2sccc2c1
arene_821,O=c1cnn2oc(=O)ccc2c1
arene_822,O=c1[nH]c(=O)c2c(=O)ccsc2o1
arene_823,O=c1nnn2c(=O)nccc2[nH]1
arene_824,O=c1ccc(=O)c2c(=O)c(=O)[nH]c1=2
arene_825,O=c1[nH]c(=O)n2cc[nH]n2c1=O
arene_826,c1cc2[nH]ncn2c1
arene_827,c1cnc2nccn2c1
arene_828,O=c1sc(=O)n2ccoc(=O)n2c1=O
arene_829,O=c1[nH]c(=O)n2nnccn12
arene_830,O=c1nc[nH]c2sccc12
arene_831,O=c1nc[nH]n2c(=O)ccnc12
arene_832,O=c1ccc2c(=O)occc2[nH]1
arene_833,O=c1cc[nH]c2ncncc12
arene_834,O=c1[nH]c2noccn-2c1=O
arene_835,c1cc2nocc2o1
arene_836,O=c1snc2ccon12
arene_837,O=c1cnn2ccnnn2c1=O
arene_838,O=c1ccc2nsnnn-2c1=O
arene_839,O=c1ocnc2ccncc12
arene_840,O=c1[nH]n2sccon2o1
arene_841,O=c1ccc2[nH]nc[nH]c=2c1=O
arene_842,O=c1ccn2snc[nH]n2s1
arene_843,c1cc2sncc2[nH]1
arene_844,O=c1oc(=O)c2ccncc2o1
arene_845,O=c1cnc(=O)n2c(=O)cc[nH]n12
arene_846,O=c1nn[nH]n2occ[nH]n12
arene_847,c1coc2[nH]cn[nH]c=2[nH]1
arene_848,O=c1occ2ncccn2c1=O
arene_849,O=c1ccoc2cnnnc12
arene_850,O=c1[nH]c2c(=O)ccoc2c(=O)o1
arene_851,O=c1ccon2nccc12
arene_852,O=c1ccc2sc(=O)sc(=O)c2o1
arene_853,O=c1cnc2nsccn1-2
arene_854,O=c1[nH]c(=O)n2cccnn2c1=O
arene_855,O=c1nc2ncccc2ns1
arene_856,O=c1ccn2c(=O)sc(=O)oc2n1
arene_857,O=c1[nH]ccc2nnnnc12
arene_858,O=c1[nH]cc2ccncn2c1=O
arene_859,c1cc2cnncc2[nH]1
arene_860,c1coc2ocnsc=2[nH]1
arene_861,O=c1on2[nH]ccsn2s1
arene_862,O=c1[nH]cnn2scc[nH]n12
arene_863,O=c1ncn2cc[nH]c2n1
arene_864,O=c1ccn2c(=O)sc(=O)c(=O)n2o1
arene_865,O=c1nnn2ccc(=O)c(=O)n2[nH]1
arene_866,O=c1[nH]c2ccsc2[nH]c1=O
arene_867,O=c1cn[nH]n2[nH]cc[nH]n12
arene_868,O=c1nc[nH]c2cnccc12
arene_869,O=c1[nH]c2cccn2[nH]c1=O
arene_870,O=c1ccn2ccnnc2n1
arene_871,O=c1cc[nH]n2[nH]cnsn12
arene_872,c1cn2scnc2n1
arene_873,O=c1[nH]n2occn2c1=O
arene_874,c1cn2onnoc-2co1
arene_875,c1con2occn2o1
arene_876,O=c1ccn2ncc(=O)[nH]c2n1
arene_877,c1cn2onnoc-2ns1
arene_878,O=c1ncc2cc[nH]c2o1
arene_879,O=c1sc(=O)c2cc[nH]c(=O)c2s1
arene_880,O=c1ccn2c(=O)nncc2s1
arene_881,O=c1onc2sccn2c1=O
arene_882,O=c1[nH]c2noccn-2c(=O)c1=O
arene_883,O=c1nnc2c(=O)ccsc2[nH]1
arene_884,O=c1nnc2ncccc2[nH]1
arene_885,O=c1nccc2sncn12
arene_886,O=c1[nH]c2c(=O)[nH]ccc2sc1=O
arene_887,O=c1ncc(=O)n2ccocc1-2
arene_888,O=c1ncn2ccscc-2c1=O
arene_889,O=c1[nH]n2occsn2s1
arene_890,c1cn2onc[nH]n2[nH]1
arene_891,O=c1sn2cc[nH]n2c(=O)c1=O
arene_892,O=c1ccn2ncnnc2n1
arene_893,O=c1[nH]c2[nH]ccoc=2c(=O)c1=O
arene_894,c1cn2[nH]ncsn2o1
arene_895,O=c1oc2c(=O)[nH]ccc2sc1=O
arene_896,O=c1[nH]n2[nH]ccsn2sc1=O
arene_897,O=c1cc[nH]c2nncnc12
arene_898,O=c1ccn2c(=O)cnsc2n1
arene_899,O=c1[nH]c2cccc(=O)n2c(=O)s1
arene_900,O=c1nc2nnccn2c(=O)[nH]1
arene_901,O=c1nc[nH]c2c(=O)[nH]ccc12
arene_902,c1cnn2onc[nH]n2c1
arene_903,O=c1nc2ccsc2cs1
arene_904,O=c1[nH]nnc2nnccc12
arene_905,O=c1sn2c(=O)ccsn2c1=O
arene_906,O=c1nnc2c(=O)ccsc2s1
arene_907,c1ccn2[nH]cc[nH]n2c1
arene_908,O=c1ccn2[nH]ccc(=O)c2n1
arene_909,O=c1occ2sccn12
arene_910,O=c1ccc2c[nH]cc2o1
arene_911,O=c1occn2ccnc12
arene_912,O=c1oc(=O)n2ccon2c1=O
arene_913,O=c1[nH]ccn2ccnc12
arene_914,O=c1[nH]c2c(=O)ccoc2c(=O)s1
arene_915,O=c1ccc2c(=O)nnc(=O)c=2c1=O
arene_916,O=c1ccn2c(=O)cnon2c1=O
arene_917,O=c1ncn2c(=O)nccc2s1
arene_918,O=c1nccc2[nH]nnc(=O)n12
arene_919,O=c1snnc2c(=O)[nH]ccc12
arene_920,O=c1ccc2nnncc2s1
arene_921,c1csn2scnn2o1
arene_922,O=c1occc2ocnc12
arene_923,O=c1sccc2[nH]ncc12
arene_924,c1coc2csncn-2[nH]1
arene_925,O=c1ccn2onnc2c1
arene_926,O=c1ccc2ocnc(=O)c2o1
arene_927,O=c1cnn2ccc(=O)[nH]c2n1
arene_928,O=c1sc(=O)n2ccon2c1=O
arene_929,O=c1oc(=O)c2c(=O)sccc2o1
arene_930,O=c1ccc2oc(=O)c(=O)c1=2
arene_931,O=c1ncsn2[nH]ccsn12
arene_932,c1cn2sncsc-2co1
arene_933,O=c1ncc2cccc(=O)n2o1
arene_934,O=c1ccsc2cnnc(=O)n12
arene_935,c1c[nH]n2cnocc-2[nH]1
arene_936,O=c1ccc2cnnnc2s1
arene_937,O=c1nnn2scc[nH]n2[nH]1
arene_938,O=c1cnn2[nH]c(=O)ccc2c1
arene_939,O=c1ccn2occn2c1=O
arene_940,O=c1cc2ccsc(=O)n2c(=O)s1
arene_941,O=c1scnc2cccn12
arene_942,O=c1oc(=O)n2ccnnn2c1=O
arene_943,O=c1ccn2[nH]ncn12
arene_944,O=c1ccn2sc(=O)nnc2c1
arene_945,O=c1ccn2ccnnn2c1=O
arene_946,O=c1[nH]c(=O)c2[nH]ccc2[nH]1
arene_947,O=c1cccc2ncoc(=O)n12
arene_948,O=c1nnc2nsccn-2c1=O
arene_949,O=c1cnn2c(=O)sccn2c1=O
arene_950,O=c1[nH]cc[nH]1
arene_951,c1coc2onc[nH]c=2[nH]1
arene_952,O=c1nnsc2ccsc12
arene_953,O=c1[nH]c(=O)n2ccscc1-2
arene_954,O=c1snnn2c(=O)nccc12
arene_955,c1cc2[nH]ccn2n1
arene_956,c1cn2scn[nH]c-2n[nH]1
arene_957,O=c1ocnc2[nH]ccc12
arene_958,O=c1sc(=O)c2ccsc2s1
arene_959,O=c1onc2nccnn12
arene_960,O=c1ccn2c(=O)[nH]cnc2c1
arene_961,c1csn2ccsn2o1
arene_962,O=c1occc2nnoc12
arene_963,O=c1ccc2sc(=O)ccc2o1
arene_964,O=c1ccc2ccc(=O)c1=2
arene_965,c1cn2nn[nH]c2n1
arene_966,O=c1scnc2c(=O)[nH]ccc12
arene_967,O=c1cc2sc(=O)ccc2c[nH]1
arene_968,O=c1ccc2c(=O)[nH]c(=O)sc2o1
arene_969,c1cn2snnoc-2ns1
arene_970,O=c1cc2oc(=O)ccc2c[nH]1
arene_971,O=c1nnc2[nH]ccoc=2c1=O
arene_972,O=c1ccc2onnc(=O)c2o1
arene_973,c1csc2occsc=2o1
arene_974,O=c1[nH]ccn2oncsn12
arene_975,O=c1sccc2ccncc12
arene_976,O=c1[nH]ccc2c(=O)oncc12
arene_977,c1ccc2[nH]ncc2c1
arene_978,O=c1cc2cc[nH]c(=O)c2no1
arene_979,O=c1sc(=O)n2c(=O)ccon2c1=O
arene_980,c1csn2ncscc-2[nH]1
arene_981,O=c1cc2c(=O)ccoc2co1
arene_982,O=c1[nH]c(=O)c2c(=O)ccsc2s1
arene_983,O=c1ncc2c(=O)cc[nH]c2o1
arene_984,O=c1ccc2c(=O)onnc2o1
arene_985,c1csc2ocn[nH]c=2[nH]1
arene_986,O=c1[nH]c2cc[nH]c2s1
arene_987,O=c1sc2c[nH]ccn-2c(=O)c1=O
arene_988,O=c1cc[nH]c2c(=O)[nH]nnc12
arene_989,c1cnc2nscc2n1
arene_990,O=c1occc2ncnn12
arene_991,O=c1sc(=O)c(=O)c2[nH]cc[nH]c1=2
arene_992,O=c1ccsc2nocc12
arene_993,O=c1ccc2scnc2o1
arene_994,O=c1cc2sccon-2c1=O
arene_995,O=c1nccc2nnccn12
arene_996,O=c1[nH]c2ccoc2oc1=O
arene_997,O=c1ncc2sccsc1=2
arene_998,O=c1ccc2[nH]c(=O)c(=O)c1=2
arene_999,O=c1ncc2coccn1-2
arene_1000,O=c1cc[nH]n2nnc(=O)n12
arene_1001,O=c1cc2[nH]ccc2no1
arene_1002,O=c1[nH]n2[nH]ccon2oc1=O
arene_1003,c1cn2ccnc2nn1
arene_1004,O=c1nc2ccsc(=O)n2c(=O)[nH]1
arene_1005,O=c1ccc2c(=O)oc(=O)oc2[nH]1
arene_1006,O=c1ccnns1
arene_1007,O=c1cnc2ncccc2s1
arene_1008,O=c1ccn2ccoc2c1
arene_1009,O=c1ccoc2nc[nH]c(=O)c12
arene_1010,O=c1ncn2nccc2o1
arene_1011,O=c1ccc2nccn2s1
arene_1012,O=c1ccc2nonc2[nH]1
arene_1013,O=c1ccn2ccoc(=O)c2n1
arene_1014,c1cnc2nonc2c1
arene_1015,O=c1ncn2c(=O)nccc2[nH]1
arene_1016,O=c1[nH]c(=O)n2ccnc2s1
arene_1017,O=c1cncc2cc[nH]c(=O)n12
arene_1018,O=c1[nH]cc2cc[nH]c(=O)n2c1=O
arene_1019,c1c[nH+]c2[nH]ccc2c1
arene_1020,O=c1ccc2nnsc2[nH]1
arene_1021,O=c1[nH]c(=O)c2cccn2[nH]1
arene_1022,O=c1cnc2ccnnc2o1
arene_1023,c1cn2ocnoc-2n[nH]1
arene_1024,c1cc2[nH]cnc2nn1
arene_1025,O=c1snc2c(=O)ccsn2c1=O
arene_1026,O=c1cc2scc[nH]n-2c1=O
arene_1027,c1cn2sccoc-2no1
arene_1028,O=c1cc2sccsc-2cc1=O
arene_1029,c1nn2sccsc-2no1
arene_1030,c1cc2ncsn2c1
arene_1031,O=c1[nH]ncc2occc12
arene_1032,O=c1ccc2cnccc2s1
arene_1033,O=c1ccoc2noc(=O)n12
arene_1034,O=c1[nH]c2coccn-2c1=O
arene_1035,O=c1ccc(=O)c2[nH]nc[nH]c1=2
arene_1036,O=c1[nH]n2ccon2c1=O
arene_1037,O=c1ncn2sccsn2o1
arene_1038,c1c[nH]n2ccsnc-2[nH]1
arene_1039,O=c1cnc2nnccc2o1
arene_1040,O=c1ccc2noc(=O)cc2[nH]1
arene_1041,c1cc2cn[nH]c2cn1
arene_1042,O=c1nnn2c(=O)ccc(=O)n2s1
arene_1043,O=c1onnc2ncccc12
arene_1044,O=c1occc2ccccc12
arene_1045,O=c1ccsc2[nH]cnc(=O)c12
arene_1046,c1cnc2ccsc2c1
arene_1047,O=c1cc2cnccc2cs1
arene_1048,O=c1nc2c(=O)[nH]ccc2cs1
arene_1049,O=c1ncn2c(=O)c(=O)ccn2s1
arene_1050,O=c1[nH]c2occc2sc1=O
arene_1051,O=c1cnn2scc[nH]n2o1
arene_1052,c1coc2nsnnn-2[nH]1
arene_1053,O=c1ccsc2ccoc(=O)c12
arene_1054,O=c1[nH]c2ccc(=O)sc2[nH]1
arene_1055,O=c1onnn2sccon12
arene_1056,O=c1ncn2c(=O)sccc2n1
arene_1057,O=c1on2cconc-2c1=O
arene_1058,O=c1cnn2sccn2c1=O
arene_1059,O=c1nnc2cccn2[nH]1
arene_1060,O=c1[nH]c2nccc(=O)n2oc1=O
arene_1061,O=c1nc2sc(=O)ccc2c[nH]1
arene_1062,c1cn2cncc2cn1
arene_1063,c1cn2sccsn2o1
arene_1064,O=c1ccc2c(=O)nn[nH]c2o1
arene_1065,O=c1snnc2cccn12
arene_1066,O=c1ncn2ccncc2n1
arene_1067,O=c1nnc2ccc(=O)oc2[nH]1
arene_1068,O=c1ncc2ccnnc2s1
arene_1069,O=c1on2occ[nH]n2c(=O)s1
arene_1070,O=c1ccc2ccc(=O)c(=O)c=2c1=O
arene_1071,O=c1sc2n[nH]ccn-2c1=O
arene_1072,O=c1ccc2c(=O)sc(=O)sc2[nH]1
arene_1073,O=c1snc2ncccn2c1=O
arene_1074,O=c1[nH]cnn2occ[nH]n12
arene_1075,O=c1ccc2cncn2[nH]1
arene_1076,O=c1ccc2cnoc2o1
arene_1077,c1cc2nncnc2nn1
arene_1078,O=c1ncn2[nH]cc[nH]n2o1
arene_1079,O=c1nc[nH]c2cc[nH]c(=O)c12
arene_1080,O=c1sc(=O)n2cccc2s1
arene_1081,O=c1ccc2c(=O)ncsc2[nH]1
arene_1082,O=c1cc2sccc(=O)c2co1
arene_1083,O=c1ncn2cccnc2n1
arene_1084,O=c1ccoc2nnsc(=O)c12
arene_1085,O=c1nccc2cnsc(=O)n12
arene_1086,O=c1ccn2sc(=O)sc2c1
arene_1087,O=c1ccn2ocnsn2o1
arene_1088,O=c1ccn2ccc(=O)sc2c1
arene_1089,O=c1[nH]c2occc(=O)c2o1
arene_1090,O=c1oc2cc[nH]c2oc1=O
arene_1091,O=c1nnsn2sccon12
arene_1092,O=c1nnc(=O)n2cc[nH]cc1-2
arene_1093,O=c1ccsn2c(=O)snc12
arene_1094,O=c1sccn2c(=O)[nH]nc12
arene_1095,c1ccc2c(c1)oc1ccccc12
arene_1096,O=c1ncn2[nH]ccon2[nH]1
arene_1097,O=c1nncc2ncccn12
arene_1098,O=c1ccn2ncsnc-2c1=O
arene_1099,O=c1cccc2cn[nH]c(=O)n12
arene_1100,O=c1ccnc2ncccn12
arene_1101,O=c1ncc2c(=O)occc2[nH]1
arene_1102,O=c1scnn2sccsn12
arene_1103,O=c1sc(=O)c2ncccc2s1
arene_1104,O=c1[nH]n2scc[nH]n2sc1=O
arene_1105,O=c1nnn2c(=O)ccoc2n1
arene_1106,c1csn2cn[nH]n2o1
arene_1107,O=c1nc2occc2co1
arene_1108,O=c1ccn2nn[nH]c2n1
arene_1109,O=c1sn2ccoc(=O)n2c1=O
arene_1110,O=c1ccc2c(=O)sccc2[nH]1
arene_1111,O=c1ccc(=O)n2c(=O)onnn12
arene_1112,O=c1oc2[nH]ccc2sc1=O
arene_1113,O=c1nnn2ccc(=O)sc2n1
arene_1114,O=c1[nH]c2ccoc2sc1=O
arene_1115,O=c1[nH]n2nnccn2c1=O
arene_1116,O=c1c(=O)c(=O)n2occon2c1=O
arene_1117,O=c1oc(=O)n2ccscc1-2
arene_1118,O=c1[nH]ccc2nscc12
arene_1119,O=c1ncn2cc[nH]cc-2c1=O
arene_1120,O=c1cccc2oncn12
arene_1121,O=c1[nH]c2nnccc2sc1=O
arene_1122,O=c1nc2ncccc2n[nH]1
arene_1123,c1cn2[nH]ncsc-2c[nH]1
arene_1124,O=c1cnn2c(=O)ccn2[nH]1
arene_1125,O=c1cc2ccc(=O)on2nn1
arene_1126,O=c1ccn2nncnc2c1
arene_1127,O=c1[nH]c(=O)n2nccnn2c1=O
arene_1128,c1cc2c[nH]nc2o1
arene_1129,O=c1ccn2[nH]cn[nH]n2s1
arene_1130,O=c1on2c(=O)ccnc2sc1=O
arene_1131,O=c1[nH]n2[nH]ccc(=O)n2c(=O)c1=O
arene_1132,c1cn2[nH]nnsn2cn1
arene_1133,O=c1ccon2c(=O)cccc12
arene_1134,O=c1ncn2ccc(=O)sc2n1
arene_1135,O=c1[nH]cnc2c(=O)occc12
arene_1136,O=c1[nH]c2ccoc2s1
arene_1137,O=c1oc(=O)c2occc2o1
arene_1138,c1cnn2occon2c1
arene_1139,O=c1cc2oc(=O)ccc2co1
arene_1140,O=c1ccc2nc(=O)scc2o1
arene_1141,O=c1ccc2c(=O)c(=O)ncc1=2
arene_1142,O=c1ocnc2sccc12
arene_1143,O=c1cc[nH]c2cccn12
arene_1144,c1cc2occn2n1
arene_1145,O=c1nnn2scc[nH]n2o1
arene_1146,c1cc2ncsn2n1
arene_1147,O=c1ocnc2ccoc12
arene_1148,O=c1cc[nH]c2coc(=O)n12
arene_1149,O=c1cnon2sccsn12
arene_1150,O=c1cc2sc(=O)ccn2c(=O)o1
arene_1151,c1cn2onnon2nn1
arene_1152,O=c1ccon2snn[nH]n12
arene_1153,O=c1ccn2c(=O)cccc2[nH]1
arene_1154,O=c1sc2ccncc2sc1=O
arene_1155,O=c1[nH]nc2nnccn2c1=O
arene_1156,O=c1nncc2ccoc(=O)n12
arene_1157,O=c1ncnc2ccon12
arene_1158,O=c1[nH]c(=O)c2nccn2[nH]1
arene_1159,O=c1nnc2cnccc2s1
arene_1160,O=c1ccc2nsnnn1-2
arene_1161,O=c1ccn2c(=O)oc(=O)c(=O)n2[nH]1
arene_1162,O=c1ccn2scn[nH]n2o1
arene_1163,O=c1cc[nH]c2cnccc12
arene_1164,O=c1oc(=O)n2c(=O)cc[nH]n2c1=O
arene_1165,O=c1sc(=O)n2c(=O)sccn12
arene_1166,O=c1oc2cc[nH]c(=O)c2oc1=O
arene_1167,O=c1ccc2c(=O)c(=O)c(=O)oc1=2
arene_1168,O=c1sn2c(=O)ccc(=O)n2sc1=O
arene_1169,O=c1nnn2ccccc2n1
arene_1170,O=c1sncc2ccnnc12
arene_1171,O=c1ccn2c(=O)cn[nH]c2n1
arene_1172,O=c1ccc2n[nH]nnn-2c1=O
arene_1173,O=c1ccc2noc(=O)c(=O)n2[nH]1
arene_1174,O=c1[nH]nnn2c(=O)nccc12
arene_1175,O=c1[nH]c(=O)n2c(=O)ccsn12
arene_1176,c1cnn2oncon2c1
arene_1177,c1nnn2[nH]ccon2n1
arene_1178,O=c1ccc2nc(=O)c(=O)c(=O)n-2c1=O
arene_1179,O=c1cc2ccoc(=O)c2ns1
arene_1180,c1cn2[nH]ncon2nn1
arene_1181,O=c1nnoc2ccoc12
arene_1182,O=c1ncc2ccnc(=O)n2s1
arene_1183,c1c[nH]c2snn[nH]c=2[nH]1
arene_1184,O=c1[nH]n2nccc2c(=O)o1
arene_1185,O=c1nncc2ccsc(=O)n12
arene_1186,O=c1cnc2nccc(=O)n2[nH]1
arene_1187,O=c1sn2c(=O)sccn2c1=O
arene_1188,O=c1occ2cccnn2c1=O
arene_1189,O=c1nnn2cc[nH]c(=O)n12
arene_1190,O=c1ccc2c[nH]ccn-2c1=O
arene_1191,c1cc2nscc2[nH]1
arene_1192,O=c1ccn2c(=O)cnn2o1
arene_1193,O=c1oc2cc[nH]c2c(=O)s1
arene_1194,O=c1cc[nH]n2occsn12
arene_1195,O=c1ccn2ncnnn12
arene_1196,O=c1nn[nH]c2ccoc(=O)c12
arene_1197,O=c1ncon2[nH]ccon12
arene_1198,O=c1ccc2nncnc2s1
arene_1199,O=c1oc2ccnnc2c(=O)s1
arene_1200,O=c1ccc(=O)n2ccscc1-2
arene_1201,c1cc2cocc2nn1
arene_1202,O=c1sccc2nnnnc12
arene_1203,O=c1ccsn2snnsn12
arene_1204,O=c1scnc2ccoc12
arene_1205,O=c1ccc2noncn-2c1=O
arene_1206,c1cn2sccon2nn1
arene_1207,O=c1[nH]cnn2sccsn12
arene_1208,O=c1[nH]c(=O)c2nccnc2[nH]1
arene_1209,c1cnn2oncon2n1
arene_1210,O=c1ccc2c(=O)c(=O)c(=O)c2[nH]1
arene_1211,O=c1nnc2nccc(=O)n2o1
arene_1212,c1con2ccocc-2[nH]1
arene_1213,O=c1ccc2noncn1-2
arene_1214,O=c1[nH]c(=O)n2c(=O)ccsn2c1=O
arene_1215,c1cnn2occsn2c1
arene_1216,O=c1nccc2cnncn12
arene_1217,O=c1cc2ccc(=O)[nH]n2c(=O)[nH]1
arene_1218,O=c1ncnc2ccoc(=O)n12
arene_1219,O=c1sc(=O)n2nccc2s1
arene_1220,O=c1ccn2ocnc2n1
arene_1221,O=c1cc[nH]c2cc[nH]c(=O)c12
arene_1222,c1cc2cnccn2c1
arene_1223,O=c1sn2[nH]ccon2s1
arene_1224,O=c1nnnc2[nH]ccn12
arene_1225,c1cn2[nH]nn[nH]c-2c[nH]1
arene_1226,O=c1snc2ccsn12
arene_1227,O=c1cc2ccc(=O)sn2cn1
arene_1228,O=c1cnoc2ccnnc12
arene_1229,c1cn2scc[nH]n2cn1
arene_1230,O=c1cc2nnccc2c[nH]1
arene_1231,O=c1oc(=O)c(=O)n2cc[nH]nc1-2
arene_1232,O=c1nnsn2scc[nH]n12
arene_1233,O=c1oc2ccnn2s1
arene_1234,O=c1ccc2c(=O)cnoc2o1
arene_1235,O=c1cnn2ccsc(=O)n2c1=O
arene_1236,O=c1[nH]c2c(=O)occc2sc1=O
arene_1237,O=c1[nH]n2nccnn2c1=O
arene_1238,O=c1ccc2sc(=O)nnc2o1
arene_1239,O=c1ncc2ncccc2s1
arene_1240,O=c1nc2ccncc2c[nH]1
arene_1241,O=c1ccn2occc2n1
arene_1242,O=c1ccn2c(=O)c(=O)ccn2[nH]1
arene_1243,O=c1ccn2c(=O)nccc2s1
arene_1244,O=c1[nH]cc2occn2c1=O
arene_1245,c1cn2[nH]ncc2n1
arene_1246,O=c1cc2cnccn2cn1
arene_1247,O=c1cnsn2[nH]ccsn12
arene_1248,O=c1nnc2cccnc2o1
arene_1249,O=c1ocnc2c(=O)sccc12
arene_1250,O=c1[nH]cc2nnccn12
arene_1251,O=c1cccno1
arene_1252,c1cc2onnn2n1
arene_1253,O=c1ccc2c(=O)sc(=O)c=2c1=O
arene_1254,O=c1on2c(=O)occn2c1=O
arene_1255,O=c1nnc2nccc(=O)n2s1
arene_1256,O=c1[nH]c2ccnn2c(=O)o1
arene_1257,O=c1ccc(=O)n2ncncn12
arene_1258,O=c1ncsc2[nH]ccc12
arene_1259,c1cc2occc2o1
arene_1260,c1cnc2ccnn2c1
arene_1261,O=c1onc2cnccn2c1=O
arene_1262,O=c1ccc2oc(=O)c(=O)c(=O)c=2c1=O
arene_1263,c1csn2nnsn2o1
arene_1264,O=c1ccn2ncncc2n1
arene_1265,O=c1cnn2sccsn2o1
arene_1266,c1cc2oncc2nn1
arene_1267,c1cn2[nH]cc[nH]c-2c[nH]1
arene_1268,O=c1ccc2nnsc(=O)c2o1
arene_1269,c1cc2nccnc2nn1
arene_1270,c1cnc2ncccc2c1
arene_1271,O=c1occ2ccsn2c1=O
arene_1272,c1cc2nsnc2o1
arene_1273,O=c1scc2cc[nH]c(=O)n2c1=O
arene_1274,O=c1[nH]c2ccnc(=O)n2s1
arene_1275,c1coc2scnoc=2o1
arene_1276,O=c1ccc(=O)n2nnnnn12
arene_1277,c1csc2n[nH]ncn-2[nH]1
arene_1278,c1ccc(-c2ccccc2)cc1
arene_1279,O=c1nc2nccnc2cs1
arene_1280,O=c1cnc2ccccc2s1
arene_1281,O=c1cnc2occoc=2c1=O
arene_1282,O=c1snc2cnccn2c1=O
arene_1283,O=c1ccn2oc(=O)c(=O)c(=O)n2s1
arene_1284,c1c[nH]c2onn[nH]c=2[nH]1
arene_1285,O=c1ccn2scnsn2s1
arene_1286,c1cn2cnnc2[nH]1
arene_1287,O=c1ccn2c(=O)cnnc2o1
arene_1288,O=c1on2nccc2s1
arene_1289,O=c1cc2c(=O)[nH]ccn2c(=O)s1
arene_1290,O=c1nnn2sc(=O)ccc2n1
arene_1291,O=c1ccc2c(=O)ncsc2o1
arene_1292,O=c1[nH]c2nccn2o1
arene_1293,O=c1ccc2nn[nH]c(=O)c2[nH]1
arene_1294,O=c1ncnc2nnccn12
arene_1295,O=c1cnn2ccc(=O)c(=O)n2o1
arene_1296,O=c1scc2c(=O)[nH]ccn2c1=O
arene_1297,O=c1[nH]c2c(=O)[nH]ccc2c(=O)o1
arene_1298,O=c1cc2[nH]cc[nH]n-2c(=O)c1=O
arene_1299,O=c1nc2c(=O)cc[nH]n2c(=O)o1
arene_1300,O=c1nccc2nnon12
arene_1301,O=c1ncon2sccon12
arene_1302,O=c1ccn2c(=O)ncc(=O)n2o1
arene_1303,O=c1ccc2snc[nH]c=2c1=O
arene_1304,c1c[nH]c2onnoc=2[nH]1
arene_1305,O=c1nc2[nH]ccoc-2nc1=O
arene_1306,O=c1ccn2ocnn2c1=O
arene_1307,O=c1cc[nH]n2c(=O)cccc12
arene_1308,c1ccn2sccsn2c1
arene_1309,O=c1cc2cc[nH]c(=O)n2c(=O)[nH]1
arene_1310,O=c1nccno1
arene_1311,O=c1ccoc2cnoc12
arene_1312,O=c1ccn2c(=O)sccn12
arene_1313,O=c1ccsn2c(=O)nnn12
arene_1314,O=c1ccn2c(=O)ncsc2c1
arene_1315,c1cn2ncnc2nn1
arene_1316,O=c1nnn2ccc(=O)c(=O)n2s1
arene_1317,O=c1[nH]ccn2scn[nH]n12
arene_1318,c1cnc2nnccc2c1
arene_1319,O=c1oc(=O)c2nccnc2s1
arene_1320,O=c1nc2ccsc(=O)c2no1
arene_1321,O=c1oc(=O)c2c(=O)[nH]ccc2s1
arene_1322,O=c1ccc2oc(=O)oc(=O)c2[nH]1
arene_1323,O=c1ccn2c(=O)ccsc2n1
arene_1324,O=c1scnc2occc12
arene_1325,O=c1ccsc2n[nH]cc12
arene_1326,O=c1ncc2ncccc2[nH]1
arene_1327,O=c1ccc2cc(=O)scc2o1
arene_1328,O=c1cc[nH]c2[nH]cnc12
arene_1329,c1cn2snc[nH]c-2c[nH]1
arene_1330,c1cocn1
arene_1331,O=c1occ2c(=O)cc[nH]n2c1=O
arene_1332,O=c1[nH]ccc2cnoc12
arene_1333,c1csn2cn[nH]nc-2[nH]1
arene_1334,c1cc2ocnn2c1
arene_1335,O=c1cc2ccsc(=O)n2cn1
arene_1336,O=c1nc2occoc-2nc1=O
arene_1337,O=c1sc2cccn2sc1=O
arene_1338,O=c1[nH]cc2cccnn12
arene_1339,O=c1ccn2sccsn2[nH]1
arene_1340,O=c1[nH]c2ccnnc2c(=O)s1
arene_1341,O=c1cc[nH]nc1
arene_1342,O=c1ccn2c(=O)c(=O)c(=O)[nH]n2o1
arene_1343,O=c1ccn2nccc2s1
arene_1344,c1cc2cnncc2nn1
arene_1345,O=c1ccsn2scnon12
arene_1346,O=c1[nH]c(=O)c2occc(=O)c2s1
arene_1347,O=c1nnn2c(=O)nccc2o1
arene_1348,O=c1nnc2ccnnc2s1
arene_1349,O=c1cc[nH]n2c(=O)ccn12
arene_1350,O=c1scc2c(=O)cc[nH]n2c1=O
arene_1351,O=c1[nH]cc2ccsn2c1=O
arene_1352,O=c1ccn2scnon2o1
arene_1353,O=c1oc(=O)c2ccccc2o1
arene_1354,O=c1c(=O)c(=O)c2c(=O)ccoc2c1=O
arene_1355,O=c1ccn2snnc(=O)n12
arene_1356,O=c1[nH]n2ccnc2s1
arene_1357,O=c1ncn2c(=O)[nH]ccn2c1=O
arene_1358,O=c1ccsn2[nH]ncon12
arene_1359,O=c1ccn2sccon2o1
arene_1360,O=c1ncn2nnccn12
arene_1361,c1cc2oncc2[nH]1
arene_1362,c1cn2oncsn2nn1
arene_1363,O=c1nnsn2occsn12
arene_1364,O=c1ccoc2c(=O)cc[nH]c12
arene_1365,O=c1ocnc2nccn12
arene_1366,O=c1[nH]c2ccnc(=O)n2c(=O)s1
arene_1367,c1nsc2csccn-2[nH]1
arene_1368,O=c1cnc2ccsc2[nH]1
arene_1369,O=c1ccc2cnc(=O)c(=O)c=2c1=O
arene_1370,c1cc2c[nH]nc2[nH]1
arene_1371,O=c1oncn2occon12
arene_1372,O=c1sc2[nH]ccoc=2c1=O
arene_1373,O=c1ccc2csccn-2c1=O
arene_1374,c1cnc2cnccc2c1
arene_1375,O=c1nc2c(=O)[nH]ccc2c[nH]1
arene_1376,c1c[nH]n2cn[nH]cc-2[nH]1
arene_1377,O=c1occn2onnsn12
arene_1378,O=c1[nH]c(=O)c2cccc(=O)n2o1
arene_1379,O=c1[nH]n2ccsc(=O)n2c(=O)c1=O
arene_1380,O=c1ncn2ncccn2c1=O
arene_1381,O=c1ccc2[nH]cnc(=O)c2[nH]1
arene_1382,O=c1[nH]cc2occc(=O)n2c1=O
arene_1383,O=c1cc2ccncn2c(=O)[nH]1
arene_1384,O=c1cc2sccc2no1
arene_1385,O=c1cnc2c(=O)ccoc2[nH]1
arene_1386,O=c1ccc2sc(=O)c(=O)sc2o1
arene_1387,c1coc2snnoc=2o1
arene_1388,O=c1ncn2occ[nH]n2o1
arene_1389,c1cc2nocc2cn1
arene_1390,O=c1cc2c(=O)c(=O)ccc-2nc1=O
arene_1391,O=c1cnc2occ[nH]c=2c1=O
arene_1392,O=c1sc2occc(=O)c2sc1=O
arene_1393,O=c1ccc2nncn2o1
arene_1394,O=c1ccc2c(=O)scnc2[nH]1
arene_1395,O=c1ncc2c(=O)occc2o1
arene_1396,O=c1nc2ccsc(=O)c2c[nH]1
arene_1397,O=c1cc2c(=O)ccoc2ns1
arene_1398,c1csn2nn[nH]nc-2s1
arene_1399,O=c1cc2cccnc2n[nH]1
arene_1400,O=c1snnn2scc[nH]n12
arene_1401,c1csc2c[nH]ncn-2[nH]1
arene_1402,O=c1sccn2c(=O)occ12
arene_1403,O=c1nn[nH]n2c(=O)cccc12
arene_1404,c1cn2[nH]cnon2nn1
arene_1405,c1ccc2nnncc2c1
arene_1406,O=c1nc2nnccn2c(=O)o1
arene_1407,O=c1nc2ccncc2co1
arene_1408,O=c1ccn2ncsc(=O)n12
arene_1409,O=c1ccn2[nH]ccon2o1
arene_1410,c1ccc2nncnc2c1
arene_1411,O=c1nccc2ncsc(=O)n12
arene_1412,O=c1cc[nH]c2c(=O)nc[nH]c12
arene_1413,O=c1[nH]c2ccccc2[nH]1
arene_1414,c1cnn2[nH]ncsn2c1
arene_1415,O=c1nc2sccsn-2c1=O
arene_1416,O=c1nnnc2ncccn12
arene_1417,O=c1[nH]c2[nH]cc[nH]c=2c(=O)c1=O
arene_1418,O=c1on2[nH]ccon2o1
arene_1419,O=c1occc2c(=O)sccc12
arene_1420,O=c1c(=O)c2cccc(=O)n2c1=O
arene_1421,O=c1ccn2cn[nH]c(=O)c2c1
arene_1422,O=c1cccc2onnn12
arene_1423,c1cc2cocc2s1
arene_1424,O=c1ncn2[nH]ccsn2[nH]1
arene_1425,O=c1[nH]c(=O)c2c(=O)[nH]ccc2o1
arene_1426,O=c1ccc2nsc(=O)cc2o1
arene_1427,O=c1ncsc2cccn12
arene_1428,O=c1oc2nccc(=O)n2oc1=O
arene_1429,O=c1cnnc2ccoc(=O)n12
arene_1430,c1nn2sccoc-2no1
arene_1431,O=c1oc(=O)c2nccc(=O)n2o1
arene_1432,O=c1[nH]c(=O)c2ccnnc2[nH]1
arene_1433,O=c1cnn2c(=O)nccc2o1
arene_1434,O=c1ccoc(=O)o1
arene_1435,c1cn2[nH]cn[nH]n2cn1
arene_1436,O=c1ccc2c(=O)sc(=O)[nH]c2[nH]1
arene_1437,c1con2ncscc-2o1
arene_1438,O=c1ccc(=O)c2sccoc1=2
arene_1439,O=c1cc2sccsc-2c1
arene_1440,O=c1onc2c(=O)ccon2c1=O
arene_1441,O=c1ncn2[nH]cc[nH]n2s1
arene_1442,O=c1nnc2cccn2o1
arene_1443,O=c1cnn2[nH]ccn2c1=O
arene_1444,O=c1cc2cc[nH]c(=O)c2ns1
arene_1445,O=c1ccsn2occ[nH]n12
arene_1446,O=c1sc(=O)c2occc(=O)c2s1
arene_1447,O=c1[nH]c2nccnc2c(=O)s1
arene_1448,O=c1ccnc2[nH]cnc(=O)n12
arene_1449,O=c1cc2cc[nH]c(=O)n2c(=O)o1
arene_1450,O=c1occc2nnoc(=O)c12
arene_1451,O=c1cc2[nH]ccoc-2n1
arene_1452,O=c1occc2nocc12
arene_1453,O=c1ccc(=O)c2c(=O)c(=O)nnc1=2
arene_1454,O=c1ccsc2ncsc12
arene_1455,O=c1ccc2ccsc(=O)c2[nH]1
arene_1456,O=c1cc[nH]c2nocc12
arene_1457,O=c1snc2occn2c1=O
arene_1458,c1cnc2ncncc2c1
arene_1459,O=c1cc2nnccn2c(=O)s1
arene_1460,O=c1nccc2[nH]nnn12
arene_1461,O=c1cnc2ccoc2[nH]1
arene_1462,O=c1ccsnn1
arene_1463,O=c1ccn2c(=O)c(=O)c(=O)sn2s1
arene_1464,O=c1nc2c(=O)ccsc2ns1
arene_1465,c1ncn2[nH]cc[nH]n2n1
arene_1466,c1csn2onnn2s1
arene_1467,c1cn2[nH]ncsc-2cs1
arene_1468,O=c1cnn2ncccc2n1
arene_1469,O=c1ccsc2cnsc12
arene_1470,O=c1ccn2nnncc2n1
arene_1471,O=c1nn[nH]n2[nH]ccon12
arene_1472,O=c1ccn2c(=O)[nH]ccc2n1
arene_1473,O=c1sccn2[nH]ccsn12
arene_1474,O=c1nnc(=O)c2occoc1=2
arene_1475,c1cnc2ncnnc2c1
arene_1476,O=c1ccon2occ[nH]n12
arene_1477,c1csc2snnoc=2o1
arene_1478,O=c1ccoc(=O)[nH]1
arene_1479,O=c1ccnn[nH]1
arene_1480,O=c1[nH]c(=O)c2sccc2s1
arene_1481,O=c1sccc2ncoc12
arene_1482,O=c1ccn2[nH]nnc(=O)n12
arene_1483,O=c1ccn2[nH]ccc2c1
arene_1484,O=c1ncnc2ccccn12
arene_1485,O=c1nccc2nnnnn12
arene_1486,O=c1cc2ccoc(=O)c2no1
arene_1487,O=c1cc2occc(=O)c2no1
arene_1488,c1cn2oncoc-2no1
arene_1489,c1csc2nonnn-2o1
arene_1490,O=c1ccn2[nH]ncsn2[nH]1
arene_1491,c1cc2[nH]ccc2[nH]1
arene_1492,O=c1occn2[nH]nnsn12
arene_1493,O=c1cc2oc(=O)ccn2cn1
arene_1494,O=c1ccn2ccoc(=O)n2c1=O
arene_1495,O=c1[nH]cnn2c(=O)ccnc12
arene_1496,O=c1cccc2ncnnn12
arene_1497,O=c1ccoc2cncc(=O)n12
arene_1498,O=c1ccn2cnsn12
arene_1499,c1cc2conc2o1
arene_1500,O=c1oc(=O)n2cconc1-2
arene_1501,O=c1scc2cc[nH]n2c1=O
arene_1502,O=c1[nH]ccc2ncccc12
arene_1503,O=c1[nH]cnn2c(=O)ccn12
arene_1504,O=c1ccn2nccnn12
arene_1505,c1cnc2ocnc2c1
arene_1506,O=c1ccn2ccsc(=O)n12
arene_1507,O=c1nnc2c(=O)cc[nH]c2[nH]1
arene_1508,c1csn2ccon2[nH]1
arene_1509,O=c1[nH]c(=O)c2ccoc2o1
arene_1510,O=c1oc2[nH]ccc(=O)c2sc1=O
arene_1511,c1con2oncn2[nH]1
arene_1512,O=c1ccc2c[nH]nc2o1
arene_1513,O=c1[nH]c(=O)c2sccsc1=2
arene_1514,O=c1ccc2nsc(=O)c(=O)n2s1
arene_1515,O=c1ccc2c(=O)nnoc2s1
arene_1516,O=c1ccc(=O)n2ncccn12
arene_1517,O=c1cc2ncccn2nn1
arene_1518,O=c1nnc(=O)c2[nH]cc[nH]c1=2
arene_1519,O=c1sc(=O)n2sccon2s1
arene_1520,O=c1[nH]n2c(=O)ccn2o1
arene_1521,O=c1oc(=O)c2nccn2s1
arene_1522,O=c1nnsn2occon12
arene_1523,c1cc2nncnn2c1
arene_1524,c1csn2[nH]cnn2[nH]1
arene_1525,O=c1ncon2c(=O)ccn12
arene_1526,O=c1ccc2ncsc2[nH]1
arene_1527,O=c1ccc2nsnc2s1
arene_1528,O=c1oc(=O)n2occn12
arene_1529,O=c1ccc2ccoc2s1
arene_1530,O=c1ccc2c[nH]cc2[nH]1
arene_1531,O=c1nnn2[nH]ccon2s1
arene_1532,O=c1nc2occc(=O)c2co1
arene_1533,O=c1nnsc2cccnc12
arene_1534,O=c1[nH]nc2cc[nH]n12
arene_1535,O=c1ccn2cn[nH]n2c1=O
arene_1536,O=c1ccc(=O)n2nconc1-2
arene_1537,O=c1nnn2sccn12
arene_1538,c1con2nn[nH]n2[nH]1
arene_1539,O=c1oc2c(=O)ccoc2sc1=O
arene_1540,O=c1ccc2cccnc2o1
arene_1541,O=c1oc2[nH]ccc(=O)c2o1
arene_1542,c1cn2sncsn2o1
arene_1543,O=c1[nH]c(=O)n2c(=O)cccc2[nH]1
arene_1544,O=c1ccc(=O)n2ccocc1-2
arene_1545,O=c1cnnc2cccnn12
arene_1546,O=c1cc2[nH]ccsc-2cc1=O
arene_1547,O=c1nc[nH]c2occc12
arene_1548,O=c1ccn2ccsnc-2c1=O
arene_1549,O=c1[nH]n2ncccn2c1=O
arene_1550,O=c1ncsn2[nH]cc[nH]n12
arene_1551,c1cnc2cscc2c1
arene_1552,O=c1[nH]cnc2ncccc12
arene_1553,O=c1[nH]n2[nH]ccsn2c(=O)s1
arene_1554,O=c1[nH]ncc2cccnc12
arene_1555,O=c1ccn2ncsc(=O)c2n1
arene_1556,c1coc2nocnn-2[nH]1
arene_1557,O=c1ccon2sncsn12
arene_1558,O=c1ccc2ncnnc2o1
arene_1559,c1cn2scc[nH]c-2c[nH]1
arene_1560,O=c1nnc2scc[nH]c=2c1=O
arene_1561,c1nsn2ccocc-2[nH]1
arene_1562,O=c1nnn2sccc2n1
arene_1563,c1cn2[nH]nn[nH]n2o1
arene_1564,O=c1cnsn2occon12
arene_1565,O=c1cc2ccc(=O)on2c(=O)o1
arene_1566,O=c1[nH]ccc2nc[nH]c12
arene_1567,O=c1[nH]n2c(=O)ccnc2sc1=O
arene_1568,O=c1ccc2cc(=O)occ2[nH]1
arene_1569,O=c1nnn2ccncn2c1=O
arene_1570,c1cc2nsnc2nn1
arene_1571,O=c1[nH]cc2cnccn12
arene_1572,c1cc2csnc2o1
arene_1573,O=c1ncc2sccc(=O)c2[nH]1
arene_1574,c1csn2sncn2[nH]1
arene_1575,c1cc2ncsc2o1
arene_1576,c1c[nH]n2nn[nH]cc-2[nH]1
arene_1577,O=c1ccn2sc(=O)c(=O)n2s1
arene_1578,O=c1sccc2[nH]nnc12
arene_1579,O=c1[nH]c(=O)n2ccsn2c1=O
arene_1580,O=c1ccc2coc(=O)n2[nH]1
arene_1581,O=c1[nH]c(=O)c2c(=O)ccoc2o1
arene_1582,O=c1ccsn2c(=O)nccc12
arene_1583,O=c1[nH]c2scc[nH]c=2c(=O)c1=O
arene_1584,O=c1ccn2c(=O)oncc2c1
arene_1585,O=c1cc[nH]c2cnnn12
arene_1586,O=c1nnn2c(=O)ccc(=O)n2[nH]1
arene_1587,O=c1oc2ccnnc2sc1=O
arene_1588,c1cc2cnnn2nn1
arene_1589,O=c1ccn2c(=O)ncn2o1
arene_1590,c1cnc2scnc2c1
arene_1591,O=c1cccc2nnon12
arene_1592,O=c1snc2sccn2c1=O
arene_1593,O=c1cc2c(=O)ccsc2n[nH]1
arene_1594,c1cn2[nH]nn[nH]c-2n[nH]1
arene_1595,O=c1[nH]c(=O)c2ccnn2[nH]1
arene_1596,O=c1cc2ccc(=O)on2cn1
arene_1597,O=c1ccsn2c(=O)cnn12
arene_1598,O=c1oc2c[nH]ccn-2c1=O
arene_1599,O=c1nc2ccnnn2c(=O)s1
arene_1600,O=c1oc2c(=O)ccoc2c(=O)s1
arene_1601,c1con2ncsnc-2o1
arene_1602,c1cn2[nH]ncon2o1
arene_1603,O=c1ccn2nnnnc2n1
arene_1604,c1cc2cnnn2cn1
arene_1605,O=c1ncoc2ccsc(=O)c12
arene_1606,c1ccoc1
arene_1607,O=c1[nH]ccc2csnc12
arene_1608,O=c1cc[nH]n2snnon12
arene_1609,O=c1ccon2[nH]nc[nH]n12
arene_1610,O=c1ccon2c(=O)nnn12
arene_1611,c1cn2scnsc-2no1
arene_1612,c1csc2nscnn-2[nH]1
arene_1613,c1csn2occn2[nH]1
arene_1614,O=c1ccc2c(=O)oc(=O)sc2[nH]1
arene_1615,O=c1ccc2[nH]cnc(=O)c2s1
arene_1616,O=c1sc(=O)n2[nH]cc[nH]n2s1
arene_1617,O=c1nnn2c(=O)cccc2s1
arene_1618,O=c1nnn2cccnc2n1
arene_1619,O=c1oc(=O)n2c(=O)ccnc2o1
arene_1620,O=c1ocnc2ccsc(=O)c12
arene_1621,O=c1cnc(=O)n2nnccn12
arene_1622,O=c1[nH]n2ccc(=O)c(=O)n2c(=O)s1
arene_1623,O=c1ccn2[nH]nnon2o1
arene_1624,O=c1[nH]nnn2sccsn12
arene_1625,O=c1nn[nH]c2c(=O)sccc12
arene_1626,O=c1ccc2c(=O)c(=O)oc=2c1=O
arene_1627,O=c1ncc2[nH]ccc2s1
arene_1628,O=c1[nH]n2sccn2c(=O)c1=O
arene_1629,c1csc2ocn[nH]c=2o1
arene_1630,O=c1sn2nnccn2c(=O)c1=O
arene_1631,O=c1ccc2c(=O)[nH]c(=O)c=2c1=O
arene_1632,O=c1nnnc2cc[nH]c(=O)n12
arene_1633,O=c1ccc2sc(=O)c(=O)[nH]c2[nH]1
arene_1634,O=c1ncsc2ccoc(=O)c12
arene_1635,O=c1[nH]cc2ccnnn12
arene_1636,O=c1ccc2[nH]ncc(=O)c2s1
arene_1637,O=c1nc2cc[nH]c(=O)c2c[nH]1
arene_1638,O=c1sc(=O)n2nnccn2c1=O
arene_1639,O=c1[nH]c2nccn2oc1=O
arene_1640,O=c1nnn2ccnc2s1
arene_1641,O=c1ncc(=O)n2cc[nH]nc1-2
arene_1642,O=c1ccc2[nH]c(=O)c(=O)oc2s1
arene_1643,O=c1[nH]n2[nH]ccon2[nH]c1=O
arene_1644,O=c1nnc2noccn-2c1=O
arene_1645,c1csn2cnon2[nH]1
arene_1646,O=c1[nH]ncc2c(=O)sccc12
arene_1647,O=c1cccc2nc[nH]n12
arene_1648,O=c1nnoc2[nH]ccc12
arene_1649,c1cnn2sccsn2n1
arene_1650,O=c1cnc2nnccc2[nH]1
arene_1651,O=c1cc2[nH]cc[nH]c-2n1
arene_1652,O=c1ocnn2scc[nH]n12
arene_1653,O=c1ccn2[nH]ccsn2[nH]1
arene_1654,O=c1ccc(=O)n2ccsnc1-2
arene_1655,O=c1sccc2cnncc12
arene_1656,O=c1[nH]n2[nH]ccon2c(=O)o1
arene_1657,O=c1[nH]c(=O)c2nccn2s1
arene_1658,O=c1ccnc2ncoc(=O)n12
arene_1659,c1con2nnon2[nH]1
arene_1660,O=c1ccn2c(=O)ncsn2c1=O
arene_1661,O=c1on2[nH]ccon2s1
arene_1662,O=c1[nH]c2nccnc2c(=O)o1
arene_1663,c1cnn2[nH]nnon2c1
arene_1664,O=c1ccn2nc[nH]nc-2c1=O
arene_1665,O=c1ccon2[nH]nnon12
arene_1666,O=c1ccn2c(=O)ccon2c1=O
arene_1667,O=c1cccc2nnsn12
arene_1668,c1cn2[nH]ncsc-2no1
arene_1669,O=c1occn2[nH]ncon12
arene_1670,O=c1ccn2ncoc2n1
arene_1671,O=c1ccsn2c(=O)cnnc12
arene_1672,O=c1ocnn2ccnc12
arene_1673,O=c1ccn2cncnn12
arene_1674,O=c1cc2ccncc2no1
arene_1675,c1csc2[nH]ncoc=2[nH]1
arene_1676,c1nsc2sccoc=2[nH]1
arene_1677,O=c1ccn2c(=O)sc(=O)oc2c1
arene_1678,O=c1cc2occc2ns1
arene_1679,O=c1ccn2scnc2n1
arene_1680,c1csc2sccsc=2o1
arene_1681,O=c1ccc2nc(=O)scc2[nH]1
arene_1682,O=c1[nH]nnc2cnccc12
arene_1683,c1nn2[nH]cc[nH]c-2c[nH]1
arene_1684,O=c1nc2cc[nH]c2cs1
arene_1685,c1cc2nnsc2nn1
arene_1686,O=c1nccc2ccsn12
arene_1687,O=c1ncn2cc[nH]n12
arene_1688,O=c1nncc2cccnn12
arene_1689,O=c1[nH]ccc2[nH]cnc12
arene_1690,O=c1ccn2oc(=O)ccc2c1
arene_1691,O=c1ccc(=O)n2c(=O)ncsn12
arene_1692,c1cnn2scn[nH]n2n1
arene_1693,O=c1nc2c(=O)occc2co1
arene_1694,c1cnc2nnsc2c1
arene_1695,O=c1on2cc[nH]n2c1=O
arene_1696,O=c1[nH]n2c(=O)sccn2c1=O
arene_1697,O=c1ncc2c[nH]ccn-2c1=O
arene_1698,c1cnc2onnc2n1
arene_1699,O=c1ccc2ncnn2s1
arene_1700,O=c1[nH]c2c(=O)sccc2s1
arene_1701,c1ccc2cscc2c1
arene_1702,O=c1oc(=O)n2scc[nH]n2s1
arene_1703,O=c1nc2ccsc(=O)c2n[nH]1
arene_1704,O=c1nnc2occc2s1
arene_1705,c1nn2occsn2[nH]1
arene_1706,O=c1cc2cnccc2co1
arene_1707,O=c1cc2nccnn2c(=O)o1
arene_1708,O=c1cc2ccoc(=O)c2c[nH]1
arene_1709,O=c1nnn2nccnc2n1
arene_1710,O=c1cnn2cconc1-2
arene_1711,O=c1[nH]c2ccsc(=O)c2sc1=O
arene_1712,c1c[nH]c2snc[nH]c=2[nH]1
arene_1713,O=c1[nH]c(=O)n2ncccn12
arene_1714,O=c1occc2cncn12
arene_1715,O=c1[nH]c2cccn2sc1=O
arene_1716,c1cn2snnoc-2cs1
arene_1717,O=c1ccn2sc(=O)oc(=O)c2c1
arene_1718,O=c1cc2nccnc2cs1
arene_1719,c1cc2ccnn2nn1
arene_1720,c1n[nH]n2occn2o1
arene_1721,O=c1cnc(=O)n2cc[nH]nc1-2
arene_1722,O=c1ccc2ccccc2s1
arene_1723,O=c1sc(=O)n2occn2c1=O
arene_1724,O=c1[nH]c(=O)n2c(=O)nccc2o1
arene_1725,O=c1cccc2cnoc(=O)n12
arene_1726,O=c1ccc(=O)c2sncoc1=2
arene_1727,c1csc2snnsc=2s1
arene_1728,O=c1nc2cc[nH]c2no1
arene_1729,O=c1sccn2occon12
arene_1730,O=c1sc(=O)c2c(=O)sccc2s1
arene_1731,O=c1ccn2nccnn2c1=O
arene_1732,O=c1ccc2oc(=O)c(=O)[nH]c2[nH]1
arene_1733,O=c1ccc2nscnn1-2
arene_1734,O=c1oc2nccn2o1
arene_1735,c1csc2nonnn-2[nH]1
arene_1736,O=c1ccc2concn1-2
arene_1737,c1nnn2[nH]cc[nH]n2n1
arene_1738,O=c1on2ccoc(=O)n2c(=O)c1=O
arene_1739,O=c1[nH]c2c(=O)ccoc2o1
arene_1740,c1cn2ncnnc2n1
arene_1741,c1cn2[nH]cn[nH]n2nn1
arene_1742,O=c1cc2cc[nH]n2c(=O)s1
arene_1743,O=c1[nH]c(=O)c2cccn2o1
arene_1744,O=c1ccn2c(=O)ccnc2[nH]1
arene_1745,c1nn2sccoc-2n[nH]1
arene_1746,O=c1ccc2nonc2o1
arene_1747,c1cn2occoc-2no1
arene_1748,O=c1snc2ccccn2c1=O
arene_1749,O=c1occc2ncnnc12
arene_1750,c1cnn2cnnc2c1
arene_1751,c1n[nH]n2ccsn2o1
arene_1752,O=c1nc2ccccn2c(=O)[nH]1
arene_1753,O=c1ccn2sncon2[nH]1
arene_1754,O=c1ncn2c(=O)[nH]ccn12
arene_1755,O=c1nc2ccc(=O)n-2c1=O
arene_1756,c1ccn2oncon2c1
arene_1757,O=c1ccsc2cn[nH]c(=O)c12
arene_1758,O=c1ccsc2noc(=O)n12
arene_1759,O=c1cc[nH]c2n[nH]cc12
arene_1760,c1cn2cncc2s1
arene_1761,O=c1ccn2c(=O)c(=O)c(=O)cc1-2
arene_1762,O=c1ccn2c(=O)c(=O)sn2[nH]1
arene_1763,c1csc2nsncn-2o1
arene_1764,O=c1cc2sccn2nn1
arene_1765,c1ncn2[nH]ccon2n1
arene_1766,O=c1ncon2[nH]ccsn12
arene_1767,c1nsn2[nH]ccn2[nH]1
arene_1768,O=c1oc(=O)n2occsn2o1
arene_1769,O=c1cnn2cc[nH]c(=O)n12
arene_1770,c1ncc2cc[nH]c2n1
arene_1771,O=c1ccn2c(=O)[nH]cc2o1
arene_1772,c1cc2ccsc2cn1
arene_1773,O=c1cncc2cccnn12
arene_1774,O=c1snnc2ccncc12
arene_1775,O=c1ccn2[nH]c(=O)c(=O)oc2c1
arene_1776,O=c1sccc2[nH]ccc12
arene_1777,O=c1on2[nH]ccsn2oc1=O
arene_1778,c1n[nH]c2sccsc=2o1
arene_1779,O=c1oc(=O)n2cccc2s1
arene_1780,O=c1ccc2oc(=O)sc2s1
arene_1781,O=c1ccn2[nH]ncsn2s1
arene_1782,O=c1cc2occsc-2nc1=O
arene_1783,O=c1cc2occc(=O)c2c[nH]1
arene_1784,O=c1ccoc2c(=O)occc12
arene_1785,O=c1ccn2ccc(=O)[nH]c2c1
arene_1786,c1nnn2occsn2n1
arene_1787,O=c1ncc2csccn1-2
arene_1788,O=c1[nH]ncn2occsn12
arene_1789,O=c1[nH]ccc2nncnc12
arene_1790,c1cc2ncnnc2cn1
arene_1791,c1noc2coccn-2[nH]1
arene_1792,O=c1[nH]ccc2onnc12
arene_1793,O=c1cc[nH]c2c(=O)oncc12
arene_1794,O=c1ncc(=O)n2c(=O)cc[nH]n12
arene_1795,O=c1cnn2ncccc2c1
arene_1796,O=c1ccn2nnc(=O)n2o1
arene_1797,c1nnc2occc2n1
arene_1798,c1cn2[nH]ncsn2nn1
arene_1799,O=c1[nH]c(=O)n2c(=O)c(=O)ccn2s1
arene_1800,O=c1on2c(=O)ccnc2s1
arene_1801,O=c1[nH]c2occc(=O)c2c(=O)o1
arene_1802,c1cnc2[nH]nnc2n1
arene_1803,O=c1sn2ccncn2c(=O)c1=O
arene_1804,c1cc2n[nH]cc2cn1
arene_1805,c1cn2[nH]nnc2n1
arene_1806,c1nnc2ccoc2n1
arene_1807,O=c1sc2occsc=2c(=O)c1=O
arene_1808,O=c1on2ccc(=O)n2s1
arene_1809,O=c1oc(=O)n2occon2s1
arene_1810,O=c1ccn2[nH]ncc(=O)n2c1=O
arene_1811,c1cn2onnsn2s1
arene_1812,O=c1[nH]c2c[nH]ccn-2c1=O
arene_1813,O=c1[nH]c(=O)n2occon2o1
arene_1814,O=c1oc(=O)c2ccoc(=O)c2s1
arene_1815,c1con2nconc-2[nH]1
arene_1816,O=c1ccn2cnsc2n1
arene_1817,O=c1cc2sccc(=O)n2c(=O)o1
arene_1818,O=c1ccc2ccoc(=O)c2[nH]1
arene_1819,O=c1ccn2nnnc2o1
arene_1820,O=c1ccn2c(=O)c(=O)occ2o1
arene_1821,O=c1on2ccc(=O)n2o1
arene_1822,O=c1ccon2c(=O)ccn12
arene_1823,O=c1nccc2scnc(=O)n12
arene_1824,O=c1cnn2nnccc2n1
arene_1825,O=c1oc(=O)c2c(=O)ccsc2s1
arene_1826,O=c1occc2c(=O)sncc12
arene_1827,O=c1cc[nH]n2c(=O)ncn12
arene_1828,O=c1[nH]ccc2ccnn12
arene_1829,O=c1cnc2nsccn-2c1=O
arene_1830,O=c1cc2c(=O)ccoc2c[nH]1
arene_1831,O=c1ccn2cnnnc2n1
arene_1832,O=c1ccn2c(=O)c(=O)sc(=O)n2s1
arene_1833,O=c1sn2occon2sc1=O
arene_1834,O=c1occ2nccnn2c1=O
arene_1835,O=c1c(=O)c(=O)n2c(=O)ccc(=O)n2c1=O
arene_1836,O=c1[nH]c2ccoc2[nH]1
arene_1837,O=c1[nH]n2c(=O)nccc2c(=O)s1
arene_1838,O=c1ncsc2ccsc12
arene_1839,c1csn2nnon2[nH]1
arene_1840,O=c1cnn2ccsc(=O)c2c1
arene_1841,O=c1cc[nH]c2cccnc12
arene_1842,O=c1ccn2c(=O)cnsc2c1
arene_1843,O=c1on2[nH]ccn2c1=O
arene_1844,O=c1ccoc2cscc12
arene_1845,c1cn2snnon2cn1
arene_1846,O=c1cc[nH]n2ncc(=O)n12
arene_1847,O=c1on2occn2c(=O)c1=O
arene_1848,O=c1ncc2cccn2s1
arene_1849,O=c1[nH]n2occc(=O)n2c(=O)c1=O
arene_1850,O=c1snnc2[nH]ccc12
arene_1851,O=c1ccc2nccc(=O)n2s1
arene_1852,O=c1onc2occn2c1=O
arene_1853,O=c1sn2ncccn2c1=O
arene_1854,O=c1oc2nccnc2sc1=O
arene_1855,O=c1ccc2sc(=O)c(=O)oc2s1
arene_1856,O=c1ocnn2c(=O)ccnc12
arene_1857,O=c1cnsn2scc[nH]n12
arene_1858,O=c1occn2c(=O)cncc12
arene_1859,O=c1[nH]c2coccn-2c(=O)c1=O
arene_1860,O=c1sn2cc[nH]cc-2c(=O)c1=O
arene_1861,O=c1ncc2nnccc2s1
arene_1862,O=c1cnn2cccc2s1
arene_1863,c1c[nH]c2scnoc=2[nH]1
arene_1864,O=c1[nH]c2[nH]ccc(=O)c2o1
arene_1865,O=c1ccn2ncccn2c1=O
arene_1866,O=c1cc2c(=O)occn2c(=O)s1
arene_1867,O=c1nnsc2nccnc12
arene_1868,O=c1nc2cccnn2c(=O)o1
arene_1869,O=c1[nH]c(=O)c2c(=O)occc2s1
arene_1870,O=c1ccn2cnc(=O)oc2c1
arene_1871,O=c1onc2ccoc(=O)n2c1=O
arene_1872,c1csc2scnoc=2[nH]1
arene_1873,c1cn2snnon2[nH]1
arene_1874,c1cn2[nH]nnoc-2ns1
arene_1875,c1cn2[nH]cnsc-2c[nH]1
arene_1876,O=c1cnoc2c(=O)occc12
arene_1877,O=c1nnn2ccoc(=O)c2n1
arene_1878,O=c1cc[nH]c2sccc12
arene_1879,O=c1[nH]c(=O)n2occ[nH]n2o1
arene_1880,O=c1ncc2c(=O)ccoc2[nH]1
arene_1881,O=c1cc[nH]c2[nH]ccc12
arene_1882,O=c1oc2ccnc(=O)n2s1
arene_1883,O=c1[nH]c2ccccc2c(=O)s1
arene_1884,O=c1cc2c(=O)[nH]ccc2cs1
arene_1885,O=c1[nH]cnn2occon12
arene_1886,O=c1ccc2oncc2s1
arene_1887,O=c1[nH]c(=O)c2nccnc2s1
arene_1888,c1con2nnsnc-2o1
arene_1889,O=c1ccc2cnnn2[nH]1
arene_1890,O=c1ccsc2ccnc(=O)n12
arene_1891,O=c1[nH]n2c(=O)sccn2c(=O)c1=O
arene_1892,O=c1nnc2ccoc2o1
arene_1893,c1cc2cnoc2[nH]1
arene_1894,O=c1on2ccocc-2c(=O)c1=O
arene_1895,O=c1cc[nH]c2c[nH]cc12
arene_1896,O=c1ccn2oncsn2[nH]1
arene_1897,O=c1ccc2nc(=O)occ2[nH]1
arene_1898,O=c1cc2ccoc(=O)c2co1
arene_1899,O=c1[nH]c2ccoc2c(=O)o1
arene_1900,c1ncc2sccc2n1
arene_1901,c1non2ccscc-2[nH]1
arene_1902,O=c1ocnc2cc[nH]c12
arene_1903,O=c1[nH]c(=O)n2c(=O)ccn2[nH]1
arene_1904,O=c1oc(=O)n2occ[nH]n2o1
arene_1905,O=c1ncc2ccsc2o1
arene_1906,c1csc2connn-2o1
arene_1907,O=c1ncn2sccon2o1
arene_1908,O=c1oc(=O)n2sccc(=O)n2c1=O
arene_1909,c1cc2nnnn2[nH]1
arene_1910,O=c1onnc2ccsc(=O)c12
arene_1911,O=c1cnsc2ccnc(=O)n12
arene_1912,O=c1[nH]nc2c(=O)cc[nH]n2c1=O
arene_1913,O=c1occc2occc12
arene_1914,O=c1cc2sccc2co1
arene_1915,O=c1oncc2[nH]ccc12
arene_1916,O=c1cnnc2ccon12
arene_1917,O=c1[nH]ncn2cccc12
arene_1918,c1ccn2nncc2c1
arene_1919,O=c1ccoc2c(=O)nn[nH]c12
arene_1920,O=c1ncn2c(=O)cc[nH]n2c1=O
arene_1921,O=c1ccn2nnc(=O)oc2c1
arene_1922,O=c1cnn2c(=O)ccnc2[nH]1
arene_1923,O=c1nnon2occsn12
arene_1924,c1nnn2sccsn2n1
arene_1925,O=c1cnoc2cccn12
arene_1926,O=c1ccn2c(=O)nncc2o1
arene_1927,O=c1ccsc2cnsc(=O)c12
arene_1928,O=c1oc2ccoc(=O)c2c(=O)s1
arene_1929,O=c1oncc2cccn12
arene_1930,O=c1[nH]c(=O)c2occc(=O)c2[nH]1
arene_1931,O=c1ccc2occc2o1
arene_1932,O=c1sc(=O)n2sccsn2s1
arene_1933,O=c1[nH]n2[nH]cc[nH]n2oc1=O
arene_1934,O=c1[nH]n2sccsn2s1
arene_1935,O=c1ccc2nnccc2[nH]1
arene_1936,O=c1cc2ccccc2n[nH]1
arene_1937,c1noc2sccoc=2[nH]1
arene_1938,c1cn2sncsn2nn1
arene_1939,c1cc2c[nH]nc2s1
arene_1940,O=c1occ2ccncn2c1=O
arene_1941,O=c1ccn2ccc(=O)c(=O)n2o1
arene_1942,O=c1ccc2oc(=O)[nH]c(=O)c2[nH]1
arene_1943,O=c1snnn2occsn12
arene_1944,O=c1ccc2nnoc2o1
arene_1945,c1ccn2occ[nH]n2c1
arene_1946,O=c1cnsc2c(=O)ccsc12
arene_1947,O=c1ccn2snnc2c1
arene_1948,O=c1ncn2c(=O)ccc(=O)n2s1
arene_1949,O=c1nc2c(=O)occn2c(=O)[nH]1
arene_1950,O=c1c(=O)c(=O)n2c(=O)ccn2c1=O
arene_1951,O=c1ncsc2cccnc12
arene_1952,O=c1ccc2c(=O)c(=O)nnc1=2
arene_1953,O=c1occc2nccnc12
arene_1954,O=c1ccc2nnc(=O)c=2c1=O
arene_1955,O=c1[nH]n2c(=O)ccnc2oc1=O
arene_1956,c1cn2[nH]nnon2s1
arene_1957,O=c1ccn2nccnc2n1
arene_1958,O=c1sncc2cc[nH]c12
arene_1959,O=c1nnnc2nnccn12
arene_1960,O=c1ccn2nncnc2n1
arene_1961,O=c1cnc2csccn-2c1=O
arene_1962,O=c1ncon2c(=O)nccc12
arene_1963,O=c1cc2cc[nH]c(=O)c2cs1
arene_1964,O=c1snnc2cccnc12
arene_1965,O=c1cc2sc(=O)ccn2c(=O)s1
arene_1966,c1cnc2cn[nH]c2c1
arene_1967,O=c1ccc2cn[nH]c(=O)c2s1
arene_1968,O=c1sc2ccsc2s1
arene_1969,O=c1on2[nH]ccon2oc1=O
arene_1970,O=c1oc2occc2s1
arene_1971,c1cn2sccsc-2co1
arene_1972,O=c1ccon2snc[nH]n12
arene_1973,O=c1nnn2occ[nH]n2[nH]1
arene_1974,c1cn2occsc-2no1
arene_1975,O=c1nccc2nncnn12
arene_1976,O=c1cnc2ccnn2o1
arene_1977,O=c1ccoc2nnsc12
arene_1978,O=c1ccn2ccscc-2c1=O
arene_1979,O=c1[nH]n2occon2c(=O)o1
arene_1980,O=c1cn[nH]n2occ[nH]n12
arene_1981,O=c1nnc2ccoc2s1
arene_1982,O=c1ccnc2nnncn12
arene_1983,O=c1[nH]n2cconc-2c(=O)c1=O
arene_1984,O=c1[nH]n2c(=O)nccc2s1
arene_1985,O=c1[nH]ccc2cnoc(=O)c12
arene_1986,c1n[nH]n2ccon2[nH]1
arene_1987,O=c1ccc2cc(=O)scc2[nH]1
arene_1988,O=c1cc2[nH]c(=O)ccc2c[nH]1
arene_1989,O=c1c(=O)c2ccoc2c1=O
arene_1990,O=c1snc2sccc(=O)n2c1=O
arene_1991,O=c1[nH]c2ccnc(=O)n2c(=O)o1
arene_1992,O=c1cc2c(=O)ccsc2c[nH]1
arene_1993,O=c1[nH]c2nsccn-2c1=O
arene_1994,O=c1cc[nH]c2c(=O)sccc12
arene_1995,O=c1ncc2sccc2s1
arene_1996,c1cc2conc2nn1
arene_1997,O=c1ccc2ccnc(=O)n2[nH]1
arene_1998,c1cn2scn[nH]c-2no1
arene_1999,O=c1[nH]c2ccsc2s1
arene_2000,O=c1ccc2ccnc(=O)n2s1
arene_2001,O=c1ccn2[nH]cnc(=O)n2c1=O
arene_2002,O=c1cnsc2cc[nH]c(=O)c12
arene_2003,c1csn2cnsnc-2s1
arene_2004,O=c1sccn2snnon12
arene_2005,O=c1ccc2[nH]ncc2o1
arene_2006,O=c1scc2[nH]ccn2c1=O
arene_2007,O=c1sccn2c(=O)onc12
arene_2008,O=c1[nH]cnc2ccnn12
arene_2009,O=c1cc2[nH]ccc(=O)n2c(=O)[nH]1
arene_2010,O=c1[nH]n2c(=O)ccnc2s1
arene_2011,O=c1ccc2c(=O)c(=O)cnc1=2
arene_2012,O=c1cnn2occc(=O)n2c1=O
arene_2013,O=c1[nH]c(=O)n2[nH]ccsn2s1
arene_2014,O=c1[nH]n2occsn2c(=O)s1
arene_2015,O=c1cnsc2cnccc12
arene_2016,c1cnc2sccc2c1
arene_2017,c1cn2snc[nH]n2cn1
arene_2018,O=c1ccoc2sncc(=O)c12
arene_2019,O=c1[nH]nc2nccnn12
arene_2020,O=c1cc2c(=O)[nH]ccc2ns1
arene_2021,O=c1occ2nnccn12
arene_2022,c1cc2[nH]cnn2n1
arene_2023,O=c1cc[nH]c2ncccc12
arene_2024,c1cn2[nH]nnsn2[nH]1
arene_2025,O=c1[nH]ccc2[nH]nnc12
arene_2026,O=c1on2[nH]ccc(=O)n2c(=O)c1=O
arene_2027,O=c1[nH]c2cccnc2c(=O)s1
arene_2028,O=c1occc2sncc12
arene_2029,c1nsn2sccn2s1
arene_2030,O=c1ccn2sc(=O)c(=O)on2c1=O
arene_2031,O=c1ccoc2c(=O)[nH]ccc12
arene_2032,O=c1c(=O)c(=O)c2c(=O)occc2c1=O
arene_2033,O=c1occc2c[nH]cc12
arene_2034,O=c1[nH]nnc2c(=O)sccc12
arene_2035,O=c1nnc2ccnn2[nH]1
arene_2036,O=c1[nH]ccn2snnsn12
arene_2037,O=c1ncc2nsccn1-2
arene_2038,O=c1nnc2csccn1-2
arene_2039,O=c1cnc2scc[nH]c1=2
arene_2040,O=c1[nH]ccc2cnsc(=O)c12
arene_2041,O=c1ccc2ccncc2o1
arene_2042,c1cc2cnoc2o1
arene_2043,c1cn2[nH]cc[nH]n2cn1
arene_2044,O=c1sncn2c(=O)cccc12
arene_2045,O=c1[nH]c2ccsc(=O)c2o1
arene_2046,O=c1sncc2cccnc12
arene_2047,O=c1ncn2c(=O)ccnc2o1
arene_2048,O=c1sn2ccsc(=O)n2c(=O)c1=O
arene_2049,O=c1oc(=O)n2c(=O)sccn2c1=O
arene_2050,O=c1oc(=O)c2[nH]ccc2o1
arene_2051,O=c1[nH]c2[nH]ccsc=2c(=O)c1=O
arene_2052,O=c1oc(=O)n2nnccn2c1=O
arene_2053,O=c1ncon2ccnc12
arene_2054,O=c1[nH]cnn2c(=O)cccc12
arene_2055,c1cc2cncnc2cn1
arene_2056,O=c1occ2c(=O)[nH]ccn2c1=O
arene_2057,O=c1nnc2cccc(=O)n2o1
arene_2058,c1csc2onn[nH]c=2[nH]1
arene_2059,O=c1[nH]nc2ccsn2c1=O
arene_2060,O=c1ccc(=O)c2c(=O)c(=O)ccc1=2
arene_2061,O=c1ccc2nnnnc2s1
arene_2062,O=c1ccc2c(=O)nc[nH]c2o1
arene_2063,O=c1ccoc2[nH]nnc12
arene_2064,O=c1ccc2[nH]cnc2s1
arene_2065,O=c1occn2oncon12
arene_2066,O=c1ccc2[nH]nnoc=2c1=O
arene_2067,O=c1occc2[nH]nnc12
arene_2068,O=c1ncc2sccc(=O)c2o1
arene_2069,c1coc2occoc=2[nH]1
arene_2070,O=c1ccc2[nH]c(=O)c(=O)c(=O)c=2c1=O
arene_2071,O=c1cnc2c(=O)sccc2s1
arene_2072,c1cn2[nH]nn[nH]n2cn1
arene_2073,c1c[nH]n2nnncn2[nH]1
arene_2074,O=c1sccc2nn[nH]c12
arene_2075,O=c1ccn2ncc(=O)[nH]c2c1
arene_2076,O=c1[nH]cnc2sccc12
arene_2077,O=c1ccn2oncc(=O)c2c1
arene_2078,O=c1[nH]c2nccnc2o1
arene_2079,O=c1cnn2c(=O)ccnc2s1
arene_2080,O=c1nnn2[nH]ccsn2s1
arene_2081,O=c1c(=O)c2occc(=O)c2c1=O
arene_2082,O=c1ccn2sc(=O)[nH]c(=O)c2n1
arene_2083,O=c1ccc2c(=O)ncc=2c1=O
arene_2084,c1cc2nn[nH]c2s1
arene_2085,c1cn2ocn[nH]n2cn1
arene_2086,c1cc2ccnnc2cn1
arene_2087,O=c1ccsc2nnsc12
arene_2088,O=c1[nH]ccc2csc(=O)n12
arene_2089,O=c1oc(=O)n2c(=O)ccon2c1=O
arene_2090,O=c1sc(=O)n2c(=O)ccnc2s1
arene_2091,O=c1ccn2cnncn2c1=O
arene_2092,c1ccn2scn[nH]n2c1
arene_2093,O=c1cc2cc[nH]n2nn1
arene_2094,O=c1ncn2nnccc2n1
arene_2095,c1cnn2nccc2c1
arene_2096,O=c1[nH]ccc2ncsc(=O)c12
arene_2097,O=c1nnc2occoc=2c1=O
arene_2098,O=c1ccc2[nH]ccoc1=2
arene_2099,O=c1cc2occc2cs1
arene_2100,O=c1ccc2coc(=O)n2s1
arene_2101,O=c1cc2[nH]ccsc-2n1
arene_2102,O=c1ccn2cn[nH]c2c1
arene_2103,O=c1ccc2c(=O)c(=O)sc=2c1=O
arene_2104,O=c1ccc2snn[nH]c=2c1=O
arene_2105,O=c1[nH]ncc2ccncc12
arene_2106,c1con2ccscc-2[nH]1
arene_2107,O=c1cccc2snnc(=O)n12
arene_2108,O=c1cccc2ncon12
arene_2109,c1nc2sccc2[nH]1
arene_2110,c1cn2nncc2o1
arene_2111,O=c1[nH]nc2ccccn2c1=O
arene_2112,O=c1ncn2c(=O)ccn2s1
arene_2113,O=c1cc[nH]c2ncoc(=O)c12
arene_2114,O=c1sccc2nnsc(=O)c12
arene_2115,O=c1cc[nH]n2sccsn12
arene_2116,O=c1sn2ccccn2c(=O)c1=O
arene_2117,O=c1cc2cc[nH]c2no1
arene_2118,O=c1[nH]n2ccc(=O)n2oc1=O
arene_2119,c1cnc2nnncc2n1
arene_2120,O=c1cnn2sccc2n1
arene_2121,O=c1ncc2cccn2[nH]1
arene_2122,O=c1[nH]nc2nnccn12
arene_2123,c1cnn2ocn[nH]n2c1
arene_2124,O=c1occn2[nH]ccsn12
arene_2125,O=c1cc2sc(=O)ccc2cs1
arene_2126,O=c1oc2c(=O)cc[nH]c2sc1=O
arene_2127,O=c1ccn2c(=O)c(=O)ccn2o1
arene_2128,O=c1ccc2sc(=O)cnc2o1
arene_2129,c1nn2sccoc-2co1
arene_2130,O=c1nnsc2ccnnc12
arene_2131,O=c1ccn2oc(=O)c(=O)[nH]c2n1
arene_2132,O=c1sc(=O)n2ccscc-2c1=O
arene_2133,O=c1ccnc2cncnn12
arene_2134,c1cn2ocnc2n1
arene_2135,O=c1[nH]c2ncccc2c(=O)o1
arene_2136,O=c1nc[nH]n2sccon12
arene_2137,O=c1onc2nnccn2c1=O
arene_2138,O=c1occn2[nH]cn[nH]n12
arene_2139,O=c1[nH]c2c(=O)ccsc2o1
arene_2140,O=c1ccn2c(=O)snc2[nH]1
arene_2141,O=c1[nH]ccc2c[nH]nc12
arene_2142,O=c1cnn2occsn2o1
arene_2143,O=c1nnoc2ccncc12
arene_2144,O=c1cc2[nH]ccon-2c1=O
arene_2145,O=c1ccn2c(=O)sc(=O)nc2o1
arene_2146,O=c1[nH]c2ccc(=O)oc2[nH]1
arene_2147,O=c1ccn2ncc(=O)sc2n1
arene_2148,c1cnc2nsnc2c1
arene_2149,O=c1[nH]ncn2ccnc12
arene_2150,c1cn2[nH]ncoc-2n[nH]1
arene_2151,O=c1nnn2ccc(=O)[nH]c2n1
arene_2152,O=c1ccc2cccn2o1
arene_2153,O=c1ccc2cncc(=O)n2o1
arene_2154,c1cn2scn[nH]n2[nH]1
arene_2155,O=c1cccc2nn[nH]c(=O)n12
arene_2156,O=c1ccc2c(=O)snnc2o1
arene_2157,O=c1sccc2oncc12
arene_2158,O=c1nc2cc[nH]c(=O)n2c(=O)[nH]1
arene_2159,O=c1nnn2c(=O)cccc2[nH]1
arene_2160,O=c1nnn2occsn2o1
arene_2161,O=c1cc2sccn2c(=O)s1
arene_2162,c1cc2cnnnn2c1
arene_2163,O=c1[nH]c(=O)n2ccnnn2c1=O
arene_2164,O=c1ccn2c(=O)cccc2s1
arene_2165,O=c1oncc2ccccc12
arene_2166,O=c1[nH]nnn2c(=O)ccn12
arene_2167,O=c1sncc2sccc12
arene_2168,O=c1ocnc2nnccc12
arene_2169,O=c1nc2c(=O)sccc2cs1
arene_2170,O=c1occc2ccnn12
arene_2171,O=c1ncsn2c(=O)ccn12
arene_2172,O=c1cnc2[nH]ccsc1=2
arene_2173,O=c1[nH]c(=O)n2[nH]ccsn2[nH]1
arene_2174,O=c1ncc2[nH]ccc2[nH]1
arene_2175,c1cc2nnnnn2n1
arene_2176,O=c1ccn2[nH]c(=O)ccc2c1
arene_2177,O=c1ccc2snnc2o1
arene_2178,O=c1nnc2[nH]ccsc1=2
arene_2179,c1cn2occ[nH]c-2n[nH]1
arene_2180,O=c1nc2sccc2ns1
arene_2181,O=c1sn2c(=O)cc[nH]n2c1=O
arene_2182,O=c1occn2[nH]nc[nH]n12
arene_2183,O=c1oc2ccccc2c(=O)s1
arene_2184,O=c1[nH]ccc2cnncc12
arene_2185,O=c1sn2cnccn2c(=O)c1=O
arene_2186,O=c1ccn2c(=O)c(=O)[nH]cc2[nH]1
arene_2187,O=c1ccc2cnnc(=O)n2s1
arene_2188,O=c1cc[nH]n2cccc12
arene_2189,O=c1[nH]n2cc[nH]cc-2c(=O)c1=O
arene_2190,O=c1nnn2ccocc-2c1=O
arene_2191,c1cn2onn[nH]c-2cs1
arene_2192,O=c1onnn2c(=O)cccc12
arene_2193,c1cn2scc[nH]n2nn1
arene_2194,c1cnc2nccnc2c1
arene_2195,O=c1ncsc2nccn12
arene_2196,O=c1nnsc2sccc12
arene_2197,O=c1cc2c(=O)cc[nH]c2no1
arene_2198,O=c1ccc(=O)c2[nH]cc[nH]c1=2
arene_2199,O=c1nnc2sccc2s1
arene_2200,O=c1[nH]c2ccnc(=O)n2oc1=O
arene_2201,O=c1[nH]n2ccc(=O)n2sc1=O
arene_2202,O=c1ccc2ocnsc=2c1=O
arene_2203,c1ncn2scc[nH]n2n1
arene_2204,O=c1[nH]c2ccoc2c(=O)s1
arene_2205,O=c1onc2nccnn2c1=O
arene_2206,O=c1oc(=O)n2sccon2o1
arene_2207,O=c1oc(=O)n2ccccn12
arene_2208,O=c1ncsc2ccnnc12
arene_2209,c1cn2occsn2nn1
arene_2210,c1cc2cc[nH]n2n1
arene_2211,c1cn2onn[nH]n2o1
arene_2212,c1cnc2nncnc2n1
arene_2213,O=c1ccsc2c(=O)nnsc12
arene_2214,c1cnc2sncc2n1
arene_2215,O=c1ccc2ncccc2o1
arene_2216,O=c1ccnc2nc[nH]n12
arene_2217,O=c1scc2ncccn2c1=O
arene_2218,c1ncn2occ[nH]n2n1
arene_2219,O=c1ncc2occ[nH]c1=2
arene_2220,O=c1scc2cc[nH]n12
arene_2221,c1cc2nnncn2c1
arene_2222,O=c1cnc(=O)c2scc[nH]c1=2
arene_2223,O=c1on2c(=O)ccc(=O)n2sc1=O
arene_2224,O=c1cc[nH]c2occc12
arene_2225,O=c1[nH]n2c(=O)c(=O)ccn2s1
arene_2226,O=c1sc2cc[nH]c(=O)c2sc1=O
arene_2227,c1cc2ccsc2nn1
arene_2228,O=c1oc(=O)c2ccncc2s1
arene_2229,O=c1nc2ccc(=O)oc2c[nH]1
arene_2230,c1coc2noccn-2[nH]1
arene_2231,c1cc2n[nH]nc2[nH]1
arene_2232,O=c1[nH]ccn2ocnon12
arene_2233,O=c1ccn2c(=O)nc[nH]c2c1
arene_2234,O=c1nc2c(=O)[nH]ccn2c(=O)[nH]1
arene_2235,c1cn2ocn[nH]c-2co1
arene_2236,c1cn2scnoc-2cs1
arene_2237,O=c1ccn2nnsnc-2c1=O
arene_2238,O=c1cc2c(=O)sccn2nn1
arene_2239,c1con2cnncn2[nH]1
arene_2240,O=c1[nH]c2nccc(=O)n2[nH]c1=O
arene_2241,O=c1cc2ccc(=O)sc2ns1
arene_2242,c1cn2sccsc-2no1
arene_2243,O=c1ccnc2[nH]ccc(=O)n12
arene_2244,O=c1sn2ncccn2c(=O)c1=O
arene_2245,O=c1ccc2nccnc2o1
arene_2246,O=c1nc2ccsc(=O)n2c(=O)o1
arene_2247,O=c1ncn2c(=O)sccn2c1=O
arene_2248,O=c1cc2cc[nH]c2c[nH]1
arene_2249,O=c1ncc2nnccc2o1
arene_2250,O=c1nc2c(=O)occc2c[nH]1
arene_2251,O=c1ccc2nc(=O)c(=O)n-2c1=O
arene_2252,O=c1on2c(=O)ccc(=O)n2s1
arene_2253,O=c1ccc2scnc(=O)c2o1
arene_2254,O=c1[nH]c(=O)c(=O)c2occ[nH]c1=2
arene_2255,O=c1cc2cc[nH]c(=O)c2c[nH]1
arene_2256,c1c[nH]n2cnsnc-2[nH]1
arene_2257,O=c1occc2cnnnc12
arene_2258,O=c1ccc2nnnc(=O)n2[nH]1
arene_2259,O=c1[nH]c2c(=O)occc2c(=O)s1
arene_2260,O=c1[nH]ccc2cnccc12
arene_2261,O=c1ccc(=O)n2c(=O)occn12
arene_2262,O=c1ccoc2nncc(=O)n12
arene_2263,O=c1oc(=O)c2cnccc2o1
arene_2264,c1nc2sccc2o1
arene_2265,O=c1oc2sccc(=O)c2c(=O)s1
arene_2266,c1cn2occsc-2n[nH]1
arene_2267,O=c1ccc2oc(=O)nnc2o1
arene_2268,O=c1ccc2n[nH]c(=O)c(=O)n2s1
arene_2269,O=c1cc2cnccc2n[nH]1
arene_2270,c1coc2occsc=2[nH]1
arene_2271,O=c1cc2nnccn2c(=O)[nH]1
arene_2272,O=c1cnc(=O)n2nccnn12
arene_2273,O=c1[nH]n2scc[nH]n2c(=O)o1
arene_2274,O=c1[nH]nnn2nccc12
arene_2275,O=c1cnn2c(=O)ccc(=O)n2[nH]1
arene_2276,O=c1cnc2sccoc=2c1=O
arene_2277,O=c1cc[nH]c2cnoc(=O)c12
arene_2278,O=c1cc2occc(=O)n2c(=O)[nH]1
arene_2279,O=c1cc[nH]n2cncc12
arene_2280,O=c1cccc2nncnn12
arene_2281,O=c1oc2[nH]ccc2s1
arene_2282,O=c1ccoc2nn[nH]c12
arene_2283,O=c1ccn2c(=O)ccn2s1
arene_2284,O=c1ccc2c[nH]c(=O)c(=O)n2s1
arene_2285,O=c1cc2occc(=O)n2nn1
arene_2286,O=c1[nH]ccn2nncc12
arene_2287,O=c1onnn2[nH]cc[nH]n12
arene_2288,O=c1occc2cnsc12
arene_2289,O=c1[nH]ncc2ccsc(=O)c12
arene_2290,O=c1ccc2cscnn1-2
arene_2291,O=c1cc2sc(=O)ccc2co1
arene_2292,O=c1oc(=O)n2sccsn2s1
arene_2293,O=c1nc2occc(=O)n2c(=O)s1
arene_2294,O=c1nnn2c(=O)occn12
arene_2295,O=c1cc[nH]n2onc[nH]n12
arene_2296,O=c1cnoc2[nH]ccc12
arene_2297,O=c1occ2ccncn12
arene_2298,O=c1cnon2c(=O)cccc12
arene_2299,O=c1ccsc2sncc(=O)c12
arene_2300,O=c1[nH]cc2cccnn2c1=O
arene_2301,O=c1ccc(=O)c2scc[nH]c1=2
arene_2302,O=c1sccc2nncnc12
arene_2303,O=c1[nH]cc2sccn2c1=O
arene_2304,O=c1cnn2occc2n1
arene_2305,O=c1nn[nH]n2cccc12
arene_2306,O=c1ccc2c(=O)nnoc2o1
arene_2307,O=c1[nH]cc[nH]c1=O
arene_2308,O=c1ccc2cn[nH]c2[nH]1
arene_2309,O=c1ccn2c(=O)occ2o1
arene_2310,c1csn2[nH]ccn2[nH]1
arene_2311,O=c1cnn2c(=O)ccc(=O)n2o1
arene_2312,O=c1ccn2c(=O)occ2s1
arene_2313,O=c1oc2cccn2sc1=O
arene_2314,O=c1ccc2c(=O)c(=O)sc(=O)c1=2
arene_2315,c1ccc2[nH]nnc2c1
arene_2316,c1cn2oncon2o1
arene_2317,O=c1nn[nH]c2ncccc12
arene_2318,O=c1[nH]ccs1
arene_2319,O=c1occc2nnsc(=O)c12
arene_2320,O=c1sn2cc[nH]nc-2c(=O)c1=O
arene_2321,c1cc2cncn2[nH]1
arene_2322,O=c1ncnc2nccnn12
arene_2323,O=c1onc2ncccn12
arene_2324,O=c1ncn2c(=O)ccnc2s1
arene_2325,O=c1ncc2occc2o1
arene_2326,O=c1ccc(=O)c2occ[nH]c1=2
arene_2327,c1csn2nnocc-2o1
arene_2328,O=c1cnc(=O)n2c(=O)occn12
arene_2329,O=c1ccc2nc(=O)oc(=O)n2o1
arene_2330,O=c1ccc2c(=O)c(=O)c(=O)oc=2c1=O
arene_2331,O=c1ccn2ccscc1-2
arene_2332,O=c1ocnc2ccsc12
arene_2333,O=c1snnn2occon12
arene_2334,c1c[nH]c2sccoc=2[nH]1
arene_2335,O=c1[nH]cnc2ccnnc12
arene_2336,O=c1ccc2c(=O)[nH]ncc2[nH]1
arene_2337,O=c1[nH]c2ccccc2oc1=O
arene_2338,O=c1cc[nH]c2cnncc12
arene_2339,c1cn2nnoc2n1
arene_2340,c1coc2nscnn-2[nH]1
arene_2341,c1cn2sncsc-2cs1
arene_2342,O=c1[nH]ccc2conc12
arene_2343,O=c1[nH]n2occon2[nH]1
arene_2344,O=c1[nH]nc2ncccn2c1=O
arene_2345,O=c1ccon2c(=O)cnn12
arene_2346,O=c1cc2ccccc2co1
arene_2347,c1cn2onnsn2nn1
arene_2348,O=c1cn[nH]n2nccc12
arene_2349,O=c1[nH]ccc2ccoc(=O)c12
arene_2350,O=c1ccn2oncsn2o1
arene_2351,O=c1cnsc2c(=O)occc12
arene_2352,O=c1ccn2nn[nH]cc1-2
arene_2353,O=c1ccn2scn[nH]n2[nH]1
arene_2354,O=c1ccn2ocnn12
arene_2355,O=c1nnnc2sccn12
arene_2356,O=c1cc[nH]c2n[nH]nc12
arene_2357,O=c1cc2occc2no1
arene_2358,O=c1c(=O)c(=O)c2c(=O)[nH]ccc2c1=O
arene_2359,O=c1sc(=O)n2ccsnc1-2
arene_2360,O=c1[nH]ccc2c[nH]c(=O)n12
arene_2361,O=c1cnn2cc[nH]n12
arene_2362,O=c1oc2occc2c(=O)s1
arene_2363,O=c1[nH]ccn2occon12
arene_2364,O=c1ccc2[nH]cnc2o1
arene_2365,O=c1ccnc2cn[nH]c(=O)n12
arene_2366,O=c1ccn2ccon12
arene_2367,O=c1ccc2cn[nH]c(=O)c2[nH]1
arene_2368,O=c1sccc2ncsc12
arene_2369,O=c1[nH]c(=O)n2c(=O)[nH]ccn2c1=O
arene_2370,c1cc2sncn2c1
arene_2371,O=c1ccc2cscc2s1
arene_2372,O=c1ccc2coc(=O)n2o1
arene_2373,O=c1cc2c(=O)ccon2c(=O)s1
arene_2374,O=c1sccsc1=O
arene_2375,O=c1ccn2[nH]nc[nH]n2[nH]1
arene_2376,O=c1cc2ccccc2c[nH]1
arene_2377,c1con2nnnnn2o1
arene_2378,O=c1ccc2[nH]ncsc1=2
arene_2379,O=c1oc2[nH]ccsc=2c(=O)c1=O
arene_2380,O=c1[nH]c(=O)c(=O)c2sccoc1=2
arene_2381,c1cn2ocn[nH]c-2no1
arene_2382,O=c1[nH]c(=O)n2c(=O)occn2c1=O
arene_2383,O=c1c(=O)c(=O)c2occc2c1=O
arene_2384,O=c1ccsc2c(=O)ocnc12
arene_2385,O=c1[nH]ccn2c(=O)ncnc12
arene_2386,O=c1cc[nH][nH]1
arene_2387,O=c1nc2c(=O)occc2no1
arene_2388,O=c1ccon2cccc12
arene_2389,c1noc2csccn-2o1
arene_2390,c1cc2scnc2cn1
arene_2391,O=c1ccn2c(=O)c(=O)onc2s1
arene_2392,O=c1cnc(=O)c2sccsc1=2
arene_2393,O=c1ccn2cconc1-2
arene_2394,O=c1[nH]c(=O)n2cccc2s1
arene_2395,c1cc2cnnnc2nn1
arene_2396,O=c1nc2cc[nH]c2n[nH]1
arene_2397,O=c1nccc2cnoc(=O)n12
arene_2398,O=c1ccsn2scc[nH]n12
arene_2399,O=c1[nH]c2ccncc2[nH]1
arene_2400,O=c1[nH]n2c(=O)[nH]ccn2c(=O)c1=O
arene_2401,O=c1ccc2c(=O)sc(=O)sc2o1
arene_2402,O=c1on2[nH]ccc(=O)n2c1=O
arene_2403,O=c1cncc2nnccn12
arene_2404,O=c1on2scc[nH]n2sc1=O
arene_2405,O=c1ccn2onnc(=O)n2c1=O
arene_2406,O=c1nc2[nH]cc[nH]c-2nc1=O
arene_2407,O=c1ccn2c(=O)nn[nH]c2c1
arene_2408,O=c1sc(=O)n2c(=O)c(=O)ccn2s1
arene_2409,O=c1ccc(=O)c2c(=O)c(=O)cnc1=2
arene_2410,O=c1ccc2c(=O)[nH]ncc2o1
arene_2411,O=c1cncc2occn12
arene_2412,O=c1ccn2[nH]ncon2s1
arene_2413,O=c1[nH]nnc2ccncc12
arene_2414,O=c1ccn2snnsn2s1
arene_2415,O=c1cnoc2cc[nH]c(=O)c12
arene_2416,O=c1cnn2sccc(=O)n2c1=O
arene_2417,c1coc2n[nH]nnn-2[nH]1
arene_2418,O=c1occc2ncsc12
arene_2419,O=c1ccnc2ccsc(=O)n12
arene_2420,c1cc2cnncc2s1
arene_2421,O=c1ccn2nn[nH]cc-2c1=O
arene_2422,O=c1sccc2nnccc12
arene_2423,c1c[nH]n2occn2[nH]1
arene_2424,O=c1cnon2[nH]ccsn12
arene_2425,O=c1cn[nH]n2scc[nH]n12
arene_2426,O=c1ccc2nocc2o1
arene_2427,O=c1cnn2cc[nH]c(=O)c2n1
arene_2428,O=c1ccc2nnc(=O)oc2o1
arene_2429,O=c1[nH]n2sccsn2o1
arene_2430,O=c1nc[nH]n2occ[nH]n12
arene_2431,O=c1ncn2ccc(=O)c(=O)n2[nH]1
arene_2432,O=c1ccsc2sncc12
arene_2433,O=c1cn[nH]n2[nH]ccon12
arene_2434,O=c1cnn2ccnnc2n1
arene_2435,O=c1nccn[nH]1
arene_2436,O=c1nnn2ccoc2n1
arene_2437,O=c1cc2c(=O)ccsc2ns1
arene_2438,O=c1oc(=O)n2nccc2o1
arene_2439,O=c1ccsn2ccc(=O)n12
arene_2440,O=c1ncc2c(=O)sccc2s1
arene_2441,O=c1ccc2nncn2s1
arene_2442,O=c1cc2cccnn2c(=O)[nH]1
arene_2443,O=c1cnn2[nH]ccon2o1
arene_2444,O=c1[nH]c(=O)n2c(=O)nccc2[nH]1
arene_2445,O=c1ccn2cnncc2n1
arene_2446,O=c1nnsc2cc[nH]c(=O)c12
arene_2447,O=c1ccn2ccoc(=O)n12
arene_2448,c1csn2occn2o1
arene_2449,O=c1scnc2sccc12
arene_2450,O=c1oc(=O)n2c(=O)c(=O)ccn2o1
arene_2451,O=c1cnc2cc[nH]c2o1
arene_2452,O=c1ncon2[nH]cc[nH]n12
arene_2453,c1cnc2nncn2c1
arene_2454,O=c1cc[nH]c2ccnc(=O)n12
arene_2455,c1cn2sccsc-2cs1
arene_2456,O=c1ccn2nnscc-2c1=O
arene_2457,O=c1oc2cccnc2oc1=O
arene_2458,O=c1ccn2c(=O)cncc2s1
arene_2459,O=c1[nH]c(=O)c2[nH]ccc2o1
arene_2460,O=c1[nH]n2[nH]ccon2s1
arene_2461,O=c1cc2oc(=O)ccn2c(=O)o1
arene_2462,O=c1sn2cconc-2c1=O
arene_2463,O=c1[nH]c(=O)n2c(=O)ccnc2[nH]1
arene_2464,O=c1nc[nH]c2ccnn12
arene_2465,c1non2ccscc-2o1
arene_2466,O=c1ccsc2onnc12
arene_2467,O=c1ccc2c(=O)sc(=O)oc2s1
arene_2468,O=c1[nH]cc2ccccn2c1=O
arene_2469,O=c1oc(=O)c(=O)c2scc[nH]c1=2
arene_2470,O=c1ccn2ncc(=O)oc2n1
arene_2471,O=c1ccc2c(=O)[nH]c(=O)oc2[nH]1
arene_2472,c1cn2[nH]ccoc-2n[nH]1
arene_2473,O=c1ccsn2occon12
arene_2474,c1csc2cocnn-2[nH]1
arene_2475,O=c1snnc2sccc12
arene_2476,c1csc2[nH]ncsc=2o1
arene_2477,O=c1ccn2c(=O)ccsc2c1
arene_2478,O=c1ccnc2nnon12
arene_2479,O=c1cc[nH]c2nnnn12
arene_2480,O=c1occ2ccnnn12
arene_2481,O=c1ncc2c(=O)sccc2[nH]1
arene_2482,O=c1ccn2ncc(=O)c(=O)n2o1
arene_2483,O=c1ccc2c(=O)nn[nH]c2s1
arene_2484,O=c1cc[nH]c2nnsc(=O)c12
arene_2485,O=c1ccc(=O)n2nnncn12
arene_2486,O=c1cnc2c(=O)c(=O)ccc=2c1=O
arene_2487,c1cn2[nH]nn[nH]n2nn1
arene_2488,O=c1ccn2nnoc(=O)n2c1=O
arene_2489,O=c1[nH]n2ccsnc-2c(=O)c1=O
arene_2490,O=c1ccn2oncon2[nH]1
arene_2491,O=c1[nH]c2ccsc2c(=O)s1
arene_2492,O=c1nc2nnccc2co1
arene_2493,O=c1ncc2ccncc2o1
arene_2494,O=c1ccsc2c(=O)cnoc12
arene_2495,O=c1cc[nH]c(=O)[nH]1
arene_2496,O=c1ccc2nnsc(=O)c2[nH]1
arene_2497,O=c1ccc2c(=O)sc(=O)oc2[nH]1
arene_2498,O=c1sc(=O)c2cccn2s1
arene_2499,c1cn2snnoc-2no1
arene_2500,O=c1sncc2ccoc12
arene_2501,O=c1occc2cnoc(=O)c12
arene_2502,c1c[nH]n2cnscc-2[nH]1
arene_2503,O=c1nc[nH]n2cccc12
arene_2504,O=c1ccc2noc(=O)n2[nH]1
arene_2505,O=c1cc[nH]c2sccc(=O)c12
arene_2506,O=c1ccn2c(=O)c(=O)[nH]cc2s1
arene_2507,O=c1sc(=O)n2ncccn2c1=O
arene_2508,c1cc2ccoc2o1
arene_2509,O=c1ccc2nscnn-2c1=O
arene_2510,O=c1on2cccc2sc1=O
arene_2511,O=c1cnc(=O)c2[nH]ccsc1=2
arene_2512,c1csc2noncn-2o1
arene_2513,c1cnn2cnnc2n1
arene_2514,O=c1ccn2nnc(=O)n2[nH]1
arene_2515,c1cn2sncsn2s1
arene_2516,O=c1cc2ccnnc2cs1
arene_2517,O=c1ccsc2[nH]cnc12
arene_2518,O=c1ccn2[nH]nn[nH]n2s1
arene_2519,O=c1[nH]c(=O)c2sccoc1=2
arene_2520,c1nnc2cc[nH]c2n1
arene_2521,O=c1ccn2c(=O)c(=O)c(=O)sn2o1
arene_2522,O=c1ccsn2[nH]cc[nH]n12
arene_2523,O=c1[nH]c2cccn2s1
arene_2524,O=c1cnc2c(=O)cc[nH]c2s1
arene_2525,O=c1onnn2occon12
arene_2526,O=c1ccc2[nH]ccc(=O)c2s1
arene_2527,O=c1cc2c(=O)ccsn2c(=O)o1
arene_2528,O=c1ccsc2[nH]nnc12
arene_2529,c1csn2sncn2o1
arene_2530,O=c1onc2ccsn12
arene_2531,O=c1ccsn2ocn[nH]n12
arene_2532,O=c1ccsc2nsc(=O)n12
arene_2533,c1cn2onn[nH]n2cn1
arene_2534,O=c1ccn2c(=O)c(=O)c(=O)c(=O)c2c1
arene_2535,O=c1[nH]ccc2nnccc12
arene_2536,O=c1ccoc2c(=O)onnc12
arene_2537,O=c1ccn2c(=O)c(=O)snc2o1
arene_2538,O=c1ccn2sccc(=O)c2c1
arene_2539,O=c1on2ccsnc-2c1=O
arene_2540,c1cc2nnnnn2c1
arene_2541,O=c1oc2cc[nH]c(=O)c2c(=O)s1
arene_2542,c1ccc2[nH+]cccc2c1
arene_2543,O=c1snnn2[nH]cc[nH]n12
arene_2544,O=c1cc2ccon2c(=O)o1
arene_2545,c1cc2nonc2o1
arene_2546,O=c1cc[nH]c2c(=O)cc[nH]c12
arene_2547,O=c1ccnc2nnoc(=O)n12
arene_2548,c1cn2snnoc-2n[nH]1
arene_2549,O=c1nncc2nnccn12
arene_2550,O=c1ccc2snnc(=O)c2s1
arene_2551,O=c1[nH]ccn2snc[nH]n12
arene_2552,O=c1cnc2occc2o1
arene_2553,O=c1oc2[nH]cc[nH]c=2c1=O
arene_2554,O=c1ccn2ocn[nH]n2o1
arene_2555,O=c1on2sccsn2s1
arene_2556,O=c1ncnc2cc[nH]n12
arene_2557,O=c1[nH]c2[nH]ccc2o1
arene_2558,O=c1occn2[nH]cnsn12
arene_2559,O=c1[nH]c(=O)c2ncccc2o1
arene_2560,c1cn2cncc2nn1
arene_2561,O=c1[nH]c(=O)n2cc[nH]cc1-2
arene_2562,O=c1[nH]ccn2sncsn12
arene_2563,O=c1ccn2[nH]cnn2c1=O
arene_2564,O=c1nnn2[nH]ccn12
arene_2565,c1cc2nsnc2cn1
arene_2566,O=c1cc[nH]c2conc12
arene_2567,O=c1cc[nH]c2cncnc12
arene_2568,O=c1nnc2cccnc2s1
arene_2569,O=c1cc[nH]c2oncc(=O)c12
arene_2570,O=c1[nH]c2ccsc2sc1=O
arene_2571,O=c1sccn2onnon12
arene_2572,c1con2cnncn2o1
arene_2573,O=c1ncc2[nH]ccc(=O)c2[nH]1
arene_2574,O=c1cc[nH]n2occon12
arene_2575,O=c1c(=O)c(=O)c2cnccc2c1=O
arene_2576,O=c1cc2ccccn2cn1
arene_2577,O=c1oncn2occ[nH]n12
arene_2578,c1cnc2nccnc2n1
arene_2579,c1cnc2[nH]c3cnccc3c2c1
arene_2580,O=c1on2[nH]cc[nH]n2o1
arene_2581,O=c1ccn2c(=O)c(=O)c(=O)c(=O)c2n1
arene_2582,O=c1ccn2c(=O)ccc(=O)n2s1
arene_2583,O=c1ccn2nncc2[nH]1
arene_2584,O=c1[nH]ncn2occ[nH]n12
arene_2585,O=c1ccn2nnsc2c1
arene_2586,O=c1oc(=O)c(=O)c2sccoc1=2
arene_2587,O=c1ccc2nc(=O)[nH]cc2[nH]1
arene_2588,O=c1ccn2sccsn2s1
arene_2589,O=c1[nH]c2nccc(=O)n2sc1=O
arene_2590,c1cn2onnsc-2ns1
arene_2591,O=c1snc2cc[nH]c(=O)n2c1=O
arene_2592,O=c1ccnc2snnc(=O)n12
arene_2593,O=c1ccc2c(=O)oc(=O)sc2s1
arene_2594,O=c1ccn2sc(=O)c(=O)n2[nH]1
arene_2595,O=c1nnc2cc[nH]c2s1
arene_2596,O=c1nnn2c(=O)nccc2s1
arene_2597,c1cn2sncon2cn1
arene_2598,O=c1cc2nnccn2c(=O)o1
arene_2599,c1cn2[nH]ncsc-2co1
arene_2600,c1cc2n[nH]cc2[nH]1
arene_2601,c1csn2nn[nH]nc-2o1
arene_2602,O=c1sccn2[nH]cc[nH]n12
arene_2603,O=c1[nH]c(=O)c2ccncc2s1
arene_2604,c1cc2[nH]nnc2s1
arene_2605,c1csc2sccsc=2s1
arene_2606,O=c1nccc2ccon12
arene_2607,O=c1oc2cccn2oc1=O
arene_2608,O=c1cc2[nH]ccsc-2c1
arene_2609,O=c1ccn2snnon2[nH]1
arene_2610,O=c1sc(=O)c(=O)c2[nH]ccsc1=2
arene_2611,O=c1ocnn2sccsn12
arene_2612,c1nsn2cconc-2[nH]1
arene_2613,O=c1cc[nH]n2[nH]ccon12
arene_2614,O=c1ccc(=O)n2c(=O)c(=O)c(=O)nc1-2
arene_2615,c1cn2onnsn2o1
arene_2616,O=c1nc2occsn-2c(=O)c1=O
arene_2617,O=c1ccon2cnnc12
arene_2618,O=c1ccc2ncnnc2s1
arene_2619,O=c1cccc2ccnnn12
arene_2620,O=c1ccn2c(=O)c(=O)[nH]nc2o1
arene_2621,c1cc2onnn2c1
arene_2622,O=c1[nH]n2c(=O)c(=O)ccn2o1
arene_2623,O=c1sccc2cnnnc12
arene_2624,O=c1nc2c(=O)[nH]ccc2co1
arene_2625,O=c1ccc2n[nH]cc2s1
arene_2626,O=c1oc2nccn2c(=O)s1
arene_2627,c1cn2snnon2s1
arene_2628,O=c1c(=O)c(=O)n2scc[nH]n2c1=O
arene_2629,O=c1ccn2cnocc1-2
arene_2630,O=c1ccc2cnc(=O)c1=2
arene_2631,O=c1ccn2sc(=O)c(=O)sc2n1
arene_2632,c1cnn2ccnc2n1
arene_2633,O=c1cnc2ccc(=O)oc2[nH]1
arene_2634,O=c1cc2ccoc(=O)n2c(=O)o1
arene_2635,O=c1ccn2c(=O)nncc2[nH]1
arene_2636,O=c1ccn2[nH]ncc(=O)c2n1
arene_2637,O=c1nc2c(=O)ccsc2no1
arene_2638,O=c1ccsc2nonc12
arene_2639,O=c1cc2c(=O)ccoc2no1
arene_2640,c1csn2[nH]ncn2[nH]1
arene_2641,c1csn2sccn2[nH]1
arene_2642,O=c1nnc2noccn1-2
arene_2643,O=c1cc[nH]c2[nH]nnc(=O)c12
arene_2644,O=c1[nH]n2cc[nH]nc-2c(=O)c1=O
arene_2645,O=c1ccon2scnon12
arene_2646,c1nn2occoc-2n[nH]1
arene_2647,O=c1[nH]n2occsn2[nH]c1=O
arene_2648,O=c1ccn2[nH]ccon2[nH]1
arene_2649,O=c1ccc(=O)n2c(=O)ccon12
arene_2650,O=c1cnsn2sccon12
arene_2651,c1cc2ncsc2nn1
arene_2652,O=c1sc2occ[nH]c=2c1=O
arene_2653,O=c1ncn2ccc(=O)n2s1
arene_2654,O=c1ccoc2ncnn12
arene_2655,O=c1oc2csccn-2c(=O)c1=O
arene_2656,O=c1cnoc2cccnc12
arene_2657,c1cc2ccncc2cn1
arene_2658,O=c1cnn2c(=O)c(=O)ccn2s1
arene_2659,O=c1ccc2ncsc2o1
arene_2660,O=c1ccc2oc(=O)[nH]c2o1
arene_2661,O=c1nc2occsn-2c1=O
arene_2662,O=c1cc[nH]c(=O)o1
arene_2663,O=c1nnn2cccnn12
arene_2664,O=c1ncc(=O)n2c(=O)ccsn12
arene_2665,O=c1ccn2nn[nH]c(=O)n2c1=O
arene_2666,O=c1ccc2cnc(=O)oc2[nH]1
arene_2667,O=c1ccn2c(=O)cnsn2c1=O
arene_2668,O=c1sccn2occ[nH]n12
arene_2669,O=c1ccc2ccnnc2s1
arene_2670,O=c1ccc2c(=O)oc(=O)[nH]c2o1
arene_2671,O=c1ccoc2csc(=O)n12
arene_2672,O=c1on2[nH]ccsn2o1
arene_2673,O=c1ccn2c(=O)oncn12
arene_2674,O=c1nnc2c[nH]ccn-2c1=O
arene_2675,O=c1ccn2sncc(=O)c2n1
arene_2676,O=c1oc2cc[nH]c2s1
arene_2677,O=c1ccc2cncn2s1
arene_2678,O=c1nc2occc2cs1
arene_2679,c1cnc2[nH]nnc2c1
arene_2680,O=c1oc(=O)n2c(=O)ccnc2s1
arene_2681,O=c1nc2cnccc2cs1
arene_2682,O=c1nc2sc(=O)ccc2co1
arene_2683,O=c1ccoc2scnc(=O)c12
arene_2684,O=c1ncc(=O)n2occn12
arene_2685,O=c1nnc2nnccc2o1
arene_2686,O=c1nc2cccnc2n[nH]1
arene_2687,O=c1nc2c(=O)ccon2c(=O)o1
arene_2688,O=c1ccnc2scnn12
arene_2689,O=c1nnc2nccnc2o1
arene_2690,O=c1[nH]ccn2scnon12
arene_2691,O=c1ccc2cnnc(=O)n2o1
arene_2692,O=c1ccn2cnoc2c1
arene_2693,O=c1nnc2sc(=O)ccc2[nH]1
arene_2694,O=c1ccnc2nncnn12
arene_2695,O=c1ccn2[nH]c(=O)ncc2n1
arene_2696,O=c1on2nccnn2c(=O)c1=O
arene_2697,c1csn2nnsn2[nH]1
arene_2698,c1cn2scnoc-2no1
arene_2699,O=c1oc(=O)c2[nH]ccc(=O)c2s1
arene_2700,O=c1sn2ccocc-2c(=O)c1=O
arene_2701,O=c1nc2ccncc2cs1
arene_2702,O=c1occn2scnon12
arene_2703,O=c1on2ccsn2c(=O)c1=O
arene_2704,O=c1[nH]c2[nH]ccc2oc1=O
arene_2705,O=c1[nH]cc2sccc(=O)n2c1=O
arene_2706,O=c1ccn2sc(=O)sc(=O)c2c1
arene_2707,O=c1[nH]ccc2ncoc12
arene_2708,O=c1nn[nH]n2scc[nH]n12
arene_2709,O=c1[nH]c2nnccc2c(=O)s1
arene_2710,c1cc2nocc2[nH]1
arene_2711,c1csn2onnn2[nH]1
arene_2712,O=c1cc2occoc-2n1
arene_2713,O=c1ccsc2n[nH]c(=O)n12
arene_2714,O=c1ccn2c(=O)cc[nH]c2n1
arene_2715,O=c1ccc2c(=O)scnc2o1
arene_2716,O=c1[nH]c(=O)c(=O)n2ccsnc1-2
arene_2717,O=c1nn[nH]n2c(=O)ccnc12
arene_2718,O=c1ccsn2scnsn12
arene_2719,O=c1ccc2occc(=O)c2[nH]1
arene_2720,O=c1ccc2onnc(=O)c2s1
arene_2721,O=c1ccoc2cnoc(=O)c12
arene_2722,O=c1ccc2oc(=O)sc(=O)c2[nH]1
arene_2723,O=c1[nH]ncn2[nH]ccsn12
arene_2724,c1csc2scn[nH]c=2o1
arene_2725,c1con2cnonc-2[nH]1
arene_2726,O=c1nc2occ[nH]n-2c(=O)c1=O
arene_2727,O=c1ccon2c(=O)onc12
arene_2728,O=c1nc2c(=O)ccsn2c(=O)o1
arene_2729,O=c1on2c(=O)occn2c(=O)c1=O
arene_2730,O=c1ccn2[nH]c(=O)sc2c1
arene_2731,c1csn2onnn2o1
arene_2732,c1nsn2occn2o1
arene_2733,c1csc2ocnoc=2[nH]1
arene_2734,O=c1[nH]n2[nH]ccsn2[nH]c1=O
arene_2735,O=c1ccc2n[nH]cc2[nH]1
arene_2736,O=c1sc(=O)n2occsn2s1
arene_2737,O=c1[nH]c2ccoc(=O)c2c(=O)s1
arene_2738,O=c1oc2occc2sc1=O
arene_2739,O=c1ccnc2nnccn12
arene_2740,O=c1sc2[nH]ccoc=2c(=O)c1=O
arene_2741,O=c1scc2ccnnn12
arene_2742,O=c1ncn2[nH]ccn12
arene_2743,c1cn2sncon2nn1
arene_2744,O=c1[nH]n2scc[nH]n2o1
arene_2745,O=c1cc2c(=O)ccsn2cn1
arene_2746,c1cn2oncon2[nH]1
arene_2747,O=c1sc2cccc(=O)n2s1
arene_2748,O=c1nncco1
arene_2749,O=c1ccn2c(=O)cccc2o1
arene_2750,c1cnc2cnoc2c1
arene_2751,O=c1ccc2oc(=O)c(=O)c(=O)c1=2
arene_2752,c1cc2cc[nH]c2cn1
arene_2753,O=c1ccc2c(=O)c(=O)oc(=O)c1=2
arene_2754,O=c1sc(=O)c2occoc1=2
arene_2755,O=c1cccc2ccccn12
arene_2756,O=c1scnn2[nH]ccsn12
arene_2757,O=c1ccc2ccccc2[nH]1
arene_2758,O=c1nnn2cc[nH]n12
arene_2759,O=c1ccnc2ncsn12
arene_2760,O=c1ccoc2coc(=O)n12
arene_2761,O=c1nnn2nccnn2c1=O
arene_2762,O=c1snc2ccnnn12
arene_2763,O=c1ncc2occ[nH]c=2c1=O
arene_2764,O=c1[nH]c(=O)n2c(=O)nccc2s1
arene_2765,O=c1ncoc2cc[nH]c(=O)c12
arene_2766,O=c1ccc(=O)n2nnonc1-2
arene_2767,O=c1on2[nH]cc[nH]n2oc1=O
arene_2768,O=c1cnc2ccc(=O)c=2c1=O
arene_2769,c1cn2oncsn2cn1
arene_2770,O=c1sccn2c(=O)ncnc12
arene_2771,O=c1nc2ncccc2no1
arene_2772,c1cn2scn[nH]c-2cs1
arene_2773,O=c1ncsn2[nH]ccon12
arene_2774,O=c1cc2ccoc(=O)n2c(=O)[nH]1
arene_2775,O=c1[nH]c(=O)c2cc[nH]c(=O)c2[nH]1
arene_2776,O=c1ccc2ccsc(=O)c2s1
arene_2777,O=c1ccc2nsccn1-2
arene_2778,c1coc2oncoc=2o1
arene_2779,O=c1cc2ccoc2n[nH]1
arene_2780,O=c1[nH]n2cccnn2c1=O
arene_2781,O=c1cc2[nH]ccoc-2nc1=O
arene_2782,O=c1ccn2[nH]ncc2n1
arene_2783,O=c1nnn2c(=O)ccsn2c1=O
arene_2784,O=c1ccoc2cnsc(=O)c12
arene_2785,O=c1oc2ccsc(=O)c2o1
arene_2786,O=c1occn2sncsn12
arene_2787,O=c1cnc2c(=O)ccc1=2
arene_2788,O=c1ccn2c(=O)sccc2n1
arene_2789,O=c1ccn2c(=O)c(=O)sc(=O)n2[nH]1
arene_2790,O=c1nnc2sccc(=O)c2[nH]1
arene_2791,O=c1nnn2[nH]ccsn2[nH]1
arene_2792,O=c1nc2cc[nH]c(=O)c2n[nH]1
arene_2793,O=c1ccsn2snc[nH]n12
arene_2794,c1cn2occ[nH]n2nn1
arene_2795,O=c1nc2ccnnc2n[nH]1
arene_2796,c1csc2[nH]nnsc=2[nH]1
arene_2797,O=c1nc2[nH]ccsn-2c(=O)c1=O
arene_2798,O=c1ccc2n[nH]cc2o1
arene_2799,O=c1sn2c(=O)ccon2c1=O
arene_2800,c1cc2nnnnc2s1
arene_2801,O=c1nnn2nccc2[nH]1
arene_2802,O=c1ccc2nc(=O)snc2s1
arene_2803,O=c1sn2ccscc-2c1=O
arene_2804,O=c1[nH]ccc2cccnc12
arene_2805,O=c1ccc2n[nH]c(=O)n2s1
arene_2806,O=c1oc(=O)n2cnccn2c1=O
arene_2807,O=c1nc2cccnc2no1
arene_2808,c1cc2scnc2nn1
arene_2809,O=c1nc2occc(=O)n2c(=O)o1
arene_2810,O=c1cc2[nH]ccc(=O)c2no1
arene_2811,O=c1[nH]c(=O)c(=O)n2ccocc1-2
arene_2812,O=c1ccn2c(=O)[nH]c(=O)nc2[nH]1
arene_2813,c1cc2nc[nH]n2n1
arene_2814,c1cn2snnsc-2co1
arene_2815,O=c1nnc2ccoc2[nH]1
arene_2816,O=c1nc2[nH]ccc2co1
arene_2817,O=c1nnsn2[nH]ccon12
arene_2818,O=c1ccc(=O)n2[nH]ccn12
arene_2819,c1cn2occ[nH]c-2c[nH]1
arene_2820,O=c1cc2occc2n[nH]1
arene_2821,O=c1scc2ccsn12
arene_2822,O=c1ncnc2[nH]ccn12
arene_2823,O=c1ncc2nccnc2o1
arene_2824,O=c1ccn2c(=O)ncc(=O)n2[nH]1
arene_2825,O=c1nnoc2cc[nH]c12
arene_2826,O=c1cc[nH]c(=O)s1
arene_2827,c1nsc2nsccn-2[nH]1
arene_2828,O=c1nnc2ccnc(=O)n2s1
arene_2829,O=c1cc2[nH]ccc(=O)c2co1
arene_2830,c1csn2nn[nH]n2o1
arene_2831,O=c1cnc2nnccc2s1
arene_2832,O=c1sccn2sccsn12
arene_2833,O=c1cc2scc[nH]n-2c(=O)c1=O
arene_2834,O=c1[nH]c2nsccn-2c(=O)c1=O
arene_2835,O=c1nnnc2cccnn12
arene_2836,O=c1cc[nH]c2nnccc12
arene_2837,O=c1ccc2ccnn2s1
arene_2838,O=c1ccc2c(=O)snnc2s1
arene_2839,O=c1cnc2nccn2s1
arene_2840,O=c1ccn2c(=O)oncc2n1
arene_2841,O=c1nnn2ncccc2n1
arene_2842,c1c[nH]n2[nH]ccn2[nH]1
arene_2843,O=c1nnsc2ccncc12
arene_2844,O=c1[nH]c2cccc(=O)n2s1
arene_2845,O=c1cc2ccon2cn1
arene_2846,O=c1nc[nH]c2nnccc12
arene_2847,O=c1on2[nH]cc[nH]n2c(=O)s1
arene_2848,c1coc2csccn-2[nH]1
arene_2849,O=c1sc(=O)n2cnccn2c1=O
arene_2850,O=c1cc2c(=O)cc[nH]n2cn1
arene_2851,O=c1nc2nnccc2no1
arene_2852,O=c1ccn2c(=O)occc2n1
arene_2853,O=c1ccc2onn[nH]c1=2
arene_2854,c1coc2ocn[nH]c=2o1
arene_2855,O=c1[nH]c(=O)c2ncccc2s1
arene_2856,O=c1ccc2[nH]c(=O)c(=O)[nH]c2o1
arene_2857,O=c1[nH]c(=O)n2occ[nH]n2s1
arene_2858,O=c1cc2[nH]c(=O)ccn2cn1
arene_2859,O=c1ccn2cnsc(=O)c2c1
arene_2860,O=c1ccc2concn-2c1=O
arene_2861,c1con2sncn2[nH]1
arene_2862,O=c1oc(=O)n2ncccn12
arene_2863,O=c1occn2nccc12
arene_2864,c1c[nH]cn1
arene_2865,c1cnc2[nH]ccc2c1
arene_2866,O=c1[nH]c(=O)n2ccc(=O)c(=O)n2o1
arene_2867,O=c1ccc2c(=O)nnc(=O)c1=2
arene_2868,c1nn2sccsc-2co1
arene_2869,O=c1ccc2[nH]c(=O)[nH]c(=O)c2[nH]1
arene_2870,O=c1ccn2cnncc2c1
arene_2871,O=c1sc2ccoc2s1
arene_2872,O=c1ccc2[nH]nn[nH]c=2c1=O
arene_2873,O=c1[nH]c2cccc(=O)n2oc1=O
arene_2874,O=c1ncn2cconc1-2
arene_2875,c1cn2[nH]nnoc-2c[nH]1
arene_2876,O=c1ccc2coc(=O)c(=O)n2[nH]1
arene_2877,O=c1ccc2sc(=O)c(=O)c=2c1=O
arene_2878,O=c1ccoc2c(=O)[nH]cnc12
arene_2879,O=c1[nH]c2ccoc(=O)c2s1
arene_2880,O=c1cnc2ccnnc2[nH]1
arene_2881,c1cn2[nH]ncsn2cn1
arene_2882,O=c1nnsc2cnccc12
arene_2883,O=c1cc2cccnc2no1
arene_2884,O=c1cnc2cnccc2[nH]1
arene_2885,O=c1[nH]n2c(=O)cccc2c(=O)o1
arene_2886,O=c1ccn2oncsn2s1
arene_2887,O=c1ccc2c(=O)ccsc2o1
arene_2888,O=c1cccc2ocnn12
arene_2889,O=c1[nH]nc2[nH]ccc(=O)n2c1=O
arene_2890,O=c1ccn2nnnc2s1
arene_2891,c1cn2onnsc-2n[nH]1
arene_2892,O=c1cc2sccsn-2c1=O
arene_2893,O=c1sc(=O)c2c(=O)cc[nH]c2s1
arene_2894,O=c1cc2sccsn-2c(=O)c1=O
arene_2895,O=c1on2occn2c1=O
arene_2896,O=c1[nH]c2sc(=O)ccc2c(=O)o1
arene_2897,c1csn2ccon2o1
arene_2898,O=c1ccn2oc(=O)c(=O)n2s1
arene_2899,O=c1ccoc2ocnc12
arene_2900,O=c1[nH]ncc2ccnn12
arene_2901,O=c1cc2occc(=O)n2cn1
arene_2902,O=c1sccn2[nH]cn[nH]n12
arene_2903,c1cc2cscc2cn1
arene_2904,O=c1sc2occ[nH]c=2c(=O)c1=O
arene_2905,O=c1[nH]ccn2c(=O)occ12
arene_2906,O=c1ccn2sc(=O)ncc2c1
arene_2907,O=c1oc2cccc(=O)n2s1
arene_2908,c1csn2scnn2s1
arene_2909,O=c1nc2[nH]ccc(=O)c2cs1
arene_2910,O=c1ccn2c(=O)[nH]nc2s1
arene_2911,O=c1ccn2cnc(=O)c(=O)n2[nH]1
arene_2912,O=c1[nH]c(=O)c(=O)c2sccsc1=2
arene_2913,O=c1onnc2nccn12
arene_2914,O=c1ncoc2cccn12
arene_2915,c1csn2nnonc-2s1
arene_2916,O=c1oc2cccc(=O)n2oc1=O
arene_2917,O=c1sncn2nccc12
arene_2918,O=c1cnoc2ncccc12
arene_2919,O=c1nc2ccc(=O)oc2n[nH]1
arene_2920,c1coc2cocnn-2[nH]1
arene_2921,O=c1cconn1
arene_2922,c1cnc2ncoc2c1
arene_2923,O=c1sccc2nnnn12
arene_2924,O=c1nnsc2c(=O)ccoc12
arene_2925,O=c1[nH]nnn2[nH]ccsn12
arene_2926,O=c1ccc2ccsc2o1
arene_2927,c1coc2n[nH]ncn-2[nH]1
arene_2928,O=c1c(=O)n2sccsn2c1=O
arene_2929,O=c1scnc2nnccc12
arene_2930,O=c1ccc2cc(=O)snc2[nH]1
arene_2931,O=c1nc2cc[nH]c(=O)n2c(=O)o1
arene_2932,O=c1scnn2c(=O)ccn12
arene_2933,O=c1cn[nH]n2[nH]ccsn12
arene_2934,O=c1cc[nH]c2noc(=O)n12
arene_2935,O=c1[nH]c(=O)n2c(=O)ccon2c1=O
arene_2936,O=c1ccn2onc[nH]n2[nH]1
arene_2937,O=c1oc(=O)c2[nH]ccc2s1
arene_2938,O=c1ccn2c(=O)ccc(=O)n2o1
arene_2939,c1csn2snnn2s1
arene_2940,O=c1nnc2nnccc2s1
arene_2941,O=c1ccc2c(=O)sc(=O)c(=O)c=2c1=O
arene_2942,c1cn2snnoc-2co1
arene_2943,O=c1ocnn2c(=O)nccc12
arene_2944,O=c1ccn2nnncn12
arene_2945,O=c1sc2ccccc2s1
arene_2946,c1csn2ccsnc-2[nH]1
arene_2947,O=c1nnon2scc[nH]n12
arene_2948,O=c1[nH]ccn2[nH]cn[nH]n12
arene_2949,O=c1ccsn2cncc12
arene_2950,O=c1ncsc2cc[nH]c12
arene_2951,O=c1nc2ccccc2cs1
arene_2952,O=c1nccc2onnn12
arene_2953,O=c1ccn2c(=O)c(=O)c(=O)on2o1
arene_2954,O=c1oc(=O)c2ccoc2s1
arene_2955,O=c1ccc2c[nH]ccn1-2
arene_2956,O=c1nnn2cnccn12
arene_2957,O=c1scnn2[nH]cc[nH]n12
arene_2958,O=c1[nH]cco1
arene_2959,O=c1[nH]n2ccon2c(=O)c1=O
arene_2960,c1cnn2sccsn2c1
arene_2961,c1cn2cncnc2n1
arene_2962,O=c1ccn2ccsn12
arene_2963,O=c1[nH]ncn2c(=O)cccc12
arene_2964,O=c1ccn2oc(=O)[nH]c2c1
arene_2965,c1cnn2[nH]ncon2c1
arene_2966,O=c1ccn2[nH]ncc2c1
arene_2967,O=c1ocnc2c(=O)occc12
arene_2968,O=c1oc(=O)c2c(=O)cc[nH]c2s1
arene_2969,O=c1cnn2ccc(=O)n2o1
arene_2970,O=c1nnc2ccc(=O)sc2[nH]1
arene_2971,O=c1ccn2nnsc(=O)n2c1=O
arene_2972,O=c1ccsc2snnc12
arene_2973,O=c1[nH]n2occsn2sc1=O
arene_2974,O=c1cc2c(=O)sccc2no1
arene_2975,O=c1nnoc2c(=O)occc12
arene_2976,O=c1ccc2[nH]ccc2o1
arene_2977,O=c1sc(=O)n2cc[nH]nc-2c1=O
arene_2978,O=c1ncn2cnccn2c1=O
arene_2979,O=c1sc2coccn-2c1=O
arene_2980,c1cc2nnnnc2o1
arene_2981,O=c1ccc(=O)n2oncn12
arene_2982,O=c1ccn2cc[nH]c(=O)n12
arene_2983,c1coc2scn[nH]c=2[nH]1
arene_2984,c1cn2snn[nH]c-2cs1
arene_2985,O=c1[nH]c2cc[nH]c2[nH]c1=O
arene_2986,O=c1oc2ccnn2c(=O)s1
arene_2987,c1cn2sncsn2[nH]1
arene_2988,O=c1occn2[nH]cc[nH]n12
arene_2989,O=c1nnn2[nH]ccc2n1
arene_2990,c1ccc2nocc2c1
arene_2991,c1con2scnn2o1
arene_2992,O=c1ccn2cccnc2n1
arene_2993,O=c1ccn2nnc(=O)c(=O)n2s1
arene_2994,O=c1nnoc2ccsc(=O)c12
arene_2995,O=c1[nH]c2sccc(=O)c2oc1=O
arene_2996,O=c1ccn2cncnn2c1=O
arene_2997,O=c1ccc2[nH]ccc2[nH]1
arene_2998,O=c1ccc2oncc(=O)c2o1
arene_2999,O=c1cc2c(=O)sccn2c(=O)s1
arene_3000,O=c1ccn2c(=O)sc(=O)sc2c1
arene_3001,O=c1sccn2scnsn12
arene_3002,O=c1cnc2occsc1=2
arene_3003,O=c1c(=O)c2cc[nH]c(=O)c2c1=O
arene_3004,O=c1[nH]c(=O)c(=O)n2cconc1-2
arene_3005,O=c1ncc2csccn-2c1=O
arene_3006,O=c1ccc(=O)c2scn[nH]c1=2
arene_3007,c1csn2nn[nH]cc-2o1
arene_3008,O=c1ccc2noccn1-2
arene_3009,O=c1ccc2n[nH]c(=O)n2o1
arene_3010,c1csn2nc[nH]n2[nH]1
arene_3011,O=c1oc(=O)c2ncccc2o1
arene_3012,c1n[nH]n2occn2[nH]1
arene_3013,c1cc2conc2[nH]1
arene_3014,O=c1[nH]ccc2snnc12
arene_3015,O=c1[nH]ccc2ncoc(=O)c12
arene_3016,O=c1cn[nH]c2c(=O)[nH]ccc12
arene_3017,O=c1nc2nnccc2c[nH]1
arene_3018,O=c1cc2[nH]cc[nH]c-2c1
arene_3019,O=c1on2c(=O)cc[nH]n2c(=O)c1=O
arene_3020,c1csn2[nH]nnn2s1
arene_3021,O=c1[nH]n2[nH]ccsn2[nH]1
arene_3022,O=c1cnc2noccn-2c1=O
arene_3023,c1c[nH]n2[nH]ncn2[nH]1
arene_3024,O=c1cc[nH]c2sncc(=O)c12
arene_3025,O=c1c(=O)n2[nH]cc[nH]n2c1=O
arene_3026,O=c1cc2ccsn2c(=O)o1
arene_3027,O=c1cc2cccnc2cs1
arene_3028,O=c1ccc2cn[nH]c(=O)c2o1
arene_3029,O=c1cnn2ccccc2n1
arene_3030,c1csn2nnscc-2o1
arene_3031,O=c1ccn2c(=O)nnnc2o1
arene_3032,c1cn2nncc2cn1
arene_3033,O=c1[nH]cnc2nccn12
arene_3034,O=c1ccn2sncon2s1
arene_3035,O=c1nnc2occc(=O)c2s1
arene_3036,O=c1sc(=O)n2ccsc(=O)n2c1=O
arene_3037,O=c1ccn2ocnsn2s1
arene_3038,c1csc2scc[nH]c=2[nH]1
arene_3039,O=c1[nH]c(=O)c2ccnc(=O)n2[nH]1
arene_3040,O=c1ccc2ccncc2[nH]1
arene_3041,O=c1ccc2cnc(=O)c=2c1=O
arene_3042,O=c1cccc2sncn12
arene_3043,c1cc2conc2cn1
arene_3044,O=c1cc[nH]c2cocc12
arene_3045,c1con2nn[nH]nc-2o1
arene_3046,O=c1[nH]c2sccc(=O)c2s1
arene_3047,O=c1scc2c(=O)sccn2c1=O
arene_3048,O=c1ccnc2ccccn12
arene_3049,O=c1cc[nH]c2c(=O)occc12
arene_3050,O=c1cc[nH]c2ocnc(=O)c12
arene_3051,O=c1cc2ccsc(=O)c2n[nH]1
arene_3052,O=c1[nH]c2cc[nH]c(=O)c2c(=O)s1
arene_3053,O=c1[nH]ccc2nc[nH]c(=O)c12
arene_3054,O=c1on2nnccn2c1=O
arene_3055,O=c1ncn2cc[nH]nc1-2
arene_3056,O=c1sccn2oncsn12
arene_3057,O=c1cc2sccsc-2n1
arene_3058,O=c1c(=O)c2cccnc2c1=O
arene_3059,O=c1[nH]ccc2n[nH]c(=O)n12
arene_3060,c1cnn2nncc2n1
arene_3061,O=c1[nH]c2[nH]ccc2sc1=O
arene_3062,O=c1ccc2nc(=O)snc2[nH]1
arene_3063,O=c1cnc2ccsc(=O)c2o1
arene_3064,O=c1sc(=O)n2[nH]ccn12
arene_3065,c1c[nH]n2ncsnc-2[nH]1
arene_3066,O=c1cc[nH]c2[nH]ncc12
arene_3067,O=c1[nH]c2ccoc2o1
arene_3068,c1csc2noccn-2[nH]1
arene_3069,c1cc2conc2s1
arene_3070,O=c1ccn2cncc2[nH]1
arene_3071,O=c1ccc2c(=O)ncoc2[nH]1
arene_3072,O=c1ccc2c[nH]c(=O)n2o1
arene_3073,O=c1[nH]c(=O)c2c(=O)sccc2o1
arene_3074,O=c1ccsc2nnnnc12
arene_3075,c1c[nH]n2cnonc-2[nH]1
arene_3076,O=c1ccn2cc[nH]c2n1
arene_3077,O=c1occn2occ[nH]n12
arene_3078,O=c1ccsc2nnnn12
arene_3079,O=c1nnsn2c(=O)ccnc12
arene_3080,O=c1ccc2occc(=O)c2o1
arene_3081,O=c1oc2ccncc2oc1=O
arene_3082,O=c1ccc2nccnc2s1
arene_3083,O=c1ccc2csc(=O)n2o1
arene_3084,O=c1nnn2ccon2c1=O
arene_3085,O=c1[nH]n2c(=O)nccc2oc1=O
arene_3086,O=c1ccn2c(=O)cnn2s1
arene_3087,O=c1cc2ccsc2cs1
arene_3088,c1cn2onn[nH]c-2ns1
arene_3089,O=c1on2sccsn2sc1=O
arene_3090,O=c1on2c(=O)cccc2sc1=O
arene_3091,O=c1nnc2[nH]ccc(=O)c2s1
arene_3092,O=c1nnc2nccn2o1
arene_3093,O=c1nn[nH]c2occc12
arene_3094,O=c1ccoc2ncoc(=O)c12
arene_3095,c1coc2sncoc=2[nH]1
arene_3096,O=c1[nH]n2ccnnn2c1=O
arene_3097,O=c1cc2c(=O)sccn2c(=O)[nH]1
arene_3098,O=c1ccsn2nccc12
arene_3099,O=c1sc(=O)n2ccc(=O)n2s1
arene_3100,c1ccccc1
arene_3101,O=c1on2c(=O)c(=O)ccn2s1
arene_3102,O=c1occn2c(=O)ccnc12
arene_3103,O=c1sccc2c(=O)sncc12
arene_3104,O=c1sccn2sncon12
arene_3105,O=c1[nH]c2ncccc2sc1=O
arene_3106,O=c1ncn2cc[nH]c(=O)n12
arene_3107,c1csc2sccoc=2[nH]1
arene_3108,O=c1cnc2[nH]cc[nH]c=2c1=O
arene_3109,O=c1ccc2n[nH]nc2s1
arene_3110,O=c1nnn2ccc(=O)n2o1
arene_3111,O=c1nc2ncccc2cs1
arene_3112,O=c1[nH]nc2cc[nH]n2c1=O
arene_3113,O=c1ccsc2nsnc12
arene_3114,O=c1ncn2sccc(=O)n2c1=O
arene_3115,O=c1nccc2[nH]cnn12
arene_3116,c1nsc2[nH]ccoc=2[nH]1
arene_3117,O=c1sccc2ncncc12
arene_3118,O=c1sn2occn2c(=O)c1=O
arene_3119,c1con2nnsnc-2[nH]1
arene_3120,O=c1ccc2cc[nH]c(=O)c2[nH]1
arene_3121,O=c1oc2cc[nH]c2o1
arene_3122,O=c1cc2ccc(=O)n-2c(=O)c1=O
arene_3123,O=c1ccn2snc[nH]n2[nH]1
arene_3124,O=c1[nH]ccsc1=O
arene_3125,c1cc2nc[nH]c2nn1
arene_3126,O=c1oc(=O)c2sccc(=O)c2o1
arene_3127,O=c1snnc2ccnnc12
arene_3128,O=c1[nH]c2nccc(=O)n2c(=O)o1
arene_3129,O=c1[nH]ccn2onnsn12
arene_3130,O=c1ccn2c(=O)sncc2n1
arene_3131,c1csc2sncsc=2[nH]1
arene_3132,O=c1ccsc2c(=O)ncoc12
arene_3133,O=c1cc[nH]n2c(=O)[nH]cc12
arene_3134,c1c[nH]n2nn[nH]nc-2[nH]1
arene_3135,O=c1[nH]c(=O)c2cnccc2s1
arene_3136,O=c1cnsn2[nH]ccon12
arene_3137,O=c1ncn2cc[nH]c(=O)n2c1=O
arene_3138,O=c1ccoc2nn[nH]c(=O)c12
arene_3139,O=c1[nH]n2nccnn2c(=O)c1=O
arene_3140,O=c1ccn2ccsc(=O)c2n1
arene_3141,O=c1[nH]c(=O)c(=O)c2[nH]ccsc1=2
arene_3142,O=c1ccn2scnc(=O)n2c1=O
arene_3143,O=c1cc2c(=O)ccon2cn1
arene_3144,O=c1nnsn2c(=O)cccc12
arene_3145,O=c1sccn2c(=O)cccc12
arene_3146,O=c1ccc2oncoc1=2
arene_3147,c1cnc2[nH]ncc2n1
arene_3148,c1cnc2nncnc2c1
arene_3149,O=c1ccn2c(=O)sc(=O)[nH]c2c1
arene_3150,O=c1occn2c(=O)onc12
arene_3151,O=c1ncnc2ccsn12
arene_3152,c1cn2oncon2cn1
arene_3153,O=c1on2c(=O)[nH]ccn2c(=O)c1=O
arene_3154,O=c1nc2c(=O)ccoc2n[nH]1
arene_3155,c1ccc2c(c1)ccc1ccc3ccccc3c12
arene_3156,c1cnc2nscc2c1
arene_3157,c1cnn2ccnc2c1
arene_3158,O=c1ccc(=O)n2ocnn12
arene_3159,c1c[nH]c2sncoc=2[nH]1
arene_3160,O=c1cc2nnccn2nn1
arene_3161,O=c1[nH]ccc2nn[nH]c12
arene_3162,O=c1onc2cccnn12
arene_3163,O=c1ccn2c(=O)scnc2c1
arene_3164,O=c1cc2[nH]ccc2co1
arene_3165,O=c1nccc2nnsn12
arene_3166,O=c1ccc2c(=O)sc(=O)[nH]c2s1
arene_3167,O=c1nc2ccoc(=O)c2no1
arene_3168,O=c1[nH]n2cccnn2c(=O)c1=O
arene_3169,O=c1sn2cc[nH]cc-2c1=O
arene_3170,O=c1ccc2cc(=O)oc(=O)n2[nH]1
arene_3171,O=c1[nH]ccc2nnoc12
arene_3172,O=c1ccn2sc(=O)nnc2n1
arene_3173,O=c1ccn2onnon2o1
arene_3174,N=c1nccc[nH]1
arene_3175,O=c1nnn2cnccn2c1=O
arene_3176,O=c1cnn2c(=O)occn2c1=O
arene_3177,O=c1ccn2c(=O)c(=O)nnn2s1
arene_3178,c1cc2cnoc2s1
arene_3179,c1cn2snn[nH]n2[nH]1
arene_3180,O=c1cnc(=O)n2ncccn12
arene_3181,O=c1ccn2c(=O)[nH]ccc2c1
arene_3182,O=c1ncoc2ccsc12
arene_3183,O=c1[nH]c(=O)c2c(=O)cc[nH]c2o1
arene_3184,c1csn2nnnnn2[nH]1
arene_3185,O=c1[nH]c(=O)n2[nH]ccon2o1
arene_3186,O=c1sccc2n[nH]nc12
arene_3187,c1csc2nsnnn-2[nH]1
arene_3188,O=c1cnc2nccn2o1
arene_3189,O=c1on2cccc2c(=O)s1
arene_3190,O=c1cc2sccoc-2nc1=O
arene_3191,O=c1ccn2ccsnc1-2
arene_3192,O=c1nnoc2cccn12
arene_3193,c1cc2ncoc2cn1
arene_3194,O=c1ccn2sccc(=O)c2n1
arene_3195,O=c1ccn2occon2[nH]1
arene_3196,O=c1nnc2c(=O)ccoc2[nH]1
arene_3197,O=c1nc2c(=O)[nH]ccn2c(=O)s1
arene_3198,O=c1[nH]c(=O)c2c(=O)occc2[nH]1
arene_3199,O=c1nncc2nccnn12
arene_3200,O=c1cc2ccoc(=O)n2cn1
arene_3201,O=c1ccc2oc(=O)c(=O)oc2s1
arene_3202,O=c1cc2cc[nH]c2n[nH]1
arene_3203,O=c1cnn2ccoc(=O)n2c1=O
arene_3204,O=c1nc2sc(=O)ccn2c(=O)[nH]1
arene_3205,O=c1ccoc2nnnc(=O)n12
arene_3206,c1con2onnn2[nH]1
arene_3207,O=c1[nH]c(=O)n2c(=O)cccc2o1
arene_3208,O=c1cc[nH]n2oncon12
arene_3209,O=c1ccsc2onnc(=O)c12
arene_3210,O=c1cc2[nH]ccsn-2c1=O
arene_3211,O=c1[nH]cc2nccnn12
arene_3212,O=c1ccn2oc(=O)sc(=O)c2c1
arene_3213,O=c1ccn2ocnc(=O)n12
arene_3214,O=c1cnn2cc[nH]c2n1
arene_3215,O=c1onnn2ccnc12
arene_3216,O=c1ccn2nn[nH]c2c1
arene_3217,O=c1sccc2csc(=O)n12
arene_3218,c1cnc2cccnc2c1
arene_3219,O=c1ccn2ccsc(=O)n2c1=O
arene_3220,O=c1cc[nH]n2[nH]cnon12
arene_3221,O=c1ccn2nnccn2c1=O
arene_3222,O=c1ccc2c(=O)[nH]c(=O)sc2[nH]1
arene_3223,c1ccn2snc[nH]n2c1
arene_3224,c1ccc2ccccc2c1
arene_3225,O=c1ccc(=O)n2cnscc1-2
arene_3226,c1cc2cnnnc2s1
arene_3227,O=c1[nH]ccc2nnncc12
arene_3228,O=c1oc2scc[nH]c=2c1=O
arene_3229,O=c1[nH]c2ccncc2s1
arene_3230,O=c1cn[nH]c2nnccc12
arene_3231,O=c1ccsn2c(=O)cccc12
arene_3232,O=c1[nH]ccn2c(=O)nccc12
arene_3233,c1cc2nnncc2nn1
arene_3234,O=c1[nH]cnc2ccoc12
arene_3235,c1csc2[nH]ccsc=2[nH]1
arene_3236,O=c1[nH]cnc2ccccc12
arene_3237,c1cnc2[nH]cnc2n1
arene_3238,O=c1cc2ccsc2ns1
arene_3239,c1nc2ccsn2n1
arene_3240,O=c1[nH]n2ccc(=O)n2o1
arene_3241,O=c1nnn2cc[nH]cc-2c1=O
arene_3242,O=c1onc2occc(=O)n2c1=O
arene_3243,O=c1cc2ccc(=O)c-2n1
arene_3244,O=c1ccc2c(=O)c(=O)oc(=O)c=2c1=O
arene_3245,c1cnc2nocc2n1
arene_3246,c1c[nH]n2snnn2[nH]1
arene_3247,c1cc2nnoc2s1
arene_3248,O=c1[nH]cc2ccon2c1=O
arene_3249,O=c1[nH]cc2cc[nH]n12
arene_3250,O=c1ccsc2nnsc(=O)c12
arene_3251,O=c1ccc2c(=O)ccsc2[nH]1
arene_3252,O=c1[nH]ccc2oncc12
arene_3253,O=c1ccoc2c(=O)ocnc12
arene_3254,O=c1occn2c(=O)nnnc12
arene_3255,O=c1occc2cccn12
arene_3256,O=c1ccoc2c[nH]nc12
arene_3257,O=c1ccn2cnc(=O)oc2n1
arene_3258,O=c1ccc2c(=O)c(=O)c(=O)[nH]c1=2
arene_3259,O=c1cc2ccc(=O)n-2c1=O
arene_3260,O=c1ccn2nnc(=O)oc2n1
arene_3261,O=c1ncc2nccc(=O)n2s1
arene_3262,O=c1ccc2nnc(=O)oc2[nH]1
arene_3263,c1cn2snnsc-2ns1
arene_3264,O=c1ccc(=O)c2sccsc1=2
arene_3265,O=c1ccc2nnnn2s1
arene_3266,O=c1ncc2occsc1=2
arene_3267,O=c1[nH]ccc2cc[nH]c(=O)c12
arene_3268,O=c1ccc2[nH]cn[nH]c1=2
arene_3269,O=c1nnc2occ[nH]c=2c1=O
arene_3270,O=c1[nH]nc2ccsc(=O)n12
arene_3271,O=c1onc2c(=O)occn2c1=O
arene_3272,O=c1nccc2cc[nH]n12
arene_3273,O=c1nc[nH]c2ccccc12
arene_3274,O=c1nc[nH]n2c(=O)nccc12
arene_3275,c1con2nn[nH]nc-2[nH]1
arene_3276,c1cn2oncoc-2c[nH]1
arene_3277,O=c1nc2oc(=O)ccn2c(=O)[nH]1
arene_3278,O=c1cnc2ccsc2o1
arene_3279,O=c1sc(=O)n2occ[nH]n2s1
arene_3280,O=c1[nH]c(=O)c2cccnc2s1
arene_3281,O=c1ccn2cnnnn2c1=O
arene_3282,O=c1[nH]c2ccccc2sc1=O
arene_3283,O=c1nc2sc(=O)ccn2c(=O)o1
arene_3284,O=c1ccnc2onnc(=O)n12
arene_3285,O=c1cnc(=O)n2ccncn12
arene_3286,O=c1cnsc2occc12
arene_3287,O=c1sc2cc[nH]c2sc1=O
arene_3288,O=c1nnn2sccsn2o1
arene_3289,O=c1occ2ccsc(=O)n2c1=O
arene_3290,O=c1ccc2nccn2[nH]1
arene_3291,O=c1cc2occn2nn1
arene_3292,O=c1ccn2c(=O)sc(=O)[nH]c2n1
arene_3293,O=c1sn2sccc(=O)n2c(=O)c1=O
arene_3294,c1cnc2nnnnc2c1
arene_3295,O=c1nccc2sccn12
arene_3296,O=c1nnn2c(=O)cccc2o1
arene_3297,O=c1sn2occc(=O)n2c(=O)c1=O
arene_3298,O=c1ccn2oc(=O)cnc2c1
arene_3299,O=c1oc2c(=O)[nH]ccc2c(=O)s1
arene_3300,O=c1[nH]c2cc[nH]c2c(=O)o1
arene_3301,c1cc2nncn2cn1
arene_3302,O=c1[nH]c(=O)c2cc[nH]c2o1
arene_3303,c1csn2ncon2o1
arene_3304,O=c1ccnc2[nH]ncn12
arene_3305,O=c1[nH]n2cccc2c(=O)s1
arene_3306,O=c1cncc2sccn12
arene_3307,O=c1nnnc2ccsc(=O)n12
arene_3308,O=c1ccc(=O)n2ncscc1-2
arene_3309,O=c1[nH]c(=O)n2ccc(=O)n2s1
arene_3310,O=c1[nH]cc2nccnn2c1=O
arene_3311,c1c[nH]n2nnonc-2[nH]1
arene_3312,O=c1oc(=O)c2cccn2s1
arene_3313,O=c1cnn2occn2c1=O
arene_3314,c1cn2sncsc-2no1
arene_3315,O=c1[nH]n2[nH]cc[nH]n2c(=O)o1
arene_3316,c1noc2occsc=2[nH]1
arene_3317,c1nsc2sccsc=2o1
arene_3318,O=c1nn[nH]n2sccon12
arene_3319,O=c1ccc2sc(=O)cnc2[nH]1
arene_3320,O=c1cccc2nn[nH]n12
arene_3321,O=c1cc[nH]c2c[nH]nc12
arene_3322,O=c1[nH]c(=O)c2ccncc2[nH]1
arene_3323,c1cn2onn[nH]n2[nH]1
arene_3324,O=c1ccn2c(=O)snnc2c1
arene_3325,O=c1sccn2scnon12
arene_3326,O=c1[nH]ccn2[nH]nn[nH]n12
arene_3327,O=c1ccn2c(=O)ncn2[nH]1
arene_3328,O=c1ncc2occc2[nH]1
arene_3329,O=c1[nH]nnn2cccc12
arene_3330,O=c1ccnc2ncnnn12
arene_3331,O=c1[nH]ccn2scnsn12
arene_3332,c1cn2[nH]cnc2n1
arene_3333,O=c1cnn2[nH]ccc2c1
arene_3334,O=c1nnsc2ccnn12
arene_3335,O=c1ccc2ocn[nH]c1=2
arene_3336,O=c1ccn2nnocc-2c1=O
arene_3337,O=c1ccc2sccsc=2c1=O
arene_3338,O=c1oc(=O)n2[nH]ccn2c1=O
arene_3339,O=c1oc2ccoc2o1
arene_3340,O=c1ccn2cnsn2c1=O
arene_3341,O=c1ccc2[nH]cc[nH]c=2c1=O
arene_3342,O=c1cnsc2[nH]ccc12
arene_3343,c1con2cnon2[nH]1
arene_3344,O=c1ccsn2snnon12
arene_3345,O=c1ncc2ccnn2[nH]1
arene_3346,O=c1ccn2cnccn12
arene_3347,O=c1cnc2c(=O)cc[nH]c2o1
arene_3348,O=c1ccc(=O)c2oncoc1=2
arene_3349,O=c1sccc2sncc12
arene_3350,c1cc2ncnnc2nn1
arene_3351,O=c1cc2nnccc2n[nH]1
arene_3352,c1cn2[nH]nn[nH]c-2cs1
arene_3353,O=c1[nH]c(=O)n2ccsnc-2c1=O
arene_3354,O=c1ncc(=O)n2c(=O)sccn12
arene_3355,c1csn2ncscc-2o1
arene_3356,O=c1ccsc2c(=O)snnc12
arene_3357,O=c1[nH]c2c(=O)[nH]ccc2c(=O)s1
arene_3358,O=c1nnc2ccccc2s1
arene_3359,c1cn2scnon2[nH]1
arene_3360,c1cn2scnsn2[nH]1
arene_3361,c1csn2ncon2[nH]1
arene_3362,O=c1cc2[nH]ccoc-2c1
arene_3363,O=c1[nH]n2c(=O)ccc(=O)n2[nH]c1=O
arene_3364,O=c1[nH]c(=O)c2ccncc2o1
arene_3365,O=c1cnn2ccnc2o1
arene_3366,O=c1oc(=O)c2cc[nH]c2s1
arene_3367,c1ccc2n[nH]cc2c1
arene_3368,O=c1ccn2cnnc2s1
arene_3369,O=c1cnon2c(=O)ccn12
arene_3370,c1c[nH]n2ncocc-2[nH]1
arene_3371,O=c1ccn2[nH]ncon2[nH]1
arene_3372,O=c1nnon2c(=O)ccn12
arene_3373,O=c1ncc2cccnc2[nH]1
arene_3374,O=c1on2c(=O)ccon2c1=O
arene_3375,O=c1ccn2occc(=O)c2n1
arene_3376,O=c1sn2[nH]ccn2c(=O)c1=O
arene_3377,c1cc2nn[nH]c2[nH]1
arene_3378,O=c1cc2sccc(=O)n2c(=O)[nH]1
arene_3379,c1cc2occc2nn1
arene_3380,O=c1[nH]cnn2occsn12
arene_3381,O=c1ocnn2occ[nH]n12
arene_3382,O=c1ccc2nsc(=O)nc2o1
arene_3383,O=c1cc2sccc(=O)c2n[nH]1
arene_3384,O=c1nc2sccc2co1
arene_3385,O=c1cc[nH]c2nsnc12
arene_3386,O=c1ccc2cnccc2o1
arene_3387,O=c1nc[nH]c2ccoc12
arene_3388,O=c1sc(=O)n2sccn12
arene_3389,O=c1nc2c(=O)ccoc2ns1
arene_3390,O=c1[nH]c2cnccc2c(=O)s1
arene_3391,O=c1ccc2sc(=O)[nH]c2s1
arene_3392,O=c1ccn2c(=O)c(=O)scc2o1
arene_3393,O=c1[nH]n2c(=O)cccc2o1
arene_3394,O=c1ccn2c(=O)nnsc2n1
arene_3395,O=c1oc2scc[nH]c=2c(=O)c1=O
arene_3396,O=c1ccn2sccc2n1
arene_3397,c1cc2ncncc2cn1
arene_3398,O=c1nnn2ccsn12
arene_3399,O=c1oc2ccnnc2s1
arene_3400,O=c1ccc2cncn2o1
arene_3401,O=c1cn[nH]n2c(=O)cccc12
arene_3402,c1ccc2oncc2c1
arene_3403,O=c1oc2sccc(=O)c2sc1=O
arene_3404,O=c1cc[nH]c2nccnc12
arene_3405,O=c1nc2c(=O)cc[nH]c2cs1
arene_3406,O=c1ccc2c(=O)oc(=O)c1=2
arene_3407,O=c1nnn2ccscc1-2
arene_3408,O=c1[nH]c2ccsc(=O)c2c(=O)s1
arene_3409,O=c1cnoc2occc12
arene_3410,O=c1nnn2sccc(=O)n2c1=O
arene_3411,O=c1cc[nH]c2c(=O)sncc12
arene_3412,O=c1nc2occsc-2nc1=O
arene_3413,O=c1ccsc2snnc(=O)c12
arene_3414,O=c1ccc(=O)n2c(=O)cn[nH]n12
arene_3415,O=c1nnc2cnccc2o1
arene_3416,O=c1ccn2ncsc(=O)n2c1=O
arene_3417,O=c1ccc2c(=O)oc(=O)[nH]c2[nH]1
arene_3418,O=c1oc(=O)c2sccoc1=2
arene_3419,O=c1cc2[nH]ccn2c(=O)o1
arene_3420,O=c1[nH]n2occ[nH]n2sc1=O
arene_3421,O=c1sc2ccoc2sc1=O
arene_3422,c1cnc2nc[nH]c2c1
arene_3423,O=c1ccoc2nscc12
arene_3424,O=c1nc2c(=O)ccsc2co1
arene_3425,O=c1[nH]c2cccnc2oc1=O
arene_3426,O=c1[nH]c(=O)n2c(=O)ccn2s1
arene_3427,O=c1nc[nH]c2ccnnc12
arene_3428,c1cn2snn[nH]c-2c[nH]1
arene_3429,O=c1cnc2cc[nH]c(=O)c2s1
arene_3430,O=c1[nH]ncc2ccoc(=O)c12
arene_3431,O=c1ccn2c(=O)c(=O)onc2[nH]1
arene_3432,c1n[nH]n2sccn2s1
arene_3433,O=c1cn[nH]c2[nH]ccc12
arene_3434,O=c1nn[nH]c2nnccc12
arene_3435,O=c1cnn2ccsn12
arene_3436,O=c1ccn2ncncn12
arene_3437,c1cn2sncon2[nH]1
arene_3438,O=c1ccn2c(=O)cnc(=O)n2s1
arene_3439,O=c1ccn2c(=O)sc(=O)nc2[nH]1
arene_3440,O=c1[nH]c(=O)n2[nH]ccn2c1=O
arene_3441,O=c1cc2ncccn2cn1
arene_3442,O=c1ccnc2[nH]cnn12
arene_3443,c1cnc2[nH]cnc2c1
arene_3444,O=c1[nH]c(=O)n2ccoc(=O)n2c1=O
arene_3445,O=c1ccc2cc(=O)sc(=O)n2[nH]1
arene_3446,O=c1oc(=O)c(=O)n2cconc1-2
arene_3447,O=c1ccn2nnsc(=O)c2c1
arene_3448,O=c1ccn2c(=O)c(=O)c(=O)c2n1
arene_3449,O=c1cnn2cccc2o1
arene_3450,O=c1cc2ccoc2ns1
arene_3451,O=c1[nH]nc2[nH]ccn2c1=O
arene_3452,O=c1ccc2c(=O)sccc2o1
arene_3453,O=c1[nH]n2c(=O)cc[nH]n2c1=O
arene_3454,O=c1ncn2nccc2s1
arene_3455,O=c1ccn2c(=O)c(=O)c(=O)cc-2c1=O
arene_3456,O=c1cc2cccnc2ns1
arene_3457,c1csn2nnocc-2s1
arene_3458,O=c1occc2cncnc12
arene_3459,c1csn2nnncn2o1
arene_3460,O=c1oc2ccoc(=O)c2oc1=O
arene_3461,O=c1ccc2[nH]c(=O)sc2[nH]1
arene_3462,c1cn2[nH]ccsc-2c[nH]1
arene_3463,c1cn2snnoc-2c[nH]1
arene_3464,O=c1oc2[nH]ccc(=O)c2s1
arene_3465,O=c1cnn2nccnc2n1
arene_3466,O=c1ccn2cnc(=O)n2s1
arene_3467,O=c1ccn2[nH]nnsn2[nH]1
arene_3468,c1cnn2onnon2c1
arene_3469,O=c1ncc2[nH]ccc(=O)c2s1
arene_3470,c1csn2oncn2[nH]1
arene_3471,O=c1ccn2sc(=O)c(=O)c(=O)n2o1
arene_3472,O=c1ccn2c(=O)[nH]c(=O)n2s1
arene_3473,O=c1sc(=O)n2cc[nH]cc-2c1=O
arene_3474,c1cn2onn[nH]c-2no1
arene_3475,O=c1[nH]cnc2cnccc12
arene_3476,O=c1cnc(=O)c2occsc1=2
arene_3477,O=c1nnsn2occ[nH]n12
arene_3478,O=c1cnoc2c(=O)ccoc12
arene_3479,O=c1[nH]n2occsn2oc1=O
arene_3480,O=c1sc(=O)c(=O)c2occsc1=2
arene_3481,O=c1nc2c(=O)ccon2c(=O)s1
arene_3482,O=c1occn2[nH]ccon12
arene_3483,O=c1ccn2oc(=O)c(=O)sc2n1
arene_3484,O=c1[nH]c(=O)n2ccsc(=O)n2c1=O
arene_3485,O=c1cnn2sccon2[nH]1
arene_3486,O=c1cnc2ccnn2[nH]1
arene_3487,O=c1scc2ccon12
arene_3488,O=c1cc[nH]n2scn[nH]n12
arene_3489,O=c1ccc2[nH]c(=O)c(=O)sc2o1
arene_3490,O=c1ccn2ncc(=O)c(=O)n2s1
arene_3491,O=c1nnn2occn2c1=O
arene_3492,O=c1oc(=O)c2c(=O)sccc2s1
arene_3493,O=c1nccc2nc[nH]c(=O)n12
arene_3494,O=c1ccoc2conc12
arene_3495,O=c1on2c(=O)c(=O)ccn2c(=O)s1
arene_3496,O=c1ncn2ccc(=O)c(=O)n2s1
arene_3497,O=c1ncc2ccsc2[nH]1
arene_3498,O=c1ccc(=O)n2c(=O)cnon12
arene_3499,O=c1[nH]cc2nnccn2c1=O
arene_3500,O=c1occn2c(=O)scc12
arene_3501,O=c1sn2ccsn2c1=O
arene_3502,O=c1cnc2cccc(=O)n2[nH]1
arene_3503,O=c1ccc2c(=O)c(=O)sc(=O)c=2c1=O
arene_3504,O=c1nnc2ccncc2s1
arene_3505,O=c1ncsn2c(=O)ccnc12
arene_3506,O=c1ccc2c(=O)onnc2[nH]1
arene_3507,O=c1sc(=O)c2ccoc2s1
arene_3508,c1cc2nnon2n1
arene_3509,O=c1occn2c(=O)cccc12
arene_3510,O=c1oc2ccccc2oc1=O
arene_3511,O=c1cc[nH]c2cnoc12
arene_3512,O=c1cnn2cc[nH]c(=O)n2c1=O
arene_3513,O=c1ccc2oncc(=O)c2[nH]1
arene_3514,O=c1sccc2ccsc12
arene_3515,O=c1ccn2nn[nH]n2c1=O
arene_3516,c1con2nnsn2[nH]1
arene_3517,O=c1oc2cc[nH]c(=O)c2sc1=O
arene_3518,c1cc2nscc2o1
arene_3519,O=c1ccnc[nH]1
arene_3520,O=c1nncc2ccnnn12
arene_3521,O=c1ccc2cncc(=O)n2[nH]1
arene_3522,O=c1c(=O)n2occon2c1=O
arene_3523,O=c1ccn2cnnnn12
arene_3524,c1cnc2cnncc2n1
arene_3525,O=c1scc2ncccn12
arene_3526,c1cc2csnc2cn1
arene_3527,O=c1oc2ccsc2s1
arene_3528,O=c1[nH]n2scc[nH]n2c(=O)s1
arene_3529,O=c1cnc2c(=O)[nH]ccc2[nH]1
arene_3530,O=c1ccn2nncnn12
arene_3531,O=c1[nH]nc2cc[nH]c(=O)n2c1=O
arene_3532,c1cc2cnon2n1
arene_3533,c1cn2[nH]nnsc-2ns1
arene_3534,O=c1occc2nnncc12
arene_3535,O=c1[nH]c2cccnc2sc1=O
arene_3536,O=c1ncoc2c(=O)[nH]ccc12
arene_3537,O=c1ccn2c(=O)[nH]ncn2c1=O
arene_3538,c1cn2sncoc-2c[nH]1
arene_3539,O=c1ncc2n[nH]ccn-2c1=O
arene_3540,c1csn2cn[nH]nc-2o1
arene_3541,c1csn2nnsnc-2s1
arene_3542,O=c1[nH]n2occon2oc1=O
arene_3543,c1cnn2sccon2c1
arene_3544,c1non2ccsn2o1
arene_3545,O=c1ccsc2cocc12
arene_3546,O=c1sc(=O)n2c(=O)cc[nH]n2c1=O
arene_3547,O=c1sc(=O)n2c(=O)nccc2s1
arene_3548,O=c1ccc2ocnoc1=2
arene_3549,c1ccn2scc[nH]n2c1
arene_3550,c1con2cnsnc-2o1
arene_3551,O=c1occc2c(=O)oncc12
arene_3552,O=c1ncon2sccsn12
arene_3553,O=c1scc2[nH]ccn12
arene_3554,c1con2ccsnc-2o1
arene_3555,O=c1ccn2oc(=O)oc(=O)c2n1
arene_3556,O=c1cnsc2cccn12
arene_3557,O=c1cc[nH]c2oncc12
arene_3558,O=c1occc2nsnc12
arene_3559,O=c1oncn2nccc12
arene_3560,c1nn2occsc-2n[nH]1
arene_3561,O=c1nncc2[nH]ccn12
arene_3562,O=c1ccoc2ccoc12
arene_3563,O=c1sccn2[nH]ncsn12
arene_3564,O=c1[nH]c2c(=O)occc2oc1=O
arene_3565,O=c1ccc2cnc(=O)[nH]c2[nH]1
arene_3566,c1c[nH]c2snnoc=2[nH]1
arene_3567,c1ccn2scnon2c1
arene_3568,O=c1cnn2ccncc2n1
arene_3569,O=c1cc2occc(=O)c2ns1
arene_3570,O=c1cc[nH]n2ocn[nH]n12
arene_3571,O=c1oncc2ccnnc12
arene_3572,c1cn2snnc2n1
arene_3573,O=c1cccc2cnon12
arene_3574,O=c1sc(=O)n2sccn2c1=O
arene_3575,O=c1sn2ccncn2c1=O
arene_3576,c1cn2cncc2o1
arene_3577,O=c1sn2sccn2c(=O)c1=O
arene_3578,c1nsn2ccsnc-2[nH]1
arene_3579,O=c1[nH]ccn2onn[nH]n12
arene_3580,O=c1ccc2nnc(=O)sc2s1
arene_3581,O=c1[nH]ccc2nccn12
arene_3582,O=c1[nH]nnc2ccoc(=O)c12
arene_3583,O=c1onc2nnccn12
arene_3584,O=c1occ2[nH]ccn12
arene_3585,O=c1nc2[nH]cc[nH]c-2n1
arene_3586,O=c1nc2c(=O)ccoc2c[nH]1
arene_3587,O=c1sncc2nccn12
arene_3588,O=c1ncn2c(=O)[nH]ccc2n1
arene_3589,O=c1oc(=O)n2c(=O)nccc2o1
arene_3590,O=c1nccc2nn[nH]c(=O)n12
arene_3591,O=c1cc2c(=O)cc[nH]n2nn1
arene_3592,O=c1[nH]c(=O)c2nccc(=O)n2o1
arene_3593,O=c1cnnc2nnccn12
arene_3594,O=c1[nH]cnc2occc12
arene_3595,O=c1ccc2occoc=2c1=O
arene_3596,O=c1cnnc2ccccn12
arene_3597,O=c1snc2nnccn12
arene_3598,O=c1ccn2[nH]cnon2o1
arene_3599,O=c1[nH]c(=O)c2cccn2s1
arene_3600,O=c1sncn2cccc12
arene_3601,O=c1ccc2onnoc=2c1=O
arene_3602,O=c1ccn2nnccc2c1
arene_3603,O=c1ccn2scnc(=O)c2n1
arene_3604,O=c1ccn2sc(=O)oc2n1
arene_3605,O=c1cnn2ccncc2c1
arene_3606,O=c1ccn2sncn12
arene_3607,O=c1ccc(=O)c2onn[nH]c1=2
arene_3608,O=c1nc2ccsc(=O)c2co1
arene_3609,O=c1ccc2sncoc1=2
arene_3610,O=c1sncn2occon12
arene_3611,c1cc2occc2cn1
arene_3612,O=c1nc2occc(=O)c2ns1
arene_3613,c1csc2noncn-2[nH]1
arene_3614,O=c1ccsn2sncon12
arene_3615,O=c1[nH]n2ccnc2sc1=O
arene_3616,O=c1ncc2sc(=O)ccc2o1
arene_3617,O=c1on2cccc2s1
arene_3618,O=c1cnn2c(=O)[nH]ccc2n1
arene_3619,O=c1occc2ncncc12
arene_3620,O=c1nnc2sccc(=O)c2s1
arene_3621,c1cnn2scnon2n1
arene_3622,c1cnc2snnc2n1
arene_3623,O=c1cnsn2sccsn12
arene_3624,O=c1ccc2csccn1-2
arene_3625,O=c1ncn2sc(=O)ccc2n1
arene_3626,O=c1sccn2onn[nH]n12
arene_3627,O=c1ccn2ncnnn2c1=O
arene_3628,O=c1on2sccsn2o1
arene_3629,O=c1[nH]c2ccnnc2[nH]1
arene_3630,O=c1ccc2nn[nH]c(=O)c2s1
arene_3631,O=c1nnsn2[nH]cc[nH]n12
arene_3632,O=c1ccc(=O)n2nccnn12
arene_3633,O=c1nnoc2ccoc(=O)c12
arene_3634,O=c1ccsc2n[nH]nc12
arene_3635,O=c1[nH]c2nccnc2s1
arene_3636,O=c1on2ncccn2c1=O
arene_3637,O=c1cnsc2ccnnc12
arene_3638,O=c1ccc(=O)c2c(=O)oc(=O)c1=2
arene_3639,c1nsn2ccscc-2o1
arene_3640,O=c1ccsc2c(=O)cn[nH]c12
arene_3641,O=c1nnc2cccn2s1
arene_3642,O=c1[nH]cnn2ccnc12
arene_3643,O=c1[nH]c(=O)c2ccsc2o1
arene_3644,O=c1[nH]ccc2sccc12
arene_3645,O=c1ncn2sccc2n1
arene_3646,O=c1nc2c(=O)sccc2no1
arene_3647,O=c1sc(=O)n2ccocc-2c1=O
arene_3648,O=c1ccc2[nH]nc[nH]c1=2
arene_3649,O=c1occ2cccnn12
arene_3650,O=c1ccnc2ncncn12
arene_3651,O=c1occn2ocnon12
arene_3652,O=c1sccc2ccoc12
arene_3653,O=c1[nH]nc2ccnnn2c1=O
arene_3654,O=c1nnsc2c(=O)cc[nH]c12
arene_3655,O=c1occc2cnnn12
arene_3656,c1con2sccn2[nH]1
arene_3657,O=c1on2ccnnn2c(=O)c1=O
arene_3658,c1noc2nsccn-2o1
arene_3659,O=c1ccc2sc(=O)c(=O)oc2o1
arene_3660,O=c1ncsc2ccnn12
arene_3661,c1cn2onnsn2[nH]1
arene_3662,c1cc2cnnn2s1
arene_3663,O=c1nccc2scnn12
arene_3664,O=c1ccn2oc(=O)cnc2n1
arene_3665,O=c1nc2ccncc2n[nH]1
arene_3666,O=c1nnc2c(=O)[nH]ccc2[nH]1
arene_3667,O=c1ccsc2ncsc(=O)c12
arene_3668,O=c1occc2nsc(=O)n12
arene_3669,O=c1ncsc2c(=O)cc[nH]c12
arene_3670,O=c1[nH]n2ccncn2c1=O
arene_3671,O=c1cnc2csccn1-2
arene_3672,O=c1scc2ccccn2c1=O
arene_3673,O=c1ccn2c(=O)c(=O)snc2[nH]1
arene_3674,c1csn2cn[nH]n2[nH]1
arene_3675,O=c1[nH]c(=O)c2occ[nH]c1=2
arene_3676,O=c1ncc2sccsc=2c1=O
arene_3677,O=c1nnc2[nH]ccc2o1
arene_3678,O=c1[nH]c2ccsc2oc1=O
arene_3679,c1coc2[nH]nnoc=2[nH]1
arene_3680,O=c1[nH]ccc2n[nH]cc12
arene_3681,c1cn2scnon2cn1
arene_3682,O=c1cc2sccc2ns1
arene_3683,O=c1nc2ccoc(=O)c2ns1
arene_3684,O=c1nnn2ccccn2c1=O
arene_3685,c1noc2sccsc=2[nH]1
arene_3686,O=c1cc2occsc-2n1
arene_3687,O=c1cnon2sccon12
arene_3688,O=c1nnc2csccn-2c1=O
arene_3689,O=c1nc2ccon2c(=O)o1
arene_3690,O=c1ccn2c(=O)nnn2o1
arene_3691,O=c1[nH]n2nccc2o1
arene_3692,O=c1scnn2occon12
arene_3693,O=c1[nH]c(=O)n2sccon2s1
arene_3694,O=c1oc(=O)n2c(=O)ccsn12
arene_3695,O=c1ncon2occon12
arene_3696,O=c1cnn2cnccc2c1
arene_3697,O=c1nc2sccsn-2c(=O)c1=O
arene_3698,c1nn2[nH]ccoc-2c[nH]1
arene_3699,O=c1oncc2nnccc12
arene_3700,O=c1[nH]n2c(=O)ccc(=O)n2oc1=O
arene_3701,c1con2cn[nH]n2[nH]1
arene_3702,O=c1cnc2ccoc(=O)c2s1
arene_3703,O=c1cn[nH]n2occsn12
arene_3704,O=c1ccc2c[nH]c(=O)c(=O)n2[nH]1
arene_3705,c1c[nH]n2cnncn2[nH]1
arene_3706,c1cn2[nH]ccsn2cn1
arene_3707,O=c1nnn2nnccn2c1=O
arene_3708,c1cc2nnsc2o1
arene_3709,c1ncn2[nH]ccsn2n1
arene_3710,O=c1sc(=O)c(=O)c2occ[nH]c1=2
arene_3711,O=c1ccc2nsncn1-2
arene_3712,O=c1ncon2scc[nH]n12
arene_3713,O=c1[nH]c(=O)c2nnccc2o1
arene_3714,O=c1[nH]c2c[nH]ccn-2c(=O)c1=O
arene_3715,O=c1oc2cc[nH]c(=O)c2s1
arene_3716,O=c1ccc(=O)c2c(=O)c(=O)ncc1=2
arene_3717,c1con2ccsn2[nH]1
arene_3718,c1cnn2snc[nH]n2c1
arene_3719,O=c1cnoc2ccoc12
arene_3720,c1cc2sccn2c1
arene_3721,O=c1sccc2cnnn12
arene_3722,O=c1ccn2ncncc2c1
arene_3723,O=c1nnn2c(=O)ccnc2o1
arene_3724,O=c1cc2sccc(=O)c2ns1
arene_3725,O=c1ccn2[nH]ccn12
arene_3726,O=c1cn[nH]n2cccc12
arene_3727,O=c1[nH]nnc2cccn12
arene_3728,c1cn2[nH]nnoc-2cs1
arene_3729,O=c1ccc2sc(=O)sc(=O)c2[nH]1
arene_3730,O=c1nnn2c(=O)c(=O)ccn2[nH]1
arene_3731,c1csn2cnscc-2[nH]1
arene_3732,O=c1[nH]ccc2ncsc12
arene_3733,O=c1[nH]c2sccc2s1
arene_3734,O=c1occc2ccsc12
arene_3735,O=c1ccc2nsncn-2c1=O
arene_3736,c1coc2onnoc=2o1
arene_3737,O=c1ccc2nnccc2s1
arene_3738,O=c1ccn2nnc(=O)c(=O)n2[nH]1
arene_3739,O=c1ncn2sccsn2s1
arene_3740,O=c1nnoc2ccnnc12
arene_3741,O=c1ccc2c(=O)cn[nH]c2s1
arene_3742,O=c1ccc(=O)n2[nH]nnn12
arene_3743,O=c1oc(=O)n2ccnc2s1
arene_3744,O=c1cncc2ccncn12
arene_3745,O=c1cccc2scnn12
arene_3746,O=c1ccn2c(=O)cncc2o1
arene_3747,O=c1onc2cnccn12
arene_3748,c1nsc2occsc=2[nH]1
arene_3749,O=c1cnn2[nH]ccon2s1
arene_3750,O=c1ccsc2[nH]ncc(=O)c12
arene_3751,O=c1sc2occc(=O)c2s1
arene_3752,O=c1ocnn2occon12
arene_3753,O=c1ccn2ccc(=O)sc2n1
arene_3754,O=c1cnn2ccnc2[nH]1
arene_3755,c1csc2nscnn-2o1
arene_3756,c1csn2cnsn2o1
arene_3757,c1cnc2[nH]ccc2n1
arene_3758,O=c1oc(=O)c2cc[nH]c(=O)c2o1
arene_3759,O=c1c(=O)c(=O)n2[nH]cc[nH]n2c1=O
arene_3760,c1csn2cn[nH]cc-2s1
arene_3761,O=c1[nH]c(=O)c2cnccc2o1
arene_3762,O=c1[nH]nc2ccsc(=O)n2c1=O
arene_3763,O=c1nc2ccnnc2c[nH]1
arene_3764,O=c1cc2occn2c(=O)[nH]1
arene_3765,O=c1cc[nH]c2[nH]cnc(=O)c12
arene_3766,O=c1[nH]nnc2c(=O)[nH]ccc12
arene_3767,O=c1ccsc2nnncc12
arene_3768,O=c1ccn2nnon2c1=O
arene_3769,O=c1cnc2occc(=O)c2[nH]1
arene_3770,O=c1nnc2ccnc(=O)n2[nH]1
arene_3771,c1cn2ocnon2nn1
arene_3772,O=c1ccc(=O)n2c(=O)c(=O)c(=O)cc1-2
arene_3773,O=c1nccns1
arene_3774,O=c1ccc2c(=O)nnsc2[nH]1
arene_3775,O=c1nnc2cc[nH]c2o1
arene_3776,O=c1cnsn2cccc12
arene_3777,O=c1sccn2ocn[nH]n12
arene_3778,O=c1ncn2c(=O)cc[nH]c2n1
arene_3779,c1cc2[nH]ncc2s1
arene_3780,O=c1oc2occc(=O)c2o1
arene_3781,O=c1ccn2oc(=O)nnc2c1
arene_3782,O=c1ccocc1
arene_3783,O=c1sccn2snnsn12
arene_3784,O=c1oc(=O)c2c(=O)ccoc2s1
arene_3785,O=c1cnn2occ[nH]n2o1
arene_3786,c1non2sccn2[nH]1
arene_3787,c1csc2occoc=2[nH]1
arene_3788,O=c1[nH]ccc2c(=O)[nH]ccc12
arene_3789,O=c1occn2snnsn12
arene_3790,O=c1[nH]c(=O)c2ccoc2[nH]1
arene_3791,O=c1ccn2c(=O)[nH]nc2o1
arene_3792,O=c1ccon2c(=O)nnnc12
arene_3793,c1ncc2ccoc2n1
arene_3794,O=c1cc2c(=O)cc[nH]c2co1
arene_3795,c1coc2connn-2[nH]1
arene_3796,O=c1sn2occc(=O)n2c1=O
arene_3797,O=c1oc2sccoc=2c1=O
arene_3798,O=c1ccc2nsc(=O)nc2[nH]1
arene_3799,O=c1onnc2c(=O)sccc12
arene_3800,O=c1oc2nccn2sc1=O
arene_3801,O=c1sc(=O)n2c(=O)ccn2s1
arene_3802,O=c1ncc2ccncc2s1
arene_3803,O=c1nc2ccnnc2co1
arene_3804,c1cc2cc[nH]c2[nH]1
arene_3805,O=c1oc2occc(=O)c2c(=O)s1
arene_3806,O=c1sccc2ocnc12
arene_3807,O=c1ccoc(=O)s1
arene_3808,O=c1ncc2cccnc2s1
arene_3809,c1csn2oncn2s1
arene_3810,c1ccc2nsnc2c1
arene_3811,O=c1ccc(=O)n2nn[nH]cc1-2
arene_3812,O=c1ncn2c(=O)ccnc2[nH]1
arene_3813,c1csc2csncn-2[nH]1
arene_3814,c1coc2scnsc=2[nH]1
arene_3815,O=c1ccc2onn[nH]c=2c1=O
arene_3816,O=c1sc(=O)c2cccc(=O)n2s1
arene_3817,O=c1ccn2[nH]c(=O)c(=O)[nH]c2n1
arene_3818,O=c1cn[nH]c2cc[nH]c(=O)c12
arene_3819,O=c1onnc2cccn12
arene_3820,O=c1sn2cccnn2c1=O
arene_3821,O=c1ccc2csnc2[nH]1
arene_3822,O=c1cnn2[nH]cc[nH]n2o1
arene_3823,O=c1ncc2cc[nH]c2s1
arene_3824,O=c1nnn2occon2o1
arene_3825,O=c1ccn2[nH]nc[nH]n2s1
arene_3826,O=c1[nH]ncn2sccon12
arene_3827,O=c1ncc2cc[nH]c(=O)c2o1
arene_3828,O=c1ccc2ncc(=O)c=2c1=O
arene_3829,O=c1ccc2nnoc(=O)c2o1
arene_3830,O=c1ncc2ccc(=O)sc2[nH]1
arene_3831,O=c1ncn2ccncn12
arene_3832,O=c1sccn2nccc12
arene_3833,O=c1ncsn2ccnc12
arene_3834,O=c1oc(=O)c2c(=O)cc[nH]c2o1
arene_3835,O=c1nnc2sccc(=O)c2o1
arene_3836,O=c1ccn2ncon2c1=O
arene_3837,O=c1ccc2cnnnc2o1
arene_3838,c1csc2[nH]ncoc=2o1
arene_3839,O=c1cnn2cccnc2c1
arene_3840,c1csc2scn[nH]c=2[nH]1
arene_3841,O=c1cnc2ccc(=O)sc2o1
arene_3842,O=c1nc2[nH]ccoc-2n1
arene_3843,O=c1ccn2ncoc(=O)n2c1=O
arene_3844,O=c1sc(=O)n2[nH]ccn2c1=O
arene_3845,O=c1ccc2nnncc2[nH]1
arene_3846,O=c1[nH]n2occsn2o1
arene_3847,O=c1[nH]cc2[nH]ccc(=O)n2c1=O
arene_3848,c1csc2snn[nH]c=2[nH]1
arene_3849,c1csc2sccsc=2[nH]1
arene_3850,O=c1cccc[nH]1
arene_3851,c1cnn2ncnc2n1
arene_3852,O=c1ccn2onc[nH]n2o1
arene_3853,O=c1ccc2nncnc2[nH]1
arene_3854,O=c1[nH]nc2ccncn12
arene_3855,O=c1[nH]ccc2nnnn12
arene_3856,c1c[nH]n2ncscc-2[nH]1
arene_3857,O=c1nnnc2occn12
arene_3858,O=c1ccn2c(=O)c(=O)c(=O)c(=O)n2c1=O
arene_3859,O=c1[nH]n2occon2o1
arene_3860,O=c1ccc2sc(=O)oc2o1
arene_3861,O=c1ccc2sncc2[nH]1
arene_3862,O=c1ncn2c(=O)occn2c1=O
arene_3863,O=c1cc2c(=O)ccoc2n[nH]1
arene_3864,c1nn2sccsn2[nH]1
arene_3865,O=c1sc2ccnc(=O)n2sc1=O
arene_3866,O=c1nnsn2nccc12
arene_3867,O=c1[nH]cnc2nnccc12
arene_3868,O=c1ccn2nc[nH]c2c1
arene_3869,O=c1ccn2snn[nH]n2s1
arene_3870,O=c1ccn2cncc2s1
arene_3871,O=c1nc2[nH]cc[nH]n-2c1=O
arene_3872,c1cnc2cnnn2c1
arene_3873,O=c1ccon2[nH]ncon12
arene_3874,O=c1ccn2cccnc2c1
arene_3875,O=c1cnc2[nH]ccc2s1
arene_3876,O=c1nccc2ncncn12
arene_3877,O=c1cc[nH]c2csnc12
arene_3878,O=c1sc(=O)n2c(=O)[nH]ccn12
arene_3879,O=c1ccsc2cnnn12
arene_3880,O=c1[nH]ccc2n[nH]nc12
arene_3881,O=c1cnc2cccn2s1
arene_3882,O=c1ccsn2onn[nH]n12
arene_3883,O=c1ncsc2c(=O)[nH]ccc12
arene_3884,O=c1ccn2onnn12
arene_3885,c1cn2onnon2o1
arene_3886,O=c1ccn2c(=O)c(=O)c(=O)on2[nH]1
arene_3887,O=c1cnn2ccoc2n1
arene_3888,O=c1[nH]cc2ccoc(=O)n2c1=O
arene_3889,O=c1ccc2c(=O)c(=O)nnc=2c1=O
arene_3890,O=c1ccc(=O)n2c(=O)nc[nH]n12
arene_3891,O=c1nc2ccc(=O)sn2c(=O)o1
arene_3892,O=c1[nH]n2ccnc2c(=O)s1
arene_3893,O=c1ncnc2ccsc(=O)n12
arene_3894,O=c1ocnc2c(=O)[nH]ccc12
arene_3895,c1nc2occc2[nH]1
arene_3896,O=c1nnn2ccsc2n1
arene_3897,O=c1oc(=O)n2nnccn12
arene_3898,O=c1cc2ccoc(=O)n2c(=O)s1
arene_3899,O=c1ccn2c(=O)c(=O)[nH]cc2o1
arene_3900,O=c1ccc2c(=O)ocnc2[nH]1
arene_3901,c1ccc2ocnc2c1
arene_3902,O=c1cc2c(=O)cc[nH]n2c(=O)[nH]1
arene_3903,O=c1ccc2c(=O)oncc2[nH]1
arene_3904,O=c1ccn2cncc2o1
arene_3905,O=c1cc2cc[nH]n2c(=O)o1
arene_3906,O=c1ccc2c(=O)ccsc2s1
arene_3907,O=c1oc(=O)c2nnccc2s1
arene_3908,O=c1ncc2occc(=O)c2s1
arene_3909,O=c1[nH]cc2cnccn2c1=O
arene_3910,c1cn2cnnc2cn1
arene_3911,O=c1ccc2csncn-2c1=O
arene_3912,O=c1ccc2coc(=O)nc2o1
arene_3913,O=c1nc2ccon2c(=O)s1
arene_3914,O=c1[nH]ccc2ncncc12
arene_3915,O=c1ccon2nnnc12
arene_3916,O=c1[nH]n2cc[nH]nc-2c1=O
arene_3917,c1nnn2scc[nH]n2n1
arene_3918,O=c1cccc2ncncn12
arene_3919,O=c1cc2ccc(=O)sn2c(=O)o1
arene_3920,O=c1nnsc2nnccc12
arene_3921,c1cn2[nH]nc[nH]n2[nH]1
arene_3922,O=c1ccc2c(=O)[nH]cnc2[nH]1
arene_3923,O=c1nnsc2ccoc(=O)c12
arene_3924,O=c1cnn2nnccn12
arene_3925,c1non2ccon2[nH]1
arene_3926,O=c1ccn2scnc(=O)n12
arene_3927,O=c1cc2c(=O)occc2n[nH]1
arene_3928,c1con2ncon2[nH]1
arene_3929,c1cc2nonc2nn1
arene_3930,O=c1cc2ccc(=O)[nH]c2n[nH]1
arene_3931,O=c1nc2c(=O)ccsc2cs1
arene_3932,O=c1ccc2sc(=O)c(=O)oc2[nH]1
arene_3933,O=c1oc2c(=O)ccsc2sc1=O
arene_3934,O=c1oc(=O)c2[nH]cc[nH]c1=2
arene_3935,O=c1sccn2ocnsn12
arene_3936,O=c1cnn2ccsc(=O)c2n1
arene_3937,O=c1oc2ccnn2o1
arene_3938,c1cc2nnncc2cn1
arene_3939,O=c1ccn2sc(=O)[nH]c2n1
arene_3940,O=c1nccc2oncn12
arene_3941,c1noc2noccn-2[nH]1
arene_3942,O=c1ccoc2cnccc12
arene_3943,O=c1onnc2cccnc12
arene_3944,O=c1ccsc2nncnc12
arene_3945,c1nn2occ[nH]c-2c[nH]1
arene_3946,O=c1[nH]c2occc2c(=O)o1
arene_3947,O=c1ccsc2c(=O)nn[nH]c12
arene_3948,O=c1ccn2[nH]c(=O)c(=O)c(=O)n2s1
arene_3949,O=c1ccc2coc(=O)nc2[nH]1
arene_3950,O=c1ccn2ncoc(=O)c2n1
arene_3951,O=c1[nH]c(=O)c2ccnc(=O)n2o1
arene_3952,O=c1oc2nccnc2s1
arene_3953,O=c1ncsc2c(=O)sccc12
arene_3954,O=c1nc2ccccc2c[nH]1
arene_3955,O=c1[nH]cnc2[nH]ccc12
arene_3956,O=c1cc2ccc(=O)sn2nn1
arene_3957,O=c1nnc2nccnc2[nH]1
arene_3958,O=c1ccn2c(=O)[nH]c(=O)n2[nH]1
arene_3959,O=c1ccn2nconc1-2
arene_3960,O=c1ccoc2snnc(=O)c12
arene_3961,O=c1cnc(=O)n2cnccn12
arene_3962,O=c1ccc2sc(=O)c(=O)c1=2
arene_3963,O=c1ccc2conc2[nH]1
arene_3964,O=c1[nH]c2nnccc2c(=O)o1
arene_3965,O=c1ccn2[nH]cnc(=O)c2c1
arene_3966,c1cnc2sncc2c1
arene_3967,O=c1cc2c(=O)occc2no1
arene_3968,O=c1cc[nH]n2ccnc12
arene_3969,O=c1ccn2[nH]nnn12
arene_3970,O=c1ccnc2[nH]nnc(=O)n12
arene_3971,O=c1sccc2nsnc12
arene_3972,O=c1oc2nccc(=O)n2o1
arene_3973,O=c1ccn2oc(=O)sc(=O)c2n1
arene_3974,O=c1ncn2ccnnn2c1=O
arene_3975,O=c1oc2[nH]ccoc=2c1=O
arene_3976,O=c1[nH]n2c(=O)ccnc2c(=O)s1
arene_3977,O=c1cccc2ncsc(=O)n12
arene_3978,O=c1on2sccsn2c(=O)s1
arene_3979,c1nn2[nH]cc[nH]c-2n[nH]1
arene_3980,O=c1ncoc2occc12
arene_3981,O=c1cnc2occc2s1
arene_3982,O=c1[nH]ncn2[nH]ccon12
arene_3983,O=c1ccn2nnnc2[nH]1
arene_3984,O=c1ccon2onnsn12
arene_3985,O=c1cnon2nccc12
arene_3986,O=c1onnn2nccc12
arene_3987,O=c1ccn2[nH]c(=O)ccc2n1
arene_3988,O=c1cnn2[nH]ccsn2o1
arene_3989,c1csc2csncn-2o1
arene_3990,O=c1cc[nH]c2nnnnc12
arene_3991,c1cn2[nH]ncoc-2co1
arene_3992,O=c1ccn2ncocc-2c1=O
arene_3993,O=c1onnn2occ[nH]n12
arene_3994,O=c1cc2c(=O)cc[nH]n2c(=O)s1
arene_3995,O=c1nc2ccccn2c(=O)s1
arene_3996,O=c1ccnc2cccnn12
arene_3997,O=c1nc[nH]c2cccn12
arene_3998,O=c1nccc2nn[nH]n12
arene_3999,O=c1[nH]c2cc[nH]c(=O)c2sc1=O
arene_4000,O=c1[nH]n2c(=O)ccn2c(=O)s1
arene_4001,O=c1ccc2nc(=O)oc(=O)n2[nH]1
arene_4002,c1nn2sccon2[nH]1
arene_4003,O=c1ncn2ccsn2c1=O
arene_4004,O=c1[nH]cc2ccon12
arene_4005,O=c1ncn2[nH]ccon2o1
arene_4006,O=c1[nH]c2cc[nH]c(=O)c2oc1=O
arene_4007,O=c1ncc2n[nH]ccn1-2
arene_4008,O=c1oc(=O)c2c(=O)occc2o1
arene_4009,O=c1sccn2[nH]nnon12
arene_4010,O=c1ncn2c(=O)cccc2s1
arene_4011,O=c1sn2ccc(=O)n2s1
arene_4012,O=c1occc2onnc12
arene_4013,O=c1cc[nH]n2scnsn12
arene_4014,O=c1ccc(=O)c2c(=O)nnc1=2
arene_4015,O=c1nnn2occc(=O)c2n1
arene_4016,O=c1cnon2occon12
arene_4017,O=c1nnn2cc[nH]n2c1=O
arene_4018,O=c1[nH]ccn2c(=O)cccc12
arene_4019,O=c1cc2sc(=O)ccn2cn1
arene_4020,O=c1nc2cc[nH]c(=O)c2ns1
arene_4021,O=c1nc[nH]c2[nH]ccc12
arene_4022,O=c1ccc2nnc(=O)c(=O)c1=2
arene_4023,O=c1cnc(=O)c2c(=O)c(=O)ccc1=2
arene_4024,O=c1nnon2sccon12
arene_4025,O=c1[nH]c(=O)n2c(=O)ccn2o1
arene_4026,O=c1ccoc2nccnc12
arene_4027,O=c1ccc(=O)n2c(=O)nn[nH]n12
arene_4028,O=c1ncc(=O)n2sccn12
arene_4029,O=c1ccsc2scnc(=O)c12
arene_4030,c1cn2snn[nH]c-2no1
arene_4031,O=c1ccn2occon2o1
arene_4032,c1nc2[nH]ccn2n1
arene_4033,c1cnn2scn[nH]n2c1
arene_4034,O=c1oncn2[nH]ccon12
arene_4035,O=c1[nH]ccn2occsn12
arene_4036,O=c1ncn2ccsn12
arene_4037,c1cc2ccon2c1
arene_4038,O=c1ccon2oncon12
arene_4039,c1csc2oncsc=2[nH]1
arene_4040,O=c1ccc2ncnnc2[nH]1
arene_4041,O=c1[nH]n2sccon2c(=O)s1
arene_4042,O=c1scc2ccccn12
arene_4043,O=c1ccsc2c(=O)cc[nH]c12
arene_4044,c1csc2scnsc=2[nH]1
arene_4045,O=c1ncoc2c(=O)cc[nH]c12
arene_4046,O=c1[nH]n2c(=O)ccsn2c1=O
arene_4047,O=c1cc[nH]c2ocnc12
arene_4048,O=c1ccc(=O)c2c(=O)c(=O)[nH]c(=O)c1=2
arene_4049,O=c1ccc(=O)n2onnn12
arene_4050,O=c1[nH]c(=O)c2sccc(=O)c2[nH]1
arene_4051,O=c1scc2cnccn12
arene_4052,O=c1cnnc2nccnn12
arene_4053,O=c1ocnn2c(=O)ccn12
arene_4054,O=c1ccsc2sccc(=O)c12
arene_4055,O=c1cnn2[nH]cc[nH]n2[nH]1
arene_4056,O=c1[nH]c2nccn2c(=O)s1
arene_4057,O=c1ccc2noc(=O)n2o1
arene_4058,O=c1ccn2nnscc1-2
arene_4059,O=c1cnn2c(=O)occc2n1
arene_4060,O=c1cn[nH]c2ccnn12
arene_4061,O=c1cnc2c(=O)ccoc2s1
arene_4062,O=c1ccn2[nH]ncn2c1=O
arene_4063,O=c1cn[nH]c2cccnc12
arene_4064,O=c1[nH]ncc2nnccc12
arene_4065,O=c1cnc(=O)n2c(=O)ccon12
arene_4066,O=c1nc[nH]c2c(=O)occc12
arene_4067,O=c1sc(=O)c2[nH]ccc(=O)c2s1
arene_4068,c1cn2onnsc-2c[nH]1
arene_4069,O=c1ccon2scc[nH]n12
arene_4070,c1noc2occoc=2[nH]1
arene_4071,c1cn2ocnsc-2n[nH]1
arene_4072,O=c1ccn2snnc(=O)c2n1
arene_4073,O=c1cc2cnccc2c[nH]1
arene_4074,c1cn2scnoc-2n[nH]1
arene_4075,O=c1[nH]n2c(=O)ccc(=O)n2s1
arene_4076,c1cc2scnc2[nH]1
arene_4077,O=c1ccc2cncc(=O)n2s1
arene_4078,O=c1ncoc2ccncc12
arene_4079,O=c1cccc2nnoc(=O)n12
arene_4080,c1con2nnonc-2o1
arene_4081,O=c1[nH]c(=O)c2ncccc2[nH]1
arene_4082,O=c1scc2ccncn2c1=O
arene_4083,O=c1cc2cc[nH]c2ns1
arene_4084,O=c1oc2cccn2c(=O)s1
arene_4085,O=c1ccc2nc[nH]c2[nH]1
arene_4086,O=c1ccn2[nH]cnon2[nH]1
arene_4087,O=c1[nH]c2c(=O)[nH]ccc2s1
arene_4088,O=c1[nH]n2ccncn2c(=O)c1=O
arene_4089,O=c1[nH]c2ccnn2c(=O)s1
arene_4090,O=c1ccn2oc(=O)c(=O)n2[nH]1
arene_4091,c1cc2nnccc2cn1
arene_4092,O=c1scnn2occsn12
arene_4093,O=c1[nH]c2cc[nH]c(=O)c2[nH]c1=O
arene_4094,O=c1nn[nH]n2occsn12
arene_4095,O=c1cccco1
arene_4096,O=c1ccn2[nH]c(=O)nnc2c1
arene_4097,O=c1sccc2cccn12
arene_4098,O=c1ccc2ocnc2[nH]1
arene_4099,O=c1nc2c(=O)sccn2c(=O)s1
arene_4100,O=c1ccn2c(=O)sncc2c1
arene_4101,O=c1ccc2sccoc1=2
arene_4102,O=c1ccn2cn[nH]cc-2c1=O
arene_4103,c1nn2occ[nH]c-2n[nH]1
arene_4104,O=c1c(=O)c(=O)n2occ[nH]n2c1=O
arene_4105,O=c1[nH]ccn2nnnc12
arene_4106,O=c1ccon2ccc(=O)n12
arene_4107,O=c1[nH]c(=O)c2cc[nH]c2[nH]1
arene_4108,O=c1[nH]c(=O)n2cc[nH]nc-2c1=O
arene_4109,O=c1occc2ccnnc12
arene_4110,O=c1ccn2ccc(=O)c(=O)n2s1
arene_4111,O=c1nnc2n[nH]ccn-2c1=O
arene_4112,c1cn2occsc-2co1
arene_4113,O=c1[nH]c2c(=O)sccc2c(=O)s1
arene_4114,O=c1[nH]c(=O)n2ccscc-2c1=O
arene_4115,O=c1nccc2ncnnn12
arene_4116,O=c1ccc2ncoc2o1
arene_4117,O=c1cc[nH]c2ccoc(=O)c12
arene_4118,O=c1[nH]ccc2cnsc12
arene_4119,O=c1ncn2occn2c1=O
arene_4120,O=c1sc2coccn-2c(=O)c1=O
arene_4121,O=c1sc2ccsc(=O)c2sc1=O
arene_4122,c1cn2sccsn2cn1
arene_4123,O=c1nnn2ccnc2[nH]1
arene_4124,O=c1nnsc2ccsc(=O)c12
arene_4125,O=c1[nH]c(=O)c2occc(=O)c2o1
arene_4126,O=c1ccoc2cccnc12
arene_4127,O=c1cc2cc[nH]n2cn1
arene_4128,O=c1occn2c(=O)nncc12
arene_4129,O=c1ccn2onnc(=O)c2n1
arene_4130,O=c1ccn2c(=O)c(=O)nnn2[nH]1
arene_4131,O=c1nnn2[nH]ccon2[nH]1
arene_4132,O=c1occn2c(=O)ncnc12
arene_4133,O=c1nc2c(=O)cc[nH]n2c(=O)[nH]1
arene_4134,O=c1nnn2c(=O)sccc2n1
arene_4135,O=c1cc2cc[nH]n2c(=O)[nH]1
arene_4136,O=c1ccn2scnc(=O)c2c1
arene_4137,O=c1ccn2cnocc-2c1=O
arene_4138,O=c1nnc(=O)n2nnccn12
arene_4139,O=c1[nH]nc2ccoc(=O)n2c1=O
arene_4140,O=c1ccc2onnoc1=2
arene_4141,c1cc2[nH]ncc2nn1
arene_4142,O=c1ncsc2ncccc12
arene_4143,O=c1ccn2ncsnc1-2
arene_4144,c1c[nH]c2scc[nH]c=2[nH]1
arene_4145,O=c1oc2nccc(=O)n2s1
arene_4146,O=c1ccc2sc(=O)c(=O)[nH]c2s1
arene_4147,O=c1ccn2c(=O)occn12
arene_4148,O=c1ncsc2c(=O)ccoc12
arene_4149,O=c1oc2cnccc2c(=O)s1
arene_4150,O=c1ccc2ccoc(=O)c2s1
arene_4151,O=c1ccn2[nH]nnn2c1=O
arene_4152,O=c1cnc(=O)n2cconc1-2
arene_4153,O=c1scc2ccoc(=O)n2c1=O
arene_4154,c1cc2nncn2o1
arene_4155,O=c1ccc2[nH]cnc2[nH]1
arene_4156,O=c1sc2sccoc=2c(=O)c1=O
arene_4157,O=c1[nH]n2c(=O)ccnc2c(=O)o1
arene_4158,O=c1ncon2cccc12
arene_4159,c1csn2snnn2o1
arene_4160,O=c1ocnc2occc12
arene_4161,O=c1ccc2n[nH]nc2[nH]1
arene_4162,O=c1c(=O)n2occsn2c1=O
arene_4163,O=c1cnc(=O)n2ccsnc1-2
arene_4164,O=c1[nH]c2ccnc(=O)n2sc1=O
arene_4165,O=c1ccn2[nH]c(=O)c(=O)sc2c1
arene_4166,O=c1ccn2[nH]c(=O)oc2n1
arene_4167,c1ccnnc1
arene_4168,O=c1cc[nH]n2c(=O)scc12
arene_4169,O=c1sc(=O)c2c(=O)[nH]ccc2s1
arene_4170,O=c1cnn2ccc(=O)c(=O)n2[nH]1
arene_4171,O=c1occc2coc(=O)n12
arene_4172,O=c1snc2c(=O)cc[nH]n2c1=O
arene_4173,c1coc2sncsc=2[nH]1
arene_4174,O=c1on2nccc2sc1=O
arene_4175,O=c1sc2ccnn2s1
arene_4176,O=c1[nH]nc2c(=O)sccn2c1=O
arene_4177,c1cnc2oncc2n1
arene_4178,c1cnn2cncc2c1
arene_4179,O=c1[nH]c2ccncc2sc1=O
arene_4180,O=c1nc2[nH]ccc2no1
arene_4181,O=c1ccn2[nH]c(=O)oc(=O)c2c1
arene_4182,O=c1cnn2nnccn2c1=O
arene_4183,O=c1nc2ccoc(=O)n2c(=O)[nH]1
arene_4184,O=c1ccc(=O)n2cnonc1-2
arene_4185,O=c1nc2cc[nH]n2c(=O)[nH]1
arene_4186,O=c1ccon2[nH]ccsn12
arene_4187,O=c1[nH]cnn2c(=O)nccc12
arene_4188,c1con2[nH]ccn2[nH]1
arene_4189,O=c1[nH]c(=O)c2c(=O)sccc2[nH]1
arene_4190,O=c1ccn2c(=O)sc(=O)cc2[nH]1
arene_4191,O=c1[nH]n2c(=O)ccn2sc1=O
arene_4192,c1n[nH]c2sccsc=2[nH]1
arene_4193,O=c1ccn2[nH]nnc(=O)c2c1
arene_4194,O=c1cc[nH]c2ncnc(=O)n12
arene_4195,O=c1ccn2cncnc2c1
arene_4196,O=c1ccn2cnoc(=O)n12
arene_4197,O=c1sc(=O)c2ccncc2s1
arene_4198,O=c1oc2sccc2sc1=O
arene_4199,O=c1[nH]c2occoc=2c1=O
arene_4200,c1cn2nnnnc2n1
arene_4201,O=c1ccc2sncc2o1
arene_4202,O=c1[nH]n2sccn2c1=O
arene_4203,c1cn2ocnoc-2co1
arene_4204,O=c1cnoc2nccnc12
arene_4205,O=c1ccn2c(=O)[nH]c(=O)sc2c1
arene_4206,O=c1occc2ccoc12
arene_4207,O=c1on2ccnc2sc1=O
arene_4208,O=c1ccnc2[nH]ccn12
arene_4209,c1cn2[nH]nnon2[nH]1
arene_4210,O=c1[nH]c2nccnc2sc1=O
arene_4211,O=c1ccn2nnonc1-2
arene_4212,O=c1ncn2cnccc2n1
arene_4213,O=c1nc2sccc(=O)c2ns1
arene_4214,O=c1ncn2ccon2c1=O
arene_4215,O=c1ccn2[nH]nnon2s1
arene_4216,O=c1cc2ccsc(=O)n2c(=O)[nH]1
arene_4217,O=c1[nH]ccn2c(=O)ccnc12
arene_4218,c1cn2snnsn2cn1
arene_4219,O=c1[nH]ccn2sncon12
arene_4220,O=c1[nH]ccn2cnnc12
arene_4221,O=c1cnoc2c(=O)sccc12
arene_4222,O=c1cncc2ncccn12
arene_4223,O=c1nc[nH]n2ccnc12
arene_4224,c1con2cnnnn2[nH]1
arene_4225,O=c1ccc(=O)c2c(=O)[nH]c(=O)c1=2
arene_4226,O=c1[nH]ccc2cnnnc12
arene_4227,O=c1[nH]n2c(=O)nccc2sc1=O
arene_4228,O=c1[nH]c2c(=O)cc[nH]c2oc1=O
arene_4229,O=c1ccc2oc(=O)c(=O)[nH]c2o1
arene_4230,O=c1[nH]ccc2cn[nH]c(=O)c12
arene_4231,c1coc2[nH]nn[nH]c=2o1
arene_4232,O=c1ccnc2occc(=O)n12
arene_4233,O=c1cc2ccc(=O)sn2c(=O)s1
arene_4234,O=c1ccc2cnc(=O)sc2s1
arene_4235,O=c1ccn2c(=O)oc(=O)sc2n1
arene_4236,O=c1cnc2occoc1=2
arene_4237,c1nn2occoc-2co1
arene_4238,O=c1cc2ccncc2n[nH]1
arene_4239,O=c1[nH]c2c(=O)sccc2oc1=O
arene_4240,O=c1ccc2c(=O)sncc2s1
arene_4241,O=c1snc2nnccn2c1=O
arene_4242,c1coc2onn[nH]c=2o1
arene_4243,c1cnn2[nH]ccon2c1
arene_4244,O=c1ncsn2c(=O)cccc12
arene_4245,O=c1ccn2ccnnc2c1
arene_4246,O=c1ccc2ncnn2o1
arene_4247,O=c1cc[nH]n2ccc(=O)n12
arene_4248,O=c1ccc2nnnnc2o1
arene_4249,c1cnc2ccncc2c1
arene_4250,O=c1ncn2cccnn12
arene_4251,O=c1[nH]n2nccc2sc1=O
arene_4252,O=c1ccc2c(=O)nnoc2[nH]1
arene_4253,O=c1[nH]c(=O)n2cconc1-2
arene_4254,O=c1ccsc2nnoc(=O)c12
arene_4255,O=c1occc2nnnnc12
arene_4256,O=c1ccc2ncc(=O)c1=2
arene_4257,O=c1ccoc2n[nH]cc12
arene_4258,O=c1cn[nH]c2ccccc12
arene_4259,O=c1nn[nH]n2[nH]cc[nH]n12
arene_4260,O=c1oc(=O)c2c(=O)[nH]ccc2o1
arene_4261,O=c1nnc(=O)n2cc[nH]nc1-2
arene_4262,O=c1nnn2occc(=O)n2c1=O
arene_4263,O=c1ccc2csnc2s1
arene_4264,c1cn2[nH]cnsn2cn1
arene_4265,O=c1[nH]nc2sccc(=O)n2c1=O
arene_4266,c1cc2snnc2nn1
arene_4267,c1cc2ncoc2[nH]1
arene_4268,O=c1[nH]n2occsn2[nH]1
arene_4269,c1csc2cscnn-2o1
arene_4270,O=c1ccoc2onnc12
arene_4271,O=c1ccn2[nH]c(=O)[nH]c(=O)c2n1
arene_4272,O=c1[nH]c(=O)c2ccsc(=O)c2[nH]1
arene_4273,O=c1ccn2c(=O)[nH]c(=O)sc2n1
arene_4274,O=c1ccc2[nH]cnsc1=2
arene_4275,O=c1ccc2nnoc(=O)c2[nH]1
arene_4276,c1cn2scnsc-2n[nH]1
arene_4277,O=c1cccc2nc[nH]c(=O)n12
arene_4278,O=c1occ2nccnn12
arene_4279,O=c1cnn2sc(=O)ccc2n1
arene_4280,O=c1[nH]c2nccc(=O)n2[nH]1
arene_4281,O=c1sccc2nccn12
arene_4282,c1csn2cnonc-2[nH]1
arene_4283,O=c1ccc2cc(=O)c(=O)nc1-2
arene_4284,O=c1ccn2[nH]c(=O)sc(=O)c2n1
arene_4285,O=c1[nH]cnn2[nH]cc[nH]n12
arene_4286,O=c1oc(=O)c(=O)n2ccscc1-2
arene_4287,c1cn2scnoc-2ns1
arene_4288,O=c1cc2occc(=O)c2co1
arene_4289,O=c1ccc2ccnnc2[nH]1
arene_4290,O=c1cncc2cnccn12
arene_4291,c1ccn2ocn[nH]n2c1
arene_4292,O=c1nc2c(=O)[nH]ccc2no1
arene_4293,O=c1cnn2cc[nH]cc1-2
arene_4294,O=c1ccc2scnc2[nH]1
arene_4295,O=c1cnc2c(=O)occc2[nH]1
arene_4296,O=c1ccc2n[nH]c(=O)c(=O)n2[nH]1
arene_4297,O=c1nc[nH]n2nccc12
arene_4298,O=c1oc(=O)c2cccnc2s1
arene_4299,c1cn2ocnoc-2no1
arene_4300,O=c1ccc(=O)n2c(=O)oncn12
arene_4301,O=c1ccn2c(=O)[nH]c(=O)[nH]c2c1
arene_4302,O=c1oc(=O)c(=O)n2ccsnc1-2
arene_4303,O=c1cc2ccnnn2c(=O)o1
arene_4304,O=c1ccn2c(=O)oc(=O)nc2o1
arene_4305,O=c1cc[nH]c2c[nH]c(=O)n12
arene_4306,O=c1cc2ccc(=O)on2c(=O)[nH]1
arene_4307,O=c1ccn2snnsn2[nH]1
arene_4308,O=c1ncc2ccccc2[nH]1
arene_4309,c1nsc2occoc=2[nH]1
arene_4310,O=c1ccnc2ncsc(=O)n12
arene_4311,O=c1ccn2c(=O)sc(=O)c(=O)n2[nH]1
arene_4312,O=c1[nH]c(=O)c2ccccc2o1
arene_4313,c1cc2ccoc2cn1
arene_4314,O=c1ccn2c(=O)c(=O)c(=O)on2s1
arene_4315,O=c1sc2cccn2s1
arene_4316,O=c1ccoc2nncnc12
arene_4317,c1ccc2c(c1)[nH]c1ccccc12
arene_4318,O=c1[nH]c(=O)c2[nH]ccc(=O)c2o1
arene_4319,c1cnn2[nH]cn[nH]n2c1
arene_4320,O=c1ccn2nnnnn2c1=O
arene_4321,O=c1ccoc2cocc12
arene_4322,O=c1ccn2sncn2c1=O
arene_4323,O=c1ncn2c(=O)sccn12
arene_4324,O=c1nc2cccnc2cs1
arene_4325,O=c1ccon2occon12
arene_4326,O=c1ccn2nnoc(=O)c2c1
arene_4327,O=c1cn[nH]c2ccsc12
arene_4328,c1cn2occon2nn1
arene_4329,c1csn2sccn2s1
arene_4330,O=c1cc2ccnnc2c[nH]1
arene_4331,O=c1oc2c(=O)sccc2c(=O)s1
arene_4332,O=c1cc[nH]c2nncc(=O)n12
arene_4333,O=c1[nH]c2ccnn2s1
arene_4334,O=c1ccn2ncc(=O)c(=O)n2[nH]1
arene_4335,O=c1ccc2cnnc(=O)n2[nH]1
arene_4336,O=c1[nH]c2sccc(=O)c2[nH]1
arene_4337,O=c1scc2nnccn2c1=O
arene_4338,O=c1[nH]c(=O)c2ccnnc2s1
arene_4339,O=c1cnn2cccnc2n1
arene_4340,O=c1oc2[nH]ccc(=O)c2c(=O)s1
arene_4341,O=c1sc(=O)n2ccsn2c1=O
arene_4342,O=c1ocnn2c(=O)cccc12
arene_4343,O=c1nnc2ncccc2o1
arene_4344,c1cn2ncsc2n1
arene_4345,O=c1[nH]c(=O)c2ccc(=O)oc2[nH]1
arene_4346,O=c1nc2nccnc2n[nH]1
arene_4347,O=c1ccon2c(=O)[nH]cc12
arene_4348,O=c1ccn2sncc2n1
arene_4349,O=c1cncc2[nH]ccn12
arene_4350,O=c1on2occsn2c(=O)s1
arene_4351,O=c1onc2ccccn12
arene_4352,O=c1ccn2cn[nH]c2n1
arene_4353,O=c1cnc(=O)c2sccoc1=2
arene_4354,O=c1ccc2csc(=O)c(=O)n2o1
arene_4355,O=c1ccc(=O)c2nc(=O)c(=O)nc1-2
arene_4356,c1ccc2c(c1)sc1ccccc12
arene_4357,c1ccc2[nH]ccc2c1
arene_4358,c1ccn2snnon2c1
arene_4359,O=c1ccn2cnscc-2c1=O
arene_4360,O=c1cc2ccc(=O)sc2c[nH]1
arene_4361,O=c1cc2occn2c(=O)o1
arene_4362,O=c1ccn2nnsc2n1
arene_4363,c1coc2oncoc=2[nH]1
arene_4364,O=c1nc2ccnnn2c(=O)[nH]1
arene_4365,O=c1ccc(=O)c(=O)c1=O
arene_4366,O=c1ncn2c(=O)cccc2[nH]1
arene_4367,O=c1nn[nH]c2ccnnc12
arene_4368,O=c1ccc2ccnn2o1
arene_4369,O=c1ccc2oncsc1=2
arene_4370,O=c1cnn2ccnnn12
arene_4371,O=c1sc(=O)n2ccnnn2c1=O
arene_4372,O=c1cc2c(=O)ccon2c(=O)[nH]1
arene_4373,O=c1[nH]c2ccoc2[nH]c1=O
arene_4374,O=c1nnc2ccc(=O)sc2o1
arene_4375,O=c1sn2ccccn2c1=O
arene_4376,O=c1[nH]c2ccnnc2[nH]c1=O
arene_4377,O=c1oc2cccc(=O)n2o1
arene_4378,c1cn2snnon2nn1
arene_4379,O=c1ccc2cnsc2o1
arene_4380,O=c1[nH]n2cc[nH]c(=O)n2c1=O
arene_4381,O=c1cnon2occsn12
arene_4382,O=c1ccc(=O)n2c(=O)sncn12
arene_4383,O=c1ccc2[nH]c(=O)c(=O)[nH]c2[nH]1
arene_4384,O=c1oc(=O)n2ccoc(=O)n2c1=O
arene_4385,c1csn2ncsn2[nH]1
arene_4386,O=c1[nH]c(=O)c2scc[nH]c1=2
arene_4387,O=c1cc2c(=O)cc[nH]c2n[nH]1
arene_4388,O=c1ccsc2ncncc12
arene_4389,O=c1oncc2ccncc12
arene_4390,O=c1occc2n[nH]cc12
arene_4391,O=c1cc[nH]n2sccon12
arene_4392,O=c1ccoc2occc(=O)c12
arene_4393,O=c1on2occ[nH]n2sc1=O
arene_4394,O=c1oc2occ[nH]c=2c1=O
arene_4395,c1csn2nnnnn2s1
arene_4396,O=c1cnon2c(=O)ccnc12
arene_4397,c1cnc2cncnc2c1
arene_4398,O=c1cn[nH]n2ccnc12
arene_4399,O=c1sn2ccon2c(=O)c1=O
arene_4400,c1cnn2scnsn2c1
arene_4401,O=c1[nH]n2[nH]ccn2c(=O)c1=O
arene_4402,O=c1occn2sccsn12
arene_4403,c1csc2snnoc=2[nH]1
arene_4404,c1c[nH]c2scn[nH]c=2[nH]1
arene_4405,O=c1cc2nccnc2ns1
arene_4406,c1csn2nnocc-2[nH]1
arene_4407,O=c1[nH]n2scc[nH]n2oc1=O
arene_4408,O=c1ccc2[nH]ccoc=2c1=O
arene_4409,O=c1cc2ccoc2no1
arene_4410,O=c1cccc2cnsn12
arene_4411,O=c1cnc2ccsc(=O)c2s1
arene_4412,O=c1nnc2c(=O)occc2o1
arene_4413,O=c1ccsc2cnoc12
arene_4414,c1cc2scnn2c1
arene_4415,O=c1nc2sccc(=O)n2c(=O)[nH]1
arene_4416,c1cnc2nnnn2c1
arene_4417,O=c1ncn2ccncn2c1=O
arene_4418,O=c1ccc2c(=O)nnc1=2
arene_4419,O=c1ccn2sc(=O)c(=O)oc2n1
arene_4420,O=c1[nH]n2ccsn2c1=O
arene_4421,O=c1oc2ccnc(=O)n2sc1=O
arene_4422,O=c1ccsn2[nH]cnsn12
arene_4423,O=c1ccn2cnccc2c1
arene_4424,O=c1[nH]c2c(=O)[nH]ccc2oc1=O
arene_4425,O=c1nnon2sccsn12
arene_4426,O=c1ncoc2c(=O)occc12
arene_4427,O=c1cc[nH]c2nnoc12
arene_4428,O=c1nnc2[nH]ccc(=O)c2[nH]1
arene_4429,O=c1sn2ccoc(=O)n2c(=O)c1=O
arene_4430,O=c1c(=O)c(=O)n2c(=O)nccc2c1=O
arene_4431,O=c1ccc2cocc2[nH]1
arene_4432,O=c1ccn2ncccc2n1
arene_4433,O=c1ccn2ccc(=O)oc2n1
arene_4434,O=c1oc(=O)c2nccc(=O)n2s1
arene_4435,O=c1ccnc2cnncn12
arene_4436,O=c1on2sccc(=O)n2c(=O)c1=O
arene_4437,O=c1oc(=O)n2[nH]cc[nH]n2o1
arene_4438,O=c1ncoc2nnccc12
arene_4439,O=c1sn2ccsnc-2c1=O
arene_4440,O=c1ccn2c(=O)occ2[nH]1
arene_4441,c1csn2[nH]nnn2o1
arene_4442,O=c1ccsc2c(=O)ccoc12
arene_4443,c1coc2snc[nH]c=2[nH]1
arene_4444,O=c1ccn2[nH]cc[nH]n2[nH]1
arene_4445,c1non2cconc-2[nH]1
arene_4446,O=c1ncc2cc[nH]c(=O)c2s1
arene_4447,c1cc2[nH]nnc2o1
arene_4448,O=c1cnc2nccn2[nH]1
arene_4449,O=c1[nH]c2cccn2o1
arene_4450,O=c1ccc(=O)n2c(=O)nnsn12
arene_4451,O=c1ccc(=O)n2occn12
arene_4452,c1coc2concn-2[nH]1
arene_4453,O=c1ncn2occc2n1
arene_4454,O=c1ccc2ccccc2o1
arene_4455,c1cn2[nH]nnsn2s1
arene_4456,c1cc2sccc2cn1
arene_4457,O=c1ccsn2ncc(=O)n12
arene_4458,c1c[nH]c2occoc=2[nH]1
arene_4459,O=c1[nH]nnn2c(=O)cccc12
arene_4460,O=c1snnc2cc[nH]c12
arene_4461,O=c1ccn2nnsn12
arene_4462,O=c1[nH]ccc2cocc12
arene_4463,O=c1ccc2ccc(=O)[nH]c2[nH]1
arene_4464,O=c1nnn2c(=O)sccn2c1=O
arene_4465,O=c1cnn2ccocc1-2
arene_4466,O=c1ccc2[nH]nnc(=O)c2o1
arene_4467,O=c1ncc2ccnn2o1
arene_4468,O=c1[nH]cnn2cccc12
arene_4469,O=c1ccn2sc(=O)[nH]c(=O)c2c1
arene_4470,O=c1oc(=O)c2occoc1=2
arene_4471,O=c1ccn2[nH]nnon2[nH]1
arene_4472,O=c1ccoc2c(=O)sccc12
arene_4473,O=c1cccc2ccoc(=O)n12
arene_4474,O=c1nc2nccnn2c(=O)[nH]1
arene_4475,O=c1sc2sccc(=O)c2s1
arene_4476,O=c1cc[nH]c2snnc(=O)c12
arene_4477,O=c1ccc2onc[nH]c=2c1=O
arene_4478,O=c1[nH]ncc2cc[nH]c12
arene_4479,O=c1cnn2cccnn12
arene_4480,O=c1ccc2ccsc(=O)c2o1
arene_4481,N=c1nc2ccccc2c[nH]1
arene_4482,O=c1ccsn2cccc12
arene_4483,O=c1ccn2nn[nH]nc-2c1=O
arene_4484,O=c1cccns1
arene_4485,c1csn2cnncn2o1
arene_4486,O=c1[nH]cnc2c(=O)[nH]ccc12
arene_4487,c1cn2nnnc2[nH]1
arene_4488,c1cn2sccoc-2c[nH]1
arene_4489,O=c1scc2c(=O)ccsn2c1=O
arene_4490,O=c1ccn2c(=O)c(=O)[nH]nc2[nH]1
arene_4491,O=c1sccc2cc[nH]c12
arene_4492,O=c1nc2sccn2c(=O)[nH]1
arene_4493,O=c1cn[nH]c2c(=O)cc[nH]c12
arene_4494,O=c1oc(=O)n2ccc(=O)n2s1
arene_4495,O=c1ncc2ccoc(=O)c2s1
arene_4496,O=c1scnn2scc[nH]n12
arene_4497,O=c1ncc2ccsc(=O)c2[nH]1
arene_4498,O=c1nc2cc[nH]c(=O)c2co1
arene_4499,O=c1[nH]ccc2cnnn12
arene_4500,O=c1ncc2c(=O)ccsc2s1
arene_4501,O=c1nc2cnccc2co1
arene_4502,O=c1ccn2scc[nH]n2[nH]1
arene_4503,c1cnn2sncon2c1
arene_4504,O=c1sc(=O)c2occ[nH]c1=2
arene_4505,c1cnc2ncnn2c1
arene_4506,O=c1ccc2cnnnc2[nH]1
arene_4507,O=c1ccn2cnsnc-2c1=O
arene_4508,c1cn2[nH]cnoc-2n[nH]1
arene_4509,c1cn2snn[nH]c-2co1
arene_4510,c1ccn2cncc2c1
arene_4511,O=c1oc(=O)n2occsn2s1
arene_4512,c1csn2ccocc-2[nH]1
arene_4513,O=c1cnnc2ncccn12
arene_4514,O=c1ncn2ccsc(=O)n12
arene_4515,c1cn2onnoc-2cs1
arene_4516,O=c1sn2[nH]cc[nH]n2sc1=O
arene_4517,O=c1ccn2oc(=O)[nH]c(=O)c2c1
arene_4518,O=c1ncn2sccn2c1=O
arene_4519,O=c1nc[nH]n2c(=O)cccc12
arene_4520,O=c1nncc2ccccn12
arene_4521,c1cnc2nnoc2c1
arene_4522,O=c1cnc2cnccc2s1
arene_4523,O=c1sc2occoc=2c(=O)c1=O
arene_4524,O=c1cc2ncccn2c(=O)s1
arene_4525,O=c1cc[nH]c2[nH]ccc(=O)c12
arene_4526,O=c1[nH]c2sccsc=2c1=O
arene_4527,O=c1sccc2ccnnc12
arene_4528,O=c1ncc2ccoc2o1
arene_4529,O=c1ccn2c(=O)c(=O)occ2s1
arene_4530,O=c1nnc2ccsc(=O)c2[nH]1
arene_4531,O=c1ccc2[nH]nnc(=O)c2s1
arene_4532,O=c1scc2[nH]ccc(=O)n2c1=O
arene_4533,c1csn2nnonc-2[nH]1
arene_4534,c1ccc2cnncc2c1
arene_4535,O=c1ncn2c(=O)ccsn2c1=O
arene_4536,O=c1ncsn2occ[nH]n12
arene_4537,O=c1nnn2cc[nH]c2n1
arene_4538,O=c1cnc(=O)c2[nH]ccoc1=2
arene_4539,c1csn2cnsnc-2[nH]1
arene_4540,O=c1oc2[nH]cc[nH]c=2c(=O)c1=O
arene_4541,c1cc2[nH]ccn2c1
arene_4542,O=c1ccn2[nH]cnsn2s1
arene_4543,O=c1[nH]c2nccc(=O)n2o1
arene_4544,O=c1oncc2sccc12
arene_4545,O=c1cnn2cc[nH]nc-2c1=O
arene_4546,O=c1ccoc2[nH]ccc12
arene_4547,O=c1sc2[nH]cc[nH]c=2c(=O)c1=O
arene_4548,O=c1ccoc2nnoc(=O)c12
arene_4549,O=c1ncc2ccnc(=O)n2[nH]1
arene_4550,O=c1[nH]c2cccn2c(=O)o1
arene_4551,O=c1ccc2onc[nH]c1=2
arene_4552,O=c1ccn2ncc(=O)n2s1
arene_4553,O=c1ccsc2ccoc12
arene_4554,O=c1nc[nH]c2cccnc12
arene_4555,O=c1ccn2c(=O)c(=O)c(=O)n2c1=O
arene_4556,O=c1ccn2cc[nH]nc1-2
arene_4557,O=c1ccn2nnnnn12
arene_4558,O=c1cc[nH]c2c(=O)scnc12
arene_4559,O=c1ccc2nc[nH]c(=O)c2o1
arene_4560,O=c1[nH]ccn2c(=O)nnnc12
arene_4561,O=c1oc2sccc(=O)c2o1
arene_4562,O=c1[nH]c(=O)n2occ[nH]n2[nH]1
arene_4563,O=c1c(=O)c2ccsc2c1=O
arene_4564,O=c1cc2c(=O)cc[nH]n2c(=O)o1
arene_4565,O=c1[nH]ccc2c(=O)[nH]ncc12
arene_4566,O=c1oc2ccoc2oc1=O
arene_4567,c1con2nnocc-2o1
arene_4568,O=c1cc2sccc(=O)c2cs1
arene_4569,O=c1ccn2c(=O)snc2o1
arene_4570,O=c1nnn2c(=O)ccc(=O)n2o1
arene_4571,O=c1[nH]c2sccc(=O)c2o1
arene_4572,O=c1nnsc2ccoc12
arene_4573,O=c1ccsn2[nH]nc[nH]n12
arene_4574,O=c1ccn2ccc(=O)c(=O)n2[nH]1
arene_4575,O=c1ccn2oc(=O)[nH]c2n1
arene_4576,c1cnon1
arene_4577,O=c1snc2nccnn12
arene_4578,O=c1oc(=O)n2c(=O)ccn2o1
arene_4579,O=c1cc2c(=O)occn2c(=O)[nH]1
arene_4580,O=c1ccn2[nH]ncsn2o1
arene_4581,O=c1on2sccc(=O)n2c1=O
arene_4582,O=c1nccc2occn12
arene_4583,O=c1cc2c(=O)sccn2cn1
arene_4584,O=c1on2ccnc2c(=O)s1
arene_4585,O=c1occc2[nH]cnc12
arene_4586,c1csn2[nH]ncn2s1
arene_4587,O=c1cc2ccoc2c[nH]1
arene_4588,O=c1ccoc2nnoc12
arene_4589,O=c1cconc1
arene_4590,O=c1ncn2occ[nH]n2[nH]1
arene_4591,O=c1scnc2ccsc12
arene_4592,O=c1nccc2ccoc(=O)n12
arene_4593,O=c1nc2sccsc-2nc1=O
arene_4594,c1csn2nconc-2[nH]1
arene_4595,O=c1ccc2oc(=O)c(=O)sc2s1
arene_4596,O=c1nc2[nH]ccsc-2n1
arene_4597,O=c1c(=O)c(=O)n2cccc2c1=O
arene_4598,c1cn2cc[nH]c2n1
arene_4599,O=c1onnn2c(=O)ccnc12
arene_4600,O=c1ncc2ccnc(=O)n2o1
arene_4601,O=c1ccc2sc(=O)nnc2[nH]1
arene_4602,O=c1ccsc2nccnc12
arene_4603,O=c1ccc2nnsc(=O)c2s1
arene_4604,c1cn2[nH]nnon2nn1
arene_4605,c1csn2cnon2o1
arene_4606,O=c1nnn2ncccn2c1=O
arene_4607,O=c1sn2occn2c1=O
arene_4608,O=c1ccn2c(=O)c(=O)ccn2s1
arene_4609,O=c1ccn2c(=O)c(=O)sc(=O)n2o1
arene_4610,O=c1nnc(=O)n2c(=O)[nH]ccn12
arene_4611,O=c1[nH]c(=O)c2ccoc2s1
arene_4612,O=c1sc2sccoc=2c1=O
arene_4613,O=c1nnc(=O)n2c(=O)ccon12
arene_4614,O=c1nnn2ccon12
arene_4615,O=c1ncn2occsn2s1
arene_4616,c1con2nnnnn2[nH]1
arene_4617,O=c1ccc2cnsc(=O)c2[nH]1
arene_4618,O=c1sc(=O)c2cccnc2s1
arene_4619,O=c1ncn2ccnc2s1
arene_4620,O=c1cccc2nccnn12
arene_4621,c1cn2sccoc-2n[nH]1
arene_4622,O=c1ccc(=O)c2c(=O)c(=O)c(=O)sc1=2
arene_4623,O=c1ccn2cnsnc1-2
arene_4624,O=c1ccc2ncccc2[nH]1
arene_4625,O=c1cc[nH]c2nccn12
arene_4626,c1csn2cnocc-2o1
arene_4627,c1c[nH]n2[nH]cnn2[nH]1
arene_4628,O=c1cnsc2ccnn12
arene_4629,O=c1ccn2ncnc2[nH]1
arene_4630,O=c1nnc2[nH]cc[nH]c1=2
arene_4631,O=c1nc2[nH]ccc2ns1
arene_4632,O=c1ccsc2c(=O)sncc12
arene_4633,O=c1ccn2ccncn12
arene_4634,O=c1ccc2coc(=O)c(=O)n2o1
arene_4635,O=c1cc[nH]n2[nH]cc[nH]n12
arene_4636,O=c1ccn2oc(=O)c(=O)sc2c1
arene_4637,O=c1sc2nccc(=O)n2sc1=O
arene_4638,O=c1[nH]c(=O)c2cccnc2o1
arene_4639,O=c1[nH]c2[nH]ccoc=2c1=O
arene_4640,O=c1c(=O)n2ccc(=O)n2c1=O
arene_4641,O=c1nnn2[nH]cc[nH]n2[nH]1
arene_4642,O=c1oc2ccnc(=O)n2c(=O)s1
arene_4643,O=c1cc2cccnn2c(=O)s1
arene_4644,O=c1ccn2sccc(=O)n2c1=O
arene_4645,c1csn2oncn2o1
arene_4646,O=c1cnn2nnccc2c1
arene_4647,O=c1ccoc2snnc12
arene_4648,O=c1cnc2[nH]cc[nH]c1=2
arene_4649,O=c1ccc2sccc(=O)c2o1
arene_4650,O=c1ccsc2[nH]ncc12
arene_4651,O=c1[nH]c(=O)c2cc[nH]c2s1
arene_4652,O=c1oc2noccn-2c(=O)c1=O
arene_4653,O=c1cnc2[nH]ccc(=O)c2[nH]1
arene_4654,c1csn2cnscc-2s1
arene_4655,O=c1nc2ccccc2ns1
arene_4656,O=c1cc2occc2co1
arene_4657,O=c1[nH]ccc2ccsc(=O)c12
arene_4658,O=c1nnn2[nH]ccn2c1=O
arene_4659,O=c1on2ccnc2s1
arene_4660,c1csc2snnsc=2[nH]1
arene_4661,O=c1cc[nH]c2c(=O)ocnc12
arene_4662,O=c1nc2ccc(=O)sc2n[nH]1
arene_4663,O=c1nc[nH]n2sccsn12
arene_4664,O=c1oncc2nccnc12
arene_4665,O=c1[nH]ncc2[nH]ccc12
arene_4666,c1cc2cscc2s1
arene_4667,c1cc2ocnc2[nH]1
arene_4668,O=c1nnc2oc(=O)ccc2[nH]1
arene_4669,O=c1ccc(=O)c2c(=O)nnc(=O)c1=2
arene_4670,c1con2ccon2[nH]1
arene_4671,O=c1cc2scc[nH]c-2n1
arene_4672,O=c1ccsn2c(=O)ncnc12
arene_4673,O=c1cccc2ccon12
arene_4674,O=c1ccc2c(=O)c(=O)c(=O)sc=2c1=O
arene_4675,O=c1ccc2cc(=O)c(=O)cc1-2
arene_4676,O=c1ccn2oc(=O)c(=O)n2o1
arene_4677,c1cc2[nH]nnn2n1
arene_4678,O=c1cc2oc(=O)ccc2no1
arene_4679,O=c1occc2c(=O)occc12
arene_4680,O=c1ccc2nscc2o1
arene_4681,c1cnnnn1
arene_4682,c1cc2cncnc2nn1
arene_4683,c1ccn2sncon2c1
arene_4684,c1ccc2sccc2c1
arene_4685,O=c1cc2[nH]cc[nH]c-2nc1=O
arene_4686,c1cn2scnoc-2c[nH]1
arene_4687,O=c1oncn2c(=O)ccnc12
arene_4688,O=c1ccn2c(=O)c(=O)c(=O)c2c1
arene_4689,O=c1nnnc2ccncn12
arene_4690,O=c1sn2[nH]ccc(=O)n2c1=O
arene_4691,O=c1oc2ccccc2s1
arene_4692,c1cc2nnnn2nn1
arene_4693,O=c1cc[nH]n2ocnsn12
arene_4694,O=c1occ2c(=O)ccon2c1=O
arene_4695,O=c1[nH]n2c(=O)cccc2oc1=O
arene_4696,O=c1ccn2c(=O)c(=O)snc2s1
arene_4697,O=c1cc2cnccn2c(=O)s1
arene_4698,O=c1[nH]n2c(=O)occn2c1=O
arene_4699,O=c1cnn2ccsnc-2c1=O
arene_4700,O=c1cnc2ccnnc2s1
arene_4701,O=c1cnn2c(=O)[nH]ccn2c1=O
arene_4702,O=c1nccc2cnon12
arene_4703,O=c1nc2sccc2cs1
arene_4704,O=c1ncsn2sccsn12
arene_4705,O=c1oc2occsc=2c(=O)c1=O
arene_4706,O=c1ccc2sncc(=O)c2s1
arene_4707,O=c1ccc2c(=O)sc(=O)c(=O)c1=2
arene_4708,O=c1oc2nccnc2c(=O)s1
arene_4709,O=c1oc(=O)n2[nH]cc[nH]n2s1
arene_4710,O=c1ccc2csc(=O)nc2[nH]1
arene_4711,O=c1sc(=O)c2sccc2s1
arene_4712,O=c1[nH]n2occon2c(=O)s1
arene_4713,O=c1cc[nH]c2ccsc(=O)c12
arene_4714,O=c1ccc2nsnc2o1
arene_4715,O=c1cc2cnccn2nn1
arene_4716,O=c1sccc2nsc(=O)n12
arene_4717,O=c1occc2nncnc12
arene_4718,O=c1ncsc2occc12
arene_4719,O=c1ncc2c(=O)ccsc2[nH]1
arene_4720,O=c1[nH]c2c(=O)cc[nH]c2s1
arene_4721,O=c1ccsc2cn[nH]c12
arene_4722,O=c1ccc(=O)c2c(=O)c(=O)sc(=O)c1=2
arene_4723,O=c1[nH]c(=O)n2ccccn12
arene_4724,O=c1ccn2c(=O)ccnc2o1
arene_4725,O=c1cnn2cc[nH]n2c1=O
arene_4726,c1cnn2nncc2c1
arene_4727,O=c1occ2cc[nH]n12
arene_4728,O=c1ccn2[nH]c(=O)oc2c1
arene_4729,O=c1cnc2ccoc2o1
arene_4730,O=c1cc[nH]n2c(=O)snc12
arene_4731,O=c1sn2nccnn2c1=O
arene_4732,c1cnn2scc[nH]n2n1
arene_4733,O=c1ccc2nc(=O)c(=O)cc1-2
arene_4734,O=c1cc2[nH]ccon-2c(=O)c1=O
arene_4735,O=c1nc2sccc(=O)n2c(=O)s1
arene_4736,O=c1cc[nH]n2[nH]cn[nH]n12
arene_4737,O=c1cc2ccnnn2nn1
arene_4738,O=c1oc(=O)c2cc[nH]c2o1
arene_4739,O=c1ncn2sccon2[nH]1
arene_4740,O=c1[nH]c2ccoc(=O)c2o1
arene_4741,O=c1ccn2c(=O)onc2o1
arene_4742,O=c1cnc2c[nH]ccn-2c1=O
arene_4743,O=c1ncc(=O)n2ncccn12
arene_4744,c1cnn2occ[nH]n2c1
arene_4745,O=c1occn2c(=O)occ12
arene_4746,O=c1ncn2ccocc-2c1=O
arene_4747,O=c1[nH]c(=O)c2ccsc2s1
arene_4748,O=c1nnn2cc[nH]cc1-2
arene_4749,O=c1onc2sccc(=O)n2c1=O
arene_4750,O=c1c(=O)c2ccncc2c1=O
arene_4751,O=c1ccon2onnon12
arene_4752,c1cc2n[nH]cc2nn1
arene_4753,O=c1ccn2ccsn2c1=O
arene_4754,c1con2[nH]nnn2[nH]1
arene_4755,O=c1ccc2onnc(=O)c2[nH]1
arene_4756,O=c1ccsc2c(=O)ncsc12
arene_4757,c1cn2nnncc2n1
arene_4758,O=c1oc(=O)c2cccc(=O)n2s1
arene_4759,c1coc2oncsc=2[nH]1
arene_4760,O=c1ccn2c(=O)[nH]nnn2c1=O
arene_4761,O=c1c(=O)c2ccccc2c1=O
arene_4762,c1cnc2oncc2c1
arene_4763,O=c1ccc2cncnc2[nH]1
arene_4764,O=c1[nH]cnc2ccncc12
arene_4765,c1cn2nnnc2o1
arene_4766,O=c1occ2ccoc(=O)n2c1=O
arene_4767,O=c1occn2c(=O)cnnc12
arene_4768,O=c1ncsc2c(=O)occc12
arene_4769,O=c1cc2sc(=O)ccn2c(=O)[nH]1
arene_4770,O=c1ccnc2nn[nH]n12
arene_4771,O=c1sc(=O)n2ccsnc-2c1=O
arene_4772,O=c1nnc2[nH]ccc(=O)c2o1
arene_4773,O=c1ncn2ccsnc-2c1=O
arene_4774,O=c1ccsn2[nH]nn[nH]n12
arene_4775,c1cn2[nH]nnon2cn1
arene_4776,O=c1[nH]n2ccoc(=O)n2c1=O
arene_4777,O=c1nccc2nccnn12
arene_4778,O=c1cn[nH]c2sccc12
arene_4779,O=c1oc(=O)c2[nH]ccc(=O)c2o1
arene_4780,c1ccn2snn[nH]n2c1
arene_4781,O=c1ccn2ncnnc2c1
arene_4782,O=c1ccoc2c(=O)nnoc12
arene_4783,c1c[nH]n2oncn2[nH]1
arene_4784,O=c1ccc2nsc(=O)c(=O)n2o1
arene_4785,O=c1[nH]c(=O)n2occsn2[nH]1
arene_4786,O=c1ccc(=O)n2sccn12
arene_4787,c1non2ccsnc-2o1
arene_4788,O=c1oc2occsc=2c1=O
arene_4789,c1coc2ocn[nH]c=2[nH]1
arene_4790,O=c1oncn2sccsn12
arene_4791,O=c1ccoc2nncn12
arene_4792,O=c1ccc2sncc(=O)c2[nH]1
arene_4793,c1cn2oncsc-2co1
arene_4794,O=c1cc[nH]n2occ[nH]n12
arene_4795,O=c1ccn2cnon12
arene_4796,O=c1ccn2sccn2c1=O
arene_4797,O=c1ccn2cnonc1-2
arene_4798,O=c1ccn2c(=O)onc2[nH]1
arene_4799,O=c1sc(=O)n2c(=O)occn2c1=O
arene_4800,O=c1nnn2cc[nH]nc1-2
arene_4801,O=c1cnn2ccccn2c1=O
arene_4802,O=c1oc2cnccc2sc1=O
arene_4803,O=c1ccn2c(=O)scnn2c1=O
arene_4804,O=c1[nH]cc2ccncn12
arene_4805,O=c1ccn2c(=O)nnon2c1=O
arene_4806,O=c1on2ccsc(=O)n2c(=O)c1=O
arene_4807,O=c1ccn2[nH]cnc(=O)c2n1
arene_4808,O=c1sccc2ncsc(=O)c12
arene_4809,O=c1[nH]nc2ccccn12
arene_4810,c1cn2snc[nH]c-2n[nH]1
arene_4811,O=c1ccn2nnsnc1-2
arene_4812,O=c1oncn2cccc12
arene_4813,c1cc2[nH]cnn2c1
arene_4814,c1cc2ncnnn2c1
arene_4815,O=c1cnsn2ccnc12
arene_4816,O=c1[nH]n2ccc(=O)n2[nH]1
arene_4817,c1csc2sncoc=2o1
arene_4818,O=c1ocnn2sccon12
arene_4819,O=c1ccc2[nH]c(=O)oc(=O)c2[nH]1
arene_4820,O=c1ccc2cn[nH]c2o1
arene_4821,O=c1cc2occ[nH]c-2nc1=O
arene_4822,O=c1on2c(=O)ccnc2c(=O)s1
arene_4823,O=c1occn2onnon12
arene_4824,O=c1nc2c(=O)ccoc2no1
arene_4825,c1cc2nnoc2cn1
arene_4826,O=c1nnn2ccnc2o1
arene_4827,O=c1nnnc2ccon12
arene_4828,O=c1ccn2scnc2c1
arene_4829,O=c1[nH]c2nccn2[nH]c1=O
arene_4830,O=c1ccn2oc(=O)c(=O)[nH]c2c1
arene_4831,O=c1cnn2ccccc2c1
arene_4832,O=c1cc2ccnnn2cn1
arene_4833,c1c[nH]n2nnocc-2[nH]1
arene_4834,O=c1ccc2sc(=O)sc2[nH]1
arene_4835,O=c1sc(=O)c2ccsc(=O)c2s1
arene_4836,O=c1ncn2ccsc(=O)n2c1=O
arene_4837,O=c1nnoc2sccc12
arene_4838,O=c1ccn2c(=O)scnc2n1
arene_4839,O=c1ccc2conc2s1
arene_4840,O=c1sc(=O)c2[nH]ccc2s1
arene_4841,O=c1ccn2c(=O)oc(=O)[nH]c2n1
arene_4842,O=c1ccsn2ocnsn12
arene_4843,O=c1nnsc2c(=O)occc12
arene_4844,O=c1ncc2occc2s1
arene_4845,O=c1ccn2ncon12
arene_4846,O=c1ccoc2[nH]ncc(=O)c12
arene_4847,O=c1[nH]c2scc[nH]c=2c1=O
arene_4848,O=c1ccc2nc(=O)onc2o1
arene_4849,c1coc2onn[nH]c=2[nH]1
arene_4850,O=c1nnc(=O)n2c(=O)occn12
arene_4851,O=c1ccn2oc(=O)oc(=O)c2c1
arene_4852,c1csc2snnoc=2s1
arene_4853,O=c1ccc2ncoc(=O)c2o1
arene_4854,c1cn2ocn[nH]c-2n[nH]1
arene_4855,O=c1ccn2cnc(=O)[nH]c2c1
arene_4856,O=c1scc2sccn12
arene_4857,O=c1ccsc2csc(=O)n12
arene_4858,O=c1cnoc2cc[nH]c12
arene_4859,O=c1[nH]c(=O)n2c(=O)ccc(=O)n2s1
arene_4860,O=c1oc2ccccc2o1
arene_4861,O=c1ccn2c(=O)ccn2o1
arene_4862,O=c1cc[nH]n2c(=O)nnnc12
arene_4863,O=c1[nH]c2[nH]ccc(=O)c2c(=O)s1
arene_4864,O=c1ccc2nsccn-2c1=O
arene_4865,O=c1ncoc2ncccc12
arene_4866,O=c1nc2occc(=O)c2c[nH]1
arene_4867,O=c1sc2noccn-2c1=O
arene_4868,c1cc2[nH]ncc2[nH]1
arene_4869,O=c1nnc2nccnc2s1
arene_4870,O=c1sc(=O)c(=O)n2cconc1-2
arene_4871,O=c1cc2cnccc2no1
arene_4872,O=c1nnn2ccoc(=O)n2c1=O
arene_4873,c1cn2onc[nH]n2nn1
arene_4874,O=c1cccc2ncsn12
arene_4875,c1con2scnn2[nH]1
arene_4876,c1cc2ncon2n1
arene_4877,O=c1nc2cc[nH]n2c(=O)s1
arene_4878,O=c1[nH]n2sccsn2oc1=O
arene_4879,O=c1nc2ccc(=O)c(=O)c-2n1
arene_4880,O=c1ccn2c(=O)nn[nH]n2c1=O
arene_4881,O=c1sncn2[nH]ccsn12
arene_4882,O=c1ccc2cnoc2s1
arene_4883,O=c1nc2c(=O)occc2cs1
arene_4884,O=c1[nH]ncc2ccoc12
arene_4885,O=c1ccn2[nH]c(=O)c(=O)n2[nH]1
arene_4886,O=c1ccn2ccoc2n1
arene_4887,O=c1ncn2c(=O)ccsc2n1
arene_4888,O=c1ccoc2ncnc(=O)n12
arene_4889,O=c1on2ccc(=O)c(=O)n2s1
arene_4890,O=c1cc[nH]c2cnnc(=O)n12
arene_4891,O=c1ccn2sncc2c1
arene_4892,O=c1[nH]c2cccnc2o1
arene_4893,O=c1oc2occc(=O)c2s1
arene_4894,c1cn2[nH]cnon2cn1
arene_4895,O=c1on2occon2s1
arene_4896,c1cnc2occc2c1
arene_4897,O=c1nc2ccsc(=O)c2cs1
arene_4898,c1cn[nH]c1
arene_4899,O=c1nnn2c(=O)occn2c1=O
arene_4900,O=c1sccn2c(=O)ccnc12
arene_4901,O=c1[nH]c(=O)c2[nH]cc[nH]c1=2
arene_4902,O=c1cnc2c(=O)[nH]ccc2o1
arene_4903,O=c1ccon2sccon12
arene_4904,O=c1[nH]c(=O)n2sccon2[nH]1
arene_4905,O=c1[nH]n2[nH]ccn2c1=O
arene_4906,O=c1oc2csccn-2c1=O
arene_4907,O=c1ccnc2cnnnn12
arene_4908,O=c1ccsc2cncnc12
arene_4909,O=c1sc(=O)c(=O)n2ccsnc1-2
arene_4910,c1csn2ncsnc-2[nH]1
arene_4911,O=c1cc2sc(=O)ccc2n[nH]1
arene_4912,O=c1ccc2sc(=O)sc2s1
arene_4913,O=c1sn2[nH]cc[nH]n2s1
arene_4914,O=c1cnn2cnccn2c1=O
arene_4915,O=c1nc2c(=O)[nH]ccc2ns1
arene_4916,O=c1c(=O)c2cccn2c1=O
arene_4917,c1cnc2n[nH]nc2c1
arene_4918,O=c1cnc2sccc(=O)c2o1
arene_4919,O=c1sc2nccn2sc1=O
arene_4920,O=c1occc2nnsc12
arene_4921,O=c1cc2occ[nH]n-2c(=O)c1=O
arene_4922,O=c1ccnc2ocnc(=O)n12
arene_4923,c1nc2occn2n1
arene_4924,O=c1ccsn2c(=O)ccn12
arene_4925,O=c1nnc2ccncc2o1
arene_4926,O=c1occn2cccc12
arene_4927,c1cnc2cnncc2c1
arene_4928,O=c1ncn2c(=O)nccc2o1
arene_4929,c1cn2[nH]ccsn2nn1
arene_4930,O=c1ccnc2cnoc(=O)n12
arene_4931,O=c1oc(=O)n2cc[nH]cc-2c1=O
arene_4932,O=c1ccsc2ocnc12
arene_4933,O=c1ccn2c(=O)[nH]c(=O)oc2c1
arene_4934,O=c1cc2c(=O)sccn2c(=O)o1
arene_4935,O=c1sn2[nH]ccon2sc1=O
arene_4936,O=c1ccn2sc(=O)c(=O)c(=O)n2s1
arene_4937,c1c[nH]n2ccscc-2[nH]1
arene_4938,c1cc2nnon2c1
arene_4939,c1csc2[nH]nc[nH]c=2[nH]1
arene_4940,O=c1[nH]c2cnccc2s1
arene_4941,c1cn2[nH]nc[nH]n2cn1
arene_4942,O=c1nnsc2c(=O)sccc12
arene_4943,O=c1oc2ccc(=O)sc2o1
arene_4944,O=c1[nH]ccc2nsc(=O)n12
arene_4945,O=c1ccn2occc2c1
arene_4946,O=c1ccsc2c(=O)onnc12
arene_4947,O=c1[nH]n2nccc2oc1=O
arene_4948,c1cc2nncnn2n1
arene_4949,O=c1nnn2c(=O)ccn2[nH]1
arene_4950,O=c1c(=O)c(=O)n2c(=O)ccnc2c1=O
arene_4951,O=c1cnc(=O)c2occoc1=2
arene_4952,O=c1[nH]c2cccn2[nH]1
arene_4953,O=c1ccsc2c(=O)oncc12
arene_4954,O=c1[nH]c(=O)c2ccnc(=O)n2s1
arene_4955,c1csn2nn[nH]n2[nH]1
arene_4956,O=c1oc(=O)n2c(=O)sccn12
arene_4957,O=c1ccn2oncc2n1
arene_4958,c1cc2cnnn2o1
arene_4959,O=c1sc(=O)n2c(=O)cccc2s1
arene_4960,O=c1oc(=O)n2cccc2o1
arene_4961,O=c1sc2[nH]ccc(=O)c2sc1=O
arene_4962,O=c1[nH]n2[nH]ccsn2o1
arene_4963,c1cn2sccsn2[nH]1
arene_4964,c1cn2snn[nH]n2cn1
arene_4965,O=c1nnn2c(=O)ccnc2[nH]1
arene_4966,O=c1ccc2onnc2[nH]1
arene_4967,O=c1ccn2c(=O)onc2s1
arene_4968,O=c1cc2c(=O)ccsn2c(=O)[nH]1
arene_4969,O=c1ncn2occsn2o1
arene_4970,O=c1sn2c(=O)ccon2c(=O)c1=O
arene_4971,O=c1ccn2c(=O)nnn2s1
arene_4972,O=c1cnsn2occsn12
arene_4973,O=c1[nH]ccn2[nH]nc[nH]n12
arene_4974,c1cn2[nH]cc[nH]n2nn1
arene_4975,O=c1[nH]nnc2ccsc(=O)c12
arene_4976,c1cn2[nH]ccon2nn1
arene_4977,O=c1ccc(=O)n2cconc1-2
arene_4978,O=c1ccsn2c(=O)ccnc12
arene_4979,O=c1ccc(=O)n2nnsnc1-2
arene_4980,O=c1[nH]cnc2cc[nH]c12
arene_4981,O=c1ccn2cnnc2o1
arene_4982,c1cn2ocnsc-2no1
arene_4983,O=c1ccc2ncc(=O)sc2s1
arene_4984,O=c1[nH]c2c(=O)ccoc2s1
arene_4985,O=c1ncc2[nH]ccsc=2c1=O
arene_4986,O=c1cnc2sccc(=O)c2[nH]1
arene_4987,O=c1sc(=O)c2sccsc1=2
arene_4988,c1cc2n[nH]nc2cn1
arene_4989,O=c1[nH]nnc2ccoc12
arene_4990,O=c1[nH]n2[nH]ccon2o1
arene_4991,O=c1sccn2[nH]ncon12
arene_4992,O=c1ccn2cccc2o1
arene_4993,c1cn2[nH]nnon2o1
arene_4994,O=c1ccc2[nH]nnc(=O)c2[nH]1
arene_4995,O=c1ccn2c(=O)sccc2c1
arene_4996,O=c1oc(=O)n2ccocc1-2
arene_4997,O=c1oc2occoc=2c1=O
arene_4998,O=c1ccsc2nn[nH]c12
arene_4999,O=c1ccc2c(=O)[nH]c(=O)[nH]c2[nH]1
arene_5000,c1csc2snn[nH]c=2s1
arene_5001,O=c1ccn2[nH]nn[nH]n2[nH]1
arene_5002,O=c1scc2sccc(=O)n2c1=O
arene_5003,O=c1cnnc2cc[nH]c(=O)n12
arene_5004,O=c1ccsc2c[nH]nc12
arene_5005,O=c1ccn2[nH]c(=O)c(=O)sn2c1=O
arene_5006,O=c1ccc2n[nH]ncn1-2
arene_5007,O=c1ccc2cnnn2s1
arene_5008,c1cn2ocn[nH]c-2c[nH]1
arene_5009,O=c1cc2ccc(=O)oc2c[nH]1
arene_5010,O=c1occ2c(=O)ccsn2c1=O
arene_5011,O=c1on2cc[nH]cc-2c(=O)c1=O
arene_5012,O=c1sn2cc[nH]nc-2c1=O
arene_5013,O=c1[nH]c2c(=O)sccc2sc1=O
arene_5014,O=c1ccn2sccon2s1
arene_5015,O=c1[nH]c2ccnn2o1
arene_5016,O=c1ncc2nccn2o1
arene_5017,O=c1nnn2cconc1-2
arene_5018,O=c1ccn2ncc(=O)n2[nH]1
arene_5019,O=c1[nH]c2nccnc2[nH]c1=O
arene_5020,O=c1ccn2occ[nH]n2s1
arene_5021,O=c1cc[nH]n2onnsn12
arene_5022,O=c1ccc(=O)n2c(=O)c(=O)nc1-2
arene_5023,O=c1[nH]n2ccnc2oc1=O
arene_5024,O=c1cccc2cnnnn12
arene_5025,O=c1on2cc[nH]c(=O)n2c(=O)c1=O
arene_5026,O=c1occc2oncc12
arene_5027,c1cn2occc2n1
arene_5028,O=c1cnn2c(=O)c(=O)ccn2[nH]1
arene_5029,O=c1ccn2ocnsn2[nH]1
arene_5030,c1csn2ccscc-2o1
arene_5031,O=c1ccn2c(=O)ccc(=O)n2[nH]1
arene_5032,O=c1nc2[nH]ccon-2c1=O
arene_5033,O=c1sc(=O)n2cconc-2c1=O
arene_5034,O=c1occc2ncsc(=O)c12
arene_5035,O=c1nc2ccc(=O)sc2c[nH]1
arene_5036,O=c1ccc2c[nH]ncn-2c1=O
arene_5037,O=c1sc(=O)n2nccnn12
arene_5038,O=c1cnsc2c(=O)[nH]ccc12
arene_5039,c1con2cnocc-2[nH]1
arene_5040,c1coc2onnsc=2[nH]1
arene_5041,O=c1ccon2snnsn12
arene_5042,O=c1ccn2[nH]ccn2c1=O
arene_5043,O=c1nnc2c(=O)ccsc2o1
arene_5044,O=c1on2nccc2c(=O)s1
arene_5045,O=c1ccc2ocnc(=O)c2s1
arene_5046,O=c1cc2nnccc2ns1
arene_5047,c1cnncn1
arene_5048,c1csc2nocnn-2[nH]1
arene_5049,c1cnn2[nH]nc[nH]n2c1
arene_5050,O=c1nc2sccsc-2n1
arene_5051,O=c1ccsn2scn[nH]n12
arene_5052,O=c1[nH]c(=O)c2nnccc2s1
arene_5053,O=c1nnc2c(=O)occc2[nH]1
arene_5054,O=c1cc2c(=O)[nH]ccn2c(=O)[nH]1
arene_5055,c1cc2cnncc2o1
arene_5056,O=c1[nH]cnc2c(=O)sccc12
arene_5057,O=c1nnc2c(=O)cc[nH]c2o1
arene_5058,c1nc2ccoc2[nH]1
arene_5059,O=c1ccn2[nH]c(=O)ncc2c1
arene_5060,O=c1[nH]c2ccnn2sc1=O
arene_5061,O=c1[nH]c(=O)c2occc2o1
arene_5062,O=c1ccc2[nH]ccc(=O)c2[nH]1
arene_5063,O=c1ccn2ncc(=O)n2o1
arene_5064,c1con2cn[nH]nc-2o1
arene_5065,O=c1cc2ccsn2c(=O)[nH]1
arene_5066,O=c1nc2ncccn2c(=O)o1
arene_5067,O=c1oc(=O)n2cc[nH]c(=O)n2c1=O
arene_5068,O=c1oc2[nH]ccc(=O)c2oc1=O
arene_5069,c1c[nH]c2oncoc=2[nH]1
arene_5070,O=c1cnc2nccnc2[nH]1
arene_5071,O=c1cnc2ccnc(=O)n2s1
arene_5072,O=c1ccc2csnnn1-2
arene_5073,O=c1sn2ccocc-2c1=O
arene_5074,O=c1[nH]c(=O)n2cconc-2c1=O
arene_5075,c1cc2sncc2cn1
arene_5076,O=c1ccn2nnc(=O)sc2n1
arene_5077,O=c1on2occon2sc1=O
arene_5078,O=c1ccc2ccsc2[nH]1
arene_5079,c1csc2nsncn-2[nH]1
arene_5080,O=c1cnn2c(=O)cc[nH]c2n1
arene_5081,O=c1[nH]n2occ[nH]n2o1
arene_5082,O=c1ccc2cnsc(=O)c2o1
arene_5083,O=c1ccsn2[nH]nnsn12
arene_5084,c1cn2oncsn2s1
arene_5085,O=c1[nH]ccc2cncnc12
arene_5086,O=c1nnsc2cc[nH]c12
arene_5087,c1ccc2nscc2c1
arene_5088,c1cn2snnsc-2cs1
arene_5089,O=c1ncc2oc(=O)ccc2[nH]1
arene_5090,O=c1ccoc2cnncc12
arene_5091,O=c1sc(=O)n2cc[nH]n2c1=O
arene_5092,O=c1ccc2c(=O)[nH]c(=O)c(=O)c1=2
arene_5093,O=c1ccn2occc(=O)n2c1=O
arene_5094,c1ccc2c(c1)ccc1ccccc12
arene_5095,O=c1sccn2snc[nH]n12
arene_5096,O=c1cc2oc(=O)ccn2nn1
arene_5097,O=c1oc(=O)n2c(=O)ccc(=O)n2s1
arene_5098,O=c1ccc2[nH]nn[nH]c1=2
arene_5099,O=c1ccn2ccoc(=O)c2c1
arene_5100,O=c1nnc2occoc1=2
arene_5101,O=c1[nH]nc2ccon12
arene_5102,O=c1cnc2cc[nH]c2[nH]1
arene_5103,O=c1ccn2nnc(=O)[nH]c2c1
arene_5104,O=c1ccsc2cnoc(=O)c12
arene_5105,O=c1on2cc[nH]c(=O)n2c1=O
arene_5106,O=c1occ2ccon12
arene_5107,O=c1[nH]ccn2sccon12
arene_5108,c1cc2snnn2n1
arene_5109,c1cn2snnsn2o1
arene_5110,O=c1ccsc2cccn12
arene_5111,c1cn2ocnsc-2co1
arene_5112,c1n[nH]n2[nH]ccn2[nH]1
arene_5113,O=c1onc2ccccn2c1=O
arene_5114,c1coc2c[nH]ncn-2[nH]1
arene_5115,O=c1cnn2ncccn12
arene_5116,O=c1ccn2c(=O)ncnc2s1
arene_5117,O=c1nnn2c(=O)sccn12
arene_5118,O=c1oc(=O)n2cc[nH]nc-2c1=O
arene_5119,O=c1[nH]ccc2ncnn12
arene_5120,O=c1[nH]c2sccc2oc1=O
arene_5121,O=c1oc2cnccc2s1
arene_5122,O=c1sccc2nc[nH]c12
arene_5123,O=c1scc2nccnn12
arene_5124,O=c1ccn2c(=O)c(=O)cnn2o1
arene_5125,O=c1ncn2nccnn2c1=O
arene_5126,O=c1nc2ccnnc2ns1
arene_5127,O=c1[nH]n2sccc(=O)n2c1=O
arene_5128,O=c1oc(=O)n2sccon2s1
arene_5129,O=c1[nH]c(=O)c2[nH]ccc(=O)c2[nH]1
arene_5130,O=c1nc2cccnn2c(=O)s1
arene_5131,O=c1occc2cn[nH]c12
arene_5132,c1coc2scnoc=2[nH]1
arene_5133,O=c1occn2ocnsn12
arene_5134,O=c1on2c(=O)nccc2sc1=O
arene_5135,c1csc2onc[nH]c=2[nH]1
arene_5136,O=c1[nH]c(=O)n2c(=O)cccc2s1
arene_5137,c1csc2nsccn-2o1
arene_5138,O=c1[nH]c(=O)n2occon2[nH]1
arene_5139,O=c1cc[nH]n2sncon12
arene_5140,O=c1cnc2sc(=O)ccc2o1
arene_5141,O=c1ccc2c[nH]ncn1-2
arene_5142,c1cn2[nH]nn[nH]c-2no1
arene_5143,O=c1nc[nH]n2[nH]ccsn12
arene_5144,O=c1ccc2oc(=O)sc2o1
arene_5145,O=c1ccn2c(=O)cnnc2[nH]1
arene_5146,O=c1ccc2snnoc=2c1=O
arene_5147,O=c1ncn2cc[nH]c(=O)c2n1
arene_5148,O=c1cc2ncccn2c(=O)o1
arene_5149,O=c1oc2ccncc2c(=O)s1
arene_5150,O=c1ccc2c(=O)c(=O)c(=O)[nH]c=2c1=O
arene_5151,O=c1ccc2c(=O)[nH]cnc2o1
arene_5152,c1cc2cncn2o1
arene_5153,O=c1cc2ccc(=O)[nH]c2c[nH]1
arene_5154,O=c1cc2sccon-2c(=O)c1=O
arene_5155,O=c1cc[nH]n2oncsn12
arene_5156,c1cn2sccsc-2n[nH]1
arene_5157,c1cnc2c[nH]cc2n1
arene_5158,O=c1nnc2sc(=O)ccc2o1
arene_5159,O=c1ncn2sccsn2[nH]1
arene_5160,O=c1ccc(=O)c2c(=O)sc(=O)c1=2
arene_5161,O=c1ccoc2ncccc12
arene_5162,O=c1ccc(=O)n2nc[nH]cc1-2
arene_5163,c1cc2cnsc2cn1
arene_5164,O=c1cc2c(=O)cc[nH]c2cs1
arene_5165,O=c1ccn2c(=O)c(=O)on2o1
arene_5166,O=c1scnc2ccccc12
arene_5167,O=c1ccn2ccnc2[nH]1
arene_5168,O=c1occc2conc12
arene_5169,O=c1cc2sccsc-2nc1=O
arene_5170,O=c1oc(=O)n2cconc-2c1=O
arene_5171,O=c1ccc2csc(=O)nc2o1
arene_5172,O=c1[nH]ccn2[nH]cnsn12
arene_5173,O=c1ccc2[nH]c(=O)sc(=O)c2s1
arene_5174,c1ccn2ccnc2c1
arene_5175,O=c1nnn2c(=O)ccsc2n1
arene_5176,O=c1nncc2cc[nH]n12
arene_5177,O=c1ccc(=O)c2c(=O)c(=O)c(=O)oc1=2
arene_5178,O=c1ccc(=O)n2c(=O)ncon12
arene_5179,O=c1[nH]c2occc2oc1=O
arene_5180,O=c1sccc2ccccc12
arene_5181,O=c1cc2[nH]ccc(=O)c2ns1
arene_5182,O=c1ccn2cc[nH]cc1-2
arene_5183,O=c1ncc2cccnc2o1
arene_5184,O=c1nc2cnccc2ns1
arene_5185,O=c1occ2[nH]ccn2c1=O
arene_5186,O=c1ncn2cccc2o1
arene_5187,c1cc2nnsc2cn1
arene_5188,O=c1cnc(=O)c2c(=O)ccc1=2
arene_5189,O=c1ccn2cnsc(=O)c2n1
arene_5190,O=c1ccn2oc(=O)nnc2n1
arene_5191,O=c1cc2c(=O)ccsc2no1
arene_5192,O=c1occc2scnc12
arene_5193,c1cn2cnsc2n1
arene_5194,c1csc2[nH]nn[nH]c=2[nH]1
arene_5195,c1c[nH]c2ocn[nH]c=2[nH]1
arene_5196,O=c1ccc2c(=O)sc(=O)oc2o1
arene_5197,O=c1oc2cccn2o1
arene_5198,O=c1nc2c(=O)sccn2c(=O)[nH]1
arene_5199,c1c[nH]c2occ[nH]c=2[nH]1
arene_5200,O=c1nc2[nH]ccc2n[nH]1
arene_5201,O=c1snnc2nccn12
arene_5202,O=c1cn[nH]c2ccnc(=O)n12
arene_5203,O=c1ccn2sc(=O)sc2n1
arene_5204,O=c1occc2cnsc(=O)c12
arene_5205,O=c1snnn2[nH]ccon12
arene_5206,O=c1ccn2cnon2c1=O
arene_5207,O=c1[nH]ccc2ccccc12
arene_5208,O=c1oc2nccc(=O)n2sc1=O
arene_5209,c1cc2nccn2nn1
arene_5210,O=c1on2[nH]ccsn2sc1=O
arene_5211,O=c1cnn2occon2s1
arene_5212,O=c1cnn2nccc2[nH]1
arene_5213,O=c1nc2oc(=O)ccc2c[nH]1
arene_5214,O=c1ccnc2ccncn12
arene_5215,O=c1ccn2ccc(=O)n2o1
arene_5216,O=c1nn[nH]c2nccnc12
arene_5217,c1cc2cnsc2s1
arene_5218,c1cn2[nH]ncsc-2ns1
arene_5219,O=c1ccc2[nH]c(=O)c(=O)sc2[nH]1
arene_5220,O=c1oncc2cc[nH]c12
arene_5221,O=c1[nH]ncc2ccccc12
arene_5222,O=c1[nH]ccn2[nH]cc[nH]n12
arene_5223,O=c1cnn2ccocc-2c1=O
arene_5224,O=c1onc2[nH]ccc(=O)n2c1=O
arene_5225,O=c1oc2cc[nH]c2sc1=O
arene_5226,c1coc2sccsc=2o1
arene_5227,O=c1ccn2cc[nH]n2c1=O
arene_5228,O=c1cnc2[nH]ccc(=O)c2o1
arene_5229,O=c1[nH]c(=O)c2ccc(=O)sc2[nH]1
arene_5230,O=c1[nH]c2[nH]ccc(=O)c2oc1=O
arene_5231,O=c1[nH]n2ccc(=O)n2c(=O)o1
arene_5232,O=c1ncc2c(=O)ccoc2s1
arene_5233,O=c1cnsc2ccncc12
arene_5234,O=c1scc2nnccn12
arene_5235,c1cc2cnnnn2n1
arene_5236,c1cc2occc2[nH]1
arene_5237,O=c1ccn2sc(=O)cnc2n1
arene_5238,c1ccc2cc3ccccc3cc2c1
arene_5239,O=c1occ2ccsn12
arene_5240,O=c1[nH]ccn2c(=O)scc12
arene_5241,c1csc2oncsc=2o1
arene_5242,O=c1occ2ccccn2c1=O
arene_5243,O=c1snnc2ccnn12
arene_5244,O=c1nnn2c(=O)ccn2o1
arene_5245,c1cn2scnsn2nn1
arene_5246,O=c1nnc2ccsc2[nH]1
arene_5247,c1c[nH]n2nconc-2[nH]1
arene_5248,O=c1ccc2c[nH]cnn1-2
arene_5249,O=c1ccc(=O)c2c(=O)c(=O)oc1=2
arene_5250,O=c1ccn2oc(=O)c(=O)oc2n1
arene_5251,O=c1ccn2[nH]ncc(=O)n12
arene_5252,O=c1ccc2c(=O)ncc1=2
arene_5253,O=c1[nH]ccc2cc[nH]c12
arene_5254,O=c1nnc(=O)n2ccsnc1-2
arene_5255,O=c1on2[nH]cc[nH]n2sc1=O
arene_5256,O=c1sn2c(=O)occn2c1=O
arene_5257,O=c1nnon2[nH]ccon12
arene_5258,O=c1snc2nccnn2c1=O
arene_5259,O=c1snnc2cnccc12
arene_5260,c1nn2[nH]ccsc-2c[nH]1
arene_5261,O=c1cnoc2ccnn12
arene_5262,c1cnn2[nH]cnon2c1
arene_5263,O=c1ccnno1
arene_5264,c1ccn2nccc2c1
arene_5265,O=c1ccc2conc2o1
arene_5266,O=c1[nH]c2ccnnc2s1
arene_5267,O=c1ccoc2nsnc12
arene_5268,O=c1nc2ccncn2c(=O)[nH]1
arene_5269,c1ccn2cccc2c1
arene_5270,O=c1oncc2ccnn12
arene_5271,O=c1on2occc(=O)n2c1=O
arene_5272,O=c1sccn2nncc12
arene_5273,c1csn2cnncn2[nH]1
arene_5274,O=c1[nH]c(=O)c(=O)n2cc[nH]cc1-2
arene_5275,O=c1on2[nH]ccon2sc1=O
arene_5276,O=c1nnon2cccc12
arene_5277,O=c1nc2ccoc(=O)c2c[nH]1
arene_5278,c1cn2[nH]nnsn2o1
arene_5279,O=c1onc2cccnn2c1=O
arene_5280,O=c1oc2n[nH]ccn-2c1=O
arene_5281,O=c1ccc2c(=O)ccc1=2
arene_5282,O=c1ccn2c(=O)c(=O)cc-2c1=O
arene_5283,O=c1cc2[nH]ccc(=O)c2c[nH]1
arene_5284,O=c1nnc2sccsc=2c1=O
arene_5285,O=c1scc2cccnn12
arene_5286,c1cnn2[nH]cc[nH]n2c1
arene_5287,O=c1cnn2ccc(=O)n2[nH]1
arene_5288,O=c1nn[nH]c2ccsc12
arene_5289,O=c1ncn2[nH]ccc(=O)n2c1=O
arene_5290,O=c1cc2ccncn2c(=O)s1
arene_5291,O=c1[nH]c2nnccc2o1
arene_5292,O=c1[nH]nc2ccon2c1=O
arene_5293,O=c1nnon2c(=O)cccc12
arene_5294,O=c1ccc2ccc(=O)sc2o1
arene_5295,O=c1nnn2nccc2o1
arene_5296,O=c1ccc2oncc2[nH]1
arene_5297,O=c1ccn2nc[nH]cc1-2
arene_5298,O=c1[nH]ccc2c[nH]cc12
arene_5299,O=c1cccc2ccsc(=O)n12
arene_5300,O=c1ccsn2c(=O)occ12
arene_5301,O=c1onnn2sccsn12
arene_5302,O=c1ccon2c(=O)cncc12
arene_5303,O=c1ccon2c(=O)ncnc12
arene_5304,O=c1ncc(=O)n2c(=O)ccon12
arene_5305,O=c1ccn2c(=O)nnoc2c1
arene_5306,O=c1ccc2c[nH]c(=O)c(=O)n2o1
arene_5307,O=c1[nH]ccc2nsnc12
arene_5308,O=c1cnn2ccc(=O)sc2c1
arene_5309,O=c1ccn2cnsc(=O)n2c1=O
arene_5310,O=c1cnn2ccncn12
arene_5311,O=c1ccn2nc[nH]n2c1=O
arene_5312,O=c1nn[nH]c2cc[nH]c(=O)c12
arene_5313,c1cn2cn[nH]c2n1
arene_5314,O=c1ccoc2ccoc(=O)c12
arene_5315,O=c1nnc2sccoc=2c1=O
arene_5316,O=c1[nH]c(=O)n2ccnc2o1
arene_5317,O=c1ccc2c(=O)c(=O)c(=O)c2s1
arene_5318,O=c1ccc(=O)c2cc(=O)c(=O)cc1-2
arene_5319,O=c1cnn2ccon12
arene_5320,O=c1ccn2oc(=O)sc2n1
arene_5321,O=c1ccc2nnsc2s1
arene_5322,O=c1ncoc2nccn12
arene_5323,O=c1ccc2ncoc2s1
arene_5324,O=c1sc(=O)n2nnccn12
arene_5325,O=c1nc2c(=O)occc2ns1
arene_5326,O=c1nn[nH]n2c(=O)ccn12
arene_5327,O=c1cnn2[nH]ccon2[nH]1
arene_5328,O=c1cc[nH]n2cnnc12
arene_5329,O=c1ncnc2ccncn12
arene_5330,O=c1sc(=O)n2cc[nH]c(=O)n2c1=O
arene_5331,O=c1ccc2nsc(=O)nc2s1
arene_5332,O=c1[nH]nnc2nccnc12
arene_5333,O=c1[nH]ncn2nccc12
arene_5334,O=c1nc2c(=O)cc[nH]c2c[nH]1
arene_5335,O=c1ccc(=O)n2[nH]cnn12
arene_5336,O=c1cc2c(=O)sccc2co1
arene_5337,c1con2ncocc-2[nH]1
arene_5338,O=c1oc2c(=O)cc[nH]c2c(=O)s1
arene_5339,O=c1onc2c(=O)sccn2c1=O
arene_5340,O=c1ccc2sncoc=2c1=O
arene_5341,O=c1occc2snnc12
arene_5342,c1cn2occsn2cn1
arene_5343,O=c1cn[nH]n2c(=O)nccc12
arene_5344,O=c1nnnc2ccnnn12
arene_5345,O=c1ccn2ccc(=O)[nH]c2n1
arene_5346,O=c1cnn2c(=O)ccc(=O)n2s1
arene_5347,O=c1ncc2noccn1-2
arene_5348,O=c1c(=O)c2cc[nH]c2c1=O
arene_5349,O=c1nn[nH]c2cnccc12
arene_5350,O=c1cc2c(=O)[nH]ccn2c(=O)o1
arene_5351,O=c1cnn2c(=O)c(=O)ccn2o1
arene_5352,O=c1ccc2ocnoc=2c1=O
arene_5353,O=c1ccsc2cnccc12
arene_5354,O=c1ccc2c(=O)nc[nH]c2s1
arene_5355,c1ccc2cc3c(ccc4ccccc43)cc2c1
arene_5356,O=c1[nH]c(=O)c(=O)c2[nH]ccoc1=2
arene_5357,O=c1sc2noccn-2c(=O)c1=O
arene_5358,O=c1cnsc2ccsc12
arene_5359,O=c1occc2nncn12
arene_5360,O=c1[nH]n2sccsn2c(=O)o1
arene_5361,c1coc2scn[nH]c=2o1
arene_5362,c1cc2c[nH]nc2nn1
arene_5363,O=c1[nH]c2ccncc2c(=O)s1
arene_5364,O=c1cccc2cnncn12
arene_5365,O=c1ccocn1
arene_5366,c1csn2[nH]nnn2[nH]1
arene_5367,O=c1cc2ccncn2cn1
arene_5368,c1csc2csccn-2o1
arene_5369,O=c1on2ccnnn2c1=O
arene_5370,O=c1oc(=O)n2c(=O)cccc2o1
arene_5371,O=c1cnn2c(=O)cc[nH]n2c1=O
arene_5372,O=c1oc(=O)c(=O)c2[nH]ccoc1=2
arene_5373,O=c1ccoc2nnnnc12
arene_5374,O=c1ccc2nnnn2o1
arene_5375,O=c1cc2ncccc2ns1
arene_5376,O=c1occn2[nH]cnon12
arene_5377,c1cnn2onn[nH]n2c1
arene_5378,c1cc2nccn2cn1
arene_5379,O=c1nnc2c(=O)occc2s1
arene_5380,O=c1on2[nH]ccsn2c(=O)s1
arene_5381,O=c1oc(=O)n2c(=O)ccsn2c1=O
arene_5382,O=c1ccncs1
arene_5383,O=c1cnn2[nH]c(=O)ccc2n1
arene_5384,c1cc2nscc2s1
arene_5385,O=c1cc2ccc(=O)c(=O)c-2nc1=O
arene_5386,c1coc2onnoc=2[nH]1
arene_5387,O=c1cc2c(=O)occc2c[nH]1
arene_5388,O=c1[nH]c2ccnc(=O)n2[nH]1
arene_5389,O=c1cnn2[nH]ccc(=O)n2c1=O
arene_5390,O=c1ccn2nnc(=O)n2s1
arene_5391,c1cnn2scc[nH]n2c1
arene_5392,O=c1snc2sccn12
arene_5393,O=c1on2occon2o1
arene_5394,O=c1nnn2cccc2s1
arene_5395,O=c1cc[nH]n2snn[nH]n12
arene_5396,c1con2nnscc-2o1
arene_5397,O=c1[nH]c2c(=O)cc[nH]c2c(=O)s1
arene_5398,O=c1oc2ccsc(=O)c2sc1=O
arene_5399,O=c1snnn2nccc12
arene_5400,O=c1sccn2[nH]nn[nH]n12
arene_5401,c1cn2sccoc-2co1
arene_5402,O=c1ccc2cnccc2[nH]1
arene_5403,O=c1occn2cncc12
arene_5404,O=c1[nH]c2ccccc2[nH]c1=O
arene_5405,O=c1scnn2cccc12
arene_5406,O=c1[nH]nnn2c(=O)ccnc12
arene_5407,O=c1oncn2[nH]ccsn12
arene_5408,c1coc2sncoc=2o1
arene_5409,c1con2snnn2[nH]1
arene_5410,O=c1onnc2ccsc12
arene_5411,O=c1ncn2occ[nH]n2s1
arene_5412,O=c1cnn2c(=O)nccc2[nH]1
arene_5413,O=c1scc2occn12
arene_5414,c1cn2[nH]nn[nH]c-2co1
arene_5415,c1csc2[nH]cnoc=2[nH]1
arene_5416,O=c1on2ccon2c1=O
arene_5417,O=c1ccoc2cncnc12
arene_5418,O=c1[nH]n2ccc(=O)c(=O)n2o1
arene_5419,O=c1nnc(=O)n2ncccn12
arene_5420,O=c1ccn2onn[nH]n2[nH]1
arene_5421,O=c1[nH]c2c(=O)ccsc2c(=O)s1
arene_5422,O=c1cc[nH]n2[nH]nnsn12
arene_5423,O=c1ccc2snnc(=O)c2[nH]1
arene_5424,O=c1ccn2[nH]c(=O)c(=O)oc2n1
arene_5425,c1cn2snn[nH]n2o1
arene_5426,O=c1sn2[nH]ccsn2sc1=O
arene_5427,O=c1nnn2c(=O)cc[nH]n2c1=O
arene_5428,O=c1[nH]n2c(=O)ccc(=O)n2c(=O)o1
arene_5429,O=c1ccc2nccc(=O)n2[nH]1
arene_5430,O=c1nccc2cncnn12
arene_5431,O=c1[nH]c2sccc(=O)c2[nH]c1=O
arene_5432,O=c1[nH]ccc2nnoc(=O)c12
arene_5433,O=c1ccc2nnoc(=O)c2s1
arene_5434,O=c1oc2c(=O)ccoc2s1
arene_5435,O=c1cnoc2nnccc12
arene_5436,O=c1ccc2c(=O)ncc(=O)c=2c1=O
arene_5437,O=c1[nH]ccc2coc(=O)n12
arene_5438,O=c1cnc2[nH]c(=O)ccc2[nH]1
arene_5439,O=c1oc2ccnnc2oc1=O
arene_5440,O=c1sc(=O)c2sccoc1=2
arene_5441,c1cc2nnnn2cn1
arene_5442,O=c1sccn2c(=O)nccc12
arene_5443,O=c1cnn2c(=O)occc2c1
arene_5444,O=c1cc2ccnnc2n[nH]1
arene_5445,O=c1nc2ccsn2c(=O)o1
arene_5446,O=c1ncsn2cccc12
arene_5447,O=c1ccc2ncccc2s1
arene_5448,O=c1[nH]c2cccc(=O)n2[nH]c1=O
arene_5449,c1cc2cnnn2[nH]1
arene_5450,O=c1cnn2cconc-2c1=O
arene_5451,O=c1ccc2noc(=O)nc2o1
arene_5452,O=c1sn2cc[nH]c(=O)n2c(=O)c1=O
arene_5453,O=c1[nH]c(=O)c2c(=O)[nH]ccc2[nH]1
arene_5454,O=c1ncc2sccc2[nH]1
arene_5455,O=c1[nH]c2ccc(=O)sc2o1
arene_5456,O=c1ccn2nn[nH]c(=O)c2c1
arene_5457,O=c1sc(=O)c(=O)n2cc[nH]nc1-2
arene_5458,O=c1[nH]ccn2[nH]ncon12
arene_5459,O=c1cnn2c(=O)nccc2s1
arene_5460,O=c1ncc2cc[nH]c(=O)c2[nH]1
arene_5461,O=c1nnsn2ccnc12
arene_5462,O=c1ncc2[nH]cc[nH]c1=2
arene_5463,O=c1ccn2oncc2c1
arene_5464,O=c1ccn2snnc(=O)c2c1
arene_5465,c1cnc2c(c1)ccc1cccnc12
arene_5466,O=c1[nH]n2c(=O)cc[nH]n2c(=O)c1=O
arene_5467,O=c1nc2c(=O)[nH]ccn2c(=O)o1
arene_5468,O=c1nc2oc(=O)ccc2n[nH]1
arene_5469,O=c1nc2occc2ns1
arene_5470,O=c1sn2occsn2s1
arene_5471,c1cc2cn[nH]n2n1
arene_5472,O=c1sc2nccn2s1
arene_5473,O=c1nc2nccnc2ns1
arene_5474,c1cn2[nH]nnoc-2no1
arene_5475,O=c1snc2ccsn2c1=O
arene_5476,c1cn2sncc2n1
arene_5477,O=c1ccc2oc(=O)sc2[nH]1
arene_5478,c1cc2occn2c1
arene_5479,O=c1onc2ccncn2c1=O
arene_5480,O=c1[nH]c(=O)c(=O)c2scc[nH]c1=2
arene_5481,O=c1ccc2nc[nH]c2s1
arene_5482,O=c1cc2[nH]cc[nH]n-2c1=O
arene_5483,O=c1[nH]ccn2cncc12
arene_5484,O=c1[nH]c2cccc(=O)n2[nH]1
arene_5485,O=c1ccc2ncsc2s1
arene_5486,O=c1onc2[nH]ccn12
arene_5487,O=c1nc2ccoc2cs1
arene_5488,O=c1nc2occoc-2n1
arene_5489,O=c1cncc2ccccn12
arene_5490,O=c1oncc2occc12
arene_5491,O=c1cc[nH]c2ncnnc12
arene_5492,O=c1on2ccscc-2c(=O)c1=O
arene_5493,c1csn2cconc-2[nH]1
arene_5494,O=c1ccsn2[nH]ncsn12
arene_5495,O=c1oc2n[nH]ccn-2c(=O)c1=O
arene_5496,O=c1ccn2cn[nH]c(=O)c2n1
arene_5497,O=c1ccc2sncc(=O)c2o1
arene_5498,O=c1c(=O)c(=O)n2c(=O)cccc2c1=O
arene_5499,O=c1[nH]c2c(=O)[nH]ccc2o1
arene_5500,O=c1cc[nH]c2nnoc(=O)c12
arene_5501,O=c1nn[nH]n2nccc12
arene_5502,O=c1snc2ccncn2c1=O
arene_5503,O=c1ccc2oc(=O)oc(=O)c2o1
arene_5504,c1cc2n[nH]nc2o1
arene_5505,O=c1[nH]c2ccnn2[nH]c1=O
arene_5506,O=c1ccoc2ccsc(=O)c12
arene_5507,c1cn2nnsc2n1
arene_5508,O=c1nn[nH]c2cccn12
arene_5509,O=c1cnn2[nH]ccn12
arene_5510,O=c1ccn2nnncn2c1=O
arene_5511,O=c1nc2occc2n[nH]1
arene_5512,O=c1[nH]c2sccc(=O)c2c(=O)s1
arene_5513,O=c1ccn2c(=O)nc[nH]c2n1
arene_5514,O=c1[nH]n2[nH]cc[nH]n2c(=O)s1
arene_5515,O=c1cc[nH]c2snnc12
arene_5516,O=c1cc2ccc(=O)c(=O)c-2c1
arene_5517,O=c1ccsn2cnc(=O)n12
arene_5518,O=c1cnc2sccsc=2c1=O
arene_5519,O=c1cc2[nH]ccsn-2c(=O)c1=O
arene_5520,O=c1ccn2nc[nH]nc1-2
arene_5521,O=c1ncc2occc(=O)c2o1
arene_5522,O=c1ccsn2[nH]cnon12
arene_5523,O=c1oc2ccnc(=O)n2oc1=O
arene_5524,O=c1cnc2[nH]ccc2o1
arene_5525,O=c1sn2[nH]ccsn2s1
arene_5526,O=c1nnn2ccocc1-2
arene_5527,O=c1ncn2nccc2[nH]1
arene_5528,O=c1nnoc2cc[nH]c(=O)c12
arene_5529,O=c1ccoc2c(=O)cn[nH]c12
arene_5530,O=c1ncoc2c(=O)sccc12
arene_5531,O=c1[nH]ccn2c(=O)snc12
arene_5532,O=c1scc2c(=O)ccon2c1=O
arene_5533,c1cn2[nH]cn[nH]c-2c[nH]1
arene_5534,O=c1cc2c(=O)[nH]ccn2nn1
arene_5535,O=c1cc[nH]n2ocnon12
arene_5536,O=c1cc2nnccc2no1
arene_5537,O=c1ncc2nccnc2[nH]1
arene_5538,O=c1sccc2ncnn12
arene_5539,O=c1[nH]c2ccoc(=O)c2[nH]c1=O
arene_5540,O=c1ccc2cnc(=O)sc2[nH]1
arene_5541,O=c1ccn2cnc(=O)[nH]c2n1
arene_5542,O=c1[nH]c(=O)c2c(=O)sccc2s1
arene_5543,c1csn2nnscc-2s1
arene_5544,O=c1cncc2nccnn12
arene_5545,O=c1ccc2nnncc2o1
arene_5546,O=c1[nH]c(=O)c2occc2s1
arene_5547,O=c1ccn2ncoc(=O)c2c1
arene_5548,c1cc2ocnn2n1
arene_5549,O=c1cc2ccnnc2no1
arene_5550,O=c1cnn2[nH]ccc2n1
arene_5551,O=c1sc(=O)n2c(=O)cc[nH]n12
arene_5552,O=c1sc(=O)n2ccocc1-2
arene_5553,O=c1on2occon2c(=O)s1
arene_5554,O=c1[nH]nc2cnccn2c1=O
arene_5555,O=c1ccc2cnnn2o1
arene_5556,O=c1oc(=O)n2cc[nH]n2c1=O
arene_5557,O=c1ccsc2conc12
arene_5558,O=c1cnc2[nH]ccoc=2c1=O
arene_5559,O=c1nnn2ccnnn2c1=O
arene_5560,O=c1cnon2[nH]ccon12
arene_5561,O=c1ccc2c(=O)sncc2[nH]1
arene_5562,O=c1ccc(=O)c2c(=O)ccc(=O)c1=2
arene_5563,O=c1[nH]c(=O)c2cccc(=O)n2[nH]1
arene_5564,O=c1ccc2nocnn1-2
arene_5565,O=c1ccc2csc(=O)c(=O)n2[nH]1
arene_5566,O=c1ccc2scnc2s1
arene_5567,O=c1oc(=O)n2ccsn2c1=O
arene_5568,O=c1occc2nccn12
arene_5569,O=c1[nH]n2[nH]ccc(=O)n2c1=O
arene_5570,O=c1ccc2nocnn-2c1=O
arene_5571,O=c1ccn2c(=O)c(=O)oc(=O)n2[nH]1
arene_5572,c1ccn2ncnc2c1
arene_5573,O=c1scc2nccnn2c1=O
arene_5574,O=c1[nH]ncn2sccsn12
arene_5575,O=c1ncc(=O)n2c(=O)occn12
arene_5576,O=c1cc2ccccc2ns1
arene_5577,O=c1cc[nH]n2scc[nH]n12
arene_5578,O=c1ccn2c(=O)c(=O)occ2[nH]1
arene_5579,O=c1ccc(=O)n2c(=O)cc[nH]n12
arene_5580,c1con2cc[nH]n2[nH]1
arene_5581,O=c1ncc2nnccc2[nH]1
arene_5582,c1cnn2sncsn2n1
arene_5583,O=c1nc2ccncc2ns1
arene_5584,c1cnn2ocn[nH]n2n1
arene_5585,c1nsn2occn2[nH]1
arene_5586,O=c1[nH]c(=O)c2ccc(=O)sc2o1
arene_5587,O=c1snc2ccoc(=O)n2c1=O
arene_5588,O=c1ccc2csnnn-2c1=O
arene_5589,O=c1ccoc2nnnn12
arene_5590,O=c1ncsn2occsn12
arene_5591,O=c1ccnc2[nH]ncc(=O)n12
arene_5592,c1cn2[nH]cc[nH]c-2n[nH]1
arene_5593,O=c1[nH]c(=O)n2sccon2o1
arene_5594,O=c1nnccs1
arene_5595,c1cc2ncsc2[nH]1
arene_5596,O=c1nnn2[nH]ccc(=O)n2c1=O
arene_5597,O=c1on2sccon2c(=O)s1
arene_5598,O=c1nc2occsc-2n1
arene_5599,O=c1c(=O)c2nccc(=O)n2c1=O
arene_5600,O=c1ccc2nccn2o1
arene_5601,O=c1ccc2oc(=O)c(=O)oc2o1
arene_5602,O=c1ccc(=O)n2nc[nH]nc1-2
arene_5603,O=c1c(=O)c2sccc(=O)c2c1=O
arene_5604,O=c1cccc2[nH]ncn12
arene_5605,O=c1ccsc2cc[nH]c12
arene_5606,O=c1ncn2[nH]ccc(=O)c2n1
arene_5607,O=c1onnn2c(=O)ccn12
arene_5608,c1ccc2nnccc2c1
arene_5609,O=c1ccc2c(=O)oncc2s1
arene_5610,O=c1nncc2cc[nH]c(=O)n12
arene_5611,O=c1cc2ccnnn2c(=O)[nH]1
arene_5612,c1nn2sccsc-2n[nH]1
arene_5613,O=c1ccn2scn[nH]n2s1
arene_5614,O=c1on2occon2oc1=O
arene_5615,O=c1occc2nonc12
arene_5616,O=c1nc[nH]c2ccsc12
arene_5617,c1cc2ncoc2nn1
arene_5618,O=c1ccc2n[nH]ncn-2c1=O
arene_5619,c1cc2nnoc2nn1
arene_5620,O=c1ccn2c(=O)c(=O)c(=O)[nH]n2[nH]1
arene_5621,O=c1c(=O)c(=O)n2ccnc2c1=O
arene_5622,O=c1[nH]c(=O)c2nnccc2[nH]1
arene_5623,O=c1sc(=O)n2c(=O)occn12
arene_5624,O=c1cc2ccsc(=O)c2cs1
arene_5625,O=c1[nH]c2occ[nH]c=2c1=O
arene_5626,O=c1[nH]n2sccon2c(=O)o1
arene_5627,c1csn2cnsn2[nH]1
arene_5628,O=c1cn[nH]c2ccoc(=O)c12
arene_5629,O=c1ccc2[nH]cc[nH]c1=2
arene_5630,O=c1ccn2cc[nH]c(=O)c2n1
arene_5631,O=c1ccc2ocnc(=O)c2[nH]1
arene_5632,O=c1ccsc2c(=O)scnc12
arene_5633,O=c1ncc2ccoc(=O)c2o1
arene_5634,O=c1[nH]c(=O)c(=O)c2[nH]cc[nH]c1=2
arene_5635,O=c1ncnc2cc[nH]c(=O)n12
arene_5636,O=c1snc2c(=O)[nH]ccn2c1=O
arene_5637,O=c1oc2cccc(=O)n2c(=O)s1
arene_5638,O=c1sc(=O)c2ccnnc2s1
arene_5639,O=c1ccn2oncc(=O)n2c1=O
arene_5640,O=c1ccn2c(=O)c(=O)c(=O)nc-2c1=O
arene_5641,O=c1scnn2ccnc12
arene_5642,O=c1ccsn2ccnc12
arene_5643,O=c1oc(=O)c2occc2s1
arene_5644,O=c1sccn2occsn12
arene_5645,O=c1[nH]ncn2scc[nH]n12
arene_5646,c1cc2cc[nH]c2nn1
arene_5647,O=c1cnc2sccc2[nH]1
arene_5648,O=c1ccoc2sncc12
arene_5649,O=c1nc2ccoc2co1
arene_5650,O=c1cn[nH]n2sccsn12
arene_5651,O=c1ncnc2cccnn12
arene_5652,O=c1nnn2nnccc2n1
arene_5653,O=c1scnc2cnccc12
arene_5654,O=c1sc(=O)c2nnccc2s1
arene_5655,c1cn2[nH]cnoc-2c[nH]1
arene_5656,O=c1sccn2oncon12
arene_5657,O=c1ccn2nnc(=O)sc2c1
arene_5658,O=c1onc2c(=O)ccsn2c1=O
arene_5659,O=c1ccc2sc(=O)oc(=O)c2o1
arene_5660,O=c1nccc2snnn12
arene_5661,O=c1ccc2nnnc(=O)n2s1
arene_5662,c1c[nH]c2[nH]cc[nH]c=2[nH]1
arene_5663,O=c1nnc(=O)n2cconc1-2
arene_5664,O=c1scnc2ccncc12
arene_5665,O=c1oc(=O)n2ncccn2c1=O
arene_5666,O=c1ccn2cn[nH]nc-2c1=O
arene_5667,O=c1sn2sccsn2s1
arene_5668,O=c1ccn2c(=O)c(=O)[nH]c(=O)n2[nH]1
arene_5669,O=c1ccoc2ncnnc12
arene_5670,O=c1ccc2nnnnc2[nH]1
arene_5671,O=c1[nH]n2ccc(=O)c(=O)n2[nH]1
arene_5672,O=c1[nH]c(=O)n2c(=O)c(=O)ccn2o1
arene_5673,O=c1[nH]c2cc[nH]c2sc1=O
arene_5674,O=c1nnn2sccsn2[nH]1
arene_5675,O=c1[nH]c(=O)n2ccsnc1-2
arene_5676,O=c1cnn2cc[nH]c2c1
arene_5677,O=c1ccn2c(=O)sc(=O)sc2n1
arene_5678,c1cc2cnccc2cn1
arene_5679,O=c1nnn2ccscc-2c1=O
arene_5680,O=c1cnn2ccsc2c1
arene_5681,c1csc2[nH]cn[nH]c=2[nH]1
arene_5682,O=c1ccn2ncoc2c1
arene_5683,O=c1ncn2occsn2[nH]1
arene_5684,O=c1ccon2ocn[nH]n12
arene_5685,O=c1oc(=O)c2ccsc(=O)c2o1
arene_5686,c1n[nH]c2noccn-2[nH]1
arene_5687,O=c1nnn2occ[nH]n2s1
arene_5688,O=c1nnc2occsc1=2
arene_5689,O=c1oc(=O)c2ccnnc2o1
arene_5690,O=c1cnn2ccc(=O)n2s1
arene_5691,O=c1ccn2occsn2[nH]1
arene_5692,O=c1cncc[nH]1
arene_5693,O=c1onc2cc[nH]n2c1=O
arene_5694,O=c1[nH]n2ccsn2c(=O)c1=O
arene_5695,c1con2sccn2o1
arene_5696,O=c1[nH]nc2ccnnn12
arene_5697,O=c1nc2sccn2c(=O)o1
arene_5698,O=c1cccc2ncccn12
arene_5699,O=c1c(=O)c(=O)c2c(=O)ccsc2c1=O
arene_5700,O=c1[nH]ncc2c(=O)occc12
arene_5701,O=c1[nH]c(=O)n2c(=O)ccc(=O)n2[nH]1
arene_5702,O=c1ncc2ccsc(=O)c2s1
arene_5703,O=c1cc2occsc-2cc1=O
arene_5704,O=c1ccn2c(=O)sc(=O)c(=O)n2s1
arene_5705,O=c1cnn2occsn2s1
arene_5706,O=c1nnc2cc[nH]c(=O)c2o1
arene_5707,O=c1[nH]c(=O)n2[nH]ccc(=O)n2c1=O
arene_5708,c1cnn2[nH]nnsn2c1
arene_5709,O=c1onc2ccsc(=O)n12
arene_5710,O=c1ccsn2nnnc12
arene_5711,c1csc2csccn-2[nH]1
arene_5712,O=c1ccc2[nH]nnsc=2c1=O
arene_5713,O=c1ocnn2[nH]cc[nH]n12
arene_5714,O=c1oc(=O)c2occ[nH]c1=2
arene_5715,O=c1nc2sccc(=O)c2no1
arene_5716,O=c1ccc2c(=O)nnc=2c1=O
arene_5717,O=c1cnn2c(=O)cccc2[nH]1
arene_5718,O=c1[nH]n2ccocc-2c1=O
arene_5719,O=c1sc2nsccn-2c(=O)c1=O
arene_5720,O=c1ncn2c(=O)ccon2c1=O
arene_5721,O=c1ccc2[nH]cn[nH]c=2c1=O
arene_5722,O=c1scnc2cccnc12
arene_5723,c1cnccn1
arene_5724,O=c1nc2nnccn2c(=O)s1
arene_5725,c1cn2scn[nH]n2cn1
arene_5726,O=c1cc2ccccc2no1
arene_5727,O=c1sccn2c(=O)scc12
arene_5728,O=c1ccc(=O)c2nc(=O)c(=O)cc1-2
arene_5729,O=c1cnc2sccc(=O)c2s1
arene_5730,O=c1occn2[nH]nnon12
arene_5731,O=c1[nH]c2c(=O)ccsc2c(=O)o1
arene_5732,O=c1nc2ccsn2c(=O)s1
arene_5733,O=c1ccc2[nH]c(=O)[nH]c2[nH]1
arene_5734,O=c1c(=O)c2[nH]ccc(=O)c2c1=O
arene_5735,O=c1nn[nH]n2occon12
arene_5736,O=c1on2cc[nH]nc-2c(=O)c1=O
arene_5737,O=c1ccc2oncc2o1
arene_5738,O=c1[nH]c(=O)n2occsn2s1
arene_5739,O=c1ccc2noc(=O)nc2[nH]1
arene_5740,O=c1oc(=O)n2sccsn2o1
arene_5741,O=c1nnoc2nccn12
arene_5742,O=c1sccc2snnc12
arene_5743,O=c1[nH]ncn2[nH]cc[nH]n12
arene_5744,O=c1ccc2[nH]c(=O)sc2o1
arene_5745,O=c1nc2cc[nH]c(=O)n2c(=O)s1
arene_5746,c1c[nH]nn1
arene_5747,O=c1[nH]ccn2[nH]ccsn12
arene_5748,O=c1on2nccnn2c1=O
arene_5749,O=c1[nH]c2occc(=O)c2oc1=O
arene_5750,O=c1ccc(=O)n2nnocc1-2
arene_5751,O=c1nnc2c(=O)ccoc2o1
arene_5752,O=c1oc(=O)c(=O)c2[nH]cc[nH]c1=2
arene_5753,O=c1[nH]c2ccnn2[nH]1
arene_5754,O=c1ccn2onnc(=O)c2c1
arene_5755,O=c1[nH]cnn2[nH]ccsn12
arene_5756,O=c1ccn2cn[nH]n12
arene_5757,c1cn2scnsn2o1
arene_5758,O=c1ccsc2coc(=O)n12
arene_5759,O=c1oc(=O)c2cc[nH]c(=O)c2s1
arene_5760,O=c1ccsc2csnc12
arene_5761,c1c[nH]n2nnnnn2[nH]1
arene_5762,O=c1ccn2[nH]ncc(=O)c2c1
arene_5763,O=c1ccc(=O)n2scnn12
arene_5764,O=c1cnn2c(=O)cc[nH]c2c1
arene_5765,O=c1cn[nH]c2c(=O)occc12
arene_5766,O=c1oc2ccoc2c(=O)s1
arene_5767,O=c1oc2sccsc=2c(=O)c1=O
arene_5768,O=c1sc2cccnc2sc1=O
arene_5769,O=c1oc(=O)n2ccnc2o1
arene_5770,O=c1[nH]cc2c(=O)ccon2c1=O
arene_5771,c1cn2ocnoc-2c[nH]1
arene_5772,O=c1ccoc2c(=O)ccoc12
arene_5773,O=c1oncn2[nH]cc[nH]n12
arene_5774,c1n[nH]n2ccsnc-2[nH]1
arene_5775,O=c1[nH]ccn2ocnsn12
arene_5776,O=c1nnc(=O)c2sccsc1=2
arene_5777,c1cc2nnoc2[nH]1
arene_5778,O=c1nnsn2sccsn12
arene_5779,O=c1ccc2c(=O)oc(=O)sc2o1
arene_5780,O=c1oc2noccn-2c1=O
arene_5781,O=c1snc2[nH]ccn12
arene_5782,O=c1ncn2c(=O)cccc2o1
arene_5783,c1cn2[nH]nnoc-2co1
arene_5784,O=c1sccc2nscc12
arene_5785,O=c1ccnc2[nH]nnn12
arene_5786,O=c1sncc2cccn12
arene_5787,O=c1ccc2c(=O)c(=O)c(=O)c(=O)c2s1
arene_5788,O=c1cc2ccncn2c(=O)o1
arene_5789,O=c1[nH]c2ccccc2o1
arene_5790,O=c1ccc2ncoc2[nH]1
arene_5791,O=c1occc2c[nH]nc12
arene_5792,c1cn2scn[nH]c-2c[nH]1
arene_5793,O=c1oc(=O)c2cccc(=O)n2o1
arene_5794,c1conn1
arene_5795,O=c1nc2c(=O)occn2c(=O)s1
arene_5796,O=c1ccnc2cnsn12
arene_5797,O=c1cc2sccn2cn1
arene_5798,c1csc2sccoc=2o1
arene_5799,O=c1[nH]ccc2c(=O)occc12
arene_5800,c1nsc2sccsc=2[nH]1
arene_5801,O=c1ncsn2scc[nH]n12
arene_5802,c1noc2sccsc=2o1
arene_5803,O=c1occc2nn[nH]c12
arene_5804,O=c1onc2[nH]ccn2c1=O
arene_5805,O=c1cc2ccsc2no1
arene_5806,O=c1ccsn2[nH]nnon12
arene_5807,O=c1[nH]c(=O)c2ccoc(=O)c2o1
arene_5808,O=c1ncsc2nnccc12
arene_5809,O=c1c(=O)c2ccnnc2c1=O
arene_5810,O=c1ccc2[nH]c(=O)oc2[nH]1
arene_5811,O=c1ncsc2ccsc(=O)c12
arene_5812,O=c1sccn2nnnc12
arene_5813,O=c1sccn2c(=O)nnnc12
arene_5814,O=c1[nH]nc2cccnn2c1=O
arene_5815,O=c1cnnc2[nH]ccn12
arene_5816,c1nn2occoc-2no1
arene_5817,O=c1ccc2nonnn1-2
arene_5818,O=c1ccn2ocnon2[nH]1
arene_5819,O=c1cc2ccc(=O)sc2n[nH]1
arene_5820,O=c1nn[nH]c2cccnc12
arene_5821,O=c1nnc(=O)n2ccocc1-2
arene_5822,O=c1cnnc2ccncn12
arene_5823,O=c1ccc2nc[nH]c(=O)c2[nH]1
arene_5824,O=c1scnc2nccnc12
arene_5825,O=c1cncc2ccsc(=O)n12
arene_5826,c1cn2snnon2o1
arene_5827,O=c1oc2nnccc2s1
arene_5828,O=c1[nH]cc2ccsc(=O)n2c1=O
arene_5829,O=c1oc(=O)c2ccc(=O)sc2o1
arene_5830,O=c1[nH]c(=O)c(=O)n2cc[nH]nc1-2
arene_5831,c1ccn2onnon2c1
arene_5832,O=c1ccc2c[nH]nc2s1
arene_5833,O=c1ccc2[nH]ncsc=2c1=O
arene_5834,O=c1oc2[nH]ccsc=2c1=O
arene_5835,O=c1nnoc2c(=O)sccc12
arene_5836,c1cc2ncsc2s1
arene_5837,c1con2oncn2o1
arene_5838,O=c1ccc2cnc(=O)c(=O)c1=2
arene_5839,O=c1nnc2scc[nH]c1=2
arene_5840,O=c1ccn2c(=O)ccsn2c1=O
arene_5841,O=c1ccn2[nH]c(=O)c(=O)n2s1
arene_5842,O=c1snnn2sccsn12
arene_5843,O=c1nnn2ccoc(=O)n12
arene_5844,O=c1[nH]n2cccc2sc1=O
arene_5845,O=c1cc2occon-2c(=O)c1=O
arene_5846,O=c1oncc2cnccc12
arene_5847,O=c1sc(=O)n2c(=O)ccsn12
arene_5848,O=c1cc2cc[nH]c(=O)c2co1
arene_5849,O=c1ccn2occ[nH]n2o1
arene_5850,c1cn2sccsc-2c[nH]1
arene_5851,c1cnn2sncon2n1
arene_5852,O=c1ccc2n[nH]ccn-2c1=O
arene_5853,c1c[nH]n2onnn2[nH]1
arene_5854,c1cc2ccnn2cn1
arene_5855,O=c1cccc2cc[nH]n12
arene_5856,O=c1cn[nH]c2ccnnc12
arene_5857,O=c1sc2scc[nH]c=2c1=O
arene_5858,O=c1ccc2cocc2s1
arene_5859,O=c1[nH]ccn2[nH]cnon12
arene_5860,O=c1ccsn2ocnon12
arene_5861,O=c1ccc2c(=O)[nH]c(=O)oc2o1
arene_5862,O=c1scnc2c(=O)sccc12
arene_5863,O=c1ccc2c(=O)ocnc2o1
arene_5864,O=c1cnsn2c(=O)ccnc12
arene_5865,O=c1sccc2c[nH]nc12
arene_5866,O=c1ncc2cnccc2s1
arene_5867,O=c1nnc2n[nH]ccn1-2
arene_5868,O=c1nc2ccccn2c(=O)o1
arene_5869,O=c1ccc2[nH]c(=O)c(=O)c(=O)c1=2
arene_5870,O=c1[nH]c2occsc=2c1=O
arene_5871,O=c1ccc2csncn1-2
arene_5872,O=c1nnc2ccsc2s1
arene_5873,O=c1nc2ccoc2ns1
arene_5874,O=c1on2[nH]ccn2c(=O)c1=O
arene_5875,c1coc2[nH]nn[nH]c=2[nH]1
arene_5876,O=c1nc2[nH]ccn2c(=O)o1
arene_5877,c1cc2ncnn2cn1
arene_5878,O=c1cc[nH]c2nc[nH]c12
arene_5879,O=c1ccoc2csnc12
arene_5880,c1cn2oncsc-2n[nH]1
arene_5881,c1cnn2ocnsn2c1
arene_5882,O=c1sc(=O)n2nccnn2c1=O
arene_5883,O=c1[nH]n2ccccn2c1=O
arene_5884,O=c1[nH]c(=O)n2cnccn12
arene_5885,O=c1sccc2ccsc(=O)c12
arene_5886,c1ccc2nccnc2c1
arene_5887,O=c1ccn2oncn12
arene_5888,O=c1nnc(=O)n2occn12
arene_5889,O=c1scnc2cc[nH]c12
arene_5890,O=c1cc[nH]c2c(=O)snnc12
arene_5891,O=c1ccn2c(=O)ccoc2n1
arene_5892,O=c1ccn2[nH]c(=O)cnc2c1
arene_5893,O=c1oc(=O)c2c(=O)occc2s1
arene_5894,O=c1nccc2cc[nH]c(=O)n12
arene_5895,O=c1cnn2sccon2s1
arene_5896,O=c1cnc2coccn1-2
arene_5897,O=c1ccn2nnoc(=O)c2n1
arene_5898,c1non2occn2o1
arene_5899,O=c1nnc2[nH]ccc2[nH]1
arene_5900,O=c1cc2occoc-2c1
arene_5901,O=c1nc2sccc(=O)n2c(=O)o1
arene_5902,c1con2[nH]ncn2[nH]1
arene_5903,c1csn2ccsn2[nH]1
arene_5904,O=c1[nH]c(=O)n2sccn2c1=O
arene_5905,O=c1oc2nnccc2sc1=O
arene_5906,O=c1ncon2nccc12
arene_5907,O=c1ccc2cccn2[nH]1
arene_5908,O=c1ccn2c(=O)oc(=O)c(=O)n2s1
arene_5909,c1cn2scnoc-2co1
arene_5910,O=c1cnc2occsc=2c1=O
arene_5911,O=c1cnc2nccc(=O)n2s1
arene_5912,c1nsn2ccon2[nH]1
arene_5913,c1cn2sccc2n1
arene_5914,c1con2ncsn2[nH]1
arene_5915,c1cn2snnsn2nn1
arene_5916,c1csn2nnnnn2o1
arene_5917,O=c1[nH]n2[nH]ccon2c(=O)s1
arene_5918,O=c1ccn2c(=O)ocnc2c1
arene_5919,O=c1nc2ncccc2c[nH]1
arene_5920,O=c1nc2occc(=O)c2no1
arene_5921,O=c1nnoc2c(=O)cc[nH]c12
arene_5922,O=c1nnoc2ccsc12
arene_5923,O=c1sc2[nH]ccc(=O)c2s1
arene_5924,O=c1ccc2cnsc2s1
arene_5925,O=c1[nH]c(=O)c(=O)c2occoc1=2
arene_5926,O=c1ccn2c(=O)nnc(=O)n2s1
arene_5927,O=c1cnn2c(=O)ccsn2c1=O
arene_5928,O=c1sn2[nH]ccc(=O)n2c(=O)c1=O
arene_5929,O=c1[nH]nc2[nH]ccn12
arene_5930,O=c1ccoc2ccnc(=O)n12
arene_5931,O=c1cc2nccnn2cn1
arene_5932,c1cc2ccoc2nn1
arene_5933,O=c1ccn2ncsn2c1=O
arene_5934,O=c1cnn2ccoc(=O)c2c1
arene_5935,O=c1ccnc2nn[nH]c(=O)n12
arene_5936,O=c1sc(=O)n2ccncn2c1=O
arene_5937,O=c1ccon2snnon12
arene_5938,O=c1[nH]ccc2ncnnc12
arene_5939,O=c1ccsn2c(=O)onc12
arene_5940,O=c1nnn2cnccc2n1
arene_5941,O=c1ncn2ccon12
arene_5942,O=c1[nH]c2cccc(=O)n2c(=O)o1
arene_5943,O=c1cnsn2occ[nH]n12
arene_5944,O=c1ccon2sccsn12
arene_5945,O=c1ccc2nonnn-2c1=O
arene_5946,O=c1[nH]ccc2[nH]ncc12
arene_5947,O=c1[nH]nc2occn12
arene_5948,c1cnsn1
arene_5949,O=c1ccc2snnsc1=2
arene_5950,O=c1cnc(=O)n2sccn12
arene_5951,c1ccc2snnc2c1
arene_5952,O=c1scnn2c(=O)nccc12
arene_5953,c1cn2cnnnc2n1
arene_5954,O=c1oc2c(=O)sccc2s1
arene_5955,O=c1oc2ccoc(=O)c2s1
arene_5956,O=c1cccc2ccsn12
arene_5957,O=c1snnn2ccnc12
arene_5958,O=c1ccoc2cc[nH]c(=O)c12
arene_5959,O=c1nnc2c(=O)[nH]ccc2s1
arene_5960,O=c1ccn2cc[nH]c(=O)c2c1
arene_5961,O=c1cc[nH]c2cscc12
arene_5962,c1csc2[nH]nnoc=2o1
arene_5963,O=c1occc2cnccc12
arene_5964,O=c1ccn2ocnc(=O)c2n1
arene_5965,O=c1on2ccscc-2c1=O
arene_5966,O=c1sccc2nonc12
arene_5967,O=c1nnc2[nH]cc[nH]c=2c1=O
arene_5968,O=c1ccccs1
arene_5969,O=c1ccn2ccocc-2c1=O
arene_5970,O=c1[nH]c(=O)c2c(=O)[nH]ccc2s1
arene_5971,O=c1oc(=O)n2cnccn12
arene_5972,O=c1cnn2occc2c1
arene_5973,O=c1[nH]nnc2ncccc12
arene_5974,O=c1ccn2sc(=O)ccc2c1
arene_5975,O=c1sccn2onnsn12
arene_5976,O=c1cc2[nH]ccc2n[nH]1
arene_5977,O=c1ccsn2onnon12
arene_5978,O=c1[nH]n2cnccn2c1=O
arene_5979,c1csc2onn[nH]c=2s1
arene_5980,O=c1ccn2c(=O)c(=O)[nH]n2[nH]1
arene_5981,O=c1[nH]ncc2ccnnc12
arene_5982,O=c1cc2oc(=O)ccn2c(=O)[nH]1
arene_5983,O=c1cccc2nnnnn12
arene_5984,O=c1cc2ccc(=O)[nH]n2nn1
arene_5985,O=c1ccc2sccc(=O)c2[nH]1
arene_5986,O=c1nccc2[nH]ccn12
arene_5987,O=c1cnc2sccsc1=2
arene_5988,O=c1nc2ccoc2n[nH]1
arene_5989,O=c1cncc2ccnnn12
arene_5990,O=c1[nH]cc2sccn12
arene_5991,O=c1nc2cc[nH]c2co1
arene_5992,c1csn2nnscc-2[nH]1
arene_5993,c1cn2nnnc2nn1
arene_5994,O=c1ncc2c[nH]ccn1-2
arene_5995,O=c1nc2ccoc(=O)c2cs1
arene_5996,O=c1ccn2cncnc2n1
arene_5997,O=c1ccnc2sncc(=O)n12
arene_5998,O=c1[nH]c2cccn2oc1=O
arene_5999,O=c1nnn2nnccn12
arene_6000,c1cnn2cccc2c1
arene_6001,c1con2nnscc-2[nH]1
arene_6002,O=c1on2ccc(=O)n2sc1=O
arene_6003,O=c1[nH]c2ncccc2c(=O)s1
arene_6004,O=c1ccsc2ccncc12
arene_6005,c1c[nH]n2sncn2[nH]1
arene_6006,O=c1ncc2nccc(=O)n2o1
arene_6007,O=c1nnn2[nH]ccc(=O)c2n1
arene_6008,c1cc2ccnnc2nn1
arene_6009,O=c1cc2c(=O)occn2cn1
arene_6010,O=c1ccc2nn[nH]c2[nH]1
arene_6011,O=c1[nH]c2ccsc2[nH]1
arene_6012,O=c1nccc2[nH]ncn12
arene_6013,c1c[nH]n2ccocc-2[nH]1
arene_6014,O=c1ccc2coccn-2c1=O
arene_6015,c1csc2scnoc=2o1
arene_6016,O=c1ccc2nc(=O)occ2o1
arene_6017,O=c1cnon2ccnc12
arene_6018,O=c1[nH]n2cccc2s1
arene_6019,O=c1[nH]c2ccnnc2sc1=O
arene_6020,O=c1[nH]c(=O)n2ccocc-2c1=O
arene_6021,O=c1[nH]n2ccc(=O)c(=O)n2c(=O)o1
arene_6022,O=c1ccn2[nH]cnsn2[nH]1
arene_6023,O=c1nccc2cnsn12
arene_6024,O=c1oc(=O)c(=O)c2occ[nH]c1=2
arene_6025,O=c1c(=O)n2c(=O)ccc(=O)n2c1=O
arene_6026,O=c1nc2nnccc2n[nH]1
arene_6027,O=c1ccsc2ccsc(=O)c12
arene_6028,O=c1sc2ccnc(=O)n2s1
arene_6029,O=c1ccn2[nH]c(=O)oc(=O)c2n1
arene_6030,O=c1ccc2snnoc1=2
arene_6031,O=c1ccn2[nH]c(=O)[nH]c(=O)c2c1
arene_6032,O=c1oc2c(=O)occc2sc1=O
arene_6033,O=c1ocnn2nccc12
arene_6034,O=c1nc2[nH]ccc(=O)c2co1
arene_6035,O=c1occn2scnsn12
arene_6036,O=c1ccn2c(=O)nnsn2c1=O
arene_6037,c1cnn2[nH]cc[nH]n2n1
arene_6038,O=c1cnn2ccscc-2c1=O
arene_6039,O=c1oc(=O)c2c(=O)ccoc2o1
arene_6040,O=c1sccn2cncc12
arene_6041,O=c1ccc(=O)c2scnoc1=2
arene_6042,c1cn2sccsn2nn1
arene_6043,c1cn2[nH]nnsc-2cs1
arene_6044,O=c1nc2occon-2c(=O)c1=O
arene_6045,O=c1c(=O)c(=O)n2sccsn2c1=O
arene_6046,O=c1ccc2[nH]nnc2o1
arene_6047,O=c1oc(=O)c2ccnnc2s1
arene_6048,O=c1[nH]n2sccsn2c(=O)s1
arene_6049,c1cn2occsn2[nH]1
arene_6050,O=c1[nH]c2c(=O)occc2o1
arene_6051,O=c1nc2[nH]ccsn-2c1=O
arene_6052,c1nsn2ccsn2o1
arene_6053,O=c1ccc2nc[nH]c(=O)c2s1
arene_6054,O=c1ccsn2c(=O)scc12
arene_6055,O=c1[nH]c(=O)c2ccoc(=O)c2[nH]1
arene_6056,O=c1ccsc2nccn12
arene_6057,O=c1[nH]c2occc(=O)c2[nH]c1=O
arene_6058,c1cc2[nH]nnc2cn1
arene_6059,O=c1ncc2ccsc2s1
arene_6060,O=c1ncc2noccn-2c1=O
arene_6061,O=c1ccn2c(=O)c(=O)[nH]n2o1
arene_6062,O=c1[nH]c2c(=O)ccsc2s1
arene_6063,O=c1nc[nH]n2occsn12
arene_6064,O=c1cnn2ccsnc1-2
arene_6065,c1cc2cncnn2n1
arene_6066,O=c1cnn2nccc2s1
arene_6067,O=c1ccn2ncc(=O)oc2c1
arene_6068,O=c1cnoc2ccnc(=O)n12
arene_6069,O=c1[nH]c2nccn2sc1=O
arene_6070,O=c1ccn2c(=O)oc(=O)oc2c1
arene_6071,O=c1ccn2onnsn2[nH]1
arene_6072,c1ccn2[nH]nn[nH]n2c1
arene_6073,O=c1nc2ccc(=O)n-2c(=O)c1=O
arene_6074,O=c1[nH]c(=O)n2ccc(=O)n2[nH]1
arene_6075,O=c1ccnc2nc[nH]c(=O)n12
arene_6076,c1cc2c[nH]cc2nn1
arene_6077,O=c1cc2ccoc2co1
arene_6078,O=c1cc2occn2c(=O)s1
arene_6079,O=c1[nH]c(=O)c2occoc1=2
arene_6080,c1coc2csnnn-2[nH]1
arene_6081,O=c1ccc2cc[nH]c2o1
arene_6082,O=c1ccc2ncc(=O)sc2[nH]1
arene_6083,O=c1ccc2c(=O)ncoc2o1
arene_6084,c1cn2onnsn2cn1
arene_6085,O=c1ccn2ncsc2n1
arene_6086,O=c1nnc2c(=O)sccc2o1
arene_6087,O=c1ccc2c(=O)cc[nH]c2[nH]1
arene_6088,O=c1nnsn2c(=O)nccc12
arene_6089,c1n[nH]c2nsccn-2o1
arene_6090,O=c1[nH]ccc2ccoc12
arene_6091,O=c1ccon2nnc(=O)n12
arene_6092,O=c1ccn2c(=O)[nH]cnn2c1=O
arene_6093,O=c1ccc2ccc(=O)c=2c1=O
arene_6094,c1cc2ccon2n1
arene_6095,O=c1nnc(=O)n2ccccn12
arene_6096,c1csc2concn-2o1
arene_6097,O=c1ccc2cnc(=O)oc2o1
arene_6098,O=c1ccsn2nnc(=O)n12
arene_6099,c1cnn2snnsn2n1
arene_6100,O=c1on2cc[nH]cc-2c1=O
arene_6101,O=c1ncc2nccn2[nH]1
arene_6102,O=c1ccon2ocnsn12
arene_6103,c1con2ncscc-2[nH]1
arene_6104,O=c1ccoc2c(=O)oncc12
arene_6105,O=c1[nH]n2[nH]cc[nH]n2s1
arene_6106,O=c1cnc2oc(=O)ccc2[nH]1
arene_6107,O=c1onnc2cc[nH]c12
arene_6108,c1csn2cnsnc-2o1
arene_6109,O=c1cc2oc(=O)ccc2n[nH]1
arene_6110,O=c1ccon2ncc(=O)n12
arene_6111,O=c1[nH]c(=O)c2nccc(=O)n2s1
arene_6112,O=c1ccsn2cnnc12
arene_6113,O=c1ccn2c(=O)snnc2n1
arene_6114,O=c1onnn2occsn12
arene_6115,O=c1ccsc2cc[nH]c(=O)c12
arene_6116,c1ccn2[nH]nc[nH]n2c1
arene_6117,O=c1[nH]n2occon2[nH]c1=O
arene_6118,O=c1ncn2occc(=O)n2c1=O
arene_6119,O=c1snc2cccnn2c1=O
arene_6120,O=c1sc(=O)n2[nH]ccon2s1
arene_6121,O=c1sc2ccsc2sc1=O
arene_6122,O=c1[nH]c(=O)c2cc[nH]c(=O)c2s1
arene_6123,c1c[nH]c2[nH]nn[nH]c=2[nH]1
arene_6124,O=c1cc[nH]n2ncnc12
arene_6125,O=c1onnc2ccncc12
arene_6126,O=c1[nH]c2c(=O)ccoc2oc1=O
arene_6127,O=c1cc2occon-2c1=O
arene_6128,c1con2ccscc-2o1
arene_6129,O=c1cccc2cnsc(=O)n12
arene_6130,O=c1ccoc2c(=O)snnc12
arene_6131,O=c1cnn2ccon2c1=O
arene_6132,O=c1[nH]cc2c(=O)ccsn2c1=O
arene_6133,O=c1nccc2[nH]cnc(=O)n12
arene_6134,O=c1nc2occn2c(=O)[nH]1
arene_6135,O=c1nnn2sccon2o1
arene_6136,O=c1onc2ccncn12
arene_6137,O=c1nc2c(=O)ccon2c(=O)[nH]1
arene_6138,O=c1ncn2cconc-2c1=O
arene_6139,O=c1ccn2sc(=O)c(=O)sc2c1
arene_6140,O=c1ccn2oncn2c1=O
arene_6141,O=c1ccsc2cccnc12
arene_6142,O=c1[nH]cnc2nccnc12
arene_6143,O=c1cc2c(=O)[nH]ccc2co1
arene_6144,O=c1cc2sc(=O)ccc2ns1
arene_6145,c1cn2scc[nH]c-2n[nH]1
arene_6146,c1cn2snc[nH]n2[nH]1
arene_6147,O=c1nncc2ccon12
arene_6148,c1cn2nccc2cn1
arene_6149,O=c1on2c(=O)nccc2c(=O)s1
arene_6150,O=c1nc2cc[nH]c(=O)c2cs1
arene_6151,O=c1cc[nH]c2cn[nH]c12
arene_6152,c1cc2cncn2cn1
arene_6153,O=c1nnc2nnccc2[nH]1
arene_6154,c1cn2ocnsc-2c[nH]1
arene_6155,c1nnc2ccsc2n1
arene_6156,O=c1c(=O)c2ccnn2c1=O
arene_6157,O=c1ccc2sc(=O)[nH]c(=O)c2[nH]1
arene_6158,O=c1cnn2ccc(=O)c(=O)n2s1
arene_6159,O=c1ccn2c(=O)sncn2c1=O
arene_6160,c1cn2onn[nH]c-2c[nH]1
arene_6161,c1cnc2n[nH]nc2n1
arene_6162,O=c1ccc2cc(=O)onc2[nH]1
arene_6163,O=c1[nH]ccc2sncc12
arene_6164,O=c1ccon2[nH]nn[nH]n12
arene_6165,O=c1on2ccncn2c1=O
arene_6166,O=c1nnc2c(=O)ccoc2s1
arene_6167,O=c1cc2ccsn2cn1
arene_6168,O=c1ccnc2sncn12
arene_6169,O=c1[nH]c2nccnc2oc1=O
arene_6170,O=c1ccc2c(=O)c(=O)c(=O)c2o1
arene_6171,O=c1cc[nH]c2ccncc12
arene_6172,O=c1[nH]ccn2ncnc12
arene_6173,O=c1ccn2[nH]cn[nH]n2o1
arene_6174,c1cnc2cnsc2c1
arene_6175,c1cn2[nH]nc[nH]c-2c[nH]1
arene_6176,N=c1[nH][nH]c2ccccc12
arene_6177,O=c1on2cccnn2c1=O
arene_6178,O=c1sn2c(=O)ccsn2c(=O)c1=O
arene_6179,O=c1ccn2[nH]c(=O)[nH]c2n1
arene_6180,O=c1sn2c(=O)cc[nH]n2c(=O)c1=O
arene_6181,O=c1sccc2nnoc12
arene_6182,c1con2cnscc-2o1
arene_6183,O=c1cc2ccnnn2c(=O)s1
arene_6184,c1ncn2nccc2n1
arene_6185,c1cc2cn[nH]n2c1
arene_6186,O=c1sc2cccnc2s1
arene_6187,c1cn2nccc2nn1
arene_6188,O=c1snnn2[nH]ccsn12
arene_6189,c1cn2[nH]ncon2[nH]1
arene_6190,c1cc2nocc2s1
arene_6191,O=c1cnc2sc(=O)ccc2[nH]1
arene_6192,c1nnc2sccc2n1
arene_6193,O=c1cc2c(=O)ccc-2n1
arene_6194,O=c1ccc2sc(=O)sc(=O)c2s1
arene_6195,O=c1snnc2c(=O)occc12
arene_6196,O=c1[nH]c2n[nH]ccn-2c(=O)c1=O
arene_6197,O=c1on2ncccn2c(=O)c1=O
arene_6198,O=c1sn2c(=O)occn2c(=O)c1=O
arene_6199,O=c1[nH]c(=O)n2c(=O)cc[nH]n12
arene_6200,c1csc2snn[nH]c=2o1
arene_6201,c1cn2[nH]cnsc-2n[nH]1
arene_6202,O=c1nn[nH]c2[nH]ccc12
arene_6203,O=c1ccn2c(=O)c(=O)ncn2o1
arene_6204,O=c1cnn2c(=O)ccn2s1
arene_6205,O=c1[nH]ccc2nonc12
arene_6206,O=c1[nH]nnn2[nH]ccon12
arene_6207,O=c1ccc(=O)n2[nH]ncn12
arene_6208,c1con2cnonc-2o1
arene_6209,O=c1cc2[nH]cc[nH]c-2cc1=O
arene_6210,O=c1ccc2c[nH]cc2s1
arene_6211,O=c1scc2sccn2c1=O
arene_6212,O=c1ccc(=O)c2sncsc1=2
arene_6213,O=c1[nH]ccn2[nH]nnon12
arene_6214,c1cc2oncn2n1
arene_6215,O=c1onc2cc[nH]n12
arene_6216,O=c1oc(=O)c2ccnc(=O)n2o1
arene_6217,O=c1oc(=O)n2c(=O)nccc2s1
arene_6218,O=c1[nH]n2ccnnn2c(=O)c1=O
arene_6219,O=c1ccoc2cn[nH]c12
arene_6220,O=c1cc2cccnc2c[nH]1
arene_6221,O=c1nc2sccc(=O)c2co1
arene_6222,O=c1oc2occc(=O)c2oc1=O
arene_6223,O=c1cc[nH]n2[nH]ccsn12
arene_6224,O=c1c(=O)c(=O)c2c(=O)cc[nH]c2c1=O
arene_6225,O=c1scc2cnccn2c1=O
arene_6226,O=c1cnn2ccoc2c1
arene_6227,O=c1sc(=O)c(=O)n2cc[nH]cc1-2
arene_6228,O=c1cc[nH]n2snc[nH]n12
arene_6229,O=c1[nH]c(=O)n2occc(=O)n2c1=O
arene_6230,O=c1ccc(=O)n2cnocc1-2
arene_6231,O=c1ccc2[nH]ccsc=2c1=O
arene_6232,O=c1ccc(=O)n2nnscc1-2
arene_6233,O=c1ccsc2ccccc12
arene_6234,c1csc2csnnn-2[nH]1
arene_6235,O=c1ccoc2ccnnc12
arene_6236,O=c1sccc2nocc12
arene_6237,O=c1[nH]c2sccc2sc1=O
arene_6238,O=c1ccn2sncc(=O)n12
arene_6239,O=c1ccoc2nccn12
arene_6240,O=c1cnn2ncccn2c1=O
arene_6241,O=c1ncnc2cnccn12
arene_6242,O=c1cc[nH]c2nnsc12
arene_6243,O=c1ccn2nn[nH]c(=O)c2n1
arene_6244,O=c1cn[nH]c2c(=O)sccc12
arene_6245,O=c1[nH]c2occc2o1
arene_6246,O=c1ccc(=O)c2onnoc1=2
arene_6247,O=c1ccn2[nH]cnc2n1
arene_6248,O=c1[nH]c2occc2c(=O)s1
arene_6249,c1nn2[nH]ccsc-2n[nH]1
arene_6250,O=c1[nH]ncc2ccsc12
arene_6251,O=c1nnc2sccc2o1
arene_6252,O=c1oc2coccn-2c(=O)c1=O
arene_6253,O=c1occc2nnccc12
arene_6254,O=c1oc2c(=O)ccsc2s1
arene_6255,O=c1ccn2c(=O)[nH]c(=O)n2o1
arene_6256,O=c1ccn2c(=O)[nH]nnc2c1
arene_6257,O=c1cc2c(=O)ccon2nn1
arene_6258,O=c1occ2cc[nH]n2c1=O
arene_6259,O=c1ccnc2ocnn12
arene_6260,O=c1sccc2cn[nH]c12
arene_6261,O=c1ccoc2nnccc12
arene_6262,O=c1[nH]c(=O)c2[nH]ccc(=O)c2s1
arene_6263,O=c1cnn2nccc2o1
arene_6264,O=c1ccnc2nnsn12
arene_6265,O=c1nn[nH]c2ccccc12
arene_6266,O=c1ccn2ncsc(=O)c2c1
arene_6267,c1cn2sncoc-2co1
arene_6268,O=c1oc2ccoc(=O)c2sc1=O
arene_6269,O=c1[nH]nc2ccoc(=O)n12
arene_6270,c1csnn1
arene_6271,c1cc2cocc2[nH]1
arene_6272,O=c1ncn2occon2s1
arene_6273,O=c1ccn2oc(=O)sc2c1
arene_6274,O=c1cccc2cncnn12
arene_6275,O=c1ccc2[nH]c(=O)c(=O)oc2[nH]1
arene_6276,O=c1cnsc2c(=O)sccc12
arene_6277,O=c1[nH]n2c(=O)nccc2o1
arene_6278,O=c1cc2ccc(=O)c(=O)c-2cc1=O
arene_6279,O=c1ccc2oc(=O)cnc2[nH]1
arene_6280,O=c1cc[nH]n2c(=O)cnn12
arene_6281,c1csc2connn-2[nH]1
arene_6282,O=c1cnn2c(=O)ccsc2n1
arene_6283,O=c1ccsc2c(=O)[nH]nnc12
arene_6284,O=c1[nH]c(=O)n2c(=O)occn12
arene_6285,O=c1ccoc2cncn12
arene_6286,O=c1sncc2occc12
arene_6287,O=c1nnn2c(=O)[nH]ccc2n1
arene_6288,O=c1cc2[nH]ccc(=O)n2nn1
arene_6289,O=c1oc(=O)n2[nH]ccc(=O)n2c1=O
arene_6290,c1csn2cc[nH]n2[nH]1
arene_6291,O=c1ocnc2cccnc12
arene_6292,O=c1sccn2cccc12
arene_6293,O=c1nnn2c(=O)ccn2s1
arene_6294,c1n[nH]c2nsccn-2[nH]1
arene_6295,O=c1oc(=O)n2c(=O)occn12
arene_6296,O=c1cc2cnccc2ns1
arene_6297,O=c1nc2occn2c(=O)s1
arene_6298,O=c1cc[nH]c2nscc12
arene_6299,O=c1cncc2ccsn12
arene_6300,O=c1sn2nnccn2c1=O
arene_6301,O=c1cc[nH]c2ccnnc12
arene_6302,c1cnc2occc2n1
arene_6303,O=c1[nH]cc2c(=O)occn2c1=O
arene_6304,O=c1cc[nH]c2onnc(=O)c12
arene_6305,O=c1[nH]c2cccnc2[nH]1
arene_6306,O=c1sc(=O)c(=O)c2occoc1=2
arene_6307,O=c1nc2ccccc2co1
arene_6308,c1coc2c[nH]nnn-2[nH]1
arene_6309,O=c1ccoc2sccc12
arene_6310,O=c1ncn2c(=O)ccoc2n1
arene_6311,O=c1cnn2nccnn2c1=O
arene_6312,O=c1ccc2nncc(=O)n2o1
arene_6313,O=c1[nH]c(=O)n2[nH]ccn12
arene_6314,O=c1ccn2[nH]ncon2o1
arene_6315,O=c1ccsn2c(=O)cncc12
arene_6316,O=c1cccc2onnc(=O)n12
arene_6317,O=c1[nH]cnc2ccoc(=O)c12
arene_6318,c1cc2nncnc2cn1
arene_6319,O=c1ccc2c(=O)nnsc2s1
arene_6320,O=c1ccn2cc[nH]cc-2c1=O
arene_6321,O=c1occn2occsn12
arene_6322,O=c1cnn2occc(=O)c2c1
arene_6323,O=c1ccc2oc(=O)ncc2o1
arene_6324,O=c1cnsn2nccc12
arene_6325,c1csn2cn[nH]cc-2[nH]1
arene_6326,O=c1ccn2ocnc(=O)c2c1
arene_6327,c1cn2onnsc-2cs1
arene_6328,O=c1snc2ccsc(=O)n2c1=O
arene_6329,O=c1cnc(=O)n2ccocc1-2
arene_6330,O=c1ccc(=O)c2snc[nH]c1=2
arene_6331,O=c1c(=O)n2[nH]ccon2c1=O
arene_6332,c1csc2onn[nH]c=2o1
arene_6333,O=c1ncc2occoc=2c1=O
arene_6334,O=c1cnsc2sccc12
arene_6335,O=c1cc2c(=O)occn2nn1
arene_6336,O=c1nc2occ[nH]n-2c1=O
arene_6337,c1cnc2c[nH]nc2c1
arene_6338,O=c1oc2ncccc2sc1=O
arene_6339,O=c1ccc2scnoc=2c1=O
arene_6340,O=c1ccn2[nH]nnsn2s1
arene_6341,O=c1cc2ccncn2nn1
arene_6342,O=c1ccon2[nH]cn[nH]n12
arene_6343,O=c1ncc2c(=O)cc[nH]c2s1
arene_6344,O=c1cnsn2[nH]cc[nH]n12
arene_6345,O=c1ccc2c(=O)[nH]nnc2s1
arene_6346,O=c1ccn2nccnc2c1
arene_6347,O=c1occ2nnccn2c1=O
arene_6348,O=c1cnoc2ccncc12
arene_6349,O=c1ccc2nncc(=O)n2[nH]1
arene_6350,O=c1snc2ccncn12
arene_6351,O=c1[nH]ncn2c(=O)nccc12
arene_6352,O=c1cnc2scc[nH]c=2c1=O
arene_6353,O=c1cnon2scc[nH]n12
arene_6354,O=c1nc[nH]n2occon12
arene_6355,O=c1[nH]c(=O)n2sccsn2s1
arene_6356,c1csc2sncsc=2o1
arene_6357,O=c1c(=O)c(=O)n2nccc2c1=O
arene_6358,O=c1occn2onc[nH]n12
arene_6359,O=c1cc2c(=O)[nH]ccc2n[nH]1
arene_6360,O=c1cn[nH]c2nccnc12
arene_6361,O=c1cnn2cnccn12
arene_6362,O=c1[nH]ccn2snn[nH]n12
arene_6363,c1coc2nsccn-2[nH]1
arene_6364,O=c1ccn2c(=O)c(=O)nc-2c1=O
arene_6365,O=c1ccsc2ncnnc12
arene_6366,O=c1nn[nH]c2c(=O)occc12
arene_6367,O=c1[nH]ccn2scc[nH]n12
arene_6368,O=c1cnc(=O)n2c(=O)ccsn12
arene_6369,O=c1nc2c(=O)sccc2ns1
arene_6370,O=c1ccc2cncnc2s1
arene_6371,O=c1ccn2c(=O)nnoc2n1
arene_6372,O=c1cc2nnccc2co1
arene_6373,O=c1cc2sccc2n[nH]1
arene_6374,O=c1ccc2oc(=O)sc(=O)c2o1
arene_6375,c1cnn2snc[nH]n2n1
arene_6376,O=c1ccc2c(=O)ncoc2s1
arene_6377,O=c1cccc2[nH]ccc(=O)n12
arene_6378,O=c1ccn2c(=O)oncn2c1=O
arene_6379,O=c1[nH]c(=O)c2[nH]ccc2s1
arene_6380,c1ccc2scnc2c1
arene_6381,O=c1sncc2ccncc12
arene_6382,O=c1[nH]cnc2cccn12
arene_6383,O=c1cc2c(=O)occc2ns1
arene_6384,c1cnn2occ[nH]n2n1
arene_6385,O=c1ccc2n[nH]c(=O)nc2[nH]1
arene_6386,O=c1nnc2sccsc1=2
arene_6387,O=c1ccc2sc(=O)ccc2[nH]1
arene_6388,O=c1oc2sccoc=2c(=O)c1=O
arene_6389,O=c1ccn2cccc2[nH]1
arene_6390,O=c1ccn2c(=O)c(=O)on2[nH]1
arene_6391,c1nnc2[nH]ccc2n1
arene_6392,O=c1[nH]c(=O)c2c(=O)cc[nH]c2s1
arene_6393,O=c1ccn2cccc2s1
arene_6394,O=c1cc2cc[nH]c(=O)c2n[nH]1
arene_6395,O=c1nnoc2nnccc12
arene_6396,O=c1ccsc2c(=O)nc[nH]c12
arene_6397,O=c1[nH]c2cnccc2sc1=O
arene_6398,c1cc2nccnn2c1
arene_6399,O=c1cnoc2ccsc(=O)c12
arene_6400,O=c1[nH]c(=O)c2ccsc(=O)c2s1
arene_6401,O=c1ccc(=O)c2snnsc1=2
arene_6402,O=c1ncn2ccsc(=O)c2n1
arene_6403,O=c1ccn2[nH]c(=O)c(=O)n2o1
arene_6404,O=c1on2occsn2s1
arene_6405,O=c1ccoc2cccn12
arene_6406,O=c1ccc2c(=O)ccoc2[nH]1
arene_6407,O=c1ccn2c(=O)[nH]cc2[nH]1
arene_6408,O=c1ncc2ccc(=O)oc2[nH]1
arene_6409,c1cc2ccsn2c1
arene_6410,O=c1ccn2occc(=O)c2c1
arene_6411,O=c1nnc2ccncc2[nH]1
arene_6412,O=c1[nH]c(=O)c2sc(=O)ccc2[nH]1
arene_6413,O=c1nc2ccsc2c[nH]1
arene_6414,O=c1nn[nH]n2ccnc12
arene_6415,c1cc2nnsn2n1
arene_6416,c1cnn2scnon2c1
arene_6417,O=c1ccc2c(=O)[nH]nnc2[nH]1
arene_6418,O=c1cnnc2cnccn12
arene_6419,O=c1cnn2ccccn12
arene_6420,O=c1cc2sccc(=O)c2c[nH]1
arene_6421,O=c1[nH]c(=O)n2sccsn2[nH]1
arene_6422,O=c1cc2[nH]ccc(=O)n2cn1
arene_6423,O=c1ccnc2ccon12
arene_6424,c1n[nH]n2sccn2o1
arene_6425,O=c1ccc2sccc2o1
arene_6426,O=c1ccc2c(=O)oncc2o1
arene_6427,O=c1snc2ccon2c1=O
arene_6428,O=c1ccsc2cscc12
arene_6429,O=c1ccn2snnsn2o1
arene_6430,O=c1[nH]nnc2cccnc12
arene_6431,O=c1on2ccc(=O)c(=O)n2o1
arene_6432,O=c1ccc(=O)n2c(=O)scnn12
arene_6433,O=c1oc(=O)c2cccnc2o1
arene_6434,O=c1ccc2sc(=O)sc2o1
arene_6435,c1ccn2nnnc2c1
arene_6436,O=c1ccsn2nncc12
arene_6437,O=c1[nH]cc2ncccn2c1=O
arene_6438,O=c1occn2sncon12
arene_6439,O=c1cnc2ncccc2o1
arene_6440,O=c1ccn2nnoc2c1
arene_6441,O=c1sc(=O)c(=O)c2scc[nH]c1=2
arene_6442,c1c[nH]c2onc[nH]c=2[nH]1
arene_6443,O=c1nccc[nH]1
arene_6444,O=c1[nH]n2sccon2oc1=O
arene_6445,c1cc2ccsc2[nH]1
arene_6446,O=c1ccn2[nH]c(=O)c(=O)[nH]n2c1=O
arene_6447,O=c1ccc2c(=O)cnsc2s1
arene_6448,O=c1ncsc2sccc12
arene_6449,O=c1nccc2cccnn12
arene_6450,c1cscn1
arene_6451,O=c1nc2c(=O)occc2n[nH]1
arene_6452,c1noc2nsccn-2[nH]1
arene_6453,c1noc2csccn-2[nH]1
arene_6454,O=c1nnon2ccnc12
arene_6455,O=c1cc[nH]cc1
arene_6456,O=c1nnnc2cnccn12
arene_6457,O=c1nccc2ncoc(=O)n12
arene_6458,O=c1sc(=O)c2nccnc2s1
arene_6459,O=c1cc[nH]n2c(=O)cnnc12
arene_6460,O=c1[nH]cnn2nccc12
arene_6461,O=c1cnsc2ncccc12
arene_6462,O=c1cc2occ[nH]n-2c1=O
arene_6463,O=c1nnn2ccsnc1-2
arene_6464,c1cc2c[nH]cc2s1
arene_6465,O=c1[nH]n2ccnc2o1
arene_6466,O=c1ccc2c(=O)cnsc2[nH]1
arene_6467,O=c1cnn2ccc(=O)[nH]c2c1
arene_6468,O=c1snc2ccccn12
arene_6469,O=c1[nH]n2occn2c(=O)c1=O
arene_6470,O=c1ncc2cccc(=O)n2s1
arene_6471,O=c1cc2ccsn2c(=O)s1
arene_6472,O=c1nnc(=O)n2c(=O)ccsn12
arene_6473,O=c1c(=O)c(=O)c2nnccc2c1=O
arene_6474,c1cnc2ccnnc2c1
arene_6475,O=c1occc2n[nH]nc12
arene_6476,O=c1sc(=O)n2cnccn12
arene_6477,O=c1ncoc2ccnn12
arene_6478,O=c1cnnc2ccsn12
arene_6479,O=c1ncc2[nH]ccoc1=2
arene_6480,c1con2cnocc-2o1
arene_6481,O=c1ccc2coc(=O)cc2[nH]1
arene_6482,O=c1cc2cc[nH]c2co1
arene_6483,O=c1cnc2cccc(=O)n2o1
arene_6484,O=c1cc2c(=O)ccon2c(=O)o1
arene_6485,O=c1nnc(=O)c2scc[nH]c1=2
arene_6486,O=c1cnc2sccoc1=2
arene_6487,O=c1scnc2ncccc12
arene_6488,O=c1ccsc2nncn12
arene_6489,O=c1ncnc2sccn12
arene_6490,O=c1ccn2[nH]c(=O)c(=O)c(=O)n2[nH]1
arene_6491,O=c1[nH]c2cccnc2c(=O)o1
arene_6492,O=c1ccc2connn-2c1=O
arene_6493,O=c1[nH]n2occ[nH]n2c(=O)o1
arene_6494,O=c1on2c(=O)ccn2c(=O)s1
arene_6495,O=c1ccc2oc(=O)[nH]c(=O)c2o1
arene_6496,O=c1nc2occc2no1
arene_6497,O=c1ccn2c(=O)oc(=O)[nH]c2c1
arene_6498,O=c1ccn2c(=O)ncc(=O)n2s1
arene_6499,O=c1sccn2[nH]nnsn12
arene_6500,O=c1cnsc2ccsc(=O)c12
arene_6501,O=c1ccn2oc(=O)c(=O)c(=O)n2[nH]1
arene_6502,O=c1ncn2ccoc2n1
arene_6503,O=c1ncon2c(=O)cccc12
arene_6504,O=c1ccn2nnncc2c1
arene_6505,O=c1[nH]c2cc[nH]c2c(=O)s1
arene_6506,c1con2ccsnc-2[nH]1
arene_6507,c1cnc2csnc2c1
arene_6508,c1cn2oncoc-2co1
arene_6509,O=c1cc[nH]n2c(=O)ncnc12
arene_6510,c1cn2cnnc2o1
arene_6511,O=c1ccsc2c(=O)[nH]cnc12
arene_6512,O=c1ccc2ccoc2[nH]1
arene_6513,O=c1[nH]c(=O)n2scc[nH]n2o1
arene_6514,O=c1cnn2c(=O)sccc2n1
arene_6515,O=c1on2c(=O)[nH]ccn2c1=O
arene_6516,O=c1ncon2c(=O)ccnc12
arene_6517,O=c1[nH]n2cconc-2c1=O
arene_6518,c1cc2onnc2cn1
arene_6519,O=c1cnn2c(=O)ccn2o1
arene_6520,O=c1nc2nnccc2cs1
arene_6521,O=c1[nH]c(=O)n2c(=O)ccc(=O)n2o1
arene_6522,O=c1cn[nH]c2ncccc12
arene_6523,c1nc2sccc2s1
arene_6524,O=c1cnc2ccncc2o1
arene_6525,O=c1[nH]c2sccc(=O)c2c(=O)o1
arene_6526,O=c1snc2occc(=O)n2c1=O
arene_6527,O=c1ncoc2ccnnc12
arene_6528,O=c1ncoc2cccnc12
arene_6529,O=c1[nH]ncc2nccn12
arene_6530,O=c1ccc2snnc(=O)c2o1
arene_6531,O=c1ccc2c(=O)cn[nH]c2[nH]1
arene_6532,c1cn2occsc-2c[nH]1
arene_6533,O=c1ccc2noc(=O)c(=O)n2o1
arene_6534,O=c1ccn2ccncc2c1
arene_6535,O=c1ncoc2nccnc12
arene_6536,O=c1cnc(=O)n2c(=O)sccn12
arene_6537,O=c1oc(=O)n2ccocc-2c1=O
arene_6538,c1cnc2c[nH]cc2c1
arene_6539,O=c1ccc2sncsc1=2
arene_6540,O=c1ccn2c(=O)nnsc2c1
arene_6541,O=c1ccn2[nH]ccc2n1
arene_6542,O=c1oc(=O)n2scc[nH]n2o1
arene_6543,c1csn2nnonc-2o1
arene_6544,c1cn2nncnc2n1
arene_6545,O=c1oc(=O)n2ccncn2c1=O
arene_6546,O=c1nnn2ccsc(=O)n2c1=O
arene_6547,O=c1cc2ccccn2c(=O)[nH]1
arene_6548,O=c1ccc2cc(=O)sc(=O)n2o1
arene_6549,O=c1oc2ccsc2oc1=O
arene_6550,c1n[nH]n2ccsnc-2o1
arene_6551,O=c1oc(=O)c(=O)n2ccocc1-2
arene_6552,O=c1on2occsn2oc1=O
arene_6553,O=c1on2[nH]cc[nH]n2s1
arene_6554,O=c1ccc2nnc(=O)c(=O)c=2c1=O
arene_6555,O=c1cc[nH]nn1
arene_6556,O=c1cnc2c(=O)c(=O)ccc1=2
arene_6557,O=c1cnnc2cc[nH]n12
arene_6558,O=c1cnc2occc(=O)c2s1
arene_6559,O=c1[nH]n2[nH]ccon2sc1=O
arene_6560,O=c1ccc2occsc=2c1=O
arene_6561,O=c1nnc2ccccc2o1
arene_6562,O=c1ccn2ocnon2o1
arene_6563,O=c1ncn2sccc(=O)c2n1
arene_6564,O=c1ccn2nnc(=O)c(=O)n2o1
arene_6565,O=c1ccc(=O)c2c(=O)ncc1=2
arene_6566,O=c1oc2occ[nH]c=2c(=O)c1=O
arene_6567,O=c1cc2ccncc2ns1
arene_6568,c1cn2oncsc-2ns1
arene_6569,O=c1cc2sccc2cs1
arene_6570,O=c1ccc2csnc2o1
arene_6571,O=c1cc2[nH]ccoc-2cc1=O
arene_6572,O=c1sc(=O)n2ccscc1-2
arene_6573,c1cn2snc[nH]n2nn1
arene_6574,c1csc2scnoc=2s1
arene_6575,O=c1nc2ccccc2n[nH]1
arene_6576,O=c1ccn2ccccn12
arene_6577,O=c1nnoc2ccccc12
arene_6578,O=c1oc(=O)n2c(=O)[nH]ccn12
arene_6579,O=c1cnc2ccoc(=O)c2o1
arene_6580,O=c1ccc2[nH]c(=O)sc2s1
arene_6581,O=c1ccn2cn[nH]c(=O)n2c1=O
arene_6582,O=c1ccc2nsnc2[nH]1
arene_6583,c1cn2[nH]ccc2n1
arene_6584,O=c1nnn2occc2n1
arene_6585,O=c1oc(=O)c2ccnn2o1
arene_6586,O=c1ccn2scc[nH]n2s1
arene_6587,O=c1oc2nccn2s1
arene_6588,O=c1cc2sccc(=O)n2nn1
arene_6589,O=c1ccnc2onnn12
arene_6590,O=c1[nH]ccc2noc(=O)n12
arene_6591,O=c1ccn2c(=O)sc(=O)cc2o1
arene_6592,O=c1cc[nH]c2c(=O)[nH]ncc12
arene_6593,c1cnc2conc2c1
arene_6594,O=c1ccc2n[nH]cnn1-2
arene_6595,O=c1sccc2cscc12
arene_6596,O=c1oc2c(=O)ccsc2c(=O)s1
arene_6597,O=c1[nH]c2occsc=2c(=O)c1=O
arene_6598,O=c1[nH]c(=O)c2c(=O)cc[nH]c2[nH]1
arene_6599,O=c1onc2cc[nH]c(=O)n2c1=O
arene_6600,c1csn2nn[nH]nc-2[nH]1
arene_6601,O=c1cc2ccccc2cs1
arene_6602,O=c1ncn2c(=O)c(=O)ccn2[nH]1
arene_6603,O=c1ncn2cnccn12
arene_6604,O=c1[nH]c2nccn2c(=O)o1
arene_6605,O=c1ncc2[nH]ccsc1=2
arene_6606,O=c1[nH]c(=O)c2cnccc2[nH]1
arene_6607,O=c1nnn2cccc2o1
arene_6608,c1cn2[nH]nnsc-2co1
arene_6609,O=c1oc(=O)n2nccnn2c1=O
arene_6610,c1cn2scnsn2cn1
arene_6611,O=c1ccc2c(=O)[nH]nnc2o1
arene_6612,O=c1sc(=O)n2c(=O)ccc(=O)n2s1
arene_6613,O=c1sc(=O)n2cccnn2c1=O
arene_6614,O=c1ccc2[nH]ccc(=O)c2o1
arene_6615,c1cc2sncc2s1
arene_6616,O=c1sc2sccsc=2c(=O)c1=O
arene_6617,O=c1[nH]c(=O)c2nccc(=O)n2[nH]1
arene_6618,O=c1cnc2ccnc(=O)n2o1
arene_6619,O=c1nc2[nH]ccc2c[nH]1
arene_6620,O=c1ocnc2cnccc12
arene_6621,O=c1ccc(=O)n2snnn12
arene_6622,O=c1nccc2ocnc(=O)n12
arene_6623,O=c1on2occsn2sc1=O
arene_6624,O=c1ncoc2[nH]ccc12
arene_6625,c1cc[nH]c1
arene_6626,O=c1ccc(=O)c2snnoc1=2
arene_6627,O=c1ccn2[nH]cnc(=O)n12
arene_6628,O=c1sc(=O)c2ccnc(=O)n2s1
arene_6629,O=c1ccn2scnn2c1=O
arene_6630,O=c1nnoc2c(=O)[nH]ccc12
arene_6631,O=c1[nH]n2occsn2c(=O)o1
arene_6632,O=c1[nH]c2occc(=O)c2[nH]1
arene_6633,O=c1nc2c(=O)ccsn2c(=O)s1
arene_6634,O=c1oc2ccnnc2o1
arene_6635,O=c1ccsn2c(=O)nnnc12
arene_6636,c1ccc2n[nH]nc2c1
arene_6637,c1cn2occoc-2co1
arene_6638,O=c1cn[nH]n2sccon12
arene_6639,O=c1cnc2cccn2[nH]1
arene_6640,O=c1occ2[nH]ccc(=O)n2c1=O
arene_6641,O=c1ncc2ccccc2s1
arene_6642,O=c1ccoc2nnncc12
arene_6643,O=c1occc2ncoc(=O)c12
arene_6644,O=c1sn2sccn2c1=O
arene_6645,O=c1cc2c(=O)ccsn2c(=O)s1
arene_6646,c1cnn2snn[nH]n2n1
arene_6647,O=c1ccn2[nH]cnsn2o1
arene_6648,O=c1cc2ccc(=O)oc2n[nH]1
arene_6649,O=c1oc(=O)c2ccnn2s1
arene_6650,O=c1ccn2cnnnc2c1
arene_6651,O=c1occn2[nH]ncsn12
arene_6652,O=c1ccn2cnoc(=O)c2n1
arene_6653,O=c1ncn2ccscc1-2
arene_6654,O=c1ccoc2occc12
arene_6655,c1n[nH]n2ccsn2[nH]1
arene_6656,O=c1nc2[nH]ccc(=O)c2ns1
arene_6657,O=c1[nH]c(=O)c2occc2[nH]1
arene_6658,O=c1[nH]c(=O)n2scc[nH]n2[nH]1
arene_6659,O=c1cnn2c(=O)ccon2c1=O
arene_6660,O=c1sc(=O)c2cc[nH]c2s1
arene_6661,O=c1ccn2ccc(=O)n2[nH]1
arene_6662,O=c1ccc2ncsc(=O)c2[nH]1
arene_6663,O=c1occ2ccccn12
arene_6664,O=c1ccc2nscc2s1
arene_6665,O=c1ccn2c(=O)c(=O)c(=O)nc1-2
arene_6666,O=c1ccn2c(=O)[nH]ccn12
arene_6667,O=c1[nH]c2c(=O)sccc2o1
arene_6668,O=c1ccc2[nH]nnoc1=2
arene_6669,O=c1[nH]c2n[nH]ccn-2c1=O
arene_6670,O=c1ccn2nnccc2n1
arene_6671,O=c1[nH]n2[nH]ccsn2c(=O)o1
arene_6672,O=c1nc2sccc(=O)c2c[nH]1
arene_6673,O=c1cc2c(=O)occc2co1
arene_6674,O=c1sccc2cnccc12
arene_6675,O=c1[nH]n2sccsn2[nH]1
arene_6676,c1non2sccn2o1
arene_6677,O=c1ccnco1
arene_6678,O=c1sc(=O)c(=O)n2ccocc1-2
arene_6679,O=c1ccc2cnoc(=O)c2o1
arene_6680,O=c1onnc2[nH]ccc12
arene_6681,O=c1ocnc2cccn12
arene_6682,O=c1ccnc2cnccn12
arene_6683,O=c1ncc2ccsc(=O)c2o1
arene_6684,O=c1ccc2c(=O)ncsc2s1
arene_6685,c1cc2nnnn2o1
arene_6686,O=c1cn[nH]n2occon12
arene_6687,O=c1nc2cccnc2co1
arene_6688,O=c1cnn2c(=O)cccc2s1
arene_6689,O=c1ccn2[nH]c(=O)c(=O)c(=O)n2o1
arene_6690,O=c1cnn2ccsc2n1
arene_6691,O=c1ccsnc1
arene_6692,O=c1ccc2c(=O)[nH]ncc2s1
arene_6693,O=c1oc(=O)c2cccn2o1
arene_6694,c1cn2ncncc2n1
arene_6695,O=c1ncsn2c(=O)nccc12
arene_6696,O=c1onc2ccon12
arene_6697,O=c1cc2[nH]ccc(=O)c2n[nH]1
arene_6698,O=c1oc2ccnn2sc1=O
arene_6699,O=c1ccc2[nH]nnc2s1
arene_6700,O=c1sccn2snn[nH]n12
arene_6701,O=c1nc2ccsc(=O)n2c(=O)s1
arene_6702,O=c1[nH]ccc2scnc12
arene_6703,O=c1ccc(=O)n2cnncn12
arene_6704,O=c1[nH]c2ccsc2c(=O)o1
arene_6705,O=c1ccn2nnocc1-2
arene_6706,O=c1[nH]nc2ncccn12
arene_6707,O=c1oc(=O)c2ccccc2s1
arene_6708,O=c1ncc2ccoc2[nH]1
arene_6709,O=c1occc2[nH]ccc12
arene_6710,O=c1cc[nH]c2nnnc(=O)n12
arene_6711,O=c1ccn2c(=O)c(=O)nnn2o1
arene_6712,c1con2snnn2o1
arene_6713,O=c1cc2c(=O)sccc2cs1
arene_6714,O=c1cc2occc(=O)c2n[nH]1
arene_6715,O=c1[nH]n2ccocc-2c(=O)c1=O
arene_6716,O=c1nnn2c(=O)c(=O)ccn2s1
arene_6717,O=c1ccc2cnncc2s1
arene_6718,O=c1ccsc2ccsc12
arene_6719,O=c1[nH]c(=O)c2sc(=O)ccc2o1
arene_6720,O=c1nc2ccoc(=O)c2n[nH]1
arene_6721,O=c1ccoc2sccc(=O)c12
arene_6722,O=c1cc[nH]c2scnc(=O)c12
arene_6723,O=c1sn2cnccn2c1=O
arene_6724,O=c1onnc2ccoc12
arene_6725,O=c1ccn2[nH]ccc(=O)c2c1
arene_6726,c1cn2[nH]ncoc-2c[nH]1
arene_6727,O=c1[nH]c2nnccc2s1
arene_6728,c1cn2sccon2cn1
arene_6729,O=c1ccon2cnc(=O)n12
arene_6730,O=c1cc2[nH]c(=O)ccc2n[nH]1
arene_6731,O=c1cc2ccc(=O)c(=O)n-2c(=O)c1=O
arene_6732,O=c1snnn2c(=O)cccc12
arene_6733,O=c1ccn2nncc2o1
arene_6734,O=c1c(=O)c(=O)c2ncccc2c1=O
arene_6735,O=c1[nH]c2ccsc(=O)c2oc1=O
arene_6736,c1cc2sccc2s1
arene_6737,O=c1on2scc[nH]n2s1
arene_6738,O=c1ccon2c(=O)nccc12
arene_6739,c1cnc2onnc2c1
arene_6740,c1coc2occ[nH]c=2[nH]1
arene_6741,O=c1[nH]ccn2c(=O)[nH]nc12
arene_6742,c1nn2sccsc-2cs1
arene_6743,O=c1ccn2c(=O)c(=O)sn2o1
arene_6744,O=c1sc(=O)n2ccccn12
arene_6745,O=c1scnc2[nH]ccc12
arene_6746,O=c1cn[nH]c2ccsc(=O)c12
arene_6747,c1ncn2sccon2n1
arene_6748,O=c1nc2ccc(=O)c-2n1
arene_6749,O=c1ccn2oncc(=O)n12
arene_6750,O=c1[nH]ccn2c(=O)onc12
arene_6751,O=c1ccc2ncsc(=O)c2s1
arene_6752,O=c1scc2ccsc(=O)n2c1=O
arene_6753,O=c1sc2nccc(=O)n2s1
arene_6754,O=c1cnc2c(=O)cc[nH]c2[nH]1
arene_6755,c1con2cn[nH]cc-2o1
arene_6756,O=c1ccc2sc(=O)[nH]c2[nH]1
arene_6757,O=c1nc2c(=O)sccc2co1
arene_6758,O=c1sccn2[nH]nc[nH]n12
arene_6759,c1cnn2cncc2n1
arene_6760,O=c1onc2ccsc(=O)n2c1=O
arene_6761,O=c1ccc2cc[nH]c(=O)c2s1
arene_6762,O=c1cnn2ccnnc2c1
arene_6763,O=c1[nH]ccn2c(=O)[nH]cc12
arene_6764,O=c1ncoc2cnccc12
arene_6765,O=c1nnn2sccn2c1=O
arene_6766,O=c1cc2sc(=O)ccc2no1
arene_6767,O=c1cnn2ccscc1-2
arene_6768,c1cc2onnc2[nH]1
arene_6769,O=c1cc[nH]c2nonc12
arene_6770,O=c1nnn2[nH]cc[nH]n2s1
arene_6771,O=c1ccn2ocnon2s1
arene_6772,O=c1ccc2c(=O)cnsc2o1
arene_6773,O=c1ccn2oc(=O)c(=O)oc2c1
arene_6774,O=c1ccc2scnsc=2c1=O
arene_6775,O=c1[nH]c(=O)n2c(=O)sccn12
arene_6776,O=c1occc2cnoc12
arene_6777,O=c1ncc2c(=O)sccc2o1
arene_6778,O=c1ccc2[nH]ncc2s1
arene_6779,O=c1ccn2cccnn12
arene_6780,O=c1nnon2c(=O)nccc12
arene_6781,O=c1sccn2c(=O)cnnc12
arene_6782,O=c1occsc1=O
arene_6783,c1nc2[nH]ccc2[nH]1
arene_6784,O=c1ccn2snnon2s1
arene_6785,O=c1ccc2c[nH]nc2[nH]1
arene_6786,O=c1scc2ccsn2c1=O
arene_6787,O=c1ccn2c(=O)c(=O)cc1-2
arene_6788,O=c1[nH]c(=O)c2ccccc2s1
arene_6789,c1cn2oncsc-2c[nH]1
arene_6790,O=c1[nH]c2c(=O)ccsc2oc1=O
arene_6791,O=c1nc2cc[nH]n2c(=O)o1
arene_6792,c1nsn2ccsnc-2o1
arene_6793,O=c1ccsn2[nH]ccon12
arene_6794,c1cn2sncoc-2no1
arene_6795,c1csn2cnonc-2s1
arene_6796,O=c1ccn2c(=O)c(=O)oc(=O)n2s1
arene_6797,O=c1on2ccc(=O)n2c(=O)s1
arene_6798,O=c1ncc(=O)n2c(=O)[nH]ccn12
arene_6799,O=c1ccsc2c(=O)[nH]ncc12
arene_6800,O=c1ccn2oc(=O)c(=O)sn2c1=O
arene_6801,O=c1ccn2c(=O)onnc2n1
arene_6802,O=c1ncn2ccccc2n1
arene_6803,O=c1cnn2sccsn2[nH]1
arene_6804,O=c1[nH]n2cc[nH]n2c1=O
arene_6805,O=c1ccc2nnnc(=O)n2o1
arene_6806,O=c1ccn2[nH]nn[nH]n2o1
arene_6807,O=c1ccn2occ[nH]n2[nH]1
arene_6808,O=c1ncc(=O)n2[nH]ccn12
arene_6809,c1cn2onnoc-2c[nH]1
arene_6810,O=c1occn2nnnc12
arene_6811,O=c1ccc2sccsc1=2
arene_6812,c1n[nH]c2occsc=2[nH]1
arene_6813,O=c1[nH]c(=O)c2nccnc2o1
arene_6814,c1coc2snn[nH]c=2[nH]1
arene_6815,O=c1oc2cccnc2o1
arene_6816,O=c1ccn2nn[nH]c(=O)n12
arene_6817,O=c1[nH]ccn2[nH]ccon12
arene_6818,O=c1cc2ccc(=O)sc2cs1
arene_6819,O=c1nc2nccnn2c(=O)s1
arene_6820,O=c1ccn2nnsn2c1=O
arene_6821,O=c1[nH]n2occ[nH]n2c(=O)s1
arene_6822,c1cnn2[nH]cnsn2c1
arene_6823,O=c1scc2ccon2c1=O
arene_6824,c1ccc2c[nH+]ccc2c1
arene_6825,O=c1ccc2nsc(=O)c(=O)n2[nH]1
arene_6826,c1nsc2coccn-2[nH]1
arene_6827,O=c1ncn2c(=O)ccc(=O)n2o1
arene_6828,O=c1ccc2c(=O)cnoc2[nH]1
arene_6829,O=c1cc2ccc(=O)oc2no1
arene_6830,O=c1cc2[nH]ccn2c(=O)s1
arene_6831,O=c1nc2[nH]ccc(=O)n2c(=O)s1
arene_6832,O=c1cccc2scnc(=O)n12
arene_6833,O=c1[nH]c(=O)c2sccc2o1
arene_6834,O=c1ccc2c(=O)scnc2s1
arene_6835,O=c1ccc2cccnc2s1
arene_6836,O=c1on2ccsnc-2c(=O)c1=O
arene_6837,O=c1[nH]c2c(=O)ccsc2sc1=O
arene_6838,O=c1[nH]c(=O)n2[nH]cc[nH]n2s1
arene_6839,O=c1ncn2occc(=O)c2n1
arene_6840,c1cc2c[nH]nc2cn1
arene_6841,O=c1ccn2c(=O)c(=O)nc1-2
arene_6842,c1cn2scn[nH]n2o1
arene_6843,O=c1ccc2nnc(=O)sc2[nH]1
arene_6844,O=c1[nH]n2scc[nH]n2s1
arene_6845,c1cn2snn[nH]n2nn1
arene_6846,O=c1nc2scc[nH]n-2c1=O
arene_6847,O=c1cc2sc(=O)ccn2nn1
arene_6848,c1ncc2[nH]ccc2n1
arene_6849,c1cn2[nH]cn[nH]c-2n[nH]1
arene_6850,O=c1nc2ccnnn2c(=O)o1
arene_6851,c1cc2cnncc2cn1
arene_6852,O=c1[nH]nnc2ccnnc12
arene_6853,O=c1ccn2nc[nH]c(=O)c2c1
arene_6854,O=c1ccn2ncsn12
arene_6855,O=c1cnn2occ[nH]n2s1
arene_6856,c1csn2sncn2s1
arene_6857,c1csn2nn[nH]cc-2[nH]1
arene_6858,O=c1ccn2oncon2o1
arene_6859,O=c1nnc2occc2[nH]1
arene_6860,c1n[nH]c2csccn-2o1
arene_6861,O=c1sncn2sccsn12
arene_6862,O=c1ccsc2cnnnc12
arene_6863,O=c1ccn2ccccc2c1
arene_6864,O=c1ccoc2nsc(=O)n12
arene_6865,O=c1[nH]c(=O)n2c(=O)sccn2c1=O
arene_6866,O=c1on2ccccn2c1=O
arene_6867,O=c1sn2occsn2sc1=O
arene_6868,O=c1[nH]nc2nccnn2c1=O
arene_6869,O=c1cnc2occ[nH]c1=2
arene_6870,O=c1sn2ccscc-2c(=O)c1=O
arene_6871,O=c1sc2cc[nH]c2s1
arene_6872,O=c1ccn2cnsc2c1
arene_6873,O=c1cc2ccc(=O)c(=O)c-2n1
arene_6874,c1cc2cocc2cn1
arene_6875,c1csn2ncsnc-2o1
arene_6876,c1csc2n[nH]nnn-2[nH]1
arene_6877,O=c1ncn2nnccn2c1=O
arene_6878,O=c1ncc2cccc(=O)n2[nH]1
arene_6879,O=c1cnc2c(=O)sccc2o1
arene_6880,O=c1ccc2nscc2[nH]1
arene_6881,O=c1snnc2occc12
arene_6882,O=c1scnc2nccn12
arene_6883,c1c[nH]c2[nH]nc[nH]c=2[nH]1
arene_6884,O=c1cnsn2c(=O)ccn12
arene_6885,O=c1nc2c(=O)ccsc2n[nH]1
arene_6886,O=c1cccc2snnn12
arene_6887,O=c1ccon2occsn12
arene_6888,O=c1ccc2ccsc2s1
arene_6889,O=c1cnc2ccncc2[nH]1
arene_6890,O=c1scc2c(=O)occn2c1=O
arene_6891,O=c1oc2sccc2s1
arene_6892,O=c1ncc2sc(=O)ccc2[nH]1
arene_6893,O=c1nnn2nccnn12
arene_6894,O=c1ccn2c(=O)ocnn2c1=O
arene_6895,c1cc2nonc2[nH]1
arene_6896,O=c1cnn2c(=O)cccc2o1
arene_6897,O=c1cc2c(=O)ccc(=O)c-2n1
arene_6898,O=c1[nH]nnc2c(=O)occc12
arene_6899,O=c1[nH]n2[nH]cc[nH]n2[nH]c1=O
arene_6900,O=c1ccon2onc[nH]n12
arene_6901,O=c1sccn2sccon12
arene_6902,O=c1ncn2cccc2s1
arene_6903,O=c1cc2c(=O)[nH]ccc2c[nH]1
arene_6904,c1cc2ccnnn2c1
arene_6905,O=c1snnn2occ[nH]n12
arene_6906,O=c1cnn2occ[nH]n2[nH]1
arene_6907,O=c1nc[nH]c2ccsc(=O)c12
arene_6908,O=c1sncn2c(=O)nccc12
arene_6909,O=c1ccn2ccnnn12
arene_6910,O=c1ccnc2oncc(=O)n12
arene_6911,O=c1ccn2cnc(=O)n2o1
arene_6912,O=c1occc2cscc12
arene_6913,O=c1sccc2nccnc12
arene_6914,c1cc2[nH]ccc2nn1
arene_6915,c1csn2nn[nH]cc-2s1
arene_6916,O=c1sncn2scc[nH]n12
arene_6917,O=c1cc2[nH]c(=O)ccn2nn1
arene_6918,O=c1[nH]n2c(=O)ccon2c(=O)c1=O
arene_6919,c1ccc2cocc2c1
arene_6920,O=c1ccon2[nH]cc[nH]n12
arene_6921,c1cnsc1
arene_6922,c1cc2sccc2nn1
arene_6923,O=c1cc[nH]c2cc[nH]c12
arene_6924,O=c1nc2occc(=O)c2n[nH]1
arene_6925,O=c1ccn2oncc(=O)c2n1
arene_6926,O=c1[nH]c(=O)c2cccnc2[nH]1
arene_6927,O=c1onnn2[nH]ccon12
arene_6928,c1cc2onnc2s1
arene_6929,O=c1ncn2ccc(=O)[nH]c2n1
arene_6930,O=c1occn2snn[nH]n12
arene_6931,c1ncc2occc2n1
arene_6932,O=c1cc2[nH]ccc2c[nH]1
arene_6933,O=c1ccc2nnc(=O)[nH]c2[nH]1
arene_6934,O=c1[nH]ccn2c(=O)nncc12
arene_6935,O=c1ccon2sncon12
arene_6936,c1csn2cn[nH]nc-2s1
arene_6937,O=c1ccc2scnsc1=2
arene_6938,O=c1on2ccoc(=O)n2c1=O
arene_6939,O=c1sccc2nnncc12
arene_6940,c1cc2nnncc2s1
arene_6941,c1cc2c[nH]cc2[nH]1
arene_6942,c1cnn2snnon2n1
arene_6943,O=c1[nH]nnc2occc12
arene_6944,O=c1nc[nH]n2[nH]ccon12
arene_6945,O=c1nc2sccc(=O)c2n[nH]1
arene_6946,O=c1ccn2c(=O)sccn2c1=O
arene_6947,O=c1sn2ccsnc-2c(=O)c1=O
arene_6948,O=c1cnoc2sccc12
arene_6949,O=c1sccc2c(=O)sccc12
arene_6950,O=c1ccsc2c(=O)ccsc12
arene_6951,c1n[nH]n2ccscc-2o1
arene_6952,c1cnn2sccon2n1
arene_6953,O=c1ccsc2[nH]ccc12
arene_6954,c1cc2cnsn2n1
arene_6955,O=c1ccn2c(=O)ccnc2s1
arene_6956,O=c1cc2ccsc(=O)n2c(=O)o1
arene_6957,O=c1ccn2scc[nH]n2o1
arene_6958,O=c1cccc2ocnc(=O)n12
arene_6959,O=c1oc(=O)n2sccn12
arene_6960,O=c1ccoc2c[nH]cc12
arene_6961,O=c1ccc2nocc2[nH]1
arene_6962,O=c1[nH]n2ccc(=O)n2[nH]c1=O
arene_6963,O=c1[nH]ccn2snnon12
arene_6964,O=c1ccn2c(=O)c(=O)on2s1
arene_6965,c1nc2ccsc2o1
arene_6966,O=c1[nH]c(=O)n2nnccn2c1=O
arene_6967,O=c1ccc2c[nH]cnn-2c1=O
arene_6968,c1cn2onn[nH]c-2n[nH]1
arene_6969,O=c1ccn2c(=O)nnnc2[nH]1
arene_6970,O=c1nnc2occc(=O)c2o1
arene_6971,O=c1ccc2cocc2o1
arene_6972,O=c1on2scc[nH]n2c(=O)s1
arene_6973,c1cc2cnsc2[nH]1
arene_6974,c1cc2[nH]ncc2o1
arene_6975,c1nsc2noccn-2[nH]1
arene_6976,O=c1ccc2nnc(=O)c1=2
arene_6977,c1cn2cncc2[nH]1
arene_6978,O=c1[nH]c2cnccc2oc1=O
arene_6979,O=c1ncn2[nH]c(=O)ccc2n1
arene_6980,O=c1cc2ccccn2c(=O)o1
arene_6981,O=c1sn2cc[nH]c(=O)n2c1=O
arene_6982,O=c1oc2nccn2oc1=O
arene_6983,O=c1cnnc2occn12
arene_6984,O=c1[nH]n2cc[nH]c(=O)n2c(=O)c1=O
arene_6985,c1cn2onc[nH]c-2c[nH]1
arene_6986,O=c1ccc2snn[nH]c1=2
arene_6987,O=c1[nH]c2[nH]ccc(=O)c2sc1=O
arene_6988,O=c1sccn2sncsn12
arene_6989,O=c1[nH]n2ccccn2c(=O)c1=O
arene_6990,O=c1oc(=O)c(=O)n2cc[nH]cc1-2
arene_6991,O=c1nnc(=O)n2nccnn12
arene_6992,O=c1oc(=O)c2sccc(=O)c2s1
arene_6993,O=c1[nH]c(=O)n2[nH]ccsn2o1
arene_6994,O=c1occ2ncccn12
arene_6995,O=c1ccc2sncc2s1
arene_6996,O=c1ccn2oc(=O)ncc2n1
arene_6997,c1cn2sncsc-2c[nH]1
arene_6998,O=c1ccc2cscnn-2c1=O
arene_6999,O=c1oc2c(=O)occc2s1
arene_7000,O=c1ccn2c(=O)ocnc2n1
arene_7001,O=c1nn[nH]c2ccsc(=O)c12
arene_7002,O=c1[nH]n2sccsn2sc1=O
arene_7003,O=c1nc2c(=O)cc[nH]c2no1
arene_7004,O=c1ccn2c(=O)[nH]c(=O)c(=O)n2[nH]1
arene_7005,c1cc2snnc2[nH]1
arene_7006,c1coc2snn[nH]c=2o1
arene_7007,c1cnn2sncsn2c1
arene_7008,O=c1nc2cccnn2c(=O)[nH]1
arene_7009,O=c1ccn2cnc(=O)n2[nH]1
arene_7010,O=c1ccn2c(=O)sc(=O)n2[nH]1
arene_7011,O=c1nccc2nnoc(=O)n12
arene_7012,O=c1ccn2[nH]nnc2c1
arene_7013,O=c1ccn2[nH]cnon2s1
arene_7014,O=c1nc2nccnc2no1
arene_7015,O=c1cc2c(=O)ccc(=O)c-2c1
arene_7016,O=c1[nH]c(=O)n2c(=O)ccnc2o1
arene_7017,O=c1nc2[nH]ccsc-2nc1=O
arene_7018,c1cc2cnsn2c1
arene_7019,O=c1[nH]n2c(=O)nccc2c(=O)o1
arene_7020,O=c1ccn2onn[nH]n2o1
arene_7021,O=c1ccc2ccnnc2o1
arene_7022,O=c1cnc(=O)n2occn12
arene_7023,O=c1on2ccocc-2c1=O
arene_7024,O=c1occ2ccsc(=O)n12
arene_7025,c1ccc2onnc2c1
arene_7026,O=c1ccc(=O)n2sncn12
arene_7027,O=c1nc2cnccc2c[nH]1
arene_7028,O=c1ccn2ccc(=O)n2s1
arene_7029,c1con2onnn2o1
arene_7030,O=c1[nH]c2nccnc2[nH]1
arene_7031,O=c1[nH]n2ccscc-2c1=O
arene_7032,c1cnc2sccc2n1
arene_7033,O=c1nnon2occ[nH]n12
arene_7034,O=c1nnc2c[nH]ccn1-2
arene_7035,O=c1ccoc2ccnn12
arene_7036,c1ccn2occon2c1
arene_7037,O=c1[nH]c2c(=O)sccc2c(=O)o1
arene_7038,O=c1cc2cc[nH]c(=O)n2cn1
arene_7039,O=c1[nH]nc2ccsn12
arene_7040,O=c1ccc2nccc(=O)n2o1
arene_7041,O=c1[nH]c(=O)n2c(=O)ccon12
arene_7042,O=c1cc[nH]n2nccc12
arene_7043,O=c1ccc2sc(=O)c(=O)[nH]c2o1
arene_7044,O=c1ccn2c(=O)c(=O)[nH]n2s1
arene_7045,O=c1ccn2onc[nH]n2s1
arene_7046,c1cc2cn[nH]c2o1
arene_7047,O=c1ccsn2oncsn12
arene_7048,O=c1oc(=O)n2c(=O)ccc(=O)n2o1
arene_7049,O=c1scnc2c(=O)occc12
arene_7050,O=c1sc2nccnc2s1
arene_7051,O=c1[nH]c2c(=O)cc[nH]c2c(=O)o1
arene_7052,O=c1onc2ccsn2c1=O
arene_7053,O=c1on2c(=O)cccc2c(=O)s1
arene_7054,O=c1cccc2nnncn12
arene_7055,O=c1[nH]ccc2nnsc(=O)c12
arene_7056,O=c1ccn2c(=O)c(=O)[nH]c(=O)n2s1
arene_7057,O=c1cc[nH]c2c(=O)onnc12
arene_7058,O=c1sc2nsccn-2c1=O
arene_7059,O=c1ccn2nnccn12
arene_7060,O=c1ncsc2nccnc12
arene_7061,O=c1ccc2c(=O)[nH]ccc2s1
arene_7062,O=c1ccsc2ncoc12
arene_7063,O=c1nnc2nccc(=O)n2[nH]1
arene_7064,O=c1ccn2c(=O)c(=O)ncn2[nH]1
arene_7065,O=c1sc(=O)c2c(=O)ccoc2s1
arene_7066,O=c1[nH]ccn2[nH]nnsn12
arene_7067,O=c1sc(=O)c(=O)c2sccsc1=2
arene_7068,O=c1cn[nH]n2c(=O)ccnc12
arene_7069,O=c1ccn2nccc2[nH]1
arene_7070,O=c1ccc2oncoc=2c1=O
arene_7071,O=c1cc2ccc(=O)[nH]n2cn1
arene_7072,c1csc2scnsc=2o1
arene_7073,O=c1snc2cc[nH]n12
arene_7074,O=c1ccn2ncscc-2c1=O
arene_7075,O=c1ccn2[nH]nnc2n1
arene_7076,O=c1sccn2scn[nH]n12
arene_7077,O=c1nncc[nH]1
arene_7078,O=c1[nH]c(=O)n2sccsn2o1
arene_7079,c1csc2onnsc=2[nH]1
arene_7080,O=c1[nH]c2cnccc2c(=O)o1
arene_7081,O=c1ncn2nccnc2n1
arene_7082,c1cn2occon2cn1
arene_7083,O=c1ccc2ocnc2o1
arene_7084,O=c1ccn2occsn2s1
arene_7085,O=c1cc2[nH]ccc(=O)c2cs1
arene_7086,O=c1ocnc2ncccc12
arene_7087,O=c1ccn2sncon2o1
arene_7088,c1con2nc[nH]n2[nH]1
arene_7089,O=c1ncc2[nH]ccc(=O)c2o1
arene_7090,O=c1cc[nH]c2onnc12
arene_7091,O=c1on2ccc(=O)c(=O)n2c(=O)s1
arene_7092,O=c1cc2sccc(=O)n2c(=O)s1
arene_7093,O=c1on2c(=O)ccn2s1
arene_7094,O=c1[nH]ccn2c(=O)cncc12
arene_7095,O=c1ncn2sccn12
arene_7096,c1cc2nsnc2[nH]1
arene_7097,O=c1cc2c(=O)sccc2n[nH]1
arene_7098,O=c1[nH]n2occon2s1
arene_7099,O=c1cc2occc(=O)n2c(=O)o1
arene_7100,c1csc2concn-2[nH]1
arene_7101,c1cnc2scnc2n1
arene_7102,O=c1[nH]nnc2ccnn12
arene_7103,O=c1sccn2c(=O)nncc12
arene_7104,O=c1ccon2ccnc12
arene_7105,c1cn2snnsn2s1
arene_7106,O=c1ccn2scnsn2[nH]1
arene_7107,O=c1ccn2c(=O)cncc2[nH]1
arene_7108,c1cnn2snnon2c1
arene_7109,O=c1nnn2[nH]cc[nH]n2o1
arene_7110,c1con2[nH]nnn2o1
arene_7111,O=c1ccn2c(=O)[nH]nnc2n1
arene_7112,O=c1ccn2[nH]c(=O)[nH]c2c1
arene_7113,O=c1on2c(=O)nccc2s1
arene_7114,O=c1cc[nH]n2[nH]ncon12
arene_7115,O=c1sc(=O)c2ccoc(=O)c2s1
arene_7116,c1cn2[nH]nc[nH]c-2n[nH]1
arene_7117,O=c1nnn2ccccn12
arene_7118,O=c1ccn2sc(=O)sc(=O)c2n1
arene_7119,O=c1nccc2ncsn12
arene_7120,O=c1on2c(=O)cccc2s1
arene_7121,O=c1[nH]nnc2sccc12
arene_7122,O=c1ccc(=O)n2cnsnc1-2
arene_7123,O=c1ncsc2cc[nH]c(=O)c12
arene_7124,c1cc2sccc2o1
arene_7125,O=c1cc2cccnn2nn1
arene_7126,O=c1ccc2onnsc=2c1=O
arene_7127,O=c1ccc(=O)n2c(=O)ocnn12
arene_7128,O=c1ccn2ocnc(=O)n2c1=O
arene_7129,c1cc2sncn2n1
arene_7130,O=c1[nH]c2cc[nH]c2o1
arene_7131,O=c1cc2[nH]ccc(=O)n2c(=O)s1
arene_7132,O=c1[nH]ccn2[nH]ncsn12
arene_7133,c1c[nH]n2sccn2[nH]1
arene_7134,O=c1ccc2nnoc2s1
arene_7135,O=c1ccc2nn[nH]c2s1
arene_7136,c1cnn2ncnc2c1
arene_7137,O=c1ccn2snnn12
arene_7138,O=c1nnn2sccsn2s1
arene_7139,O=c1ccc2oc(=O)c(=O)[nH]c2s1
arene_7140,O=c1[nH]ccc2nn[nH]c(=O)c12
arene_7141,O=c1[nH]c2sc(=O)ccc2o1
arene_7142,O=c1ccn2c(=O)[nH]ncc2n1
arene_7143,O=c1cnc2ccccc2[nH]1
arene_7144,O=c1nn[nH]c2ccoc12
arene_7145,O=c1ccn2sc(=O)[nH]c2c1
arene_7146,O=c1on2[nH]ccon2c(=O)s1
arene_7147,c1cc2cncn2nn1
arene_7148,O=c1[nH]c2c(=O)cc[nH]c2sc1=O
arene_7149,O=c1[nH]cc2c(=O)cc[nH]n2c1=O
arene_7150,c1csn2ocnn2[nH]1
arene_7151,O=c1nnn2c(=O)occc2n1
arene_7152,O=c1sccc2occc12
arene_7153,O=c1ccc2connn1-2
arene_7154,c1ccc2occc2c1
arene_7155,O=c1ccn2ncoc(=O)n12
arene_7156,O=c1cc2ccc(=O)sc2no1
arene_7157,O=c1[nH]c(=O)n2c(=O)c(=O)ccn2[nH]1
arene_7158,O=c1nccc2nnsc(=O)n12
arene_7159,O=c1ccc2oc(=O)c(=O)c=2c1=O
arene_7160,O=c1oc2nccnc2o1
arene_7161,c1csc2coccn-2[nH]1
arene_7162,O=c1nnc2ccoc(=O)c2o1
arene_7163,O=c1occc2cccnc12
arene_7164,O=c1nc2ccon2c(=O)[nH]1
arene_7165,O=c1ccc2ncnc(=O)n2s1
arene_7166,c1cn[nH]n1
arene_7167,O=c1ccc2c[nH]c(=O)nc2[nH]1
arene_7168,c1nc2occc2o1
arene_7169,O=c1ccc2c(=O)occc2s1
arene_7170,O=c1nnc2ccoc(=O)c2[nH]1
arene_7171,O=c1cnc2ccnc(=O)n2[nH]1
arene_7172,O=c1[nH]cnc2cccnc12
arene_7173,O=c1ccc(=O)c2onc[nH]c1=2
arene_7174,c1cc2sccc2[nH]1
arene_7175,O=c1[nH]nnc2ccsc12
arene_7176,c1cn2[nH]ncsn2s1
arene_7177,O=c1[nH]c2ccnnc2oc1=O
arene_7178,c1cc2nnnnc2cn1
arene_7179,O=c1nnc2nsccn1-2
arene_7180,O=c1cccc2nnsc(=O)n12
arene_7181,O=c1[nH]c(=O)n2nccc2o1
arene_7182,O=c1cc2occc(=O)c2cs1
arene_7183,O=c1ccn2c(=O)c(=O)c(=O)sn2[nH]1
arene_7184,O=c1[nH]c2csccn-2c(=O)c1=O
arene_7185,O=c1ccn2c(=O)onnc2c1
arene_7186,O=c1[nH]c(=O)n2occsn2o1
arene_7187,O=c1ccnc2sccn12
arene_7188,O=c1oc2cccc(=O)n2sc1=O
arene_7189,O=c1[nH]c(=O)n2cccc2[nH]1
arene_7190,c1non2occn2[nH]1
arene_7191,O=c1ccc2oc(=O)oc2[nH]1
arene_7192,O=c1cc[nH]n2c(=O)cncc12
arene_7193,c1ccc2cnccc2c1
arene_7194,c1cn2onnsc-2co1
arene_7195,O=c1ccc2nc(=O)scc2s1
arene_7196,c1coc2noncn-2[nH]1
arene_7197,O=c1ccc2c(=O)[nH]ccc2[nH]1
arene_7198,O=c1nnn2nccc2s1
arene_7199,O=c1ccc2nncnc2o1
arene_7200,O=c1nnc2occsc=2c1=O
arene_7201,O=c1ccn2sc(=O)cnc2c1
arene_7202,O=c1scc2cccnn2c1=O
arene_7203,O=c1ccc2snnc2[nH]1
arene_7204,O=c1cc2nccnc2co1
arene_7205,O=c1ncc2cnccc2o1
arene_7206,O=c1ncn2ccnc2o1
arene_7207,O=c1[nH]nc2c(=O)[nH]ccn2c1=O
arene_7208,c1con2sncn2o1
arene_7209,c1cn2sncsc-2ns1
arene_7210,O=c1[nH]c2cccnc2[nH]c1=O
arene_7211,O=c1scnc2ccnn12
arene_7212,O=c1ccc2c(=O)oc(=O)c(=O)c=2c1=O
arene_7213,O=c1ccon2oncsn12
arene_7214,O=c1cnn2c(=O)sccc2c1
arene_7215,O=c1ccoc2c(=O)[nH]ncc12
arene_7216,O=c1cn[nH]c2cc[nH]c12
arene_7217,O=c1nc[nH]n2c(=O)ccn12
arene_7218,c1cn2[nH]nnoc-2n[nH]1
arene_7219,O=c1nnn2occ[nH]n2o1
arene_7220,O=c1ccc2sc(=O)oc2s1
arene_7221,O=c1ccn2nc[nH]c(=O)c2n1
arene_7222,O=c1occs1
arene_7223,O=c1occc2ncccc12
arene_7224,O=c1ccc2c(=O)sncc2o1
arene_7225,O=c1occc2csc(=O)n12
arene_7226,c1cn2onnoc-2no1
arene_7227,O=c1[nH]cc2[nH]ccn12
arene_7228,O=c1ccc2ocnsc1=2
arene_7229,O=c1ccon2[nH]cnsn12
arene_7230,O=c1ccn2ccsc2c1
arene_7231,O=c1sncc2ccnn12
arene_7232,O=c1ccc2oc(=O)ccc2[nH]1
arene_7233,O=c1ccc2ncc(=O)oc2[nH]1
arene_7234,O=c1nnn2[nH]ccsn2o1
arene_7235,O=c1cc2[nH]ccc2cs1
arene_7236,O=c1nc2cc[nH]c(=O)c2no1
arene_7237,O=c1[nH]cc2ncccn12
arene_7238,O=c1oc2ccoc2s1
arene_7239,O=c1oncc2ccoc12
arene_7240,O=c1[nH]c(=O)n2nccc2[nH]1
arene_7241,O=c1ccc(=O)c2[nH]nn[nH]c1=2
arene_7242,c1cn2oncsn2[nH]1
arene_7243,O=c1nc2cnccn2c(=O)s1
arene_7244,O=c1sc2ccoc(=O)c2s1
arene_7245,O=c1scc2occc(=O)n2c1=O
arene_7246,O=c1occc2ccncc12
arene_7247,O=c1ccoc2c[nH]c(=O)n12
arene_7248,O=c1oc(=O)c2c(=O)ccsc2o1
arene_7249,c1cc2cscc2[nH]1
arene_7250,O=c1cc2ccoc(=O)c2cs1
arene_7251,O=c1cc2nccnn2c(=O)[nH]1
arene_7252,O=c1ccc2sc(=O)nnc2s1
arene_7253,O=c1onnc2sccc12
arene_7254,O=c1ncc2[nH]ccc2o1
arene_7255,O=c1ncn2nccnn12
arene_7256,O=c1ccsc2cnncc12
arene_7257,c1csn2ncocc-2[nH]1
arene_7258,c1cn2snnsc-2c[nH]1
arene_7259,O=c1ccc2cnoc(=O)c2[nH]1
arene_7260,c1cc2cnnnc2o1
arene_7261,c1n[nH]n2cconc-2[nH]1
arene_7262,O=c1nn[nH]c2nccn12
arene_7263,O=c1ccsc2nc[nH]c12
arene_7264,O=c1oc(=O)n2cccnn2c1=O
arene_7265,O=c1ccsc2[nH]nnc(=O)c12
arene_7266,O=c1[nH]nc2occc(=O)n2c1=O
arene_7267,O=c1[nH]c2ccnn2oc1=O
arene_7268,c1cc2nn[nH]c2nn1
arene_7269,O=c1ccoc2ccccc12
arene_7270,O=c1ccn2cconc-2c1=O
arene_7271,c1cc2[nH]nnc2nn1
arene_7272,O=c1occn2scc[nH]n12
arene_7273,c1nn2occoc-2c[nH]1
arene_7274,O=c1onnc2c(=O)[nH]ccc12
arene_7275,c1c[nH]c2sccsc=2[nH]1
arene_7276,O=c1ccn2c(=O)[nH]c(=O)[nH]c2n1
arene_7277,O=c1cnn2c(=O)ccsc2c1
arene_7278,c1cn2nnnc2cn1
arene_7279,c1cc2ncsc2cn1
arene_7280,O=c1sn2[nH]ccn2c1=O
arene_7281,c1nnn2[nH]ccsn2n1
arene_7282,O=c1ccc2nccnc2[nH]1
arene_7283,c1cn2onnc2n1
arene_7284,O=c1on2ccccn2c(=O)c1=O
arene_7285,O=c1ccc2c[nH]c(=O)n2s1
arene_7286,O=c1sc2ccnnc2s1
arene_7287,O=c1nc2cnccc2n[nH]1
arene_7288,O=c1ccc(=O)c2c(=O)c(=O)c(=O)[nH]c1=2
arene_7289,O=c1ccc2c(=O)ocnc2s1
arene_7290,O=c1nc2ccsc2co1
arene_7291,O=c1[nH]c2[nH]ccsc=2c1=O
arene_7292,c1csc2oncoc=2o1
arene_7293,O=c1cc2cc[nH]c(=O)n2c(=O)s1
arene_7294,c1nnn2occon2n1
arene_7295,O=c1nc2[nH]ccc2cs1
arene_7296,O=c1nnnc2ccoc(=O)n12
arene_7297,O=c1ccon2c(=O)ncn12
arene_7298,O=c1[nH]c2ccoc(=O)c2oc1=O
arene_7299,O=c1cnsc2nnccc12
arene_7300,O=c1ccc2csc(=O)c(=O)n2s1
arene_7301,c1cn2occoc-2n[nH]1
arene_7302,O=c1cccc2ccncn12
arene_7303,O=c1ccn2nnonc-2c1=O
arene_7304,c1csc2scn[nH]c=2s1
arene_7305,O=c1occ2sccn2c1=O
arene_7306,O=c1[nH]c2ccsc(=O)c2c(=O)o1
arene_7307,c1cc2cnsc2nn1
arene_7308,c1coc2sccsc=2[nH]1
arene_7309,O=c1on2occsn2o1
arene_7310,O=c1sccc2cccnc12
arene_7311,O=c1nc2c(=O)sccc2c[nH]1
arene_7312,O=c1nn[nH]n2[nH]ccsn12
arene_7313,O=c1cnc2nccc(=O)n2o1
arene_7314,O=c1[nH]c2ccsc(=O)c2[nH]c1=O
arene_7315,O=c1ccc2c(=O)oc(=O)c=2c1=O
arene_7316,O=c1cc[nH]n2[nH]nnon12
arene_7317,O=c1nc2cccnc2c[nH]1
arene_7318,O=c1ncn2c(=O)ccn2[nH]1
arene_7319,O=c1cc2cc[nH]c2cs1
arene_7320,c1cn2scn[nH]c-2co1
arene_7321,c1cnc2ncncc2n1
arene_7322,c1csn2cnnnn2[nH]1
arene_7323,O=c1[nH]c(=O)n2cc[nH]c(=O)n2c1=O
arene_7324,O=c1cc2ccsn2nn1
arene_7325,c1nc2sccn2n1
arene_7326,O=c1c(=O)c2ccsc(=O)c2c1=O
arene_7327,c1nsn2ccscc-2[nH]1
arene_7328,O=c1nccc2nnncn12
arene_7329,c1cn2ocnsn2[nH]1
arene_7330,c1ccc2ncccc2c1
arene_7331,O=c1ncn2scc[nH]n2s1
arene_7332,O=c1[nH]n2nccc2c(=O)s1
arene_7333,O=c1ccn2scnon2[nH]1
arene_7334,c1cc2cncnn2c1
arene_7335,O=c1cnc2nccnc2o1
arene_7336,c1cnn2[nH]nn[nH]n2n1
arene_7337,O=c1nnsc2[nH]ccc12
arene_7338,O=c1oc2sccsc=2c1=O
arene_7339,O=c1ccsc2c[nH]cc12
arene_7340,O=c1ccsn2c(=O)[nH]cc12
arene_7341,O=c1ccn2c(=O)oc(=O)sc2c1
arene_7342,O=c1ccn2c(=O)c(=O)scc2s1
arene_7343,O=c1[nH]c2sccc2o1
arene_7344,c1cn2[nH]nnsc-2n[nH]1
arene_7345,O=c1ncsn2nccc12
arene_7346,O=c1cnn2[nH]cc[nH]n2s1
arene_7347,O=c1occn2oncsn12
arene_7348,O=c1cnc2sccc2s1
arene_7349,O=c1cc[nH]n2c(=O)ccnc12
arene_7350,c1cc2nnnnc2nn1
arene_7351,O=c1sccn2c(=O)snc12
arene_7352,O=c1cnc2occc(=O)c2o1
arene_7353,O=c1[nH]c2occc(=O)c2s1
arene_7354,O=c1nnn2ccnnc2n1
arene_7355,O=c1[nH]c2ccc(=O)sc2c(=O)o1
arene_7356,O=c1[nH]nnn2sccon12
arene_7357,O=c1ccc(=O)n2cc[nH]cc1-2
arene_7358,O=c1[nH]n2ccsnc-2c1=O
arene_7359,c1cc2cscc2nn1
arene_7360,O=c1sccc2scnc12
arene_7361,O=c1ccc2c(=O)c(=O)c(=O)c(=O)c2[nH]1
arene_7362,O=c1ncn2scc[nH]n2o1
arene_7363,O=c1ocnc2ccnnc12
arene_7364,O=c1sc(=O)n2ccnc2s1
arene_7365,O=c1ccoc2cc[nH]c12
arene_7366,O=c1nnc2[nH]ccc2s1
arene_7367,O=c1ccn2scnsn2o1
arene_7368,O=c1ncoc2ccccc12
arene_7369,O=c1cnc2ccnn2s1
arene_7370,O=c1ncn2ccnnn12
arene_7371,c1ccsc1
arene_7372,O=c1nn[nH]c2c(=O)[nH]ccc12
arene_7373,O=c1ccn2ncncn2c1=O
arene_7374,O=c1ocnc2ccccc12
arene_7375,c1cc2nc[nH]n2c1
arene_7376,O=c1snnc2nccnc12
arene_7377,O=c1cnn2ccncn2c1=O
arene_7378,c1coc2ocnoc=2[nH]1
arene_7379,O=c1sc2cccc(=O)n2sc1=O
arene_7380,O=c1ccn2sc(=O)ncc2n1
arene_7381,O=c1[nH]c2cc[nH]c(=O)c2[nH]1
arene_7382,O=c1ccc2ccc(=O)sc2[nH]1
arene_7383,O=c1nnc(=O)n2cnccn12
arene_7384,O=c1[nH]n2c(=O)c(=O)ccn2c(=O)o1
arene_7385,O=c1ccn2onnsn2s1
arene_7386,O=c1sc(=O)c(=O)n2ccscc1-2
arene_7387,c1nn2scc[nH]c-2c[nH]1
arene_7388,c1nc2cc[nH]n2n1
arene_7389,O=c1[nH]n2sccon2s1
arene_7390,O=c1oncn2scc[nH]n12
arene_7391,O=c1ccn2onnon2s1
arene_7392,O=c1[nH]ncn2c(=O)ccnc12
arene_7393,O=c1ccn2sccsn2o1
arene_7394,O=c1ccn2c(=O)[nH]cc2s1
arene_7395,O=c1sc2ccnn2sc1=O
arene_7396,O=c1ccc2nc(=O)snc2o1
arene_7397,O=c1on2c(=O)sccn2c(=O)c1=O
arene_7398,c1cn2[nH]ccsc-2n[nH]1
arene_7399,O=c1ccn2[nH]ccsn2o1
arene_7400,O=c1occc2noc(=O)n12
arene_7401,O=c1on2occc(=O)n2c(=O)c1=O
arene_7402,O=c1scnn2sccon12
arene_7403,O=c1cnn2cnccc2n1
arene_7404,O=c1[nH]n2[nH]ccsn2s1
arene_7405,O=c1[nH]ccc2ocnc12
arene_7406,O=c1oc2c(=O)occc2c(=O)s1
arene_7407,O=c1nnn2cc[nH]c(=O)n2c1=O
arene_7408,O=c1nnn2cc[nH]c(=O)c2n1
arene_7409,O=c1oc(=O)n2ccc(=O)c(=O)n2o1
arene_7410,O=c1oncc2nccn12
arene_7411,c1nc2ccsc2[nH]1
arene_7412,O=c1ccc2c(=O)nnsc2o1
arene_7413,O=c1ccn2c(=O)scc2[nH]1
arene_7414,O=c1cn[nH]c2nccn12
arene_7415,O=c1sn2ccc(=O)c(=O)n2s1
arene_7416,O=c1sc2csccn-2c(=O)c1=O
arene_7417,O=c1oc2occc(=O)c2sc1=O
arene_7418,O=c1ccc2[nH]ncc2[nH]1
arene_7419,O=c1snnc2ccoc12
arene_7420,O=c1ccsc2nncc(=O)n12
arene_7421,O=c1cc[nH]c2cnsc12
arene_7422,O=c1ccnc2nccnn12
arene_7423,O=c1ncn2ccsnc1-2
arene_7424,O=c1oc(=O)n2[nH]ccn12
arene_7425,O=c1ccn2occon2s1
arene_7426,c1c[nH]n2nnsnc-2[nH]1
arene_7427,O=c1ccon2c(=O)[nH]nc12
arene_7428,O=c1oc(=O)n2c(=O)c(=O)ccn2s1
arene_7429,c1cc2ccncn2c1
arene_7430,O=c1[nH]c(=O)c2c(=O)ccsc2[nH]1
arene_7431,O=c1cnc2cccn2o1
arene_7432,O=c1[nH]c(=O)c2ccsc(=O)c2o1
arene_7433,c1csc2occsc=2[nH]1
arene_7434,c1ccc2c[nH]cc2c1
arene_7435,O=c1nc2occc(=O)c2cs1
arene_7436,O=c1[nH]n2occ[nH]n2s1
arene_7437,O=c1nnc(=O)n2ccscc1-2
arene_7438,O=c1ccn2c(=O)sc(=O)n2o1
arene_7439,O=c1[nH]c2ccncc2oc1=O
arene_7440,O=c1ccc2n[nH]nnn1-2
arene_7441,c1nn2occsc-2no1
arene_7442,O=c1c(=O)c2nccnc2c1=O
arene_7443,c1cn2nnnc2s1
arene_7444,O=c1ccc2nsc(=O)n2[nH]1
arene_7445,O=c1occc2cc[nH]c12
arene_7446,O=c1[nH]c(=O)n2c(=O)cc[nH]n2c1=O
arene_7447,O=c1cnc2c(=O)ccsc2s1
arene_7448,O=c1ncn2ncccc2n1
arene_7449,O=c1sn2cccnn2c(=O)c1=O
arene_7450,O=c1[nH]c2occc(=O)c2c(=O)s1
arene_7451,c1nn2sccsn2o1
arene_7452,O=c1ccc2c[nH]c(=O)n2[nH]1
arene_7453,O=c1oc(=O)c2ccsc2s1
arene_7454,O=c1[nH]cc2ccnnn2c1=O
arene_7455,c1nsc2occsc=2o1
arene_7456,O=c1[nH]c(=O)c2sccc(=O)c2s1
arene_7457,O=c1nc2[nH]ccn2c(=O)s1
arene_7458,O=c1ccc2ocnc2s1
arene_7459,O=c1cc[nH]n2sncsn12
arene_7460,O=c1[nH]nc2cnccn12
arene_7461,O=c1sc2[nH]ccsc=2c1=O
arene_7462,O=c1nnn2ccnnn12
arene_7463,O=c1[nH]c2c(=O)ccoc2sc1=O
arene_7464,O=c1sc(=O)c2occc2s1
arene_7465,O=c1ccn2[nH]nnc(=O)c2n1
arene_7466,O=c1ccc2c(=O)c(=O)c(=O)c(=O)c2o1
arene_7467,O=c1cc[nH]c2ccccc12
arene_7468,O=c1[nH]c(=O)n2occn2c1=O
arene_7469,O=c1occ2cc[nH]c(=O)n2c1=O
arene_7470,O=c1ncc2ccncc2[nH]1
arene_7471,O=c1ccn2c(=O)occc2c1
arene_7472,O=c1ccn2[nH]nnc(=O)n2c1=O
arene_7473,O=c1cn[nH]c2cnccc12
arene_7474,O=c1ccsc2c(=O)[nH]ccc12
arene_7475,c1cnnnc1
arene_7476,O=c1on2cnccn2c1=O
arene_7477,O=c1occn2[nH]nn[nH]n12
arene_7478,O=c1nnc2[nH]ccoc1=2
arene_7479,c1coc2[nH]ccoc=2[nH]1
arene_7480,c1cn2[nH]ncsn2[nH]1
arene_7481,O=c1snc2cc[nH]n2c1=O
arene_7482,O=c1cnsc2nccnc12
arene_7483,O=c1ccn2cnc(=O)sc2n1
arene_7484,O=c1cnc2ccoc2s1
arene_7485,c1cc2nnoc2o1
arene_7486,O=c1ccc2cccnc2[nH]1
arene_7487,c1cn2onnoc-2n[nH]1
arene_7488,O=c1oc2cccnc2sc1=O
arene_7489,O=c1sn2ccon2c1=O
arene_7490,O=c1ccc2sc(=O)ncc2s1
arene_7491,O=c1ccnc2snnn12
arene_7492,c1csn2ocnn2o1
arene_7493,O=c1cnsc2cccnc12
arene_7494,c1cc2nsnc2s1
arene_7495,O=c1ccn2ocnc2c1
arene_7496,O=c1occn2scn[nH]n12
arene_7497,c1con2[nH]ncn2o1
arene_7498,O=c1oc2cc[nH]c(=O)c2o1
arene_7499,O=c1occc2[nH]ncc12
arene_7500,O=c1ncnc2ncccn12
arene_7501,O=c1ccn2c(=O)scc2o1
arene_7502,O=c1nc2ccnnc2cs1
arene_7503,O=c1cc2occn2cn1
arene_7504,c1cn2onn[nH]c-2co1
arene_7505,O=c1sccc2csnc12
arene_7506,O=c1ccc2c(=O)c(=O)ncc=2c1=O
arene_7507,O=c1cc[nH]n2nnnc12
arene_7508,O=c1nc2c(=O)ccc(=O)c-2n1
arene_7509,c1ccc2[nH]cnc2c1
arene_7510,O=c1nnn2occn12
arene_7511,c1csn2ncsn2o1
arene_7512,O=c1ccc2c(=O)ccoc2s1
arene_7513,O=c1cnnc2ccsc(=O)n12
arene_7514,O=c1[nH]cc2cc[nH]n2c1=O
arene_7515,O=c1onnc2c(=O)occc12
arene_7516,O=c1cc2occc2c[nH]1
arene_7517,O=c1ccon2cncc12
arene_7518,O=c1nc2c(=O)occn2c(=O)o1
arene_7519,O=c1ccn2occsn2o1
arene_7520,O=c1nncc2ccsn12
arene_7521,O=c1ccn2c(=O)[nH]cnc2n1
arene_7522,O=c1cnc2c(=O)occc2o1
arene_7523,O=c1[nH]nc2sccn2c1=O
arene_7524,O=c1ncc2scc[nH]c=2c1=O
arene_7525,O=c1cc2cccnn2cn1
arene_7526,O=c1[nH]c2ncccc2s1
arene_7527,O=c1ncn2sccon2s1
arene_7528,O=c1[nH]c2ccncc2c(=O)o1
arene_7529,O=c1nnc(=O)c2occ[nH]c1=2
arene_7530,c1cc2snnc2cn1
arene_7531,O=c1scnn2occ[nH]n12
arene_7532,O=c1cnn2cccc2[nH]1
arene_7533,O=c1[nH]c2occc2s1
arene_7534,O=c1[nH]c2nccc(=O)n2c(=O)s1
arene_7535,O=c1ncn2oc(=O)ccc2n1
arene_7536,O=c1ccsc2nnnc(=O)n12
arene_7537,O=c1[nH]ccc2cscc12
arene_7538,O=c1[nH]n2sccsn2[nH]c1=O
arene_7539,O=c1ccn2sncsn2s1
arene_7540,c1cn2scnsc-2co1
arene_7541,O=c1ccoc2c(=O)scnc12
arene_7542,O=c1ccn2[nH]nc[nH]n2o1
arene_7543,O=c1occ2cnccn2c1=O
arene_7544,c1cc2ccsc2o1
arene_7545,O=c1[nH]n2occon2sc1=O
arene_7546,O=c1ccn2[nH]c(=O)c(=O)sc2n1
arene_7547,c1cn2snnsc-2n[nH]1
arene_7548,O=c1[nH]c2occc(=O)c2sc1=O
arene_7549,O=c1ccoc2c(=O)[nH]nnc12
arene_7550,O=c1[nH]ncc2cccn12
arene_7551,O=c1[nH]c2cccnc2s1
arene_7552,O=c1cc2sccn2c(=O)o1
arene_7553,O=c1ccnc2nnnnn12
arene_7554,O=c1nnc(=O)n2[nH]ccn12
arene_7555,O=c1nc2c(=O)ccoc2cs1
arene_7556,c1cc2sccn2n1
arene_7557,O=c1ncc2c(=O)cc[nH]c2[nH]1
arene_7558,O=c1[nH]c2sccsc=2c(=O)c1=O
arene_7559,O=c1ccoc2cnsc12
arene_7560,c1cc2oncc2o1
arene_7561,c1cc2snnc2s1
arene_7562,O=c1[nH]c(=O)n2ncccn2c1=O
arene_7563,O=c1cc2ccsc(=O)c2no1
arene_7564,O=c1[nH]ccn2nccc12
arene_7565,O=c1cc[nH]c2c(=O)nn[nH]c12
arene_7566,O=c1ccon2scn[nH]n12
arene_7567,O=c1ncn2c(=O)occc2n1
arene_7568,O=c1cc2c(=O)occn2c(=O)o1
arene_7569,O=c1cncc2ccon12
arene_7570,c1con2[nH]cnn2[nH]1
arene_7571,O=c1nc2[nH]ccc(=O)n2c(=O)o1
arene_7572,O=c1ccn2ccc(=O)oc2c1
arene_7573,O=c1ccc(=O)n2c(=O)ccsn12
arene_7574,O=c1ncsc2ccccc12
arene_7575,O=c1oc(=O)n2ccsnc1-2
arene_7576,O=c1cnn2ccsc(=O)n12
arene_7577,c1con2cconc-2[nH]1
arene_7578,O=c1ccc2oncc(=O)c2s1
arene_7579,O=c1occc2cnncc12
arene_7580,O=c1ccn2c(=O)nnnc2s1
arene_7581,c1ccc2nc3ccccc3cc2c1
arene_7582,c1cnn2ocnon2c1
arene_7583,c1nsn2sccn2[nH]1
arene_7584,O=c1ccn2cnc(=O)sc2c1
arene_7585,O=c1ccn2c(=O)[nH]ccn2c1=O
arene_7586,O=c1ccc2ncsc(=O)c2o1
arene_7587,O=c1ccn2cc[nH]nc-2c1=O
arene_7588,O=c1nccc2ccncn12
arene_7589,O=c1ccn2oc(=O)c(=O)c(=O)n2o1
arene_7590,O=c1ccc2scc[nH]c1=2
arene_7591,O=c1[nH]c(=O)n2c(=O)[nH]ccn12
arene_7592,O=c1ccn2nnoc(=O)n12
arene_7593,O=c1cnn2sccon2o1
arene_7594,O=c1cc2sccc(=O)n2cn1
arene_7595,c1cc2cnncn2c1
arene_7596,O=c1[nH]c2occ[nH]c=2c(=O)c1=O
arene_7597,O=c1nccc2ocnn12
arene_7598,O=c1cccc2[nH]cnc(=O)n12
arene_7599,O=c1ccnc2cc[nH]c(=O)n12
arene_7600,O=c1ccc2sc(=O)[nH]c(=O)c2o1
arene_7601,O=c1nnon2c(=O)ccnc12
arene_7602,O=c1oc(=O)c2nccnc2o1
arene_7603,c1cc2nnncc2[nH]1
arene_7604,O=c1cc2ccc(=O)sn2c(=O)[nH]1
arene_7605,O=c1cnc2[nH]ccoc1=2
arene_7606,O=c1on2sccon2sc1=O
arene_7607,O=c1nc2ccc(=O)sn2c(=O)[nH]1
arene_7608,O=c1nnnc2nccnn12
arene_7609,O=c1cnn2sc(=O)ccc2c1
arene_7610,O=c1sc2csccn-2c1=O
arene_7611,O=c1[nH]c(=O)c2sccc2[nH]1
arene_7612,O=c1ccc2oc(=O)c(=O)oc2[nH]1
arene_7613,O=c1ccc(=O)n2c(=O)[nH]nnn12
arene_7614,O=c1[nH]c(=O)n2[nH]ccon2s1
arene_7615,c1con2ocnn2[nH]1
arene_7616,O=c1nnc2coccn1-2
arene_7617,c1cc[nH+]cc1
arene_7618,O=c1[nH]ccc2nccnc12
arene_7619,O=c1[nH]ccn2c(=O)cnnc12
arene_7620,O=c1ccn2nnsc(=O)n12
arene_7621,O=c1sc(=O)c2c(=O)occc2s1
arene_7622,O=c1oc(=O)c(=O)c2[nH]ccsc1=2
arene_7623,O=c1sc(=O)n2cc[nH]nc1-2
arene_7624,O=c1ccc(=O)n2ccccn12
arene_7625,O=c1nnc2ccsc(=O)c2o1
arene_7626,O=c1nnn2ccc(=O)oc2n1
arene_7627,O=c1[nH]c2nnccc2oc1=O
arene_7628,O=c1cnn2occon2o1
arene_7629,O=c1ocnc2nccnc12
arene_7630,O=c1cc[nH]c2scnc12
arene_7631,O=c1nc2ccncc2no1
arene_7632,O=c1ccc(=O)n2c(=O)[nH]cnn12
arene_7633,O=c1oc(=O)c(=O)c2occoc1=2
arene_7634,O=c1sccc2cnsc(=O)c12
arene_7635,c1ccn2sccon2c1
arene_7636,O=c1nnsc2ccccc12
arene_7637,O=c1[nH]n2c(=O)cccc2c(=O)s1
arene_7638,O=c1oc(=O)c2cnccc2s1
arene_7639,O=c1oc(=O)n2ccc(=O)n2o1
arene_7640,O=c1nc2sc(=O)ccc2no1
arene_7641,O=c1sc(=O)n2occc(=O)n2c1=O
arene_7642,c1con2cnsnc-2[nH]1
arene_7643,O=c1cc[nH]c2nnncc12
arene_7644,O=c1nnc(=O)n2c(=O)cc[nH]n12
arene_7645,O=c1[nH]c2[nH]ccc(=O)c2c(=O)o1
arene_7646,O=c1cc2occsc-2c1
arene_7647,O=c1[nH]cc2ccoc(=O)n12
arene_7648,O=c1[nH]ncc2cnccc12
arene_7649,c1non2ccsnc-2[nH]1
arene_7650,O=c1ccc2ccoc2o1
arene_7651,O=c1cnn2c(=O)ccoc2c1
arene_7652,O=c1ccc2cccc(=O)n2s1
arene_7653,O=c1ccc2cccc(=O)n2o1
arene_7654,O=c1cc2ccon2c(=O)[nH]1
arene_7655,O=c1sc(=O)c2nccc(=O)n2s1
arene_7656,c1csc2n[nH]nnn-2o1
arene_7657,O=c1ccn2c(=O)cnoc2n1
arene_7658,O=c1ccn2ncnc2s1
arene_7659,O=c1ccsc2ncccc12
arene_7660,O=c1ccc2c(=O)oc(=O)c(=O)c1=2
arene_7661,O=c1ccoc2cnnc(=O)n12
arene_7662,O=c1ccn2nncc2s1
arene_7663,O=c1ccn2c(=O)[nH]c(=O)oc2n1
arene_7664,O=c1cnn2cc[nH]nc1-2
arene_7665,O=c1ccc(=O)n2c(=O)snnn12
arene_7666,O=c1ncc2[nH]cc[nH]c=2c1=O
arene_7667,O=c1cc2ccccn2nn1
arene_7668,O=c1ccn2snnn2c1=O
arene_7669,c1cn2scn[nH]n2nn1
arene_7670,O=c1sc(=O)n2c(=O)[nH]ccn2c1=O
arene_7671,O=c1snc2[nH]ccc(=O)n2c1=O
arene_7672,c1cn2occoc-2c[nH]1
arene_7673,O=c1ccn2[nH]c(=O)cnc2n1
arene_7674,O=c1ncc2ccoc(=O)c2[nH]1
arene_7675,O=c1ncn2[nH]ccn2c1=O
arene_7676,O=c1ccn2nc[nH]c(=O)n2c1=O
arene_7677,O=c1nc2cccnc2ns1
arene_7678,O=c1ccn2sc(=O)c(=O)c(=O)n2[nH]1
arene_7679,O=c1ccn2c(=O)cnc(=O)n2o1
arene_7680,O=c1sncn2ccnc12
arene_7681,c1cnc2cscc2n1
arene_7682,O=c1oc2ccsc(=O)c2c(=O)s1
arene_7683,O=c1ccn2c(=O)cnoc2c1
arene_7684,c1cn2cnnc2s1
arene_7685,O=c1cnn2c(=O)occn12
arene_7686,O=c1ccc2cc[nH]c2s1
arene_7687,O=c1cnc2cccc(=O)n2s1
arene_7688,c1coc2occoc=2o1
arene_7689,O=c1ccon2c(=O)occ12
arene_7690,O=c1sccc2cncn12
arene_7691,O=c1ccc2ncc(=O)sc2o1
arene_7692,O=c1[nH]cnc2ccsc(=O)c12
arene_7693,O=c1ncn2scc[nH]n2[nH]1
arene_7694,O=c1[nH]c(=O)n2ccc(=O)c(=O)n2[nH]1
arene_7695,O=c1ncn2cc[nH]n2c1=O
arene_7696,O=c1[nH]n2ccc(=O)n2s1
arene_7697,O=c1ccc2c(=O)cc[nH]c2o1
arene_7698,c1cn2[nH]ncsc-2n[nH]1
arene_7699,c1cn2[nH]nnsc-2c[nH]1
arene_7700,O=c1ccc(=O)c2snn[nH]c1=2
arene_7701,O=c1sccn2ncnc12
arene_7702,O=c1cc2c(=O)cc[nH]c2c[nH]1
arene_7703,c1n[nH]n2ccocc-2[nH]1
arene_7704,O=c1[nH]n2c(=O)occn2c(=O)c1=O
arene_7705,O=c1nc2[nH]ccc(=O)c2n[nH]1
arene_7706,c1cn2[nH]nc[nH]n2nn1
arene_7707,O=c1ccn2sc(=O)oc2c1
arene_7708,c1cc2[nH]nnc2[nH]1
arene_7709,O=c1cnn2scc[nH]n2[nH]1
arene_7710,c1con2ncsnc-2[nH]1
arene_7711,O=c1oc2ccsc2c(=O)s1
arene_7712,O=c1cnc2ccc(=O)sc2[nH]1
arene_7713,c1nn2sccsc-2c[nH]1
arene_7714,O=c1on2c(=O)ccc(=O)n2o1
arene_7715,O=c1[nH]cc2ccsc(=O)n12
arene_7716,O=c1cc[nH]n2c(=O)nncc12
arene_7717,c1cc2cncn2s1
arene_7718,c1csc2cscnn-2[nH]1
arene_7719,O=c1ccc2ncoc(=O)c2s1
arene_7720,O=c1cccc2cn[nH]n12
arene_7721,c1cc2[nH]ncn2n1
arene_7722,O=c1on2c(=O)sccn2c1=O
arene_7723,O=c1[nH]c(=O)c(=O)n2ccscc1-2
arene_7724,O=c1ccc2sccc2[nH]1
arene_7725,O=c1nnn2cccc2[nH]1
arene_7726,O=c1ccn2nc[nH]cc-2c1=O
arene_7727,O=c1occc2ccsc(=O)c12
arene_7728,c1cc2cn[nH]c2[nH]1
arene_7729,O=c1ccc(=O)c2ocn[nH]c1=2
arene_7730,c1cc2n[nH]cc2o1
arene_7731,O=c1cnn2ccc(=O)sc2n1
arene_7732,O=c1sccc2ccnn12
arene_7733,O=c1nc2cnccc2no1
arene_7734,O=c1sc2ccnnc2sc1=O
arene_7735,c1coc2sccoc=2[nH]1
arene_7736,O=c1ccn2onnc(=O)n12
arene_7737,O=c1nn[nH]n2c(=O)nccc12
arene_7738,O=c1oc2cccnc2c(=O)s1
arene_7739,O=c1[nH]c(=O)n2ccon2c1=O
arene_7740,O=c1snnn2c(=O)ccn12
arene_7741,c1cc2ncncn2c1
arene_7742,O=c1ncc2c(=O)ccsc2o1
arene_7743,c1cc2csnc2s1
arene_7744,O=c1ncn2ccccn2c1=O
arene_7745,O=c1ccc(=O)n2cnccn12
arene_7746,O=c1snc2cnccn12
arene_7747,O=c1ccn2cnnc2[nH]1
arene_7748,O=c1ccoc2[nH]ncc12
arene_7749,O=c1cc[nH]c2[nH]ncc(=O)c12
arene_7750,c1cn2[nH]ccoc-2c[nH]1
arene_7751,O=c1ccn2c(=O)oc(=O)n2o1
arene_7752,O=c1[nH]n2cc[nH]cc-2c1=O
arene_7753,O=c1scnn2[nH]ccon12
arene_7754,O=c1cnc2c(=O)sccc2[nH]1
arene_7755,c1cn2[nH]nn[nH]c-2ns1
arene_7756,O=c1oc2ccncc2sc1=O
arene_7757,O=c1ncc2c(=O)occc2s1
arene_7758,O=c1nc[nH]c2nccn12
arene_7759,O=c1ncn2c(=O)c(=O)ccn2o1
arene_7760,O=c1ccnc2oncn12
arene_7761,O=c1ncsn2occon12
arene_7762,O=c1ccc2oc(=O)[nH]c2[nH]1
arene_7763,c1cc2nscc2nn1
arene_7764,O=c1cnc2oc(=O)ccc2o1
arene_7765,O=c1ccc2ccc(=O)sc2s1
arene_7766,O=c1ccc2sc(=O)ncc2[nH]1
arene_7767,O=c1nccc2ncccn12
arene_7768,O=c1ccc2ccnn2[nH]1
arene_7769,O=c1onc2ccon2c1=O
arene_7770,O=c1ccc(=O)c2c(=O)ncc(=O)c1=2
arene_7771,O=c1ccscn1
arene_7772,c1cnc2cncn2c1
arene_7773,O=c1nnc2cc[nH]c2[nH]1
arene_7774,O=c1[nH]c2ccnnc2o1
arene_7775,O=c1ccc2occc2[nH]1
arene_7776,O=c1ccoc2ncsc12
arene_7777,O=c1ccc2nc(=O)[nH]nc2[nH]1
arene_7778,O=c1on2c(=O)ccon2c(=O)c1=O
arene_7779,O=c1ccn2cnc(=O)c(=O)n2o1
arene_7780,O=c1ccn2ocn[nH]n2s1
arene_7781,O=c1nc2ccncn2c(=O)o1
arene_7782,O=c1ccsc2oncc(=O)c12
arene_7783,O=c1[nH]ccc2ccnnc12
arene_7784,c1cn2nc[nH]c2n1
arene_7785,c1cc2ncoc2o1
arene_7786,O=c1scc2ccncn12
arene_7787,O=c1nnsc2nccn12
arene_7788,O=c1ccc2[nH]ccsc1=2
arene_7789,O=c1cnn2occc(=O)c2n1
arene_7790,O=c1on2ccon2c(=O)c1=O
arene_7791,O=c1cc2[nH]ccn2cn1
arene_7792,O=c1oncn2sccon12
arene_7793,O=c1ccc2snnc2s1
arene_7794,O=c1ccc2nsc(=O)n2o1
arene_7795,O=c1cnc2c(=O)ccsc2o1
arene_7796,c1csc2c[nH]nnn-2[nH]1
arene_7797,O=c1ccc2cccc(=O)n2[nH]1
arene_7798,O=c1ncn2[nH]ccsn2o1
arene_7799,O=c1ccn2c(=O)cc[nH]c2c1
arene_7800,O=c1nc[nH]c2c(=O)sccc12
arene_7801,O=c1snc2[nH]ccn2c1=O
arene_7802,O=c1ncc2scc[nH]c1=2
arene_7803,c1nnn2occ[nH]n2n1
arene_7804,O=c1ccc2nocc2s1
arene_7805,O=c1ccc2[nH]c(=O)ncc2[nH]1
arene_7806,O=c1[nH]c(=O)c2ccccc2[nH]1
arene_7807,O=c1[nH]nnn2scc[nH]n12
arene_7808,O=c1ncn2ccoc(=O)c2n1
arene_7809,O=c1ccn2c(=O)c(=O)cnn2[nH]1
arene_7810,O=c1[nH]c(=O)c(=O)c2occsc1=2
arene_7811,O=c1[nH]ccc2cncn12
arene_7812,O=c1cc2ccc(=O)sc2co1
arene_7813,O=c1oc(=O)c2occc(=O)c2o1
arene_7814,O=c1oncc2cccnc12
arene_7815,O=c1cnc(=O)n2ccccn12
arene_7816,O=c1occ2c(=O)sccn2c1=O
arene_7817,O=c1nc2cc[nH]c2ns1
arene_7818,c1cc2nccnc2cn1
arene_7819,c1nnn2nccc2n1
arene_7820,O=c1oc(=O)c2ncccc2s1
arene_7821,O=c1[nH]c(=O)n2scc[nH]n2s1
arene_7822,O=c1oc2coccn-2c1=O
arene_7823,O=c1[nH]c2sccoc=2c1=O
arene_7824,O=c1cnc2c[nH]ccn1-2
arene_7825,c1cc2nonc2s1
arene_7826,c1cnn2snn[nH]n2c1
arene_7827,O=c1sccn2ocnon12
arene_7828,O=c1ccc2c(=O)c(=O)ccc1=2
arene_7829,O=c1sncn2[nH]ccon12
arene_7830,c1cn2[nH]ncoc-2no1
arene_7831,O=c1[nH]c2ccnc(=O)n2o1
arene_7832,O=c1sc(=O)n2[nH]ccsn2s1
arene_7833,O=c1cc[nH]c2n[nH]c(=O)n12
arene_7834,c1n[nH]c2sccoc=2[nH]1
arene_7835,O=c1cc2occsn-2c1=O
arene_7836,O=c1cc[nH]c2nn[nH]c12
arene_7837,O=c1sccc2[nH]cnc12
arene_7838,O=c1ccc2onnc2o1
arene_7839,O=c1ccc(=O)n2c(=O)[nH]ncn12
arene_7840,O=c1oc(=O)c2ccoc2o1
arene_7841,O=c1ccn2oc(=O)c(=O)on2c1=O
arene_7842,O=c1ccn2oc(=O)[nH]c(=O)c2n1
arene_7843,O=c1nnc2cc[nH]c(=O)c2s1
arene_7844,O=c1cc[nH]c2cn[nH]c(=O)c12
arene_7845,O=c1ccn2occn12
arene_7846,O=c1cc2ccsc(=O)c2co1
arene_7847,O=c1ccc(=O)n2c(=O)sccn12
arene_7848,O=c1ncc2coccn-2c1=O
arene_7849,O=c1nnn2c(=O)[nH]ccn12
arene_7850,O=c1nnn2oc(=O)ccc2n1
arene_7851,O=c1ccn2oc(=O)ccc2n1
arene_7852,O=c1sccn2ccnc12
arene_7853,O=c1ccn2c(=O)ncsc2n1
arene_7854,O=c1[nH]c(=O)n2occn12
arene_7855,O=c1[nH]c(=O)n2ccc(=O)n2o1
arene_7856,O=c1ccn2c(=O)c(=O)c(=O)[nH]n2s1
arene_7857,O=c1c(=O)c(=O)c2sccc2c1=O
arene_7858,c1con2nnncn2o1
arene_7859,O=c1ccc2sc(=O)oc(=O)c2s1
arene_7860,O=c1on2ccncn2c(=O)c1=O
arene_7861,O=c1ccc2onnsc1=2
arene_7862,O=c1nc2occc(=O)n2c(=O)[nH]1
arene_7863,O=c1snc2occn12
arene_7864,O=c1[nH]c2sccc2c(=O)s1
arene_7865,O=c1cc[nH]n2nncc12
arene_7866,O=c1[nH]ccc2nncn12
arene_7867,O=c1ncc2c(=O)[nH]ccc2[nH]1
arene_7868,O=c1ccc2nncn2[nH]1
arene_7869,O=c1ccon2[nH]ncsn12
arene_7870,O=c1cnn2ccc(=O)oc2n1
arene_7871,O=c1ccn2c(=O)c(=O)sn2s1
arene_7872,c1cn2snnsc-2no1
arene_7873,O=c1occ2occc(=O)n2c1=O
arene_7874,c1cn2sncsn2cn1
arene_7875,O=c1ccc2nc(=O)onc2[nH]1
arene_7876,O=c1scc2occn2c1=O
arene_7877,O=c1sc(=O)n2scc[nH]n2s1
arene_7878,O=c1ccc2[nH]c(=O)oc2o1
arene_7879,O=c1sc2c[nH]ccn-2c1=O
arene_7880,c1cnn2onc[nH]n2n1
arene_7881,O=c1onnn2[nH]ccsn12
arene_7882,O=c1ccc2n[nH]nc2o1
arene_7883,O=c1cc2cnccn2c(=O)[nH]1
arene_7884,c1csn2cnscc-2o1
arene_7885,O=c1nnn2[nH]c(=O)ccc2n1
arene_7886,O=c1ccc2noccn-2c1=O
arene_7887,O=c1oc2c(=O)[nH]ccc2s1
arene_7888,O=c1cc[nH]n2onn[nH]n12
arene_7889,O=c1cnc(=O)n2cc[nH]cc1-2
arene_7890,O=c1ccn2cn[nH]c(=O)n12
arene_7891,c1cnc2ncsc2c1
arene_7892,O=c1ccc2nsc(=O)cc2[nH]1
arene_7893,O=c1[nH]n2sccc(=O)n2c(=O)c1=O
arene_7894,O=c1snnn2c(=O)ccnc12
arene_7895,O=c1ccc2c(=O)cc[nH]c2s1
arene_7896,c1cn2ccnc2cn1
arene_7897,c1cc2oncc2cn1
arene_7898,c1cn2onnon2[nH]1
arene_7899,O=c1[nH]ccn2onnon12
arene_7900,O=c1ccn2nnsc(=O)c2n1
arene_7901,O=c1ccn2c(=O)nnc(=O)n2[nH]1
arene_7902,O=c1[nH]c(=O)n2ccocc1-2
arene_7903,O=c1ccc2c(=O)nn[nH]c2[nH]1
arene_7904,O=c1oncc2c(=O)sccc12
arene_7905,O=c1nc2c(=O)cc[nH]n2c(=O)s1
arene_7906,c1ccc2sncc2c1
arene_7907,O=c1[nH]c(=O)c2ccnn2o1
arene_7908,O=c1ncon2occ[nH]n12
arene_7909,O=c1ccc2ncnc(=O)n2o1
arene_7910,O=c1ccnc2cnon12
arene_7911,O=c1cnn2c(=O)sccn12
arene_7912,c1con2ocnn2o1
arene_7913,O=c1ccc2cccn2s1
arene_7914,O=c1ccc2snc[nH]c1=2
arene_7915,O=c1ccc2c(=O)[nH]c(=O)c(=O)c=2c1=O
arene_7916,O=c1nnn2ccc(=O)n2s1
arene_7917,O=c1[nH]ccc2occc12
arene_7918,O=c1ccn2c(=O)snc2s1
arene_7919,O=c1ccc2nn[nH]c(=O)c2o1
arene_7920,c1coc2[nH]nnsc=2[nH]1
arene_7921,O=c1cnn2[nH]ccc(=O)c2n1
arene_7922,c1cc2[nH]ccc2cn1
arene_7923,O=c1ccc2[nH]c(=O)c(=O)[nH]c2s1
arene_7924,O=c1[nH]c2c(=O)cc[nH]c2o1
arene_7925,O=c1ccc(=O)n2c(=O)[nH]ccn12
arene_7926,O=c1oc(=O)n2[nH]ccon2s1
arene_7927,c1nsc2csccn-2o1
arene_7928,O=c1nnc2[nH]ccsc=2c1=O
arene_7929,O=c1cc2ncccc2n[nH]1
arene_7930,O=c1ccc2cocnn1-2
arene_7931,O=c1ccsc2c(=O)sccc12
arene_7932,c1cc2nc[nH]c2[nH]1
arene_7933,O=c1sn2ccnnn2c1=O
arene_7934,O=c1nnn2c(=O)ccon2c1=O
arene_7935,O=c1ccoc2c(=O)nc[nH]c12
arene_7936,O=c1cnc2cccnc2[nH]1
arene_7937,O=c1ccn2sc(=O)c(=O)[nH]n2c1=O
arene_7938,O=c1cc2ncccc2c[nH]1
arene_7939,O=c1ccsn2[nH]ccsn12
arene_7940,O=c1ccc(=O)n2cn[nH]cc1-2
arene_7941,O=c1cc2occ[nH]c-2n1
arene_7942,c1non2ccocc-2[nH]1
arene_7943,O=c1nc2sccn2c(=O)s1
arene_7944,O=c1oc(=O)n2nccc2s1
arene_7945,O=c1ccon2[nH]cnon12
arene_7946,O=c1sc(=O)n2cc[nH]cc1-2
arene_7947,O=c1ccsc2occc12
arene_7948,O=c1cc2ccsc2n[nH]1
arene_7949,O=c1cnoc2c(=O)[nH]ccc12
arene_7950,c1cncnc1
arene_7951,O=c1nnc2ccsc(=O)c2s1
arene_7952,O=c1cc2occoc-2cc1=O
arene_7953,c1cn2ocn[nH]n2[nH]1
arene_7954,O=c1ccsn2onc[nH]n12
arene_7955,O=c1nc2occc2c[nH]1
arene_7956,O=c1ncsc2cnccc12
arene_7957,O=c1onnc2ccnnc12
arene_7958,O=c1cnn2nccnn12
arene_7959,O=c1ccsn2c(=O)[nH]nc12
arene_7960,O=c1ccc2c(=O)cn[nH]c2o1
arene_7961,O=c1ccc2csc(=O)nc2s1
arene_7962,O=c1[nH]c(=O)n2ccc(=O)c(=O)n2s1
arene_7963,O=c1ccn2[nH]c(=O)sc(=O)c2c1
arene_7964,O=c1cnc2[nH]ccc2[nH]1
arene_7965,c1cc2n[nH]cc2s1
arene_7966,O=c1on2c(=O)cc[nH]n2c1=O
arene_7967,O=c1ccc2nnc(=O)sc2o1
arene_7968,O=c1ccn2c(=O)[nH]nc2[nH]1
arene_7969,O=c1oc(=O)n2occon2o1
arene_7970,O=c1ccn2nc[nH]c(=O)n12
arene_7971,O=c1ccoc2n[nH]nc12
arene_7972,O=c1nnc2cccc(=O)n2[nH]1
arene_7973,O=c1oc2occoc=2c(=O)c1=O
arene_7974,O=c1cc2ccsc2c[nH]1
arene_7975,O=c1oc(=O)c2ccoc(=O)c2o1
arene_7976,O=c1ccc2c(=O)oc(=O)oc2o1
arene_7977,O=c1ccn2sncsn2[nH]1
arene_7978,O=c1[nH]c2ccnc(=O)n2[nH]c1=O
arene_7979,c1nn2occsc-2c[nH]1
arene_7980,O=c1ccc2oc(=O)c(=O)sc2o1
arene_7981,c1n[nH]c2csccn-2[nH]1
arene_7982,O=c1[nH]ccc2c(=O)sccc12
arene_7983,O=c1sc(=O)n2[nH]ccc(=O)n2c1=O
arene_7984,c1cn2oncon2nn1
arene_7985,O=c1cc2ccccn2c(=O)s1
arene_7986,O=c1ccc2scnoc1=2
arene_7987,O=c1ccn2c(=O)nccc2o1
arene_7988,O=c1ccc2[nH]c(=O)c(=O)c=2c1=O
arene_7989,c1cc2csnc2nn1
arene_7990,O=c1nc2nccnn2c(=O)o1
arene_7991,O=c1[nH]c(=O)n2ccccn2c1=O
arene_7992,O=c1nnc(=O)c2sccoc1=2
arene_7993,O=c1sccn2c(=O)cncc12
arene_7994,c1cn2scnsc-2ns1
arene_7995,O=c1oc2ccsc(=O)c2oc1=O
arene_7996,O=c1[nH]nc2ccncn2c1=O
arene_7997,O=c1oc2ccccc2sc1=O
arene_7998,O=c1ncn2ccnc2[nH]1
arene_7999,O=c1[nH]n2ccoc(=O)n2c(=O)c1=O
arene_8000,c1coc2sccoc=2o1
arene_8001,O=c1cc2ncccn2c(=O)[nH]1
arene_8002,O=c1[nH]n2occ[nH]n2oc1=O
arene_8003,c1cc2nonc2cn1
arene_8004,O=c1ccn2nnon12
arene_8005,c1cnc2snnc2c1
arene_8006,O=c1snc2cccnn12
arene_8007,O=c1c(=O)c2ccoc(=O)c2c1=O
arene_8008,O=c1ccon2c(=O)cnnc12
arene_8009,c1cc2onnc2nn1
arene_8010,c1cn2snn[nH]c-2ns1
arene_8011,c1cc2nnncn2n1
arene_8012,O=c1[nH]c(=O)c2ccoc(=O)c2s1
arene_8013,O=c1ncn2ccoc(=O)n12
arene_8014,O=c1[nH]c2ccoc(=O)c2[nH]1
arene_8015,O=c1ccn2sc(=O)c(=O)n2o1
arene_8016,O=c1[nH]n2c(=O)ccsn2c(=O)c1=O
arene_8017,O=c1ncc(=O)n2nnccn12
arene_8018,c1cn2snn[nH]c-2n[nH]1
arene_8019,O=c1sncn2occ[nH]n12
arene_8020,O=c1ccoc2nocc12
arene_8021,O=c1cnnc2sccn12
arene_8022,O=c1ccsn2ncnc12
arene_8023,O=c1occn2snnon12
arene_8024,O=c1[nH]c2ccccc2s1
arene_8025,O=c1[nH]c(=O)c2ccnnc2o1
arene_8026,c1csc2nsnnn-2o1
arene_8027,O=c1ccnc2nnsc(=O)n12
arene_8028,O=c1ncc2cnccc2[nH]1
arene_8029,O=c1snnc2ncccc12
arene_8030,O=c1onnc2nnccc12
arene_8031,O=c1ccc2cnoc2[nH]1
arene_8032,O=c1[nH]c2[nH]ccc2c(=O)s1
arene_8033,c1cn2sncon2o1
arene_8034,O=c1[nH]c2cccc(=O)n2o1
arene_8035,O=c1ccn2[nH]ccc(=O)n2c1=O
arene_8036,O=c1nc2ccoc(=O)c2co1
arene_8037,O=c1snnc2ccsc12
arene_8038,O=c1[nH]c2cccn2c(=O)s1
arene_8039,O=c1sn2nccnn2c(=O)c1=O
arene_8040,O=c1oc2ccncc2o1
arene_8041,O=c1onc2ccnnn12
arene_8042,O=c1cnn2ccnc2s1
arene_8043,c1cnc2cnnnc2c1
arene_8044,O=c1cnsc2cc[nH]c12
arene_8045,O=c1[nH]c(=O)n2sccn12
arene_8046,O=c1cc2ccoc(=O)n2nn1
arene_8047,c1cc2n[nH]nc2s1
arene_8048,O=c1ccsc2cncc(=O)n12
arene_8049,O=c1ccn2ncscc1-2
arene_8050,O=c1sc(=O)n2c(=O)ccsn2c1=O
arene_8051,c1non2sccn2s1
arene_8052,O=c1ncn2c(=O)occn12
arene_8053,O=c1ccnc2ccoc(=O)n12
arene_8054,O=c1cc2ccoc2cs1
arene_8055,O=c1[nH]c2sccc2c(=O)o1
arene_8056,O=c1[nH]c2ccnnc2c(=O)o1
arene_8057,O=c1sn2ccnnn2c(=O)c1=O
arene_8058,O=c1cnc2ncccc2[nH]1
arene_8059,c1coc2[nH]nc[nH]c=2[nH]1
arene_8060,O=c1oc2sccc2c(=O)s1
arene_8061,O=c1ccc2[nH]ccc2s1
arene_8062,O=c1ccoc2n[nH]c(=O)n12
arene_8063,O=c1nnc2coccn-2c1=O
arene_8064,O=c1nc2ccoc(=O)n2c(=O)s1
arene_8065,O=c1oc2c[nH]ccn-2c(=O)c1=O
arene_8066,O=c1ccc2csc(=O)cc2[nH]1
arene_8067,O=c1ccc2ocn[nH]c=2c1=O
arene_8068,O=c1ccc2c[nH]nnn1-2
arene_8069,c1cc2cnsc2o1
arene_8070,O=c1ccc2sccc2s1
arene_8071,O=c1ccc(=O)c2c(=O)c(=O)sc1=2
arene_8072,O=c1ccn2c(=O)[nH]ncc2c1
arene_8073,c1coc2nsncn-2[nH]1
arene_8074,O=c1[nH]ccc2c(=O)sncc12
arene_8075,O=c1ccn2[nH]c(=O)c(=O)on2c1=O
arene_8076,O=c1sncc2ccccc12
arene_8077,c1con2nnncn2[nH]1
arene_8078,O=c1cnon2[nH]cc[nH]n12
arene_8079,O=c1oc(=O)n2c(=O)[nH]ccn2c1=O
arene_8080,O=c1ccn2cnncn12
arene_8081,O=c1ccn2nc[nH]c2n1
arene_8082,O=c1ccc2[nH]cnoc1=2
arene_8083,O=c1ncn2[nH]ccc2n1
arene_8084,O=c1ccoc2nonc12
arene_8085,c1csn2nnncn2s1
arene_8086,O=c1ccc2nc(=O)[nH]c(=O)n2[nH]1
arene_8087,O=c1cnon2cccc12
arene_8088,O=c1onnn2cccc12
arene_8089,O=c1[nH]cc2c(=O)[nH]ccn2c1=O
arene_8090,O=c1cnoc2ccoc(=O)c12
arene_8091,O=c1ccn2cnsc(=O)n12
arene_8092,O=c1nc2sccc(=O)c2cs1
arene_8093,O=c1oc(=O)c2sc(=O)ccc2o1
arene_8094,O=c1sc(=O)n2ccccn2c1=O
arene_8095,O=c1ncn2ccsc2n1
arene_8096,c1cc2ccoc2[nH]1
arene_8097,O=c1ccc2sc(=O)c(=O)c(=O)c1=2
arene_8098,O=c1ccc2snnsc=2c1=O
arene_8099,O=c1sncc2nccnc12
arene_8100,O=c1nc2ccc(=O)on2c(=O)[nH]1
arene_8101,O=c1ccsc2ccnn12
arene_8102,O=c1[nH]n2cnccn2c(=O)c1=O
arene_8103,O=c1nc2[nH]ccc(=O)c2c[nH]1
arene_8104,O=c1occn2snc[nH]n12
arene_8105,c1cc2onnc2o1
arene_8106,O=c1on2sccsn2oc1=O
arene_8107,c1cn2onc[nH]n2cn1
arene_8108,O=c1cnc2nccnc2s1
arene_8109,O=c1cc2scc[nH]c-2nc1=O
arene_8110,O=c1oc(=O)n2occ[nH]n2s1
arene_8111,O=c1nc2[nH]ccon-2c(=O)c1=O
arene_8112,c1n[nH]n2sccn2[nH]1
arene_8113,O=c1[nH]c2ncccc2o1
arene_8114,O=c1sccc2c[nH]cc12
arene_8115,O=c1ccn2ccnc2o1
arene_8116,O=c1ccc2[nH]ncc(=O)c2[nH]1
arene_8117,O=c1sccc2nnsc12
arene_8118,O=c1ccn2ccocc1-2
arene_8119,O=c1cccn[nH]1
arene_8120,O=c1ccc2c(=O)[nH]ccc2o1
arene_8121,O=c1ncnc2ccnnn12
arene_8122,O=c1cc[nH]n2c(=O)[nH]nc12
arene_8123,O=c1ccc2ccc(=O)oc2[nH]1
arene_8124,O=c1ncsc2ccoc12
arene_8125,O=c1cnc2[nH]ccc(=O)c2s1
arene_8126,O=c1ccsc2nnoc12
arene_8127,O=c1ncc2ccnnc2[nH]1
arene_8128,O=c1ccc2c(=O)sc(=O)[nH]c2o1
arene_8129,O=c1cc[nH]c2cnsc(=O)c12
arene_8130,O=c1cc2ccc(=O)oc2co1
arene_8131,O=c1[nH]nnc2cc[nH]c12
arene_8132,O=c1oc(=O)n2ccsnc-2c1=O
arene_8133,O=c1sccc2nncn12
arene_8134,O=c1[nH]c2cccc(=O)n2sc1=O
arene_8135,O=c1ccc2scc[nH]c=2c1=O
arene_8136,O=c1cccc2[nH]nnc(=O)n12
arene_8137,O=c1ncc2c(=O)[nH]ccc2s1
arene_8138,O=c1occn2c(=O)[nH]cc12
arene_8139,O=c1cnoc2nccn12
arene_8140,O=c1nnn2cc[nH]nc-2c1=O
arene_8141,O=c1ccn2ncc(=O)sc2c1
arene_8142,O=c1nnn2c(=O)[nH]ccn2c1=O
arene_8143,O=c1ncc(=O)n2ccsnc1-2
arene_8144,O=c1ccn2sc(=O)c(=O)sn2c1=O
arene_8145,O=c1ccnc2ncon12
arene_8146,O=c1ccc2c[nH]nnn-2c1=O
arene_8147,O=c1nnc2cc[nH]c(=O)c2[nH]1
arene_8148,O=c1[nH]ccc2cccn12
arene_8149,O=c1ncc2ccnnc2o1
arene_8150,O=c1oncc2ccsc12
arene_8151,O=c1nc2c(=O)ccoc2co1
arene_8152,c1cn2[nH]nn[nH]n2s1
arene_8153,O=c1nc2ccccc2no1
arene_8154,O=c1cnc(=O)c2occ[nH]c1=2
arene_8155,c1csc2snc[nH]c=2[nH]1
arene_8156,O=c1cnc2cc[nH]c(=O)c2[nH]1
arene_8157,c1cn2nncc2s1
arene_8158,c1ccncc1
arene_8159,O=c1nnc2cnccc2[nH]1
arene_8160,c1cc2nnccc2nn1
arene_8161,O=c1nc2ccoc2c[nH]1
arene_8162,O=c1[nH]n2c(=O)ccnc2o1
arene_8163,O=c1nnn2[nH]ccon2o1
arene_8164,O=c1sc(=O)n2c(=O)sccn2c1=O
arene_8165,c1con2nnonc-2[nH]1
arene_8166,O=c1[nH]c(=O)c2cc[nH]c(=O)c2o1
arene_8167,O=c1oc(=O)n2[nH]ccon2o1
arene_8168,O=c1ccc2ncnn2[nH]1
arene_8169,O=c1ccc(=O)n2nnccn12
arene_8170,O=c1cnsc2ccoc12
arene_8171,c1cc2sncc2o1
arene_8172,O=c1cnoc2ccccc12
arene_8173,O=c1cnsc2ccccc12
arene_8174,c1csc2[nH]nnsc=2o1
arene_8175,O=c1nc2sccon-2c(=O)c1=O
arene_8176,O=c1cnc2occc2[nH]1
arene_8177,c1cnn2[nH]nn[nH]n2c1
arene_8178,O=c1nnc2occc(=O)c2[nH]1
arene_8179,c1cc2[nH]ncc2cn1
arene_8180,O=c1[nH]c(=O)n2[nH]cc[nH]n2o1
arene_8181,O=c1sc2ccoc(=O)c2sc1=O
arene_8182,O=c1[nH]n2c(=O)ccn2oc1=O
arene_8183,O=c1nnc2ccnc(=O)n2o1
arene_8184,O=c1ccn2c(=O)[nH]c(=O)c(=O)n2s1
arene_8185,O=c1cn[nH]c2ccoc12
arene_8186,O=c1sc(=O)c(=O)c2sccoc1=2
arene_8187,O=c1nc2sccc2c[nH]1
arene_8188,c1cnc2cccn2c1
arene_8189,O=c1ccc2cnncc2o1
arene_8190,O=c1ncc2occsc=2c1=O
arene_8191,c1nsc2[nH]ccsc=2[nH]1
arene_8192,O=c1ccc(=O)n2c(=O)cnsn12
arene_8193,c1con2cnsn2[nH]1
arene_8194,O=c1ccn2ccccc2n1
arene_8195,O=c1ccc2cnsc2[nH]1
arene_8196,O=c1oc(=O)c2scc[nH]c1=2
arene_8197,O=c1[nH]c2cc[nH]c(=O)c2o1
arene_8198,O=c1nnc2sccc2[nH]1
arene_8199,c1cnn2onn[nH]n2n1
arene_8200,O=c1cc[nH]n2cnc(=O)n12
arene_8201,O=c1cc2c(=O)ccoc2cs1
arene_8202,O=c1ccn2c(=O)occn2c1=O
arene_8203,c1cc2nn[nH]n2n1
arene_8204,c1cn2sncoc-2n[nH]1
arene_8205,O=c1nc2c(=O)cc[nH]c2n[nH]1
arene_8206,O=c1ncoc2sccc12
arene_8207,O=c1cc[nH]n2snnsn12
arene_8208,O=c1nnc2ccoc(=O)c2s1
arene_8209,O=c1cnc2[nH]ccsc=2c1=O
arene_8210,c1cn2nncc2[nH]1
arene_8211,O=c1[nH]nnc2[nH]ccc12
arene_8212,O=c1cc[nH]n2c(=O)occ12
arene_8213,c1csc2ocnsc=2[nH]1
arene_8214,O=c1[nH]n2occc(=O)n2c1=O
arene_8215,O=c1oc2ccsc2sc1=O
arene_8216,O=c1oc(=O)n2ccsc(=O)n2c1=O
arene_8217,c1cc2cscc2o1
arene_8218,O=c1ccn2nnc(=O)[nH]c2n1
arene_8219,O=c1nnc2ccnnc2[nH]1
arene_8220,O=c1nnsc2cccn12
arene_8221,O=c1cccc2sncc(=O)n12
arene_8222,O=c1ocnc2ccnn12
arene_8223,O=c1cc2[nH]ccc(=O)n2c(=O)o1
arene_8224,c1cc2snnc2o1
arene_8225,O=c1ccc2csc(=O)cc2o1
arene_8226,O=c1sncc2nnccc12
arene_8227,O=c1oc2ccncc2s1
arene_8228,O=c1nc2c(=O)cc[nH]c2co1
arene_8229,O=c1[nH]nc2c(=O)ccsn2c1=O
arene_8230,c1cc2nnsc2[nH]1
arene_8231,O=c1sn2cconc-2c(=O)c1=O
arene_8232,O=c1cc[nH]c2ncoc12
arene_8233,O=c1on2c(=O)ccc(=O)n2oc1=O
arene_8234,c1cc2cnncn2n1
arene_8235,O=c1nnnc2ccccn12
arene_8236,O=c1ccc2cnoc(=O)c2s1
arene_8237,O=c1occc2ccoc(=O)c12
arene_8238,O=c1nn[nH]c2cc[nH]c12
arene_8239,O=c1ccn2c(=O)oc(=O)n2[nH]1
arene_8240,O=c1on2c(=O)ccsn2c(=O)c1=O
arene_8241,c1coc2scc[nH]c=2[nH]1
arene_8242,O=c1c(=O)c2ccnc(=O)n2c1=O
arene_8243,O=c1ocnn2cccc12
arene_8244,O=c1nnn2occsn2s1
arene_8245,O=c1c(=O)c2nccn2c1=O
arene_8246,O=c1ccoc2[nH]cnc(=O)c12
arene_8247,c1cn2occ[nH]n2cn1
arene_8248,O=c1ccn2[nH]c(=O)sc2n1
arene_8249,O=c1nnn2ccsnc-2c1=O
arene_8250,O=c1ccoc2ccncc12
arene_8251,O=c1ccc2[nH]c(=O)ccc2[nH]1
arene_8252,O=c1cnn2nccnc2c1
arene_8253,c1cn2sccon2[nH]1
arene_8254,c1csc2csnnn-2o1
arene_8255,O=c1ccn2c(=O)c(=O)oc(=O)n2o1
arene_8256,c1coc2coccn-2[nH]1
arene_8257,c1ccn2onn[nH]n2c1
arene_8258,O=c1cc[nH]c2cnnnc12
arene_8259,O=c1ccsn2sccsn12
arene_8260,O=c1ccsc2ncoc(=O)c12
arene_8261,O=c1cc2nccnc2c[nH]1
arene_8262,O=c1oncc2ccsc(=O)c12
arene_8263,O=c1[nH]ccn2onc[nH]n12
arene_8264,O=c1cccc2[nH]ccn12
arene_8265,O=c1sncn2[nH]cc[nH]n12
arene_8266,c1ccc2c(c1)[nH]c1ncnnc12
arene_8267,O=c1ccn2c(=O)sc(=O)n2s1
arene_8268,O=c1ccn2cc[nH]c2c1
arene_8269,O=c1occ2c(=O)occn2c1=O
arene_8270,O=c1ccoc2[nH]cnc12
arene_8271,O=c1[nH]c(=O)n2cnccn2c1=O
arene_8272,O=c1ccsn2c(=O)nncc12
arene_8273,O=c1sncn2occsn12
arene_8274,O=c1ccc2occ[nH]c=2c1=O
arene_8275,O=c1nc2cc[nH]c2c[nH]1
arene_8276,O=c1ncc(=O)n2cconc1-2
arene_8277,O=c1nnc2nccn2s1
arene_8278,O=c1ccc2c(=O)c(=O)c(=O)sc1=2
arene_8279,O=c1ncn2c(=O)ccc(=O)n2[nH]1
arene_8280,O=c1ccn2c(=O)c(=O)cnn2s1
arene_8281,O=c1ccc(=O)c2c(=O)c(=O)oc(=O)c1=2
arene_8282,O=c1nc[nH]c2ccncc12
arene_8283,O=c1[nH]n2cccc2oc1=O
arene_8284,O=c1cccc2sccn12
arene_8285,c1cn2ocnon2cn1
arene_8286,O=c1nnc2ccsc2o1
arene_8287,O=c1ccnc2sccc(=O)n12
arene_8288,O=c1ccn2[nH]cn[nH]n2[nH]1
arene_8289,O=c1[nH]c2[nH]ccc2s1
arene_8290,O=c1oc2ncccc2s1
arene_8291,O=c1[nH]n2ncccn2c(=O)c1=O
arene_8292,O=c1[nH]c2ccncc2o1
arene_8293,O=c1sn2ccsc(=O)n2c1=O
arene_8294,O=c1cccc2cnccn12
arene_8295,O=c1nc2nccnc2c[nH]1
arene_8296,O=c1[nH]n2sccon2sc1=O
arene_8297,c1nn2occon2[nH]1
arene_8298,O=c1ccc2n[nH]cnn-2c1=O
arene_8299,O=c1cnnc2ccnnn12
arene_8300,O=c1cnon2occ[nH]n12
arene_8301,O=c1ccc2oc(=O)ncc2[nH]1
arene_8302,O=c1sc(=O)n2occn12
arene_8303,O=c1nnn2scc[nH]n2s1
arene_8304,O=c1ccon2onn[nH]n12
arene_8305,O=c1nnc2occ[nH]c1=2
arene_8306,O=c1ccn2oc(=O)c(=O)[nH]n2c1=O
arene_8307,O=c1nnc2cccnc2[nH]1
arene_8308,O=c1[nH]cnn2[nH]ccon12
arene_8309,c1cc2ncncc2nn1
arene_8310,O=c1[nH]c(=O)n2[nH]cc[nH]n2[nH]1
arene_8311,O=c1ccc2occsc1=2
arene_8312,O=c1oc2[nH]ccoc=2c(=O)c1=O
arene_8313,O=c1sc(=O)n2occon2s1
arene_8314,O=c1ccc2nnccc2o1
arene_8315,c1coc2[nH]ncoc=2[nH]1
arene_8316,c1con2cnscc-2[nH]1
arene_8317,O=c1[nH]n2ccsc(=O)n2c1=O
arene_8318,O=c1ocnn2[nH]ccon12
arene_8319,c1cn2[nH]nn[nH]n2[nH]1
arene_8320,O=c1[nH]cnc2ccsc12
arene_8321,O=c1[nH]nnn2ccnc12
arene_8322,O=c1ccn2onnc2n1
arene_8323,O=c1[nH]n2[nH]cc[nH]n2sc1=O
arene_8324,O=c1ccc2occ[nH]c1=2
arene_8325,O=c1ccn2c(=O)ncon2c1=O
arene_8326,c1csc2onnoc=2[nH]1
arene_8327,O=c1cnc2coccn-2c1=O
arene_8328,O=c1ncc2sccc2o1
arene_8329,O=c1ccc2nnsc2o1
arene_8330,O=c1[nH]c(=O)n2cc[nH]cc-2c1=O
arene_8331,O=c1cc[nH]c2cncn12
arene_8332,O=c1ccc2sccoc=2c1=O
arene_8333,O=c1oncn2occsn12
arene_8334,O=c1[nH]ccc2nocc12
arene_8335,c1cc2cnnnc2cn1
arene_8336,O=c1cnn2occn12
arene_8337,O=c1ccoc2oncc(=O)c12
arene_8338,O=c1ccn2c(=O)snnn2c1=O
arene_8339,O=c1nc2c(=O)cc[nH]c2ns1
arene_8340,O=c1ccn2c(=O)cn[nH]n2c1=O
arene_8341,O=c1nncc2occn12
arene_8342,c1cc2nnccn2c1
arene_8343,O=c1cccc2sccc(=O)n12
arene_8344,O=c1nnn2ccncc2n1
arene_8345,O=c1cnn2cc[nH]cc-2c1=O
arene_8346,O=c1onc2ncccn2c1=O
arene_8347,O=c1ccn2c(=O)oc(=O)c(=O)n2o1
arene_8348,O=c1sc2ccccc2sc1=O
arene_8349,O=c1[nH]ncn2occon12
arene_8350,O=c1cc2ccc(=O)c-2c1
arene_8351,O=c1nccc2onnc(=O)n12
arene_8352,O=c1cnn2sccc2c1
arene_8353,O=c1cnn2[nH]ccsn2[nH]1
arene_8354,O=c1cc[nH]c2ncsc(=O)c12
arene_8355,O=c1ncc2sccc(=O)c2s1
arene_8356,c1nn2sccoc-2c[nH]1
arene_8357,O=c1ccn2ccccn2c1=O
arene_8358,O=c1ncn2[nH]cc[nH]n2[nH]1
arene_8359,c1cnn2occon2n1
arene_8360,O=c1ccn2snnc2n1
arene_8361,O=c1ccn2c(=O)sc(=O)nc2s1
arene_8362,O=c1ncc2cc[nH]c2[nH]1
arene_8363,c1cn2ocnsn2cn1
arene_8364,O=c1cccc2occn12
arene_8365,O=c1cc[nH]n2c(=O)nnn12
arene_8366,O=c1on2cc[nH]nc-2c1=O
arene_8367,O=c1[nH]c2sccoc=2c(=O)c1=O
arene_8368,O=c1oc(=O)c2ccsc(=O)c2s1
arene_8369,O=c1nnoc2ncccc12
arene_8370,O=c1ccn2c(=O)nnn2[nH]1
arene_8371,c1csc2c[nH]ncn-2o1
arene_8372,O=c1ccn2snnon2o1
arene_8373,O=c1nnn2occon2s1
arene_8374,c1coc2snnsc=2[nH]1
arene_8375,c1cc2oncc2s1
arene_8376,O=c1[nH]nc2cccnn12
arene_8377,O=c1[nH]n2[nH]cc[nH]n2o1
arene_8378,O=c1ccsn2onnsn12
arene_8379,O=c1cnc2sccc2o1
arene_8380,O=c1ccn2ccncc2n1
arene_8381,O=c1ccn2c(=O)oc(=O)cc2[nH]1
arene_8382,O=c1sn2c(=O)ccc(=O)n2s1
arene_8383,O=c1cc[nH]c2ccsc12
arene_8384,O=c1cnn2sccsn2s1
arene_8385,O=c1sc2occsc=2c1=O
arene_8386,O=c1[nH]cc2[nH]ccn2c1=O
arene_8387,c1cn2[nH]cnsn2nn1
arene_8388,O=c1nc2ccoc2no1
arene_8389,O=c1ccn2cnoc(=O)c2c1
arene_8390,O=c1ccc2sc(=O)[nH]c(=O)c2s1
arene_8391,O=c1ccc2c(=O)sccc2s1
arene_8392,O=c1ccsc2nnccc12
arene_8393,O=c1ccn2cnoc2n1
arene_8394,c1cc2nnsn2c1
arene_8395,O=c1cc2ccncc2c[nH]1
arene_8396,O=c1cnc2n[nH]ccn-2c1=O
arene_8397,O=c1snnc2nnccc12
arene_8398,O=c1oc(=O)c(=O)c2sccsc1=2
arene_8399,O=c1nc2ccsc2no1
arene_8400,O=c1nc2[nH]ccc(=O)c2no1
arene_8401,O=c1ccn2sc(=O)ccc2n1
arene_8402,O=c1nncc2cnccn12
arene_8403,O=c1ncnc2occn12
arene_8404,c1ncn2sccsn2n1
arene_8405,c1c[nH]c2sncsc=2[nH]1
arene_8406,O=c1ccc2sccc(=O)c2s1
arene_8407,O=c1oc(=O)c2nccn2o1
arene_8408,c1nn2occsc-2co1
arene_8409,O=c1ccn2[nH]c(=O)c(=O)[nH]c2c1
arene_8410,O=c1nnn2c(=O)c(=O)ccn2o1
arene_8411,O=c1cc2c(=O)ccsn2nn1
arene_8412,c1nsc2nsccn-2o1
arene_8413,O=c1nn[nH]c2sccc12
arene_8414,O=c1ccn2sncc(=O)n2c1=O
arene_8415,O=c1nc2ccsc(=O)c2ns1
arene_8416,O=c1nc2ncccc2co1
arene_8417,O=c1ccc2[nH]ncoc=2c1=O
arene_8418,O=c1nccco1
arene_8419,O=c1cnc(=O)n2c(=O)[nH]ccn12
arene_8420,c1con2cn[nH]cc-2[nH]1
arene_8421,O=c1nnc(=O)n2c(=O)sccn12
arene_8422,c1cn2scnsc-2c[nH]1
arene_8423,O=c1occn2sccon12
arene_8424,O=c1ncc(=O)n2ccscc1-2
arene_8425,O=c1[nH]c2ccoc(=O)c2c(=O)o1
arene_8426,O=c1ccn2sc(=O)c(=O)[nH]c2n1
arene_8427,O=c1[nH]ncc2nccnc12
arene_8428,c1csc2[nH]ccoc=2[nH]1
arene_8429,O=c1ccc2c(=O)c(=O)[nH]c=2c1=O
arene_8430,c1cn2oncsn2o1
arene_8431,O=c1cnc2cc[nH]c2s1
arene_8432,O=c1ccn2c(=O)c(=O)scc2[nH]1
arene_8433,O=c1ccn2c(=O)c(=O)[nH]nc2s1
arene_8434,O=c1occn2c(=O)nccc12
arene_8435,O=c1cnn2occon2[nH]1
arene_8436,O=c1ncon2occsn12
arene_8437,O=c1nc2occon-2c1=O
arene_8438,O=c1cc[nH]c2occc(=O)c12
arene_8439,O=c1ccon2c(=O)nncc12
arene_8440,O=c1sncc2[nH]ccc12
arene_8441,O=c1ccn2ccon2c1=O
arene_8442,O=c1ccc2oc(=O)oc2o1
arene_8443,O=c1cnc2cnccc2o1
arene_8444,c1cn2onnon2cn1
arene_8445,O=c1nnoc2ccnn12
arene_8446,c1con2nn[nH]cc-2o1
arene_8447,c1csn2ccsnc-2o1
arene_8448,O=c1sccc2ncnnc12
arene_8449,O=c1nccc2ncon12
arene_8450,O=c1nnn2c(=O)ccnc2s1
arene_8451,O=c1sc2ccncc2s1
arene_8452,O=c1ccnc2ccnnn12
arene_8453,c1c[nH]n2cn[nH]nc-2[nH]1
arene_8454,O=c1oc2nnccc2c(=O)s1
arene_8455,O=c1cccc2[nH]ncc(=O)n12
arene_8456,O=c1[nH]c2ccoc(=O)c2sc1=O
arene_8457,O=c1ccn2c(=O)nnc(=O)n2o1
arene_8458,O=c1sc(=O)n2c(=O)ccon12
arene_8459,O=c1ccc2coccn1-2
arene_8460,O=c1occc2cocc12
arene_8461,O=c1ccc2[nH]c(=O)c(=O)sc2s1
arene_8462,c1ccn2sncsn2c1
arene_8463,O=c1ccn2[nH]cnc2c1
arene_8464,O=c1nnoc2occc12
arene_8465,O=c1ncc(=O)n2cc[nH]cc1-2
arene_8466,c1coc2snnoc=2[nH]1
arene_8467,O=c1ccn2c(=O)cnc(=O)n2[nH]1
arene_8468,O=c1ccc2cnsc(=O)c2s1
arene_8469,O=c1occ2sccc(=O)n2c1=O
arene_8470,O=c1ccc2ncc(=O)[nH]c2[nH]1
arene_8471,O=c1nnsn2c(=O)ccn12
arene_8472,c1csn2cn[nH]cc-2o1
arene_8473,O=c1ccn2c(=O)ncoc2n1
arene_8474,O=c1sc2sccc(=O)c2sc1=O
arene_8475,O=c1ccc2c(=O)c(=O)sc1=2
arene_8476,O=c1cc2ncccc2co1
arene_8477,O=c1sc2n[nH]ccn-2c(=O)c1=O
arene_8478,O=c1nc2[nH]cc[nH]n-2c(=O)c1=O
arene_8479,O=c1on2ccc(=O)n2oc1=O
arene_8480,O=c1ccc2cn[nH]c2s1
arene_8481,c1cn2[nH]nnsc-2no1
arene_8482,O=c1ccc(=O)c1=O
arene_8483,O=c1cc[nH]c2ncnn12
arene_8484,O=c1oc2c(=O)sccc2sc1=O
arene_8485,O=c1[nH]nnn2occsn12
arene_8486,O=c1sccn2onc[nH]n12
arene_8487,c1cnc2ccoc2c1
arene_8488,O=c1sccn2scc[nH]n12
arene_8489,O=c1[nH]c(=O)n2occon2s1
arene_8490,O=c1onc2c(=O)cc[nH]n2c1=O
arene_8491,O=c1nc2ccsc2ns1
arene_8492,O=c1cnc2c(=O)ccoc2o1
arene_8493,O=c1ccc2c(=O)[nH]c(=O)c1=2
arene_8494,O=c1[nH]ncc2sccc12
arene_8495,O=c1ccon2[nH]ccon12
arene_8496,O=c1ncn2occn12
arene_8497,c1cnn2[nH]nc[nH]n2n1
arene_8498,O=c1ccc(=O)c2c(=O)ccc1=2
arene_8499,O=c1ccn2snc[nH]n2o1
arene_8500,O=c1[nH]c2cnccc2o1
arene_8501,O=c1ccn2cnccc2n1
arene_8502,O=c1[nH]nnn2occ[nH]n12
arene_8503,c1cc2[nH]nnn2c1
arene_8504,O=c1cc2sccn2c(=O)[nH]1
arene_8505,O=c1ccc2cncnc2o1
arene_8506,O=c1cc2c(=O)ccsc2cs1
arene_8507,c1coc2snnsc=2o1
arene_8508,O=c1[nH]c(=O)c2sccc(=O)c2o1
arene_8509,O=c1ccc2csc(=O)n2[nH]1
arene_8510,c1cc2nncn2s1
arene_8511,O=c1ccsc2c(=O)nnoc12
arene_8512,O=c1ncc2c(=O)ccoc2o1
arene_8513,O=c1nc2c(=O)sccc2n[nH]1
arene_8514,O=c1oc(=O)n2nccnn12
arene_8515,O=c1cc2ccnnc2ns1
arene_8516,O=c1[nH]c2ccsc(=O)c2s1
arene_8517,O=c1ccn2oc(=O)oc2n1
arene_8518,O=c1[nH]c2[nH]ccc(=O)c2[nH]1
arene_8519,O=c1nn[nH]c2ccncc12
arene_8520,O=c1ccn2sc(=O)c(=O)oc2c1
arene_8521,O=c1sn2cc[nH]n2c1=O
arene_8522,O=c1cccc2cccnn12
arene_8523,O=c1nc[nH]n2[nH]cc[nH]n12
arene_8524,O=c1cnoc2c(=O)cc[nH]c12
arene_8525,O=c1ncc2cccn2o1
arene_8526,O=c1sn2occon2s1
arene_8527,O=c1nnc2ccnnc2o1
arene_8528,O=c1ccc2oc(=O)nnc2[nH]1
arene_8529,O=c1nc[nH]c2ncccc12
arene_8530,O=c1cnc(=O)n2[nH]ccn12
arene_8531,O=c1sn2sccc(=O)n2c1=O
arene_8532,c1csc2[nH]ncsc=2[nH]1
arene_8533,O=c1ccc2scn[nH]c=2c1=O
arene_8534,O=c1nnn2cccnn2c1=O
arene_8535,O=c1cc2c(=O)occc2cs1
arene_8536,O=c1scc2ccnnn2c1=O
arene_8537,O=c1cc2c(=O)cc[nH]c2ns1
arene_8538,O=c1[nH]n2c(=O)ccc(=O)n2o1
arene_8539,O=c1cnc(=O)c2[nH]cc[nH]c1=2
arene_8540,O=c1[nH]ccn2ocn[nH]n12
arene_8541,O=c1cc2sccoc-2n1
arene_8542,O=c1ccn2scnon2s1
arene_8543,c1csn2cnncn2s1
arene_8544,O=c1onc2sccn12
arene_8545,c1cn2oncc2n1
arene_8546,c1con2nnocc-2[nH]1
arene_8547,O=c1ccn2nn[nH]nc1-2
arene_8548,O=c1[nH]ccc2ccncc12
arene_8549,O=c1cc[nH]c2csc(=O)n12
arene_8550,O=c1ccn2[nH]ccsn2s1
arene_8551,O=c1ccn2c(=O)scc2s1
arene_8552,O=c1oc(=O)n2c(=O)cccc2s1
arene_8553,c1cc2nocc2nn1
arene_8554,O=c1ncc2c(=O)[nH]ccc2o1
arene_8555,c1cn2scn[nH]c-2ns1
arene_8556,O=c1occn2ncnc12
arene_8557,O=c1onc2c(=O)[nH]ccn2c1=O
arene_8558,O=c1cnn2sccc(=O)c2n1
arene_8559,O=c1oc(=O)n2ccc(=O)c(=O)n2s1
arene_8560,c1csn2cnnnn2o1
arene_8561,O=c1nc2ccc(=O)sc2no1
arene_8562,O=c1ccc2[nH]c(=O)sc(=O)c2o1
arene_8563,O=c1ncc2ccoc2s1
arene_8564,O=c1ccn2c(=O)ncnc2o1
arene_8565,O=c1ccsc2cncn12
arene_8566,O=c1oc(=O)c2nnccc2o1
arene_8567,O=c1onc2ccnnn2c1=O
arene_8568,c1cnn2onnsn2c1
arene_8569,O=c1ccc2nonc2s1
arene_8570,O=c1occoc1=O
arene_8571,O=c1ncc2occoc1=2
arene_8572,O=c1[nH]c(=O)c2nccn2o1
arene_8573,O=c1nc2c(=O)[nH]ccc2n[nH]1
arene_8574,O=c1[nH]ccc2nnsc12
arene_8575,O=c1ccc2c(=O)[nH]cnc2s1
arene_8576,O=c1cnc2sc(=O)ccc2s1
arene_8577,O=c1cnn2[nH]ccsn2s1
arene_8578,O=c1cc2nnccc2cs1
arene_8579,O=c1[nH]cc2ccsn12
arene_8580,O=c1nc2[nH]ccc(=O)n2c(=O)[nH]1
arene_8581,c1csc2[nH]nn[nH]c=2s1
