,arene_ID,arene_smiles,aryne_ID,aryne_smiles
0,arene_1,O=c1nc2ccc(=O)sc2co1,aryne_1,O=c1nc2c#cc(=O)sc2co1
1,arene_2,O=c1cc2ccsc(=O)n2nn1,aryne_2,O=c1cc2c#csc(=O)n2nn1
2,arene_3,O=c1cc2ncccc2no1,aryne_3,O=c1cc2ncc#cc2no1
3,arene_4,O=c1ccn2c(=O)oc(=O)nc2[nH]1,aryne_4,O=c1c#cn2c(=O)oc(=O)nc2[nH]1
4,arene_5,O=c1cc2occc(=O)n2c(=O)s1,aryne_5,O=c1cc2oc#cc(=O)n2c(=O)s1
5,arene_6,O=c1ccc(=O)n2ncocc1-2,aryne_6,O=c1c#cc(=O)n2ncocc1-2
6,arene_7,O=c1cc[nH]n2c(=O)onc12,aryne_7,O=c1c#c[nH]n2c(=O)onc12
7,arene_8,O=c1ccn2oncon2s1,aryne_8,O=c1c#cn2oncon2s1
8,arene_9,c1cc2snnn2c1,aryne_9,c1cc2snnn2c#1
9,arene_10,O=c1onnc2nccnc12,aryne_10,O=c1onnc2nc#cnc12
10,arene_11,O=c1oc(=O)c2sccc2o1,aryne_11,O=c1oc(=O)c2sc#cc2o1
11,arene_13,c1cc2ncon2c1,aryne_12,c1cc2ncon2c#1
12,arene_14,O=c1ccn2nc[nH]n12,aryne_13,O=c1c#cn2nc[nH]n12
13,arene_15,O=c1[nH]ccn2cccc12,aryne_14,O=c1[nH]c#cn2cccc12
14,arene_15,O=c1[nH]ccn2cccc12,aryne_15,O=c1[nH]ccn2c#ccc12
15,arene_16,O=c1snc2c(=O)sccn2c1=O,aryne_16,O=c1snc2c(=O)sc#cn2c1=O
16,arene_17,O=c1cnc2cccnc2o1,aryne_17,O=c1cnc2c#ccnc2o1
17,arene_17,O=c1cnc2cccnc2o1,aryne_18,O=c1cnc2cc#cnc2o1
18,arene_18,O=c1[nH]c(=O)n2cc[nH]nc1-2,aryne_19,O=c1[nH]c(=O)n2c#c[nH]nc1-2
19,arene_19,O=c1ccc2ccnc(=O)n2o1,aryne_20,O=c1c#cc2ccnc(=O)n2o1
20,arene_20,O=c1ccc2nnnn2[nH]1,aryne_21,O=c1c#cc2nnnn2[nH]1
21,arene_21,c1n[nH]c2occoc=2[nH]1,aryne_22,c1oc2[nH]cn[nH]c=2oc#1
22,arene_22,O=c1cnc2cccnc2s1,aryne_23,O=c1cnc2c#ccnc2s1
23,arene_22,O=c1cnc2cccnc2s1,aryne_24,O=c1cnc2cc#cnc2s1
24,arene_23,O=c1[nH]n2c(=O)ccc(=O)n2c(=O)s1,aryne_25,O=c1[nH]n2c(=O)c#cc(=O)n2c(=O)s1
25,arene_24,O=c1cc2[nH]c(=O)ccn2c(=O)[nH]1,aryne_26,O=c1c#cn2c(=O)[nH]c(=O)cc2[nH]1
26,arene_25,O=c1cnc2c(=O)occc2s1,aryne_27,O=c1cnc2c(=O)oc#cc2s1
27,arene_26,O=c1oc2nccnc2oc1=O,aryne_28,O=c1oc2nc#cnc2oc1=O
28,arene_27,O=c1cnc2cc[nH]c(=O)c2o1,aryne_29,O=c1cnc2c#c[nH]c(=O)c2o1
29,arene_28,c1cc2nnncc2o1,aryne_30,c1oc2cnnnc2c#1
30,arene_29,c1cn2scnsc-2cs1,aryne_31,c1scc2sncsn-2c#1
31,arene_30,O=c1occc2ncoc12,aryne_32,O=c1oc#cc2ncoc12
32,arene_31,O=c1nnoc2nccnc12,aryne_33,O=c1nnoc2nc#cnc12
33,arene_32,O=c1nnn2sccon2[nH]1,aryne_34,O=c1nnn2sc#con2[nH]1
34,arene_33,O=c1ccc2sc(=O)oc2[nH]1,aryne_35,O=c1c#cc2sc(=O)oc2[nH]1
35,arene_34,O=c1oc(=O)n2sccn2c1=O,aryne_36,O=c1oc(=O)n2sc#cn2c1=O
36,arene_35,O=c1ccc2c(=O)c(=O)oc1=2,aryne_37,O=c1c#cc2c(=O)c(=O)oc1=2
37,arene_36,c1c[nH]n2nnscc-2[nH]1,aryne_38,c1[nH]c2csnnn-2[nH]c#1
38,arene_38,O=c1[nH]n2[nH]ccsn2oc1=O,aryne_39,O=c1[nH]n2[nH]c#csn2oc1=O
39,arene_40,O=c1ncc2ncccc2o1,aryne_40,O=c1ncc2nc#ccc2o1
40,arene_40,O=c1ncc2ncccc2o1,aryne_41,O=c1ncc2ncc#cc2o1
41,arene_41,O=c1ccnc2cnsc(=O)n12,aryne_42,O=c1c#cnc2cnsc(=O)n12
42,arene_42,c1nn2[nH]ccoc-2n[nH]1,aryne_43,c1[nH]n2nc[nH]nc-2oc#1
43,arene_43,O=c1sc(=O)n2ccc(=O)c(=O)n2s1,aryne_44,O=c1sc(=O)n2c#cc(=O)c(=O)n2s1
44,arene_44,O=c1cnn2ccoc(=O)n12,aryne_45,O=c1cnn2c#coc(=O)n12
45,arene_45,c1cc2oncn2c1,aryne_46,c1cc2oncn2c#1
46,arene_46,c1cnn2[nH]ccsn2c1,aryne_47,c1cnn2[nH]ccsn2c#1
47,arene_46,c1cnn2[nH]ccsn2c1,aryne_48,c1[nH]n2ncccn2sc#1
48,arene_47,O=c1sn2ccc(=O)n2sc1=O,aryne_49,O=c1sn2c#cc(=O)n2sc1=O
49,arene_48,O=c1cnn2c(=O)[nH]ccn12,aryne_50,O=c1cnn2c(=O)[nH]c#cn12
50,arene_49,c1cc2ccsn2n1,aryne_51,c1sn2nccc2c#1
51,arene_50,O=c1ccc2cnncc2[nH]1,aryne_52,O=c1c#cc2cnncc2[nH]1
52,arene_51,c1non2[nH]ccn2[nH]1,aryne_53,c1[nH]n2onc[nH]n2c#1
53,arene_52,O=c1oc(=O)n2ccscc-2c1=O,aryne_54,O=c1oc(=O)n2c#cscc-2c1=O
54,arene_53,O=c1sn2c(=O)sccn2c(=O)c1=O,aryne_55,O=c1sn2c(=O)sc#cn2c(=O)c1=O
55,arene_54,O=c1ccn2ccsc2n1,aryne_56,O=c1c#cn2ccsc2n1
56,arene_54,O=c1ccn2ccsc2n1,aryne_57,O=c1ccn2c#csc2n1
57,arene_55,O=c1ccsc2nn[nH]c(=O)c12,aryne_58,O=c1c#csc2nn[nH]c(=O)c12
58,arene_56,O=c1ncoc2ccoc(=O)c12,aryne_59,O=c1ncoc2c#coc(=O)c12
59,arene_58,O=c1ccn2[nH]nnsn2o1,aryne_60,O=c1c#cn2[nH]nnsn2o1
60,arene_59,O=c1oc(=O)n2[nH]ccsn2s1,aryne_61,O=c1oc(=O)n2[nH]c#csn2s1
61,arene_60,O=c1[nH]c2ccncc2[nH]c1=O,aryne_62,O=c1[nH]c2c#cncc2[nH]c1=O
62,arene_61,c1cn2[nH]nnsn2nn1,aryne_63,c1nnn2snn[nH]n2c#1
63,arene_62,O=c1cc[nH]c2nn[nH]c(=O)c12,aryne_64,O=c1c#c[nH]c2nn[nH]c(=O)c12
64,arene_63,O=c1ccn2c(=O)ncoc2c1,aryne_65,O=c1c#cn2c(=O)ncoc2c1
65,arene_64,O=c1ccsn2oncon12,aryne_66,O=c1c#csn2oncon12
66,arene_65,O=c1ncc2nccnc2s1,aryne_67,O=c1ncc2nc#cnc2s1
67,arene_66,O=c1c(=O)c(=O)n2sccon2c1=O,aryne_68,O=c1c(=O)c(=O)n2sc#con2c1=O
68,arene_67,O=c1ccc(=O)n2cc[nH]nc1-2,aryne_69,O=c1c#cc(=O)n2cc[nH]nc1-2
69,arene_67,O=c1ccc(=O)n2cc[nH]nc1-2,aryne_70,O=c1ccc(=O)n2c#c[nH]nc1-2
70,arene_68,O=c1ncoc2cc[nH]c12,aryne_71,O=c1ncoc2c#c[nH]c12
71,arene_69,c1csc2c[nH]nnn-2o1,aryne_72,c1on2nn[nH]cc-2sc#1
72,arene_70,O=c1sc(=O)n2sccc(=O)n2c1=O,aryne_73,O=c1sc(=O)n2sc#cc(=O)n2c1=O
73,arene_71,O=c1ccn2c(=O)ccn2[nH]1,aryne_74,O=c1c#cn2c(=O)ccn2[nH]1
74,arene_71,O=c1ccn2c(=O)ccn2[nH]1,aryne_75,O=c1ccn2c(=O)c#cn2[nH]1
75,arene_72,O=c1ccc2c(=O)c(=O)[nH]c(=O)c=2c1=O,aryne_76,O=c1c#cc2c(=O)c(=O)[nH]c(=O)c=2c1=O
76,arene_73,O=c1ncn2cccnn2c1=O,aryne_77,O=c1ncn2c#ccnn2c1=O
77,arene_74,O=c1nc[nH]c2cc[nH]c12,aryne_78,O=c1nc[nH]c2c#c[nH]c12
78,arene_75,O=c1cnsc2nccn12,aryne_79,O=c1cnsc2nc#cn12
79,arene_76,O=c1ccc2cc(=O)snc2o1,aryne_80,O=c1c#cc2cc(=O)snc2o1
80,arene_77,O=c1ccc2sc(=O)ncc2o1,aryne_81,O=c1c#cc2sc(=O)ncc2o1
81,arene_78,O=c1ccn2cnoc(=O)n2c1=O,aryne_82,O=c1c#cn2cnoc(=O)n2c1=O
82,arene_79,c1cn2scnon2nn1,aryne_83,c1nnn2oncsn2c#1
83,arene_80,O=c1cc2c(=O)[nH]ccn2cn1,aryne_84,O=c1cc2c(=O)[nH]c#cn2cn1
84,arene_81,O=c1snc2c(=O)ccon2c1=O,aryne_85,O=c1snc2c(=O)c#con2c1=O
85,arene_82,O=c1cc2[nH]ccn2nn1,aryne_86,O=c1cc2[nH]c#cn2nn1
86,arene_83,O=c1ccc2n[nH]ccn1-2,aryne_87,O=c1c#cc2n[nH]ccn1-2
87,arene_83,O=c1ccc2n[nH]ccn1-2,aryne_88,O=c1ccc2n[nH]c#cn1-2
88,arene_84,O=c1cc2c(=O)c(=O)ccc-2n1,aryne_89,O=c1cc2c(=O)c(=O)c#cc-2n1
89,arene_85,O=c1nc2sc(=O)ccc2n[nH]1,aryne_90,O=c1nc2sc(=O)c#cc2n[nH]1
90,arene_86,O=c1ccn2sccon2[nH]1,aryne_91,O=c1c#cn2sccon2[nH]1
91,arene_86,O=c1ccn2sccon2[nH]1,aryne_92,O=c1ccn2sc#con2[nH]1
92,arene_87,c1nc2ccon2n1,aryne_93,c1on2ncnc2c#1
93,arene_88,O=c1[nH]c2ccsc2o1,aryne_94,O=c1[nH]c2c#csc2o1
94,arene_89,O=c1cnn2ccsn2c1=O,aryne_95,O=c1cnn2c#csn2c1=O
95,arene_90,O=c1[nH]nc2c(=O)occn2c1=O,aryne_96,O=c1[nH]nc2c(=O)oc#cn2c1=O
96,arene_91,O=c1ccn2c(=O)cn[nH]c2c1,aryne_97,O=c1c#cn2c(=O)cn[nH]c2c1
97,arene_92,O=c1ccon2ncnc12,aryne_98,O=c1c#con2ncnc12
98,arene_93,c1csc2ocnoc=2o1,aryne_99,c1oc2oncoc=2sc#1
99,arene_94,O=c1sncn2sccon12,aryne_100,O=c1sncn2sc#con12
100,arene_95,c1csn2cnocc-2[nH]1,aryne_101,c1[nH]c2concn-2sc#1
101,arene_96,O=c1ccc2nsc(=O)n2s1,aryne_102,O=c1c#cc2nsc(=O)n2s1
102,arene_97,O=c1on2cc[nH]n2c(=O)c1=O,aryne_103,O=c1on2c#c[nH]n2c(=O)c1=O
103,arene_98,O=c1oncn2ccnc12,aryne_104,O=c1oncn2c#cnc12
104,arene_99,O=c1ccn2onnsn2o1,aryne_105,O=c1c#cn2onnsn2o1
105,arene_100,O=c1ccn2[nH]c(=O)nnc2n1,aryne_106,O=c1c#cn2[nH]c(=O)nnc2n1
106,arene_102,O=c1cc[nH]c2[nH]nnc12,aryne_107,O=c1c#c[nH]c2[nH]nnc12
107,arene_103,O=c1cc[nH]cn1,aryne_108,O=c1c#c[nH]cn1
108,arene_104,c1csc2oncoc=2[nH]1,aryne_109,c1[nH]c2ocnoc=2sc#1
109,arene_105,O=c1cncco1,aryne_110,O=c1cnc#co1
110,arene_106,O=c1nccc2cnccn12,aryne_111,O=c1nccc2cnc#cn12
111,arene_107,c1cn2cnnc2nn1,aryne_112,c1nnc2nncn2c#1
112,arene_108,O=c1sccs1,aryne_113,O=c1sc#cs1
113,arene_109,O=c1nnn2cconc-2c1=O,aryne_114,O=c1nnn2c#conc-2c1=O
114,arene_110,c1cnc2cc[nH]c2c1,aryne_115,c1cc2[nH]ccc2nc#1
115,arene_110,c1cnc2cc[nH]c2c1,aryne_116,c1cnc2cc[nH]c2c#1
116,arene_110,c1cnc2cc[nH]c2c1,aryne_117,c1[nH]c2cccnc2c#1
117,arene_111,O=c1[nH]c(=O)c2cccc(=O)n2s1,aryne_118,O=c1[nH]c(=O)c2cc#cc(=O)n2s1
118,arene_112,O=c1nnc2c(=O)sccc2[nH]1,aryne_119,O=c1nnc2c(=O)sc#cc2[nH]1
119,arene_113,O=c1cc2sccc(=O)c2no1,aryne_120,O=c1cc2sc#cc(=O)c2no1
120,arene_114,O=c1cc[nH]c2nc[nH]c(=O)c12,aryne_121,O=c1c#c[nH]c2nc[nH]c(=O)c12
121,arene_115,O=c1on2c(=O)ccn2sc1=O,aryne_122,O=c1on2c(=O)c#cn2sc1=O
122,arene_116,O=c1cnsc2c(=O)cc[nH]c12,aryne_123,O=c1cnsc2c(=O)c#c[nH]c12
123,arene_117,O=c1ccon2c(=O)ccnc12,aryne_124,O=c1c#con2c(=O)ccnc12
124,arene_117,O=c1ccon2c(=O)ccnc12,aryne_125,O=c1ccon2c(=O)c#cnc12
125,arene_118,O=c1occn2nncc12,aryne_126,O=c1oc#cn2nncc12
126,arene_119,O=c1oc2sccc(=O)c2oc1=O,aryne_127,O=c1oc2sc#cc(=O)c2oc1=O
127,arene_120,O=c1oc2nsccn-2c1=O,aryne_128,O=c1oc2nsc#cn-2c1=O
128,arene_121,O=c1nnoc2cccnc12,aryne_129,O=c1nnoc2c#ccnc12
129,arene_121,O=c1nnoc2cccnc12,aryne_130,O=c1nnoc2cc#cnc12
130,arene_123,c1nnn2sccon2n1,aryne_131,c1on2ncnnn2sc#1
131,arene_124,O=c1nc2c(=O)sccn2c(=O)o1,aryne_132,O=c1nc2c(=O)sc#cn2c(=O)o1
132,arene_125,O=c1sc(=O)c2sccc(=O)c2s1,aryne_133,O=c1sc(=O)c2sc#cc(=O)c2s1
133,arene_126,O=c1sn2ccsn2c(=O)c1=O,aryne_134,O=c1sn2c#csn2c(=O)c1=O
134,arene_127,c1nsn2sccn2o1,aryne_135,c1sn2sncon2c#1
135,arene_128,O=c1ccc2c(=O)c(=O)ccc=2c1=O,aryne_136,O=c1c#cc2c(=O)c(=O)ccc=2c1=O
136,arene_129,O=c1[nH]c(=O)n2[nH]ccon2[nH]1,aryne_137,O=c1[nH]c(=O)n2[nH]c#con2[nH]1
137,arene_130,c1cnn2snnsn2c1,aryne_138,c1cnn2snnsn2c#1
138,arene_131,c1csc2onnsc=2o1,aryne_139,c1oc2snnoc=2sc#1
139,arene_132,O=c1[nH]c2c(=O)occc2c(=O)o1,aryne_140,O=c1[nH]c2c(=O)oc#cc2c(=O)o1
140,arene_133,c1non2ccsn2[nH]1,aryne_141,c1sn2[nH]cnon2c#1
141,arene_134,O=c1sc(=O)c2ccccc2s1,aryne_142,O=c1sc(=O)c2c#cccc2s1
142,arene_134,O=c1sc(=O)c2ccccc2s1,aryne_143,O=c1sc(=O)c2cc#ccc2s1
143,arene_134,O=c1sc(=O)c2ccccc2s1,aryne_144,O=c1sc(=O)c2ccc#cc2s1
144,arene_135,O=c1ncn2[nH]ccsn2s1,aryne_145,O=c1ncn2[nH]c#csn2s1
145,arene_136,O=c1ncsc2ccncc12,aryne_146,O=c1ncsc2c#cncc12
146,arene_137,O=c1ccon2scnsn12,aryne_147,O=c1c#con2scnsn12
147,arene_138,O=c1ccc2c(=O)[nH]c(=O)sc2s1,aryne_148,O=c1c#cc2c(=O)[nH]c(=O)sc2s1
148,arene_139,O=c1nnsn2cccc12,aryne_149,O=c1nnsn2c#ccc12
149,arene_140,O=c1oc2cccn2s1,aryne_150,O=c1oc2cc#cn2s1
150,arene_141,O=c1nnsn2[nH]ccsn12,aryne_151,O=c1nnsn2[nH]c#csn12
151,arene_142,O=c1[nH]c2nccn2[nH]1,aryne_152,O=c1[nH]c2nc#cn2[nH]1
152,arene_143,O=c1nc2c(=O)ccsc2c[nH]1,aryne_153,O=c1nc2c(=O)c#csc2c[nH]1
153,arene_144,O=c1nnc2ccccc2[nH]1,aryne_154,O=c1nnc2c#cccc2[nH]1
154,arene_144,O=c1nnc2ccccc2[nH]1,aryne_155,O=c1nnc2cc#ccc2[nH]1
155,arene_144,O=c1nnc2ccccc2[nH]1,aryne_156,O=c1nnc2ccc#cc2[nH]1
156,arene_145,c1cc2csnc2[nH]1,aryne_157,c1[nH]c2nscc2c#1
157,arene_146,O=c1oc2nccc(=O)n2c(=O)s1,aryne_158,O=c1oc2nc#cc(=O)n2c(=O)s1
158,arene_147,O=c1oc(=O)n2occc(=O)n2c1=O,aryne_159,O=c1oc(=O)n2oc#cc(=O)n2c1=O
159,arene_148,O=c1cc[nH]c2c(=O)[nH]ccc12,aryne_160,O=c1c#c[nH]c2c(=O)[nH]ccc12
160,arene_148,O=c1cc[nH]c2c(=O)[nH]ccc12,aryne_161,O=c1cc[nH]c2c(=O)[nH]c#cc12
161,arene_149,O=c1nnn2c(=O)cc[nH]c2n1,aryne_162,O=c1nnn2c(=O)c#c[nH]c2n1
162,arene_150,O=c1occc2nscc12,aryne_163,O=c1oc#cc2nscc12
163,arene_151,O=c1on2cccnn2c(=O)c1=O,aryne_164,O=c1on2c#ccnn2c(=O)c1=O
164,arene_152,O=c1snnc2c(=O)sccc12,aryne_165,O=c1snnc2c(=O)sc#cc12
165,arene_153,O=c1nc2sccc2n[nH]1,aryne_166,O=c1nc2sc#cc2n[nH]1
166,arene_154,c1cn2sccsc-2ns1,aryne_167,c1snc2sccsn-2c#1
167,arene_154,c1cn2sccsc-2ns1,aryne_168,c1sc2nsccn-2sc#1
168,arene_155,O=c1ccn2cnccn2c1=O,aryne_169,O=c1c#cn2cnccn2c1=O
169,arene_155,O=c1ccn2cnccn2c1=O,aryne_170,O=c1ccn2cnc#cn2c1=O
170,arene_156,O=c1ccn2oc(=O)oc2c1,aryne_171,O=c1c#cn2oc(=O)oc2c1
171,arene_157,c1nsn2ccsn2[nH]1,aryne_172,c1sn2[nH]cnsn2c#1
172,arene_158,c1cc2scnc2o1,aryne_173,c1oc2ncsc2c#1
173,arene_159,O=c1cnc2ccsc2s1,aryne_174,O=c1cnc2c#csc2s1
174,arene_160,c1csc2[nH]nn[nH]c=2o1,aryne_175,c1oc2[nH]nn[nH]c=2sc#1
175,arene_161,O=c1ncc2nccn2s1,aryne_176,O=c1ncc2nc#cn2s1
176,arene_162,O=c1ccc2ccoc(=O)c2o1,aryne_177,O=c1c#cc2ccoc(=O)c2o1
177,arene_162,O=c1ccc2ccoc(=O)c2o1,aryne_178,O=c1ccc2c#coc(=O)c2o1
178,arene_163,O=c1cc2ccsc2co1,aryne_179,O=c1cc2c#csc2co1
179,arene_164,O=c1oncc2ncccc12,aryne_180,O=c1oncc2nc#ccc12
180,arene_164,O=c1oncc2ncccc12,aryne_181,O=c1oncc2ncc#cc12
181,arene_165,c1cn2occon2[nH]1,aryne_182,c1[nH]n2occon2c#1
182,arene_165,c1cn2occon2[nH]1,aryne_183,c1on2cc[nH]n2oc#1
183,arene_166,O=c1cc[nH]n2[nH]nc[nH]n12,aryne_184,O=c1c#c[nH]n2[nH]nc[nH]n12
184,arene_167,O=c1ccc2c(=O)ccoc2o1,aryne_185,O=c1c#cc2c(=O)ccoc2o1
185,arene_167,O=c1ccc2c(=O)ccoc2o1,aryne_186,O=c1ccc2c(=O)c#coc2o1
186,arene_168,O=c1nc2sccon-2c1=O,aryne_187,O=c1nc2sc#con-2c1=O
187,arene_169,O=c1cncc2ccoc(=O)n12,aryne_188,O=c1cncc2c#coc(=O)n12
188,arene_170,O=c1sccc2cocc12,aryne_189,O=c1sc#cc2cocc12
189,arene_171,c1cn2ccsc2n1,aryne_190,c1nc2sccn2c#1
190,arene_171,c1cn2ccsc2n1,aryne_191,c1sc2nccn2c#1
191,arene_172,O=c1ccsc(=O)o1,aryne_192,O=c1c#csc(=O)o1
192,arene_173,O=c1ncc2occc(=O)c2[nH]1,aryne_193,O=c1ncc2oc#cc(=O)c2[nH]1
193,arene_174,O=c1cnn2[nH]ccc(=O)c2c1,aryne_194,O=c1cnn2[nH]c#cc(=O)c2c1
194,arene_175,O=c1ccsc2c[nH]c(=O)n12,aryne_195,O=c1c#csc2c[nH]c(=O)n12
195,arene_176,O=c1ccnc2cc[nH]n12,aryne_196,O=c1c#cnc2cc[nH]n12
196,arene_176,O=c1ccnc2cc[nH]n12,aryne_197,O=c1ccnc2c#c[nH]n12
197,arene_178,O=c1occ2occn12,aryne_198,O=c1occ2oc#cn12
198,arene_179,O=c1ncn2ccoc(=O)n2c1=O,aryne_199,O=c1ncn2c#coc(=O)n2c1=O
199,arene_180,O=c1ccnc2scnc(=O)n12,aryne_200,O=c1c#cnc2scnc(=O)n12
200,arene_181,O=c1ccoc2ccsc12,aryne_201,O=c1c#coc2ccsc12
201,arene_181,O=c1ccoc2ccsc12,aryne_202,O=c1ccoc2c#csc12
202,arene_182,c1coc2[nH]ncsc=2[nH]1,aryne_203,c1[nH]c2scn[nH]c=2oc#1
203,arene_183,O=c1nnc2c(=O)cc[nH]c2s1,aryne_204,O=c1nnc2c(=O)c#c[nH]c2s1
204,arene_184,O=c1sc2sccsc=2c1=O,aryne_205,O=c1sc2sc#csc=2c1=O
205,arene_185,O=c1ccn2ncocc1-2,aryne_206,O=c1c#cn2ncocc1-2
206,arene_186,O=c1cc2cccnn2c(=O)o1,aryne_207,O=c1cc2c#ccnn2c(=O)o1
207,arene_187,O=c1ccn2cnc(=O)c(=O)n2s1,aryne_208,O=c1c#cn2cnc(=O)c(=O)n2s1
208,arene_188,c1cn2onn[nH]n2s1,aryne_209,c1sn2[nH]nnon2c#1
209,arene_189,O=c1ccn2cn[nH]nc1-2,aryne_210,O=c1c#cn2cn[nH]nc1-2
210,arene_190,O=c1nc2sccc2no1,aryne_211,O=c1nc2sc#cc2no1
211,arene_191,c1csn2nnon2o1,aryne_212,c1on2onnn2sc#1
212,arene_192,O=c1ncn2ccc(=O)oc2n1,aryne_213,O=c1ncn2c#cc(=O)oc2n1
213,arene_193,O=c1ccn2snnc(=O)n2c1=O,aryne_214,O=c1c#cn2snnc(=O)n2c1=O
214,arene_194,c1noc2[nH]ccoc=2[nH]1,aryne_215,c1[nH]c2onc[nH]c=2oc#1
215,arene_195,O=c1on2sccn2c(=O)c1=O,aryne_216,O=c1on2sc#cn2c(=O)c1=O
216,arene_196,O=c1ccn2c(=O)cc[nH]n2c1=O,aryne_217,O=c1c#cn2c(=O)cc[nH]n2c1=O
217,arene_196,O=c1ccn2c(=O)cc[nH]n2c1=O,aryne_218,O=c1ccn2c(=O)c#c[nH]n2c1=O
218,arene_198,O=c1cc2[nH]ccc2ns1,aryne_219,O=c1cc2[nH]c#cc2ns1
219,arene_199,c1csn2cnocc-2s1,aryne_220,c1sc2concn-2sc#1
220,arene_200,O=c1[nH]ncc2ncccc12,aryne_221,O=c1[nH]ncc2nc#ccc12
221,arene_200,O=c1[nH]ncc2ncccc12,aryne_222,O=c1[nH]ncc2ncc#cc12
222,arene_201,O=c1ccn2nccc2o1,aryne_223,O=c1c#cn2nccc2o1
223,arene_202,c1cc2c[nH]cc2o1,aryne_224,c1oc2c[nH]cc2c#1
224,arene_203,O=c1ncc2sccoc1=2,aryne_225,O=c1ncc2sc#coc1=2
225,arene_204,O=c1ccc2c(=O)sc(=O)sc2s1,aryne_226,O=c1c#cc2c(=O)sc(=O)sc2s1
226,arene_205,O=c1ncn2c(=O)ccn2o1,aryne_227,O=c1ncn2c(=O)c#cn2o1
227,arene_206,O=c1nc2ccsc2n[nH]1,aryne_228,O=c1nc2c#csc2n[nH]1
228,arene_207,O=c1ccn2c(=O)c(=O)ncn2s1,aryne_229,O=c1c#cn2c(=O)c(=O)ncn2s1
229,arene_208,O=c1ccsc2nc[nH]c(=O)c12,aryne_230,O=c1c#csc2nc[nH]c(=O)c12
230,arene_209,c1cc2nn[nH]n2c1,aryne_231,c1cc2nn[nH]n2c#1
231,arene_210,O=c1cnn2sccc(=O)c2c1,aryne_232,O=c1cnn2sc#cc(=O)c2c1
232,arene_211,c1cc2nncn2[nH]1,aryne_233,c1[nH]n2cnnc2c#1
233,arene_212,O=c1onnc2ccccc12,aryne_234,O=c1onnc2c#cccc12
234,arene_212,O=c1onnc2ccccc12,aryne_235,O=c1onnc2cc#ccc12
235,arene_212,O=c1onnc2ccccc12,aryne_236,O=c1onnc2ccc#cc12
236,arene_213,O=c1oc(=O)c2ccsc2o1,aryne_237,O=c1oc(=O)c2c#csc2o1
237,arene_214,O=c1sc(=O)c2c(=O)ccsc2s1,aryne_238,O=c1sc(=O)c2c(=O)c#csc2s1
238,arene_215,c1csc2nsccn-2[nH]1,aryne_239,c1[nH]n2ccsnc-2sc#1
239,arene_215,c1csc2nsccn-2[nH]1,aryne_240,c1snc2scc[nH]n-2c#1
240,arene_216,O=c1ccn2sncsn2o1,aryne_241,O=c1c#cn2sncsn2o1
241,arene_217,O=c1cnn2cccnn2c1=O,aryne_242,O=c1cnn2c#ccnn2c1=O
242,arene_219,O=c1ccc2c(=O)occc2o1,aryne_243,O=c1c#cc2c(=O)occc2o1
243,arene_219,O=c1ccc2c(=O)occc2o1,aryne_244,O=c1ccc2c(=O)oc#cc2o1
244,arene_220,c1cn2oncsc-2cs1,aryne_245,c1scc2scnon-2c#1
245,arene_221,O=c1ccn2[nH]cc[nH]n2o1,aryne_246,O=c1c#cn2[nH]cc[nH]n2o1
246,arene_221,O=c1ccn2[nH]cc[nH]n2o1,aryne_247,O=c1ccn2[nH]c#c[nH]n2o1
247,arene_222,O=c1ccn2c(=O)ncn2s1,aryne_248,O=c1c#cn2c(=O)ncn2s1
248,arene_223,O=c1cc2ccsc(=O)c2c[nH]1,aryne_249,O=c1cc2c#csc(=O)c2c[nH]1
249,arene_224,c1cn2onnon2s1,aryne_250,c1sn2onnon2c#1
250,arene_225,O=c1cnn2ccoc(=O)c2n1,aryne_251,O=c1cnn2c#coc(=O)c2n1
251,arene_226,O=c1cnc2n[nH]ccn1-2,aryne_252,O=c1cnc2n[nH]c#cn1-2
252,arene_227,O=c1on2nnccn2c(=O)c1=O,aryne_253,O=c1on2nnc#cn2c(=O)c1=O
253,arene_228,c1csn2sccn2o1,aryne_254,c1on2ccsn2sc#1
254,arene_228,c1csn2sccn2o1,aryne_255,c1sn2sccon2c#1
255,arene_229,O=c1[nH]nc2occn2c1=O,aryne_256,O=c1[nH]nc2oc#cn2c1=O
256,arene_230,O=c1ccc2oc(=O)ccc2o1,aryne_257,O=c1c#cc2oc(=O)ccc2o1
257,arene_231,O=c1cc[nH]c2c(=O)[nH]cnc12,aryne_258,O=c1c#c[nH]c2c(=O)[nH]cnc12
258,arene_232,c1cc2cn[nH]c2s1,aryne_259,c1sc2[nH]ncc2c#1
259,arene_233,c1cc2ocnc2cn1,aryne_260,c1ncc2ncoc2c#1
260,arene_234,O=c1ncsn2sccon12,aryne_261,O=c1ncsn2sc#con12
261,arene_235,O=c1cc[nH]n2[nH]nn[nH]n12,aryne_262,O=c1c#c[nH]n2[nH]nn[nH]n12
262,arene_236,O=c1ccn2c(=O)nc[nH]n2c1=O,aryne_263,O=c1c#cn2c(=O)nc[nH]n2c1=O
263,arene_237,c1csn2scnn2[nH]1,aryne_264,c1[nH]n2ncsn2sc#1
264,arene_238,O=c1ccc2cocnn-2c1=O,aryne_265,O=c1c#cc2cocnn-2c1=O
265,arene_239,c1csc2sncsc=2s1,aryne_266,c1sc2scnsc=2sc#1
266,arene_240,c1ccc2nonc2c1,aryne_267,c1ccc2nonc2c#1
267,arene_241,O=c1sncc2ccsc12,aryne_268,O=c1sncc2c#csc12
268,arene_242,c1coc2cscnn-2[nH]1,aryne_269,c1[nH]n2ncscc-2oc#1
269,arene_243,O=c1[nH]c2cc[nH]c2oc1=O,aryne_270,O=c1[nH]c2c#c[nH]c2oc1=O
270,arene_244,c1cc2ncnn2nn1,aryne_271,c1nnn2ncnc2c#1
271,arene_245,O=c1cnc2ccsc(=O)c2[nH]1,aryne_272,O=c1cnc2c#csc(=O)c2[nH]1
272,arene_246,O=c1occ2cnccn12,aryne_273,O=c1occ2cnc#cn12
273,arene_247,c1ccc2nnnnc2c1,aryne_274,c1cc2nnnnc2cc#1
274,arene_247,c1ccc2nnnnc2c1,aryne_275,c1ccc2nnnnc2c#1
275,arene_248,O=c1ccoc2ncoc12,aryne_276,O=c1c#coc2ncoc12
276,arene_249,O=c1ncn2[nH]ccon2s1,aryne_277,O=c1ncn2[nH]c#con2s1
277,arene_250,O=c1ccc2n[nH]c(=O)n2[nH]1,aryne_278,O=c1c#cc2n[nH]c(=O)n2[nH]1
278,arene_251,O=c1cc[nH]c2sncc12,aryne_279,O=c1c#c[nH]c2sncc12
279,arene_252,O=c1ccoc2c(=O)sncc12,aryne_280,O=c1c#coc2c(=O)sncc12
280,arene_253,O=c1nnn2occon2[nH]1,aryne_281,O=c1nnn2oc#con2[nH]1
281,arene_254,O=c1on2cconc-2c(=O)c1=O,aryne_282,O=c1on2c#conc-2c(=O)c1=O
282,arene_255,O=c1[nH]nc2sccn12,aryne_283,O=c1[nH]nc2sc#cn12
283,arene_256,O=c1[nH]c(=O)n2c(=O)ccnc2s1,aryne_284,O=c1[nH]c(=O)n2c(=O)c#cnc2s1
284,arene_257,c1cn2nncc2nn1,aryne_285,c1nnc2cnnn2c#1
285,arene_258,O=c1cc2[nH]ccn2c(=O)[nH]1,aryne_286,O=c1cc2[nH]c#cn2c(=O)[nH]1
286,arene_259,O=c1on2ccsn2c1=O,aryne_287,O=c1on2c#csn2c1=O
287,arene_260,c1cn2onn[nH]n2nn1,aryne_288,c1nnn2[nH]nnon2c#1
288,arene_261,O=c1[nH]n2c(=O)ccc(=O)n2[nH]1,aryne_289,O=c1[nH]n2c(=O)c#cc(=O)n2[nH]1
289,arene_262,O=c1[nH]n2c(=O)ccn2c(=O)o1,aryne_290,O=c1[nH]n2c(=O)c#cn2c(=O)o1
290,arene_263,O=c1ccn2[nH]cnn12,aryne_291,O=c1c#cn2[nH]cnn12
291,arene_264,c1cnc2n[nH]cc2c1,aryne_292,c1cnc2n[nH]cc2c#1
292,arene_265,O=c1ccc2[nH]c(=O)nnc2[nH]1,aryne_293,O=c1c#cc2[nH]c(=O)nnc2[nH]1
293,arene_266,O=c1cc2ccncc2co1,aryne_294,O=c1cc2c#cncc2co1
294,arene_267,O=c1cnoc2ccsc12,aryne_295,O=c1cnoc2c#csc12
295,arene_268,O=c1ccsc2c(=O)occc12,aryne_296,O=c1c#csc2c(=O)occc12
296,arene_268,O=c1ccsc2c(=O)occc12,aryne_297,O=c1ccsc2c(=O)oc#cc12
297,arene_269,c1cn2ocn[nH]n2nn1,aryne_298,c1nnn2[nH]ncon2c#1
298,arene_270,O=c1ccoc2scnc12,aryne_299,O=c1c#coc2scnc12
299,arene_271,O=c1nc2cnccn2c(=O)[nH]1,aryne_300,O=c1nc2cnc#cn2c(=O)[nH]1
300,arene_272,O=c1ccc2c(=O)c(=O)[nH]c1=2,aryne_301,O=c1c#cc2c(=O)c(=O)[nH]c1=2
301,arene_273,O=c1nnn2ccsc(=O)c2n1,aryne_302,O=c1nnn2c#csc(=O)c2n1
302,arene_274,O=c1ccc2cc(=O)c(=O)n-2c1=O,aryne_303,O=c1c#cc2cc(=O)c(=O)n-2c1=O
303,arene_275,c1cnc2ocnc2n1,aryne_304,c1nc2ncoc2nc#1
304,arene_276,O=c1ccc2sc(=O)ccc2s1,aryne_305,O=c1c#cc2sc(=O)ccc2s1
305,arene_278,O=c1sc(=O)n2cconc1-2,aryne_306,O=c1sc(=O)n2c#conc1-2
306,arene_279,O=c1sccn2cnnc12,aryne_307,O=c1sc#cn2cnnc12
307,arene_280,O=c1ccoc2ocnc(=O)c12,aryne_308,O=c1c#coc2ocnc(=O)c12
308,arene_281,O=c1ccsc2nscc12,aryne_309,O=c1c#csc2nscc12
309,arene_282,O=c1ccoc2c(=O)ncoc12,aryne_310,O=c1c#coc2c(=O)ncoc12
310,arene_283,O=c1ccn2c(=O)oc(=O)oc2n1,aryne_311,O=c1c#cn2c(=O)oc(=O)oc2n1
311,arene_284,c1csn2nnncn2[nH]1,aryne_312,c1[nH]n2cnnnn2sc#1
312,arene_285,O=c1snc2ccnnn2c1=O,aryne_313,O=c1snc2c#cnnn2c1=O
313,arene_286,c1cnc2[nH]ncc2c1,aryne_314,c1cc2cn[nH]c2nc#1
314,arene_286,c1cnc2[nH]ncc2c1,aryne_315,c1cnc2[nH]ncc2c#1
315,arene_287,c1csn2ccscc-2[nH]1,aryne_316,c1[nH]c2csccn-2sc#1
316,arene_287,c1csn2ccscc-2[nH]1,aryne_317,c1scc2[nH]ccsn-2c#1
317,arene_288,O=c1ccsc2oncc12,aryne_318,O=c1c#csc2oncc12
318,arene_289,O=c1ccc2scnc(=O)c2[nH]1,aryne_319,O=c1c#cc2scnc(=O)c2[nH]1
319,arene_290,c1cc2cnon2c1,aryne_320,c1cc2cnon2c#1
320,arene_291,O=c1ccsc2ncnc(=O)n12,aryne_321,O=c1c#csc2ncnc(=O)n12
321,arene_292,O=c1ccc(=O)c2occoc1=2,aryne_322,O=c1c#cc(=O)c2occoc1=2
322,arene_292,O=c1ccc(=O)c2occoc1=2,aryne_323,O=c1ccc(=O)c2oc#coc1=2
323,arene_293,O=c1occn2c(=O)[nH]nc12,aryne_324,O=c1oc#cn2c(=O)[nH]nc12
324,arene_294,O=c1[nH]cnn2sccon12,aryne_325,O=c1[nH]cnn2sc#con12
325,arene_295,c1nn2sccsc-2ns1,aryne_326,c1sc2nscnn-2sc#1
326,arene_296,O=c1ccoc2[nH]nnc(=O)c12,aryne_327,O=c1c#coc2[nH]nnc(=O)c12
327,arene_297,O=c1ccoc2onnc(=O)c12,aryne_328,O=c1c#coc2onnc(=O)c12
328,arene_298,c1cn2ocnsn2nn1,aryne_329,c1nnn2sncon2c#1
329,arene_299,O=c1[nH]cc2ccccn12,aryne_330,O=c1[nH]cc2c#cccn12
330,arene_299,O=c1[nH]cc2ccccn12,aryne_331,O=c1[nH]cc2ccc#cn12
331,arene_300,c1cc2nnnn2s1,aryne_332,c1sn2nnnc2c#1
332,arene_301,O=c1scnn2c(=O)cccc12,aryne_333,O=c1scnn2c(=O)c#ccc12
333,arene_302,O=c1ccc(=O)c2c(=O)cnc1=2,aryne_334,O=c1c#cc(=O)c2c(=O)cnc1=2
334,arene_303,O=c1nc2ncccn2c(=O)s1,aryne_335,O=c1nc2ncc#cn2c(=O)s1
335,arene_304,O=c1ccn2ncnc2o1,aryne_336,O=c1c#cn2ncnc2o1
336,arene_305,O=c1ncn2occon2[nH]1,aryne_337,O=c1ncn2oc#con2[nH]1
337,arene_306,O=c1ccc2c(=O)snnc2[nH]1,aryne_338,O=c1c#cc2c(=O)snnc2[nH]1
338,arene_307,O=c1ccc2nncc(=O)n2s1,aryne_339,O=c1c#cc2nncc(=O)n2s1
339,arene_308,O=c1oc2ccsc2o1,aryne_340,O=c1oc2c#csc2o1
340,arene_309,c1csn2snnn2[nH]1,aryne_341,c1[nH]n2nnsn2sc#1
341,arene_310,O=c1sc2nccnc2sc1=O,aryne_342,O=c1sc2nc#cnc2sc1=O
342,arene_311,O=c1ccn2cnscc1-2,aryne_343,O=c1c#cn2cnscc1-2
343,arene_312,c1csn2nnsnc-2[nH]1,aryne_344,c1[nH]c2nsnnn-2sc#1
344,arene_313,O=c1nc2cnccn2c(=O)o1,aryne_345,O=c1nc2cnc#cn2c(=O)o1
345,arene_314,c1cn2snnsn2[nH]1,aryne_346,c1[nH]n2snnsn2c#1
346,arene_315,O=c1cc[nH]n2scnon12,aryne_347,O=c1c#c[nH]n2scnon12
347,arene_316,O=c1cnsn2c(=O)cccc12,aryne_348,O=c1cnsn2c(=O)c#ccc12
348,arene_317,O=c1cc[nH]c2ncsc12,aryne_349,O=c1c#c[nH]c2ncsc12
349,arene_318,O=c1sccc2onnc12,aryne_350,O=c1sc#cc2onnc12
350,arene_320,O=c1[nH]ccc2[nH]ccc12,aryne_351,O=c1[nH]c#cc2[nH]ccc12
351,arene_320,O=c1[nH]ccc2[nH]ccc12,aryne_352,O=c1[nH]ccc2[nH]c#cc12
352,arene_321,c1cc2[nH]cnc2cn1,aryne_353,c1ncc2nc[nH]c2c#1
353,arene_322,O=c1cc[nH]n2c(=O)nccc12,aryne_354,O=c1c#c[nH]n2c(=O)nccc12
354,arene_323,c1csn2nnsnc-2o1,aryne_355,c1oc2nsnnn-2sc#1
355,arene_324,O=c1ccc2[nH]nnsc1=2,aryne_356,O=c1c#cc2[nH]nnsc1=2
356,arene_325,O=c1ccon2nncc12,aryne_357,O=c1c#con2nncc12
357,arene_326,O=c1oc2cccnc2s1,aryne_358,O=c1oc2c#ccnc2s1
358,arene_326,O=c1oc2cccnc2s1,aryne_359,O=c1oc2cc#cnc2s1
359,arene_327,O=c1[nH]n2cccc2c(=O)o1,aryne_360,O=c1[nH]n2c#ccc2c(=O)o1
360,arene_328,O=c1ccc2nnoc2[nH]1,aryne_361,O=c1c#cc2nnoc2[nH]1
361,arene_329,O=c1[nH]c2cc[nH]c(=O)c2s1,aryne_362,O=c1[nH]c2c#c[nH]c(=O)c2s1
362,arene_330,O=c1ccn2sccn12,aryne_363,O=c1c#cn2sccn12
363,arene_330,O=c1ccn2sccn12,aryne_364,O=c1ccn2sc#cn12
364,arene_331,O=c1sncc2cnccc12,aryne_365,O=c1sncc2cnc#cc12
365,arene_332,c1cn2scnon2o1,aryne_366,c1on2oncsn2c#1
366,arene_334,O=c1ccsn2occsn12,aryne_367,O=c1c#csn2occsn12
367,arene_334,O=c1ccsn2occsn12,aryne_368,O=c1ccsn2oc#csn12
368,arene_335,c1cc2cc[nH]n2c1,aryne_369,c1cc2cc[nH]n2c#1
369,arene_335,c1cc2cc[nH]n2c1,aryne_370,c1[nH]n2cccc2c#1
370,arene_336,O=c1ccon2c(=O)snc12,aryne_371,O=c1c#con2c(=O)snc12
371,arene_337,O=c1nnon2[nH]ccsn12,aryne_372,O=c1nnon2[nH]c#csn12
372,arene_338,O=c1[nH]c(=O)n2sccc(=O)n2c1=O,aryne_373,O=c1[nH]c(=O)n2sc#cc(=O)n2c1=O
373,arene_339,O=c1oc2[nH]ccc2c(=O)s1,aryne_374,O=c1oc2[nH]c#cc2c(=O)s1
374,arene_340,O=c1nnc2cccc(=O)n2s1,aryne_375,O=c1nnc2cc#cc(=O)n2s1
375,arene_341,O=c1ccc2sc(=O)c(=O)sc2[nH]1,aryne_376,O=c1c#cc2sc(=O)c(=O)sc2[nH]1
376,arene_342,O=c1ncn2ccocc1-2,aryne_377,O=c1ncn2c#cocc1-2
377,arene_343,O=c1ccoc2oncc12,aryne_378,O=c1c#coc2oncc12
378,arene_344,c1cn2[nH]ccon2cn1,aryne_379,c1ncn2occ[nH]n2c#1
379,arene_344,c1cn2[nH]ccon2cn1,aryne_380,c1[nH]n2ccncn2oc#1
380,arene_345,O=c1ccn2onnon2[nH]1,aryne_381,O=c1c#cn2onnon2[nH]1
381,arene_346,O=c1nnc2ncccc2s1,aryne_382,O=c1nnc2nc#ccc2s1
382,arene_346,O=c1nnc2ncccc2s1,aryne_383,O=c1nnc2ncc#cc2s1
383,arene_347,O=c1onnc2occc12,aryne_384,O=c1onnc2oc#cc12
384,arene_348,O=c1sc(=O)n2ncccn12,aryne_385,O=c1sc(=O)n2ncc#cn12
385,arene_349,O=c1ccc2ncncc2o1,aryne_386,O=c1c#cc2ncncc2o1
386,arene_351,O=c1nnn2ccc(=O)c(=O)n2o1,aryne_387,O=c1nnn2c#cc(=O)c(=O)n2o1
387,arene_352,O=c1[nH]c2[nH]cc[nH]c=2c1=O,aryne_388,O=c1[nH]c2[nH]c#c[nH]c=2c1=O
388,arene_353,O=c1ccn2ccsc(=O)c2c1,aryne_389,O=c1c#cn2ccsc(=O)c2c1
389,arene_353,O=c1ccn2ccsc(=O)c2c1,aryne_390,O=c1ccn2c#csc(=O)c2c1
390,arene_354,O=c1ccsc(=O)[nH]1,aryne_391,O=c1c#csc(=O)[nH]1
391,arene_355,O=c1ccc2sc(=O)c(=O)sc2s1,aryne_392,O=c1c#cc2sc(=O)c(=O)sc2s1
392,arene_356,O=c1ccc2ncncc2[nH]1,aryne_393,O=c1c#cc2ncncc2[nH]1
393,arene_357,O=c1ccc2onnc2s1,aryne_394,O=c1c#cc2onnc2s1
394,arene_358,O=c1oc2nsccn-2c(=O)c1=O,aryne_395,O=c1oc2nsc#cn-2c(=O)c1=O
395,arene_359,O=c1ccn2ncsc2c1,aryne_396,O=c1c#cn2ncsc2c1
396,arene_360,c1c[nH]n2cconc-2[nH]1,aryne_397,c1[nH]c2noccn-2[nH]c#1
397,arene_360,c1c[nH]n2cconc-2[nH]1,aryne_398,c1onc2[nH]cc[nH]n-2c#1
398,arene_361,O=c1[nH]n2[nH]ccon2[nH]1,aryne_399,O=c1[nH]n2[nH]c#con2[nH]1
399,arene_362,O=c1ccc2sncsc=2c1=O,aryne_400,O=c1c#cc2sncsc=2c1=O
400,arene_363,O=c1c(=O)n2[nH]ccsn2c1=O,aryne_401,O=c1c(=O)n2[nH]c#csn2c1=O
401,arene_364,O=c1[nH]c2cc[nH]c2[nH]1,aryne_402,O=c1[nH]c2c#c[nH]c2[nH]1
402,arene_365,c1coc2nonnn-2[nH]1,aryne_403,c1[nH]n2nnonc-2oc#1
403,arene_366,O=c1ccsc2ocnc(=O)c12,aryne_404,O=c1c#csc2ocnc(=O)c12
404,arene_367,O=c1[nH]c2[nH]ccc(=O)c2s1,aryne_405,O=c1[nH]c2[nH]c#cc(=O)c2s1
405,arene_368,O=c1ccc(=O)n2c(=O)c(=O)cc1-2,aryne_406,O=c1c#cc(=O)n2c(=O)c(=O)cc1-2
406,arene_369,O=c1cccc2occc(=O)n12,aryne_407,O=c1c#ccc2occc(=O)n12
407,arene_369,O=c1cccc2occc(=O)n12,aryne_408,O=c1c#coc2cccc(=O)n12
408,arene_370,O=c1c(=O)c(=O)c2ccccc2c1=O,aryne_409,O=c1c(=O)c(=O)c2ccc#cc2c1=O
409,arene_370,O=c1c(=O)c(=O)c2ccccc2c1=O,aryne_410,O=c1c(=O)c(=O)c2cc#ccc2c1=O
410,arene_371,O=c1ccn2ocn[nH]n2[nH]1,aryne_411,O=c1c#cn2ocn[nH]n2[nH]1
411,arene_372,O=c1cnccs1,aryne_412,O=c1cnc#cs1
412,arene_374,O=c1ccoc2cn[nH]c(=O)c12,aryne_413,O=c1c#coc2cn[nH]c(=O)c12
413,arene_375,c1cn2snn[nH]n2s1,aryne_414,c1sn2[nH]nnsn2c#1
414,arene_376,O=c1ccc2ncnc(=O)n2[nH]1,aryne_415,O=c1c#cc2ncnc(=O)n2[nH]1
415,arene_377,O=c1ccon2c(=O)scc12,aryne_416,O=c1c#con2c(=O)scc12
416,arene_378,O=c1ccoc2cnnn12,aryne_417,O=c1c#coc2cnnn12
417,arene_379,O=c1occn2ocn[nH]n12,aryne_418,O=c1oc#cn2ocn[nH]n12
418,arene_380,O=c1snc2ncccn12,aryne_419,O=c1snc2ncc#cn12
419,arene_381,O=c1oc2sccc(=O)c2s1,aryne_420,O=c1oc2sc#cc(=O)c2s1
420,arene_383,O=c1ccon2[nH]nnsn12,aryne_421,O=c1c#con2[nH]nnsn12
421,arene_384,O=c1ccc2cnc(=O)sc2o1,aryne_422,O=c1c#cc2cnc(=O)sc2o1
422,arene_385,O=c1sc2occoc=2c1=O,aryne_423,O=c1sc2oc#coc=2c1=O
423,arene_387,O=c1ccc2nc(=O)sc(=O)n2[nH]1,aryne_424,O=c1c#cc2nc(=O)sc(=O)n2[nH]1
424,arene_388,O=c1ccc2noc(=O)n2s1,aryne_425,O=c1c#cc2noc(=O)n2s1
425,arene_389,O=c1nncc2ccncn12,aryne_426,O=c1nncc2c#cncn12
426,arene_390,O=c1[nH]c2[nH]ccc2c(=O)o1,aryne_427,O=c1[nH]c2[nH]c#cc2c(=O)o1
427,arene_391,O=c1ccn2nnoc2n1,aryne_428,O=c1c#cn2nnoc2n1
428,arene_392,O=c1ccc2sc(=O)oc(=O)c2[nH]1,aryne_429,O=c1c#cc2sc(=O)oc(=O)c2[nH]1
429,arene_393,O=c1ccc2oncsc=2c1=O,aryne_430,O=c1c#cc2oncsc=2c1=O
430,arene_394,O=c1nccc2ccnnn12,aryne_431,O=c1nccc2c#cnnn12
431,arene_395,O=c1[nH]n2c(=O)c(=O)ccn2c(=O)s1,aryne_432,O=c1[nH]n2c(=O)c(=O)c#cn2c(=O)s1
432,arene_396,O=c1sncc2ncccc12,aryne_433,O=c1sncc2nc#ccc12
433,arene_396,O=c1sncc2ncccc12,aryne_434,O=c1sncc2ncc#cc12
434,arene_398,O=c1cnn2cc[nH]c(=O)c2c1,aryne_435,O=c1cnn2c#c[nH]c(=O)c2c1
435,arene_399,O=c1nnn2occsn2[nH]1,aryne_436,O=c1nnn2oc#csn2[nH]1
436,arene_400,O=c1oc(=O)n2c(=O)ccon12,aryne_437,O=c1oc(=O)n2c(=O)c#con12
437,arene_401,O=c1[nH]c2nccn2s1,aryne_438,O=c1[nH]c2nc#cn2s1
438,arene_402,O=c1ccn2ncccc2c1,aryne_439,O=c1c#cn2ncccc2c1
439,arene_402,O=c1ccn2ncccc2c1,aryne_440,O=c1ccn2ncc#cc2c1
440,arene_403,O=c1[nH]c2occoc=2c(=O)c1=O,aryne_441,O=c1[nH]c2oc#coc=2c(=O)c1=O
441,arene_404,O=c1ncn2ccc(=O)n2[nH]1,aryne_442,O=c1ncn2c#cc(=O)n2[nH]1
442,arene_405,O=c1nnc2c(=O)sccc2s1,aryne_443,O=c1nnc2c(=O)sc#cc2s1
443,arene_406,O=c1cc2c(=O)ccsc2co1,aryne_444,O=c1cc2c(=O)c#csc2co1
444,arene_407,O=c1cccc2cc[nH]c(=O)n12,aryne_445,O=c1c#ccc2cc[nH]c(=O)n12
445,arene_407,O=c1cccc2cc[nH]c(=O)n12,aryne_446,O=c1cccc2c#c[nH]c(=O)n12
446,arene_408,O=c1sccc2n[nH]cc12,aryne_447,O=c1sc#cc2n[nH]cc12
447,arene_409,O=c1oc(=O)c2occc(=O)c2s1,aryne_448,O=c1oc(=O)c2oc#cc(=O)c2s1
448,arene_410,O=c1on2occ[nH]n2s1,aryne_449,O=c1on2oc#c[nH]n2s1
449,arene_411,c1cnoc1,aryne_450,c1cnoc#1
450,arene_413,O=c1nc[nH]n2scc[nH]n12,aryne_451,O=c1nc[nH]n2sc#c[nH]n12
451,arene_414,O=c1ccc2[nH]c(=O)c(=O)oc2o1,aryne_452,O=c1c#cc2[nH]c(=O)c(=O)oc2o1
452,arene_415,c1ccn2onc[nH]n2c1,aryne_453,c1ccn2onc[nH]n2c#1
453,arene_415,c1ccn2onc[nH]n2c1,aryne_454,c1ccn2[nH]cnon2c#1
454,arene_416,O=c1nnn2ccc(=O)n2[nH]1,aryne_455,O=c1nnn2c#cc(=O)n2[nH]1
455,arene_417,c1cc2ccsc2s1,aryne_456,c1sc2sccc2c#1
456,arene_418,c1cnc2nnnnc2n1,aryne_457,c1nc2nnnnc2nc#1
457,arene_419,O=c1ccn2[nH]ccon2s1,aryne_458,O=c1c#cn2[nH]ccon2s1
458,arene_419,O=c1ccn2[nH]ccon2s1,aryne_459,O=c1ccn2[nH]c#con2s1
459,arene_420,O=c1ccoc2nc[nH]c12,aryne_460,O=c1c#coc2nc[nH]c12
460,arene_421,c1cc2nnnnc2[nH]1,aryne_461,c1[nH]c2nnnnc2c#1
461,arene_422,O=c1snnn2cccc12,aryne_462,O=c1snnn2c#ccc12
462,arene_423,O=c1sccn2[nH]cnsn12,aryne_463,O=c1sc#cn2[nH]cnsn12
463,arene_424,O=c1cc[nH]c2ccnn12,aryne_464,O=c1c#c[nH]c2ccnn12
464,arene_425,O=c1ccn2sc(=O)c(=O)[nH]c2c1,aryne_465,O=c1c#cn2sc(=O)c(=O)[nH]c2c1
465,arene_426,O=c1ccc2coc(=O)c(=O)n2s1,aryne_466,O=c1c#cc2coc(=O)c(=O)n2s1
466,arene_427,O=c1ccsn2sccon12,aryne_467,O=c1c#csn2sccon12
467,arene_427,O=c1ccsn2sccon12,aryne_468,O=c1ccsn2sc#con12
468,arene_428,O=c1nc2ccncn2c(=O)s1,aryne_469,O=c1nc2c#cncn2c(=O)s1
469,arene_429,c1cc2cnnnc2[nH]1,aryne_470,c1[nH]c2nnncc2c#1
470,arene_430,O=c1ccc2c(=O)sc(=O)c1=2,aryne_471,O=c1c#cc2c(=O)sc(=O)c1=2
471,arene_431,c1cc2cocc2o1,aryne_472,c1oc2cocc2c#1
472,arene_432,c1csc2[nH]nnoc=2[nH]1,aryne_473,c1[nH]c2onn[nH]c=2sc#1
473,arene_433,O=c1occc2sccc12,aryne_474,O=c1oc#cc2sccc12
474,arene_433,O=c1occc2sccc12,aryne_475,O=c1occc2sc#cc12
475,arene_434,O=c1nc2scc[nH]n-2c(=O)c1=O,aryne_476,O=c1nc2sc#c[nH]n-2c(=O)c1=O
476,arene_435,O=c1cc2ccon2c(=O)s1,aryne_477,O=c1cc2c#con2c(=O)s1
477,arene_436,O=c1ocnn2[nH]ccsn12,aryne_478,O=c1ocnn2[nH]c#csn12
478,arene_437,O=c1oc(=O)n2c(=O)cc[nH]n12,aryne_479,O=c1oc(=O)n2c(=O)c#c[nH]n12
479,arene_440,O=c1ncn2occon2o1,aryne_480,O=c1ncn2oc#con2o1
480,arene_441,O=c1ccn2oc(=O)ncc2c1,aryne_481,O=c1c#cn2oc(=O)ncc2c1
481,arene_442,O=c1ccc2nc(=O)c(=O)nc-2c1=O,aryne_482,O=c1c#cc2nc(=O)c(=O)nc-2c1=O
482,arene_443,O=c1[nH]c(=O)c2c(=O)occc2o1,aryne_483,O=c1[nH]c(=O)c2c(=O)oc#cc2o1
483,arene_444,O=c1cc2nnccn2cn1,aryne_484,O=c1cc2nnc#cn2cn1
484,arene_446,O=c1ccc2ncc(=O)oc2o1,aryne_485,O=c1c#cc2ncc(=O)oc2o1
485,arene_447,O=c1ccc2occoc1=2,aryne_486,O=c1c#cc2occoc1=2
486,arene_447,O=c1ccc2occoc1=2,aryne_487,O=c1ccc2oc#coc1=2
487,arene_448,c1cn2onnsc-2no1,aryne_488,c1onc2snnon-2c#1
488,arene_449,O=c1ccn2c(=O)cnn2[nH]1,aryne_489,O=c1c#cn2c(=O)cnn2[nH]1
489,arene_450,c1con2occn2[nH]1,aryne_490,c1[nH]n2ccon2oc#1
490,arene_450,c1con2occn2[nH]1,aryne_491,c1on2occ[nH]n2c#1
491,arene_451,O=c1ncn2ccnnc2n1,aryne_492,O=c1ncn2c#cnnc2n1
492,arene_452,O=c1sccc2conc12,aryne_493,O=c1sc#cc2conc12
493,arene_453,O=c1nc2ccsn2c(=O)[nH]1,aryne_494,O=c1nc2c#csn2c(=O)[nH]1
494,arene_454,O=c1ccc2ncoc(=O)c2[nH]1,aryne_495,O=c1c#cc2ncoc(=O)c2[nH]1
495,arene_455,O=c1ccn2nnnnc2c1,aryne_496,O=c1c#cn2nnnnc2c1
496,arene_456,O=c1cc2cccnc2co1,aryne_497,O=c1cc2c#ccnc2co1
497,arene_457,O=c1ncc2ccc(=O)sc2o1,aryne_498,O=c1ncc2c#cc(=O)sc2o1
498,arene_458,O=c1ccc2occc2s1,aryne_499,O=c1c#cc2occc2s1
499,arene_458,O=c1ccc2occc2s1,aryne_500,O=c1ccc2oc#cc2s1
500,arene_459,O=c1ccoc2ncsc(=O)c12,aryne_501,O=c1c#coc2ncsc(=O)c12
501,arene_460,O=c1ccc2ccc(=O)oc2o1,aryne_502,O=c1c#cc2ccc(=O)oc2o1
502,arene_461,O=c1ccc2occc(=O)c2s1,aryne_503,O=c1c#cc2occc(=O)c2s1
503,arene_461,O=c1ccc2occc(=O)c2s1,aryne_504,O=c1ccc2oc#cc(=O)c2s1
504,arene_462,O=c1[nH]n2cc[nH]n2c(=O)c1=O,aryne_505,O=c1[nH]n2c#c[nH]n2c(=O)c1=O
505,arene_463,c1cnc2nnncc2c1,aryne_506,c1cc2cnnnc2nc#1
506,arene_463,c1cnc2nnncc2c1,aryne_507,c1cnc2nnncc2c#1
507,arene_464,O=c1cccc2oncc(=O)n12,aryne_508,O=c1c#ccc2oncc(=O)n12
508,arene_465,O=c1ccc2ncc(=O)c(=O)c=2c1=O,aryne_509,O=c1c#cc2ncc(=O)c(=O)c=2c1=O
509,arene_466,O=c1sc2scc[nH]c=2c(=O)c1=O,aryne_510,O=c1sc2sc#c[nH]c=2c(=O)c1=O
510,arene_468,O=c1ccoc2ncncc12,aryne_511,O=c1c#coc2ncncc12
511,arene_469,O=c1ccc2sc(=O)[nH]c2o1,aryne_512,O=c1c#cc2sc(=O)[nH]c2o1
512,arene_470,O=c1nnn2sccon2s1,aryne_513,O=c1nnn2sc#con2s1
513,arene_471,O=c1cnc(=O)n2ccscc1-2,aryne_514,O=c1cnc(=O)n2c#cscc1-2
514,arene_472,O=c1ncc2nccc(=O)n2[nH]1,aryne_515,O=c1ncc2nc#cc(=O)n2[nH]1
515,arene_473,O=c1cnc2c(=O)[nH]ccc2s1,aryne_516,O=c1cnc2c(=O)[nH]c#cc2s1
516,arene_474,O=c1nnsc2ncccc12,aryne_517,O=c1nnsc2nc#ccc12
517,arene_474,O=c1nnsc2ncccc12,aryne_518,O=c1nnsc2ncc#cc12
518,arene_475,O=c1ccn2nconc-2c1=O,aryne_519,O=c1c#cn2nconc-2c1=O
519,arene_476,c1ccn2snnsn2c1,aryne_520,c1ccn2snnsn2c#1
520,arene_477,O=c1cnsc2c(=O)ccoc12,aryne_521,O=c1cnsc2c(=O)c#coc12
521,arene_478,O=c1ccsc(=O)s1,aryne_522,O=c1c#csc(=O)s1
522,arene_479,O=c1ncc2ccccc2o1,aryne_523,O=c1ncc2c#cccc2o1
523,arene_479,O=c1ncc2ccccc2o1,aryne_524,O=c1ncc2cc#ccc2o1
524,arene_479,O=c1ncc2ccccc2o1,aryne_525,O=c1ncc2ccc#cc2o1
525,arene_480,O=c1ncc2nsccn-2c1=O,aryne_526,O=c1ncc2nsc#cn-2c1=O
526,arene_481,O=c1oc(=O)c2sccc2s1,aryne_527,O=c1oc(=O)c2sc#cc2s1
527,arene_482,O=c1ccn2c(=O)onnn2c1=O,aryne_528,O=c1c#cn2c(=O)onnn2c1=O
528,arene_483,c1cc2nnsc2s1,aryne_529,c1sc2snnc2c#1
529,arene_484,O=c1ccn2c(=O)nn[nH]c2n1,aryne_530,O=c1c#cn2c(=O)nn[nH]c2n1
530,arene_485,O=c1[nH]c(=O)c2oc(=O)ccc2[nH]1,aryne_531,O=c1[nH]c(=O)c2oc(=O)c#cc2[nH]1
531,arene_486,O=c1on2sccn2c1=O,aryne_532,O=c1on2sc#cn2c1=O
532,arene_487,O=c1ccn2nn[nH]n12,aryne_533,O=c1c#cn2nn[nH]n12
533,arene_488,c1csn2[nH]ncn2o1,aryne_534,c1on2cn[nH]n2sc#1
534,arene_489,c1n[nH]c2coccn-2[nH]1,aryne_535,c1occ2[nH]nc[nH]n-2c#1
535,arene_490,O=c1nn[nH]n2sccsn12,aryne_536,O=c1nn[nH]n2sc#csn12
536,arene_491,c1n[nH]n2ccscc-2[nH]1,aryne_537,c1scc2[nH]cn[nH]n-2c#1
537,arene_492,O=c1ccc2c(=O)c(=O)[nH]c(=O)c1=2,aryne_538,O=c1c#cc2c(=O)c(=O)[nH]c(=O)c1=2
538,arene_493,O=c1nnc2nccn2[nH]1,aryne_539,O=c1nnc2nc#cn2[nH]1
539,arene_494,O=c1sccn2[nH]ccon12,aryne_540,O=c1sc#cn2[nH]ccon12
540,arene_494,O=c1sccn2[nH]ccon12,aryne_541,O=c1sccn2[nH]c#con12
541,arene_495,c1cn2cnoc2n1,aryne_542,c1nc2oncn2c#1
542,arene_496,O=c1nnsc2occc12,aryne_543,O=c1nnsc2oc#cc12
543,arene_497,O=c1cc2ccoc(=O)c2n[nH]1,aryne_544,O=c1cc2c#coc(=O)c2n[nH]1
544,arene_498,O=c1cnn2c(=O)ccoc2n1,aryne_545,O=c1cnn2c(=O)c#coc2n1
545,arene_499,O=c1[nH]c(=O)c2c(=O)ccoc2[nH]1,aryne_546,O=c1[nH]c(=O)c2c(=O)c#coc2[nH]1
546,arene_500,O=c1cc[nH]c2cncc(=O)n12,aryne_547,O=c1c#c[nH]c2cncc(=O)n12
547,arene_501,O=c1scnc2ccnnc12,aryne_548,O=c1scnc2c#cnnc12
548,arene_502,O=c1ccc2[nH]c(=O)sc(=O)c2[nH]1,aryne_549,O=c1c#cc2[nH]c(=O)sc(=O)c2[nH]1
549,arene_503,O=c1occn2occon12,aryne_550,O=c1oc#cn2occon12
550,arene_503,O=c1occn2occon12,aryne_551,O=c1occn2oc#con12
551,arene_504,c1ccc2ncncc2c1,aryne_552,c1cc2cncnc2cc#1
552,arene_504,c1ccc2ncncc2c1,aryne_553,c1ccc2ncncc2c#1
553,arene_504,c1ccc2ncncc2c1,aryne_554,c1ccc2cncnc2c#1
554,arene_505,O=c1ccc(=O)n2ncsnc1-2,aryne_555,O=c1c#cc(=O)n2ncsnc1-2
555,arene_506,O=c1cnc2ccoc(=O)c2[nH]1,aryne_556,O=c1cnc2c#coc(=O)c2[nH]1
556,arene_507,O=c1[nH]ccc2ccsc12,aryne_557,O=c1[nH]c#cc2ccsc12
557,arene_507,O=c1[nH]ccc2ccsc12,aryne_558,O=c1[nH]ccc2c#csc12
558,arene_508,O=c1ccc2[nH]cnsc=2c1=O,aryne_559,O=c1c#cc2[nH]cnsc=2c1=O
559,arene_509,c1csc2n[nH]ncn-2o1,aryne_560,c1on2cn[nH]nc-2sc#1
560,arene_510,O=c1cccc2nnccn12,aryne_561,O=c1c#ccc2nnccn12
561,arene_510,O=c1cccc2nnccn12,aryne_562,O=c1cccc2nnc#cn12
562,arene_511,O=c1ccc(=O)n2nn[nH]nc1-2,aryne_563,O=c1c#cc(=O)n2nn[nH]nc1-2
563,arene_512,O=c1oc(=O)c(=O)c2occsc1=2,aryne_564,O=c1oc(=O)c(=O)c2oc#csc1=2
564,arene_513,O=c1nncc2sccn12,aryne_565,O=c1nncc2sc#cn12
565,arene_514,O=c1sccc2cncnc12,aryne_566,O=c1sc#cc2cncnc12
566,arene_515,O=c1nnc2occc2o1,aryne_567,O=c1nnc2oc#cc2o1
567,arene_516,O=c1cnn2sccn12,aryne_568,O=c1cnn2sc#cn12
568,arene_517,O=c1occ2occn2c1=O,aryne_569,O=c1occ2oc#cn2c1=O
569,arene_518,c1con2nn[nH]cc-2[nH]1,aryne_570,c1[nH]c2c[nH]nnn-2oc#1
570,arene_519,O=c1sn2sccsn2sc1=O,aryne_571,O=c1sn2sc#csn2sc1=O
571,arene_520,O=c1[nH]ccn2sccsn12,aryne_572,O=c1[nH]c#cn2sccsn12
572,arene_520,O=c1[nH]ccn2sccsn12,aryne_573,O=c1[nH]ccn2sc#csn12
573,arene_521,O=c1sc(=O)c2scc[nH]c1=2,aryne_574,O=c1sc(=O)c2sc#c[nH]c1=2
574,arene_523,O=c1[nH]n2ccscc-2c(=O)c1=O,aryne_575,O=c1[nH]n2c#cscc-2c(=O)c1=O
575,arene_524,O=c1nnoc2cnccc12,aryne_576,O=c1nnoc2cnc#cc12
576,arene_526,c1cc2nc[nH]c2cn1,aryne_577,c1ncc2[nH]cnc2c#1
577,arene_527,O=c1nnn2ccncn12,aryne_578,O=c1nnn2c#cncn12
578,arene_528,O=c1ncn2cc[nH]nc-2c1=O,aryne_579,O=c1ncn2c#c[nH]nc-2c1=O
579,arene_529,O=c1ccn2sncc(=O)c2c1,aryne_580,O=c1c#cn2sncc(=O)c2c1
580,arene_530,O=c1ccn2ncccn12,aryne_581,O=c1c#cn2ncccn12
581,arene_530,O=c1ccn2ncccn12,aryne_582,O=c1ccn2ncc#cn12
582,arene_531,O=c1[nH]ccn2oncon12,aryne_583,O=c1[nH]c#cn2oncon12
583,arene_532,O=c1cc2c(=O)[nH]ccc2no1,aryne_584,O=c1cc2c(=O)[nH]c#cc2no1
584,arene_533,c1cn2ocnon2[nH]1,aryne_585,c1[nH]n2oncon2c#1
585,arene_535,c1cn2[nH]ncon2cn1,aryne_586,c1ncn2ocn[nH]n2c#1
586,arene_536,c1cnc2cocc2c1,aryne_587,c1cnc2cocc2c#1
587,arene_537,O=c1[nH]c2ncccc2oc1=O,aryne_588,O=c1[nH]c2nc#ccc2oc1=O
588,arene_537,O=c1[nH]c2ncccc2oc1=O,aryne_589,O=c1[nH]c2ncc#cc2oc1=O
589,arene_538,O=c1on2ccsc(=O)n2c1=O,aryne_590,O=c1on2c#csc(=O)n2c1=O
590,arene_539,c1ncn2occon2n1,aryne_591,c1on2cncnn2oc#1
591,arene_540,c1cn2onc[nH]c-2n[nH]1,aryne_592,c1[nH]nc2[nH]cnon-2c#1
592,arene_541,O=c1ccn2snn[nH]n2o1,aryne_593,O=c1c#cn2snn[nH]n2o1
593,arene_542,O=c1ccsn2sncsn12,aryne_594,O=c1c#csn2sncsn12
594,arene_543,O=c1nccc2ccccn12,aryne_595,O=c1nccc2c#cccn12
595,arene_543,O=c1nccc2ccccn12,aryne_596,O=c1nccc2ccc#cn12
596,arene_544,O=c1ccc2cscc2[nH]1,aryne_597,O=c1c#cc2cscc2[nH]1
597,arene_545,O=c1ccn2[nH]cc[nH]n2s1,aryne_598,O=c1c#cn2[nH]cc[nH]n2s1
598,arene_545,O=c1ccn2[nH]cc[nH]n2s1,aryne_599,O=c1ccn2[nH]c#c[nH]n2s1
599,arene_546,O=c1snnc2ccccc12,aryne_600,O=c1snnc2c#cccc12
600,arene_546,O=c1snnc2ccccc12,aryne_601,O=c1snnc2cc#ccc12
601,arene_546,O=c1snnc2ccccc12,aryne_602,O=c1snnc2ccc#cc12
602,arene_547,O=c1on2c(=O)ccc(=O)n2c(=O)s1,aryne_603,O=c1on2c(=O)c#cc(=O)n2c(=O)s1
603,arene_548,O=c1ccc(=O)n2cn[nH]nc1-2,aryne_604,O=c1c#cc(=O)n2cn[nH]nc1-2
604,arene_549,O=c1cc2c(=O)sccc2c[nH]1,aryne_605,O=c1cc2c(=O)sc#cc2c[nH]1
605,arene_550,O=c1ncn2cc[nH]cc1-2,aryne_606,O=c1ncn2c#c[nH]cc1-2
606,arene_551,O=c1ccscc1,aryne_607,O=c1c#cscc1
607,arene_552,c1cn2ccoc2n1,aryne_608,c1nc2occn2c#1
608,arene_552,c1cn2ccoc2n1,aryne_609,c1oc2nccn2c#1
609,arene_553,O=c1ccsc2ncnn12,aryne_610,O=c1c#csc2ncnn12
610,arene_554,O=c1ccsn2c(=O)ncn12,aryne_611,O=c1c#csn2c(=O)ncn12
611,arene_555,O=c1sccn2c(=O)[nH]cc12,aryne_612,O=c1sc#cn2c(=O)[nH]cc12
612,arene_556,c1cn2oncoc-2n[nH]1,aryne_613,c1[nH]nc2ocnon-2c#1
613,arene_557,O=c1sc2cc[nH]c(=O)c2s1,aryne_614,O=c1sc2c#c[nH]c(=O)c2s1
614,arene_558,O=c1cc[nH]c2nncn12,aryne_615,O=c1c#c[nH]c2nncn12
615,arene_559,O=c1[nH]n2nnccn2c(=O)c1=O,aryne_616,O=c1[nH]n2nnc#cn2c(=O)c1=O
616,arene_560,O=c1ccsn2snn[nH]n12,aryne_617,O=c1c#csn2snn[nH]n12
617,arene_561,O=c1sccc2cnsc12,aryne_618,O=c1sc#cc2cnsc12
618,arene_562,O=c1ccc2ccncc2s1,aryne_619,O=c1c#cc2ccncc2s1
619,arene_562,O=c1ccc2ccncc2s1,aryne_620,O=c1ccc2c#cncc2s1
620,arene_563,O=c1sc2ccsc(=O)c2s1,aryne_621,O=c1sc2c#csc(=O)c2s1
621,arene_564,O=c1[nH]n2ccc(=O)c(=O)n2s1,aryne_622,O=c1[nH]n2c#cc(=O)c(=O)n2s1
622,arene_565,c1csn2cnonc-2o1,aryne_623,c1oc2noncn-2sc#1
623,arene_566,O=c1ccn2c(=O)nccc2[nH]1,aryne_624,O=c1c#cn2c(=O)nccc2[nH]1
624,arene_567,O=c1nnc(=O)n2sccn12,aryne_625,O=c1nnc(=O)n2sc#cn12
625,arene_568,O=c1cnc2c(=O)ccsc2[nH]1,aryne_626,O=c1cnc2c(=O)c#csc2[nH]1
626,arene_569,O=c1ccc2cscc2o1,aryne_627,O=c1c#cc2cscc2o1
627,arene_570,O=c1ccon2ocnon12,aryne_628,O=c1c#con2ocnon12
628,arene_571,O=c1cccc2[nH]cnn12,aryne_629,O=c1c#ccc2[nH]cnn12
629,arene_572,O=c1ccnc2ccsn12,aryne_630,O=c1c#cnc2ccsn12
630,arene_572,O=c1ccnc2ccsn12,aryne_631,O=c1ccnc2c#csn12
631,arene_573,O=c1ccn2ccncn2c1=O,aryne_632,O=c1c#cn2ccncn2c1=O
632,arene_573,O=c1ccn2ccncn2c1=O,aryne_633,O=c1ccn2c#cncn2c1=O
633,arene_574,c1cnc2nn[nH]c2c1,aryne_634,c1cc2[nH]nnc2nc#1
634,arene_574,c1cnc2nn[nH]c2c1,aryne_635,c1cnc2nn[nH]c2c#1
635,arene_575,O=c1[nH]c(=O)n2cccc2o1,aryne_636,O=c1[nH]c(=O)n2c#ccc2o1
636,arene_576,O=c1c(=O)c(=O)c2nccnc2c1=O,aryne_637,O=c1c(=O)c(=O)c2nc#cnc2c1=O
637,arene_577,O=c1oc2c(=O)cc[nH]c2s1,aryne_638,O=c1oc2c(=O)c#c[nH]c2s1
638,arene_578,O=c1ccc2[nH]ncc(=O)c2o1,aryne_639,O=c1c#cc2[nH]ncc(=O)c2o1
639,arene_579,O=c1ccc2[nH]ncoc1=2,aryne_640,O=c1c#cc2[nH]ncoc1=2
640,arene_580,O=c1cc2cnccn2c(=O)o1,aryne_641,O=c1cc2cnc#cn2c(=O)o1
641,arene_581,O=c1cnn2c(=O)[nH]ccc2c1,aryne_642,O=c1cnn2c(=O)[nH]c#cc2c1
642,arene_582,c1ncc2ccsc2n1,aryne_643,c1sc2ncncc2c#1
643,arene_583,O=c1[nH]nc2c(=O)ccon2c1=O,aryne_644,O=c1[nH]nc2c(=O)c#con2c1=O
644,arene_584,O=c1oc2ncccc2c(=O)s1,aryne_645,O=c1oc2nc#ccc2c(=O)s1
645,arene_584,O=c1oc2ncccc2c(=O)s1,aryne_646,O=c1oc2ncc#cc2c(=O)s1
646,arene_585,O=c1nnn2ccsn2c1=O,aryne_647,O=c1nnn2c#csn2c1=O
647,arene_586,O=c1ccn2cccnn2c1=O,aryne_648,O=c1c#cn2cccnn2c1=O
648,arene_586,O=c1ccn2cccnn2c1=O,aryne_649,O=c1ccn2c#ccnn2c1=O
649,arene_588,O=c1snnn2sccon12,aryne_650,O=c1snnn2sc#con12
650,arene_589,O=c1nnn2ncccn12,aryne_651,O=c1nnn2ncc#cn12
651,arene_590,O=c1cc[nH]c2nsc(=O)n12,aryne_652,O=c1c#c[nH]c2nsc(=O)n12
652,arene_591,O=c1occn2onn[nH]n12,aryne_653,O=c1oc#cn2onn[nH]n12
653,arene_592,O=c1[nH]nnc2ccccc12,aryne_654,O=c1[nH]nnc2c#cccc12
654,arene_592,O=c1[nH]nnc2ccccc12,aryne_655,O=c1[nH]nnc2cc#ccc12
655,arene_592,O=c1[nH]nnc2ccccc12,aryne_656,O=c1[nH]nnc2ccc#cc12
656,arene_593,O=c1ccc2[nH]cnoc=2c1=O,aryne_657,O=c1c#cc2[nH]cnoc=2c1=O
657,arene_594,c1cnn2nnnc2c1,aryne_658,c1cnn2nnnc2c#1
658,arene_595,O=c1sccn2[nH]cnon12,aryne_659,O=c1sc#cn2[nH]cnon12
659,arene_596,O=c1ccc2[nH]cnc(=O)c2o1,aryne_660,O=c1c#cc2[nH]cnc(=O)c2o1
660,arene_597,O=c1ccc2c(=O)ncc(=O)c1=2,aryne_661,O=c1c#cc2c(=O)ncc(=O)c1=2
661,arene_598,O=c1oc2ccoc(=O)c2o1,aryne_662,O=c1oc2c#coc(=O)c2o1
662,arene_599,O=c1nnc2c(=O)[nH]ccc2o1,aryne_663,O=c1nnc2c(=O)[nH]c#cc2o1
663,arene_600,O=c1ccn2cc[nH]c(=O)n2c1=O,aryne_664,O=c1c#cn2cc[nH]c(=O)n2c1=O
664,arene_600,O=c1ccn2cc[nH]c(=O)n2c1=O,aryne_665,O=c1ccn2c#c[nH]c(=O)n2c1=O
665,arene_601,O=c1ncn2ccccn12,aryne_666,O=c1ncn2c#cccn12
666,arene_601,O=c1ncn2ccccn12,aryne_667,O=c1ncn2ccc#cn12
667,arene_602,O=c1cc[nH]n2onnon12,aryne_668,O=c1c#c[nH]n2onnon12
668,arene_603,O=c1ccc2[nH]nnc2[nH]1,aryne_669,O=c1c#cc2[nH]nnc2[nH]1
669,arene_604,O=c1cc2ccnnc2co1,aryne_670,O=c1cc2c#cnnc2co1
670,arene_605,O=c1ccn2ccnc2s1,aryne_671,O=c1c#cn2ccnc2s1
671,arene_605,O=c1ccn2ccnc2s1,aryne_672,O=c1ccn2c#cnc2s1
672,arene_606,O=c1ccc2cc[nH]c2[nH]1,aryne_673,O=c1c#cc2cc[nH]c2[nH]1
673,arene_606,O=c1ccc2cc[nH]c2[nH]1,aryne_674,O=c1ccc2c#c[nH]c2[nH]1
674,arene_608,O=c1ccc2c(=O)nc[nH]c2[nH]1,aryne_675,O=c1c#cc2c(=O)nc[nH]c2[nH]1
675,arene_609,O=c1[nH]c2csccn-2c1=O,aryne_676,O=c1[nH]c2csc#cn-2c1=O
676,arene_610,O=c1ccc(=O)n2nncnn12,aryne_677,O=c1c#cc(=O)n2nncnn12
677,arene_611,O=c1ncc2[nH]ccoc=2c1=O,aryne_678,O=c1ncc2[nH]c#coc=2c1=O
678,arene_613,c1c[nH]n2[nH]nnn2[nH]1,aryne_679,c1[nH]n2nn[nH]n2[nH]c#1
679,arene_614,O=c1nc2occn2c(=O)o1,aryne_680,O=c1nc2oc#cn2c(=O)o1
680,arene_615,O=c1nnon2occon12,aryne_681,O=c1nnon2oc#con12
681,arene_616,O=c1ccn2nncnn2c1=O,aryne_682,O=c1c#cn2nncnn2c1=O
682,arene_617,O=c1ccc2n[nH]c(=O)c(=O)n2o1,aryne_683,O=c1c#cc2n[nH]c(=O)c(=O)n2o1
683,arene_618,O=c1ccc2[nH]c(=O)oc(=O)c2o1,aryne_684,O=c1c#cc2[nH]c(=O)oc(=O)c2o1
684,arene_619,c1cn2oncsc-2no1,aryne_685,c1onc2scnon-2c#1
685,arene_620,O=c1cnn2occsn2[nH]1,aryne_686,O=c1cnn2oc#csn2[nH]1
686,arene_621,O=c1[nH]c2c(=O)occc2s1,aryne_687,O=c1[nH]c2c(=O)oc#cc2s1
687,arene_622,O=c1ncn2ncccn12,aryne_688,O=c1ncn2ncc#cn12
688,arene_623,O=c1ccsc2ccnnc12,aryne_689,O=c1c#csc2ccnnc12
689,arene_623,O=c1ccsc2ccnnc12,aryne_690,O=c1ccsc2c#cnnc12
690,arene_624,c1c[nH]n2scnn2[nH]1,aryne_691,c1[nH]n2ncsn2[nH]c#1
691,arene_625,O=c1oc(=O)n2ccccn2c1=O,aryne_692,O=c1oc(=O)n2c#cccn2c1=O
692,arene_625,O=c1oc(=O)n2ccccn2c1=O,aryne_693,O=c1oc(=O)n2ccc#cn2c1=O
693,arene_626,O=c1sn2c(=O)[nH]ccn2c(=O)c1=O,aryne_694,O=c1sn2c(=O)[nH]c#cn2c(=O)c1=O
694,arene_627,O=c1occ2ccnnn2c1=O,aryne_695,O=c1occ2c#cnnn2c1=O
695,arene_628,O=c1ccc2noc(=O)c(=O)n2s1,aryne_696,O=c1c#cc2noc(=O)c(=O)n2s1
696,arene_630,O=c1[nH]ccc2cn[nH]c12,aryne_697,O=c1[nH]c#cc2cn[nH]c12
697,arene_631,O=c1oc(=O)n2cc[nH]nc1-2,aryne_698,O=c1oc(=O)n2c#c[nH]nc1-2
698,arene_632,O=c1cnoc2cnccc12,aryne_699,O=c1cnoc2cnc#cc12
699,arene_633,O=c1ccn2c(=O)c(=O)onc2o1,aryne_700,O=c1c#cn2c(=O)c(=O)onc2o1
700,arene_634,O=c1ncn2ccc(=O)c(=O)n2o1,aryne_701,O=c1ncn2c#cc(=O)c(=O)n2o1
701,arene_635,c1cc2nncn2nn1,aryne_702,c1nnn2cnnc2c#1
702,arene_636,O=c1[nH]c2sccc(=O)c2sc1=O,aryne_703,O=c1[nH]c2sc#cc(=O)c2sc1=O
703,arene_637,O=c1[nH]nnn2occon12,aryne_704,O=c1[nH]nnn2oc#con12
704,arene_638,O=c1cnn2c(=O)ccnc2o1,aryne_705,O=c1cnn2c(=O)c#cnc2o1
705,arene_639,c1cn2ncnc2cn1,aryne_706,c1ncc2ncnn2c#1
706,arene_640,O=c1cnn2oc(=O)ccc2n1,aryne_707,O=c1cnn2oc(=O)c#cc2n1
707,arene_641,O=c1sccc2ncccc12,aryne_708,O=c1sc#cc2ncccc12
708,arene_641,O=c1sccc2ncccc12,aryne_709,O=c1sccc2nc#ccc12
709,arene_641,O=c1sccc2ncccc12,aryne_710,O=c1sccc2ncc#cc12
710,arene_642,O=c1ccn2c(=O)ncnc2[nH]1,aryne_711,O=c1c#cn2c(=O)ncnc2[nH]1
711,arene_643,O=c1scnn2c(=O)ccnc12,aryne_712,O=c1scnn2c(=O)c#cnc12
712,arene_644,c1cc2cnoc2cn1,aryne_713,c1ncc2oncc2c#1
713,arene_645,O=c1ccn2c(=O)ccoc2c1,aryne_714,O=c1c#cn2c(=O)ccoc2c1
714,arene_645,O=c1ccn2c(=O)ccoc2c1,aryne_715,O=c1ccn2c(=O)c#coc2c1
715,arene_646,O=c1sn2c(=O)[nH]ccn2c1=O,aryne_716,O=c1sn2c(=O)[nH]c#cn2c1=O
716,arene_647,O=c1ccc2c(=O)onnc2s1,aryne_717,O=c1c#cc2c(=O)onnc2s1
717,arene_648,O=c1ccn2c(=O)sncn12,aryne_718,O=c1sncn2c(=O)c#cn12
718,arene_649,c1cc2ocnc2nn1,aryne_719,c1nnc2ncoc2c#1
719,arene_650,O=c1ccn2onn[nH]n2s1,aryne_720,O=c1c#cn2onn[nH]n2s1
720,arene_651,c1c[nH]n2ocnn2[nH]1,aryne_721,c1[nH]n2ncon2[nH]c#1
721,arene_652,c1csc2sncoc=2[nH]1,aryne_722,c1[nH]c2ocnsc=2sc#1
722,arene_653,O=c1[nH]c2nccc(=O)n2s1,aryne_723,O=c1[nH]c2nc#cc(=O)n2s1
723,arene_654,O=c1occo1,aryne_724,O=c1oc#co1
724,arene_655,O=c1[nH]n2ccnc2c(=O)o1,aryne_725,O=c1[nH]n2c#cnc2c(=O)o1
725,arene_656,c1csc2onnoc=2o1,aryne_726,c1oc2onnoc=2sc#1
726,arene_657,O=c1cc2occoc-2nc1=O,aryne_727,O=c1cc2oc#coc-2nc1=O
727,arene_658,O=c1oc(=O)n2c(=O)occn2c1=O,aryne_728,O=c1oc(=O)n2c(=O)oc#cn2c1=O
728,arene_659,O=c1nc2[nH]ccn2c(=O)[nH]1,aryne_729,O=c1nc2[nH]c#cn2c(=O)[nH]1
729,arene_660,c1c[nH]c2snnsc=2[nH]1,aryne_730,c1[nH]c2snnsc=2[nH]c#1
730,arene_661,O=c1oc(=O)n2[nH]ccsn2o1,aryne_731,O=c1oc(=O)n2[nH]c#csn2o1
731,arene_662,O=c1ccn2snn[nH]n2[nH]1,aryne_732,O=c1c#cn2snn[nH]n2[nH]1
732,arene_663,O=c1on2sccon2s1,aryne_733,O=c1on2sc#con2s1
733,arene_664,O=c1ccn2c(=O)[nH]c(=O)c(=O)n2o1,aryne_734,O=c1c#cn2c(=O)[nH]c(=O)c(=O)n2o1
734,arene_665,O=c1ccn2cc[nH]n12,aryne_735,O=c1c#cn2cc[nH]n12
735,arene_665,O=c1ccn2cc[nH]n12,aryne_736,O=c1ccn2c#c[nH]n12
736,arene_666,O=c1cnc2ccncc2s1,aryne_737,O=c1cnc2c#cncc2s1
737,arene_667,O=c1[nH]nnc2nccn12,aryne_738,O=c1[nH]nnc2nc#cn12
738,arene_668,O=c1sccc2sccc12,aryne_739,O=c1sc#cc2sccc12
739,arene_668,O=c1sccc2sccc12,aryne_740,O=c1sccc2sc#cc12
740,arene_669,O=c1cc2cc[nH]c(=O)n2nn1,aryne_741,O=c1cc2c#c[nH]c(=O)n2nn1
741,arene_670,O=c1[nH]c2[nH]ccc(=O)c2[nH]c1=O,aryne_742,O=c1[nH]c2[nH]c#cc(=O)c2[nH]c1=O
742,arene_671,O=c1snc2c(=O)occn2c1=O,aryne_743,O=c1snc2c(=O)oc#cn2c1=O
743,arene_672,O=c1ccnc2cn[nH]n12,aryne_744,O=c1c#cnc2cn[nH]n12
744,arene_673,O=c1[nH]ccoc1=O,aryne_745,O=c1[nH]c#coc1=O
745,arene_674,O=c1nc2ccnnc2no1,aryne_746,O=c1nc2c#cnnc2no1
746,arene_675,O=c1sc(=O)c2cnccc2s1,aryne_747,O=c1sc(=O)c2cnc#cc2s1
747,arene_676,O=c1[nH]cc2c(=O)sccn2c1=O,aryne_748,O=c1[nH]cc2c(=O)sc#cn2c1=O
748,arene_677,O=c1[nH]nnn2[nH]cc[nH]n12,aryne_749,O=c1[nH]nnn2[nH]c#c[nH]n12
749,arene_678,O=c1cc[nH]n2[nH]ncsn12,aryne_750,O=c1c#c[nH]n2[nH]ncsn12
750,arene_679,O=c1ocnn2occsn12,aryne_751,O=c1ocnn2oc#csn12
751,arene_680,c1cn2cnncc2n1,aryne_752,c1nc2cnncn2c#1
752,arene_681,c1cc2nn[nH]c2cn1,aryne_753,c1ncc2[nH]nnc2c#1
753,arene_682,O=c1cc[nH]c2ccoc12,aryne_754,O=c1c#c[nH]c2ccoc12
754,arene_682,O=c1cc[nH]c2ccoc12,aryne_755,O=c1cc[nH]c2c#coc12
755,arene_683,O=c1ncccs1,aryne_756,O=c1ncc#cs1
756,arene_684,O=c1nc2c(=O)ccsn2c(=O)[nH]1,aryne_757,O=c1nc2c(=O)c#csn2c(=O)[nH]1
757,arene_685,O=c1c(=O)c(=O)c2[nH]ccc2c1=O,aryne_758,O=c1c(=O)c(=O)c2[nH]c#cc2c1=O
758,arene_688,O=c1nccc2ccsc(=O)n12,aryne_759,O=c1nccc2c#csc(=O)n12
759,arene_689,c1con2cn[nH]nc-2[nH]1,aryne_760,c1[nH]c2n[nH]ncn-2oc#1
760,arene_690,O=c1[nH]ccn2occ[nH]n12,aryne_761,O=c1[nH]c#cn2occ[nH]n12
761,arene_690,O=c1[nH]ccn2occ[nH]n12,aryne_762,O=c1[nH]ccn2oc#c[nH]n12
762,arene_691,O=c1sc(=O)c2[nH]cc[nH]c1=2,aryne_763,O=c1sc(=O)c2[nH]c#c[nH]c1=2
763,arene_692,O=c1[nH]n2cccc2o1,aryne_764,O=c1[nH]n2c#ccc2o1
764,arene_693,O=c1ncn2cccc2[nH]1,aryne_765,O=c1ncn2c#ccc2[nH]1
765,arene_694,O=c1c(=O)c(=O)c2c(=O)sccc2c1=O,aryne_766,O=c1c(=O)c(=O)c2c(=O)sc#cc2c1=O
766,arene_695,c1ccn2cnnc2c1,aryne_767,c1ccn2cnnc2c#1
767,arene_695,c1ccn2cnnc2c1,aryne_768,c1ccc2nncn2c#1
768,arene_696,O=c1ncoc2ccoc12,aryne_769,O=c1ncoc2c#coc12
769,arene_697,c1cc2c[nH]cc2cn1,aryne_770,c1ncc2c[nH]cc2c#1
770,arene_698,O=c1oc2ccoc2sc1=O,aryne_771,O=c1oc2c#coc2sc1=O
771,arene_699,c1cc2cnoc2nn1,aryne_772,c1nnc2oncc2c#1
772,arene_700,c1cnn2oncsn2c1,aryne_773,c1cnn2oncsn2c#1
773,arene_701,O=c1oc(=O)n2cc[nH]cc1-2,aryne_774,O=c1oc(=O)n2c#c[nH]cc1-2
774,arene_702,O=c1ccc2nc(=O)c(=O)nc1-2,aryne_775,O=c1c#cc2nc(=O)c(=O)nc1-2
775,arene_703,O=c1ncc2sccoc=2c1=O,aryne_776,O=c1ncc2sc#coc=2c1=O
776,arene_704,O=c1cnc2ccccc2o1,aryne_777,O=c1cnc2c#cccc2o1
777,arene_704,O=c1cnc2ccccc2o1,aryne_778,O=c1cnc2cc#ccc2o1
778,arene_704,O=c1cnc2ccccc2o1,aryne_779,O=c1cnc2ccc#cc2o1
779,arene_705,c1nn2scc[nH]c-2n[nH]1,aryne_780,c1[nH]c2n[nH]cnn-2sc#1
780,arene_706,O=c1ccc2nc(=O)sc(=O)n2s1,aryne_781,O=c1c#cc2nc(=O)sc(=O)n2s1
781,arene_708,O=c1ccc2scnc(=O)c2s1,aryne_782,O=c1c#cc2scnc(=O)c2s1
782,arene_709,O=c1[nH]n2c(=O)ccc(=O)n2sc1=O,aryne_783,O=c1[nH]n2c(=O)c#cc(=O)n2sc1=O
783,arene_710,O=c1cc2[nH]ccsc-2nc1=O,aryne_784,O=c1cc2[nH]c#csc-2nc1=O
784,arene_711,O=c1[nH]n2[nH]cc[nH]n2[nH]1,aryne_785,O=c1[nH]n2[nH]c#c[nH]n2[nH]1
785,arene_712,O=c1occn2c(=O)snc12,aryne_786,O=c1oc#cn2c(=O)snc12
786,arene_713,O=c1ccc2csc(=O)n2s1,aryne_787,O=c1c#cc2csc(=O)n2s1
787,arene_714,O=c1ccc2ncncc2s1,aryne_788,O=c1c#cc2ncncc2s1
788,arene_715,O=c1ccn2cn[nH]cc1-2,aryne_789,O=c1c#cn2cn[nH]cc1-2
789,arene_716,O=c1ccsc2sccc12,aryne_790,O=c1c#csc2sccc12
790,arene_716,O=c1ccsc2sccc12,aryne_791,O=c1ccsc2sc#cc12
791,arene_717,c1cn2sncsc-2n[nH]1,aryne_792,c1[nH]nc2scnsn-2c#1
792,arene_718,O=c1ccc2oc(=O)c(=O)sc2[nH]1,aryne_793,O=c1c#cc2oc(=O)c(=O)sc2[nH]1
793,arene_719,O=c1ccn2c(=O)[nH]ncn12,aryne_794,O=c1[nH]ncn2c(=O)c#cn12
794,arene_720,O=c1cncc2cc[nH]n12,aryne_795,O=c1cncc2c#c[nH]n12
795,arene_721,O=c1[nH]c2ccsc(=O)c2[nH]1,aryne_796,O=c1[nH]c2c#csc(=O)c2[nH]1
796,arene_722,O=c1[nH]n2c(=O)cccc2s1,aryne_797,O=c1[nH]n2c(=O)c#ccc2s1
797,arene_723,O=c1[nH]c2cc[nH]c(=O)c2c(=O)o1,aryne_798,O=c1[nH]c2c#c[nH]c(=O)c2c(=O)o1
798,arene_724,O=c1ccc2c(=O)cnoc2s1,aryne_799,O=c1c#cc2c(=O)cnoc2s1
799,arene_725,O=c1cnc2noccn1-2,aryne_800,O=c1cnc2noc#cn1-2
800,arene_727,O=c1cnn2scc[nH]n2s1,aryne_801,O=c1cnn2sc#c[nH]n2s1
801,arene_728,O=c1ccc2nc[nH]c2o1,aryne_802,O=c1c#cc2nc[nH]c2o1
802,arene_729,c1cn2ncoc2n1,aryne_803,c1nc2ocnn2c#1
803,arene_730,O=c1cn[nH]c2cccn12,aryne_804,O=c1cn[nH]c2cc#cn12
804,arene_731,O=c1[nH]n2ccc(=O)n2c(=O)s1,aryne_805,O=c1[nH]n2c#cc(=O)n2c(=O)s1
805,arene_733,O=c1ccc2cc[nH]c(=O)c2o1,aryne_806,O=c1c#cc2cc[nH]c(=O)c2o1
806,arene_733,O=c1ccc2cc[nH]c(=O)c2o1,aryne_807,O=c1ccc2c#c[nH]c(=O)c2o1
807,arene_734,O=c1ccc2oc(=O)sc(=O)c2s1,aryne_808,O=c1c#cc2oc(=O)sc(=O)c2s1
808,arene_735,O=c1ccn2c(=O)oc(=O)n2s1,aryne_809,O=c1c#cn2c(=O)oc(=O)n2s1
809,arene_736,O=c1cc2ccsc(=O)c2ns1,aryne_810,O=c1cc2c#csc(=O)c2ns1
810,arene_737,O=c1nnon2[nH]cc[nH]n12,aryne_811,O=c1nnon2[nH]c#c[nH]n12
811,arene_738,O=c1ccc2sc(=O)c(=O)c(=O)c=2c1=O,aryne_812,O=c1c#cc2sc(=O)c(=O)c(=O)c=2c1=O
812,arene_739,O=c1on2cnccn2c(=O)c1=O,aryne_813,O=c1on2cnc#cn2c(=O)c1=O
813,arene_740,O=c1cn[nH]c2ccncc12,aryne_814,O=c1cn[nH]c2c#cncc12
814,arene_741,O=c1nc2ncccn2c(=O)[nH]1,aryne_815,O=c1nc2ncc#cn2c(=O)[nH]1
815,arene_742,c1coc2sncsc=2o1,aryne_816,c1oc2scnsc=2oc#1
816,arene_743,c1cc2cn[nH]c2nn1,aryne_817,c1nnc2[nH]ncc2c#1
817,arene_744,O=c1cc2c(=O)sccc2ns1,aryne_818,O=c1cc2c(=O)sc#cc2ns1
818,arene_745,O=c1oc(=O)n2c(=O)ccn2s1,aryne_819,O=c1oc(=O)n2c(=O)c#cn2s1
819,arene_746,O=c1onnc2cnccc12,aryne_820,O=c1onnc2cnc#cc12
820,arene_747,c1csc2onnoc=2s1,aryne_821,c1sc2onnoc=2sc#1
821,arene_748,O=c1cc2ccncc2cs1,aryne_822,O=c1cc2c#cncc2cs1
822,arene_749,O=c1ccc2nn[nH]c2o1,aryne_823,O=c1c#cc2nn[nH]c2o1
823,arene_750,O=c1occc2nc[nH]c12,aryne_824,O=c1oc#cc2nc[nH]c12
824,arene_751,c1ncn2occsn2n1,aryne_825,c1on2cncnn2sc#1
825,arene_752,O=c1nnc2sccoc1=2,aryne_826,O=c1nnc2sc#coc1=2
826,arene_753,O=c1[nH]c2ccccc2c(=O)o1,aryne_827,O=c1[nH]c2c#cccc2c(=O)o1
827,arene_753,O=c1[nH]c2ccccc2c(=O)o1,aryne_828,O=c1[nH]c2cc#ccc2c(=O)o1
828,arene_753,O=c1[nH]c2ccccc2c(=O)o1,aryne_829,O=c1[nH]c2ccc#cc2c(=O)o1
829,arene_754,O=c1sc2[nH]ccsc=2c(=O)c1=O,aryne_830,O=c1sc2[nH]c#csc=2c(=O)c1=O
830,arene_755,O=c1occ2ccon2c1=O,aryne_831,O=c1occ2c#con2c1=O
831,arene_756,O=c1ncn2ccc(=O)n2o1,aryne_832,O=c1ncn2c#cc(=O)n2o1
832,arene_757,O=c1nc[nH]c2nccnc12,aryne_833,O=c1nc[nH]c2nc#cnc12
833,arene_759,O=c1sncn2c(=O)ccnc12,aryne_834,O=c1sncn2c(=O)c#cnc12
834,arene_760,c1csc2snnsc=2o1,aryne_835,c1oc2snnsc=2sc#1
835,arene_761,O=c1ccc(=O)n2c(=O)nnon12,aryne_836,O=c1c#cc(=O)n2c(=O)nnon12
836,arene_762,O=c1ccc2nc(=O)sc(=O)n2o1,aryne_837,O=c1c#cc2nc(=O)sc(=O)n2o1
837,arene_763,O=c1[nH]c(=O)n2ccncn2c1=O,aryne_838,O=c1[nH]c(=O)n2c#cncn2c1=O
838,arene_764,O=c1[nH]c(=O)c2c(=O)ccoc2s1,aryne_839,O=c1[nH]c(=O)c2c(=O)c#coc2s1
839,arene_765,O=c1occc2csnc12,aryne_840,O=c1oc#cc2csnc12
840,arene_766,O=c1ccn2cnonc-2c1=O,aryne_841,O=c1c#cn2cnonc-2c1=O
841,arene_767,c1cnc2nocc2c1,aryne_842,c1cnc2nocc2c#1
842,arene_768,O=c1nnn2ccsc(=O)n12,aryne_843,O=c1nnn2c#csc(=O)n12
843,arene_769,O=c1cc2sccc2c[nH]1,aryne_844,O=c1cc2sc#cc2c[nH]1
844,arene_770,O=c1oncn2c(=O)cccc12,aryne_845,O=c1oncn2c(=O)c#ccc12
845,arene_771,O=c1cnn2ccc(=O)oc2c1,aryne_846,O=c1cnn2c#cc(=O)oc2c1
846,arene_772,O=c1oc(=O)n2occn2c1=O,aryne_847,O=c1oc(=O)n2oc#cn2c1=O
847,arene_773,O=c1onc2occn12,aryne_848,O=c1onc2oc#cn12
848,arene_774,O=c1sc(=O)c2nccn2s1,aryne_849,O=c1sc(=O)c2nc#cn2s1
849,arene_775,O=c1occn2cnnc12,aryne_850,O=c1oc#cn2cnnc12
850,arene_776,O=c1ccsn2[nH]cn[nH]n12,aryne_851,O=c1c#csn2[nH]cn[nH]n12
851,arene_777,O=c1ccn2c(=O)cnnc2s1,aryne_852,O=c1c#cn2c(=O)cnnc2s1
852,arene_778,O=c1[nH]c(=O)c2ccsc2[nH]1,aryne_853,O=c1[nH]c(=O)c2c#csc2[nH]1
853,arene_779,O=c1cn[nH]c2occc12,aryne_854,O=c1cn[nH]c2oc#cc12
854,arene_780,c1cc2n[nH]nc2nn1,aryne_855,c1nnc2n[nH]nc2c#1
855,arene_781,O=c1nnnc2ccsn12,aryne_856,O=c1nnnc2c#csn12
856,arene_782,O=c1cc2occsn-2c(=O)c1=O,aryne_857,O=c1cc2oc#csn-2c(=O)c1=O
857,arene_783,O=c1cccc2[nH]nnn12,aryne_858,O=c1c#ccc2[nH]nnn12
858,arene_784,O=c1ccn2onnn2c1=O,aryne_859,O=c1c#cn2onnn2c1=O
859,arene_785,O=c1nc2nnccc2ns1,aryne_860,O=c1nc2nnc#cc2ns1
860,arene_786,O=c1ccn2scnn12,aryne_861,O=c1c#cn2scnn12
861,arene_787,O=c1sc(=O)c(=O)c2[nH]ccoc1=2,aryne_862,O=c1sc(=O)c(=O)c2[nH]c#coc1=2
862,arene_788,O=c1ccn2c(=O)c(=O)[nH]c(=O)n2o1,aryne_863,O=c1c#cn2c(=O)c(=O)[nH]c(=O)n2o1
863,arene_789,O=c1onnn2scc[nH]n12,aryne_864,O=c1onnn2sc#c[nH]n12
864,arene_790,O=c1[nH]cc2occn12,aryne_865,O=c1[nH]cc2oc#cn12
865,arene_791,O=c1[nH]c(=O)n2ccnc2[nH]1,aryne_866,O=c1[nH]c(=O)n2c#cnc2[nH]1
866,arene_793,O=c1cc2ccon2nn1,aryne_867,O=c1cc2c#con2nn1
867,arene_794,c1cc2nn[nH]c2o1,aryne_868,c1oc2[nH]nnc2c#1
868,arene_795,O=c1[nH]n2c(=O)[nH]ccn2c1=O,aryne_869,O=c1[nH]n2c(=O)[nH]c#cn2c1=O
869,arene_796,O=c1nnnc2cc[nH]n12,aryne_870,O=c1nnnc2c#c[nH]n12
870,arene_797,c1cc2nscc2cn1,aryne_871,c1ncc2csnc2c#1
871,arene_798,O=c1sccc2cnoc12,aryne_872,O=c1sc#cc2cnoc12
872,arene_799,O=c1oc(=O)c2sccsc1=2,aryne_873,O=c1oc(=O)c2sc#csc1=2
873,arene_800,O=c1cnsc2ccoc(=O)c12,aryne_874,O=c1cnsc2c#coc(=O)c12
874,arene_801,O=c1nnsc2c(=O)[nH]ccc12,aryne_875,O=c1nnsc2c(=O)[nH]c#cc12
875,arene_802,O=c1nc[nH]c2ccoc(=O)c12,aryne_876,O=c1nc[nH]c2c#coc(=O)c12
876,arene_803,O=c1ccsc2scnc12,aryne_877,O=c1c#csc2scnc12
877,arene_804,O=c1[nH]n2c(=O)ccon2c1=O,aryne_878,O=c1[nH]n2c(=O)c#con2c1=O
878,arene_805,O=c1[nH]n2c(=O)ccn2s1,aryne_879,O=c1[nH]n2c(=O)c#cn2s1
879,arene_806,O=c1nc2ccoc(=O)n2c(=O)o1,aryne_880,O=c1nc2c#coc(=O)n2c(=O)o1
880,arene_807,c1cc2sncc2nn1,aryne_881,c1nnc2cnsc2c#1
881,arene_808,O=c1[nH]n2c(=O)cccc2sc1=O,aryne_882,O=c1[nH]n2c(=O)c#ccc2sc1=O
882,arene_810,O=c1oc2ccsc(=O)c2s1,aryne_883,O=c1oc2c#csc(=O)c2s1
883,arene_811,O=c1on2c(=O)ccsn2c1=O,aryne_884,O=c1on2c(=O)c#csn2c1=O
884,arene_812,O=c1ccc2scn[nH]c1=2,aryne_885,O=c1c#cc2scn[nH]c1=2
885,arene_813,O=c1cc2ncccc2cs1,aryne_886,O=c1cc2ncc#cc2cs1
886,arene_814,O=c1ccn2sc(=O)oc(=O)c2n1,aryne_887,O=c1c#cn2sc(=O)oc(=O)c2n1
887,arene_815,O=c1nnn2sccc(=O)c2n1,aryne_888,O=c1nnn2sc#cc(=O)c2n1
888,arene_816,O=c1sc2[nH]cc[nH]c=2c1=O,aryne_889,O=c1sc2[nH]c#c[nH]c=2c1=O
889,arene_817,O=c1ccnc2occn12,aryne_890,O=c1c#cnc2occn12
890,arene_817,O=c1ccnc2occn12,aryne_891,O=c1ccnc2oc#cn12
891,arene_818,O=c1cn[nH]n2c(=O)ccn12,aryne_892,O=c1cn[nH]n2c(=O)c#cn12
892,arene_819,O=c1occc2nnnn12,aryne_893,O=c1oc#cc2nnnn12
893,arene_820,O=c1ccn2sccc2c1,aryne_894,O=c1c#cn2sccc2c1
894,arene_820,O=c1ccn2sccc2c1,aryne_895,O=c1ccn2sc#cc2c1
895,arene_821,O=c1cnn2oc(=O)ccc2c1,aryne_896,O=c1cnn2oc(=O)c#cc2c1
896,arene_822,O=c1[nH]c(=O)c2c(=O)ccsc2o1,aryne_897,O=c1[nH]c(=O)c2c(=O)c#csc2o1
897,arene_824,O=c1ccc(=O)c2c(=O)c(=O)[nH]c1=2,aryne_898,O=c1c#cc(=O)c2c(=O)c(=O)[nH]c1=2
898,arene_825,O=c1[nH]c(=O)n2cc[nH]n2c1=O,aryne_899,O=c1[nH]c(=O)n2c#c[nH]n2c1=O
899,arene_826,c1cc2[nH]ncn2c1,aryne_900,c1cc2[nH]ncn2c#1
900,arene_827,c1cnc2nccn2c1,aryne_901,c1cnc2nccn2c#1
901,arene_827,c1cnc2nccn2c1,aryne_902,c1nc2ncccn2c#1
902,arene_828,O=c1sc(=O)n2ccoc(=O)n2c1=O,aryne_903,O=c1sc(=O)n2c#coc(=O)n2c1=O
903,arene_829,O=c1[nH]c(=O)n2nnccn12,aryne_904,O=c1[nH]c(=O)n2nnc#cn12
904,arene_830,O=c1nc[nH]c2sccc12,aryne_905,O=c1nc[nH]c2sc#cc12
905,arene_831,O=c1nc[nH]n2c(=O)ccnc12,aryne_906,O=c1nc[nH]n2c(=O)c#cnc12
906,arene_832,O=c1ccc2c(=O)occc2[nH]1,aryne_907,O=c1c#cc2c(=O)occc2[nH]1
907,arene_832,O=c1ccc2c(=O)occc2[nH]1,aryne_908,O=c1ccc2c(=O)oc#cc2[nH]1
908,arene_833,O=c1cc[nH]c2ncncc12,aryne_909,O=c1c#c[nH]c2ncncc12
909,arene_834,O=c1[nH]c2noccn-2c1=O,aryne_910,O=c1[nH]c2noc#cn-2c1=O
910,arene_835,c1cc2nocc2o1,aryne_911,c1oc2conc2c#1
911,arene_836,O=c1snc2ccon12,aryne_912,O=c1snc2c#con12
912,arene_837,O=c1cnn2ccnnn2c1=O,aryne_913,O=c1cnn2c#cnnn2c1=O
913,arene_838,O=c1ccc2nsnnn-2c1=O,aryne_914,O=c1c#cc2nsnnn-2c1=O
914,arene_839,O=c1ocnc2ccncc12,aryne_915,O=c1ocnc2c#cncc12
915,arene_840,O=c1[nH]n2sccon2o1,aryne_916,O=c1[nH]n2sc#con2o1
916,arene_841,O=c1ccc2[nH]nc[nH]c=2c1=O,aryne_917,O=c1c#cc2[nH]nc[nH]c=2c1=O
917,arene_842,O=c1ccn2snc[nH]n2s1,aryne_918,O=c1c#cn2snc[nH]n2s1
918,arene_843,c1cc2sncc2[nH]1,aryne_919,c1[nH]c2cnsc2c#1
919,arene_844,O=c1oc(=O)c2ccncc2o1,aryne_920,O=c1oc(=O)c2c#cncc2o1
920,arene_845,O=c1cnc(=O)n2c(=O)cc[nH]n12,aryne_921,O=c1cnc(=O)n2c(=O)c#c[nH]n12
921,arene_846,O=c1nn[nH]n2occ[nH]n12,aryne_922,O=c1nn[nH]n2oc#c[nH]n12
922,arene_847,c1coc2[nH]cn[nH]c=2[nH]1,aryne_923,c1[nH]c2[nH]nc[nH]c=2oc#1
923,arene_848,O=c1occ2ncccn2c1=O,aryne_924,O=c1occ2ncc#cn2c1=O
924,arene_849,O=c1ccoc2cnnnc12,aryne_925,O=c1c#coc2cnnnc12
925,arene_850,O=c1[nH]c2c(=O)ccoc2c(=O)o1,aryne_926,O=c1[nH]c2c(=O)c#coc2c(=O)o1
926,arene_851,O=c1ccon2nccc12,aryne_927,O=c1c#con2nccc12
927,arene_852,O=c1ccc2sc(=O)sc(=O)c2o1,aryne_928,O=c1c#cc2sc(=O)sc(=O)c2o1
928,arene_853,O=c1cnc2nsccn1-2,aryne_929,O=c1cnc2nsc#cn1-2
929,arene_854,O=c1[nH]c(=O)n2cccnn2c1=O,aryne_930,O=c1[nH]c(=O)n2c#ccnn2c1=O
930,arene_855,O=c1nc2ncccc2ns1,aryne_931,O=c1nc2ncc#cc2ns1
931,arene_856,O=c1ccn2c(=O)sc(=O)oc2n1,aryne_932,O=c1c#cn2c(=O)sc(=O)oc2n1
932,arene_857,O=c1[nH]ccc2nnnnc12,aryne_933,O=c1[nH]c#cc2nnnnc12
933,arene_858,O=c1[nH]cc2ccncn2c1=O,aryne_934,O=c1[nH]cc2c#cncn2c1=O
934,arene_859,c1cc2cnncc2[nH]1,aryne_935,c1[nH]c2cnncc2c#1
935,arene_860,c1coc2ocnsc=2[nH]1,aryne_936,c1[nH]c2sncoc=2oc#1
936,arene_861,O=c1on2[nH]ccsn2s1,aryne_937,O=c1on2[nH]c#csn2s1
937,arene_862,O=c1[nH]cnn2scc[nH]n12,aryne_938,O=c1[nH]cnn2sc#c[nH]n12
938,arene_863,O=c1ncn2cc[nH]c2n1,aryne_939,O=c1ncn2c#c[nH]c2n1
939,arene_864,O=c1ccn2c(=O)sc(=O)c(=O)n2o1,aryne_940,O=c1c#cn2c(=O)sc(=O)c(=O)n2o1
940,arene_865,O=c1nnn2ccc(=O)c(=O)n2[nH]1,aryne_941,O=c1nnn2c#cc(=O)c(=O)n2[nH]1
941,arene_866,O=c1[nH]c2ccsc2[nH]c1=O,aryne_942,O=c1[nH]c2c#csc2[nH]c1=O
942,arene_867,O=c1cn[nH]n2[nH]cc[nH]n12,aryne_943,O=c1cn[nH]n2[nH]c#c[nH]n12
943,arene_868,O=c1nc[nH]c2cnccc12,aryne_944,O=c1nc[nH]c2cnc#cc12
944,arene_869,O=c1[nH]c2cccn2[nH]c1=O,aryne_945,O=c1[nH]c2cc#cn2[nH]c1=O
945,arene_870,O=c1ccn2ccnnc2n1,aryne_946,O=c1c#cn2ccnnc2n1
946,arene_870,O=c1ccn2ccnnc2n1,aryne_947,O=c1ccn2c#cnnc2n1
947,arene_871,O=c1cc[nH]n2[nH]cnsn12,aryne_948,O=c1c#c[nH]n2[nH]cnsn12
948,arene_872,c1cn2scnc2n1,aryne_949,c1nc2ncsn2c#1
949,arene_873,O=c1[nH]n2occn2c1=O,aryne_950,O=c1[nH]n2oc#cn2c1=O
950,arene_874,c1cn2onnoc-2co1,aryne_951,c1occ2onnon-2c#1
951,arene_875,c1con2occn2o1,aryne_952,c1on2ccon2oc#1
952,arene_875,c1con2occn2o1,aryne_953,c1on2occon2c#1
953,arene_876,O=c1ccn2ncc(=O)[nH]c2n1,aryne_954,O=c1c#cn2ncc(=O)[nH]c2n1
954,arene_877,c1cn2onnoc-2ns1,aryne_955,c1snc2onnon-2c#1
955,arene_878,O=c1ncc2cc[nH]c2o1,aryne_956,O=c1ncc2c#c[nH]c2o1
956,arene_879,O=c1sc(=O)c2cc[nH]c(=O)c2s1,aryne_957,O=c1sc(=O)c2c#c[nH]c(=O)c2s1
957,arene_880,O=c1ccn2c(=O)nncc2s1,aryne_958,O=c1c#cn2c(=O)nncc2s1
958,arene_881,O=c1onc2sccn2c1=O,aryne_959,O=c1onc2sc#cn2c1=O
959,arene_882,O=c1[nH]c2noccn-2c(=O)c1=O,aryne_960,O=c1[nH]c2noc#cn-2c(=O)c1=O
960,arene_883,O=c1nnc2c(=O)ccsc2[nH]1,aryne_961,O=c1nnc2c(=O)c#csc2[nH]1
961,arene_884,O=c1nnc2ncccc2[nH]1,aryne_962,O=c1nnc2nc#ccc2[nH]1
962,arene_884,O=c1nnc2ncccc2[nH]1,aryne_963,O=c1nnc2ncc#cc2[nH]1
963,arene_886,O=c1[nH]c2c(=O)[nH]ccc2sc1=O,aryne_964,O=c1[nH]c2c(=O)[nH]c#cc2sc1=O
964,arene_887,O=c1ncc(=O)n2ccocc1-2,aryne_965,O=c1ncc(=O)n2c#cocc1-2
965,arene_888,O=c1ncn2ccscc-2c1=O,aryne_966,O=c1ncn2c#cscc-2c1=O
966,arene_889,O=c1[nH]n2occsn2s1,aryne_967,O=c1[nH]n2oc#csn2s1
967,arene_890,c1cn2onc[nH]n2[nH]1,aryne_968,c1[nH]n2[nH]cnon2c#1
968,arene_891,O=c1sn2cc[nH]n2c(=O)c1=O,aryne_969,O=c1sn2c#c[nH]n2c(=O)c1=O
969,arene_892,O=c1ccn2ncnnc2n1,aryne_970,O=c1c#cn2ncnnc2n1
970,arene_893,O=c1[nH]c2[nH]ccoc=2c(=O)c1=O,aryne_971,O=c1[nH]c2[nH]c#coc=2c(=O)c1=O
971,arene_894,c1cn2[nH]ncsn2o1,aryne_972,c1on2scn[nH]n2c#1
972,arene_895,O=c1oc2c(=O)[nH]ccc2sc1=O,aryne_973,O=c1oc2c(=O)[nH]c#cc2sc1=O
973,arene_896,O=c1[nH]n2[nH]ccsn2sc1=O,aryne_974,O=c1[nH]n2[nH]c#csn2sc1=O
974,arene_897,O=c1cc[nH]c2nncnc12,aryne_975,O=c1c#c[nH]c2nncnc12
975,arene_898,O=c1ccn2c(=O)cnsc2n1,aryne_976,O=c1c#cn2c(=O)cnsc2n1
976,arene_899,O=c1[nH]c2cccc(=O)n2c(=O)s1,aryne_977,O=c1[nH]c2cc#cc(=O)n2c(=O)s1
977,arene_900,O=c1nc2nnccn2c(=O)[nH]1,aryne_978,O=c1nc2nnc#cn2c(=O)[nH]1
978,arene_901,O=c1nc[nH]c2c(=O)[nH]ccc12,aryne_979,O=c1nc[nH]c2c(=O)[nH]c#cc12
979,arene_902,c1cnn2onc[nH]n2c1,aryne_980,c1cnn2onc[nH]n2c#1
980,arene_903,O=c1nc2ccsc2cs1,aryne_981,O=c1nc2c#csc2cs1
981,arene_904,O=c1[nH]nnc2nnccc12,aryne_982,O=c1[nH]nnc2nnc#cc12
982,arene_905,O=c1sn2c(=O)ccsn2c1=O,aryne_983,O=c1sn2c(=O)c#csn2c1=O
983,arene_906,O=c1nnc2c(=O)ccsc2s1,aryne_984,O=c1nnc2c(=O)c#csc2s1
984,arene_907,c1ccn2[nH]cc[nH]n2c1,aryne_985,c1ccn2[nH]cc[nH]n2c#1
985,arene_907,c1ccn2[nH]cc[nH]n2c1,aryne_986,c1[nH]n2ccccn2[nH]c#1
986,arene_908,O=c1ccn2[nH]ccc(=O)c2n1,aryne_987,O=c1c#cn2[nH]ccc(=O)c2n1
987,arene_908,O=c1ccn2[nH]ccc(=O)c2n1,aryne_988,O=c1ccn2[nH]c#cc(=O)c2n1
988,arene_909,O=c1occ2sccn12,aryne_989,O=c1occ2sc#cn12
989,arene_910,O=c1ccc2c[nH]cc2o1,aryne_990,O=c1c#cc2c[nH]cc2o1
990,arene_911,O=c1occn2ccnc12,aryne_991,O=c1oc#cn2ccnc12
991,arene_911,O=c1occn2ccnc12,aryne_992,O=c1occn2c#cnc12
992,arene_912,O=c1oc(=O)n2ccon2c1=O,aryne_993,O=c1oc(=O)n2c#con2c1=O
993,arene_913,O=c1[nH]ccn2ccnc12,aryne_994,O=c1[nH]c#cn2ccnc12
994,arene_913,O=c1[nH]ccn2ccnc12,aryne_995,O=c1[nH]ccn2c#cnc12
995,arene_914,O=c1[nH]c2c(=O)ccoc2c(=O)s1,aryne_996,O=c1[nH]c2c(=O)c#coc2c(=O)s1
996,arene_915,O=c1ccc2c(=O)nnc(=O)c=2c1=O,aryne_997,O=c1c#cc2c(=O)nnc(=O)c=2c1=O
997,arene_916,O=c1ccn2c(=O)cnon2c1=O,aryne_998,O=c1c#cn2c(=O)cnon2c1=O
998,arene_919,O=c1snnc2c(=O)[nH]ccc12,aryne_999,O=c1snnc2c(=O)[nH]c#cc12
999,arene_920,O=c1ccc2nnncc2s1,aryne_1000,O=c1c#cc2nnncc2s1
1000,arene_921,c1csn2scnn2o1,aryne_1001,c1on2ncsn2sc#1
1001,arene_922,O=c1occc2ocnc12,aryne_1002,O=c1oc#cc2ocnc12
1002,arene_923,O=c1sccc2[nH]ncc12,aryne_1003,O=c1sc#cc2[nH]ncc12
1003,arene_924,c1coc2csncn-2[nH]1,aryne_1004,c1[nH]n2cnscc-2oc#1
1004,arene_925,O=c1ccn2onnc2c1,aryne_1005,O=c1c#cn2onnc2c1
1005,arene_926,O=c1ccc2ocnc(=O)c2o1,aryne_1006,O=c1c#cc2ocnc(=O)c2o1
1006,arene_927,O=c1cnn2ccc(=O)[nH]c2n1,aryne_1007,O=c1cnn2c#cc(=O)[nH]c2n1
1007,arene_928,O=c1sc(=O)n2ccon2c1=O,aryne_1008,O=c1sc(=O)n2c#con2c1=O
1008,arene_929,O=c1oc(=O)c2c(=O)sccc2o1,aryne_1009,O=c1oc(=O)c2c(=O)sc#cc2o1
1009,arene_930,O=c1ccc2oc(=O)c(=O)c1=2,aryne_1010,O=c1c#cc2oc(=O)c(=O)c1=2
1010,arene_931,O=c1ncsn2[nH]ccsn12,aryne_1011,O=c1ncsn2[nH]c#csn12
1011,arene_932,c1cn2sncsc-2co1,aryne_1012,c1occ2scnsn-2c#1
1012,arene_933,O=c1ncc2cccc(=O)n2o1,aryne_1013,O=c1ncc2cc#cc(=O)n2o1
1013,arene_934,O=c1ccsc2cnnc(=O)n12,aryne_1014,O=c1c#csc2cnnc(=O)n12
1014,arene_935,c1c[nH]n2cnocc-2[nH]1,aryne_1015,c1[nH]c2concn-2[nH]c#1
1015,arene_936,O=c1ccc2cnnnc2s1,aryne_1016,O=c1c#cc2cnnnc2s1
1016,arene_937,O=c1nnn2scc[nH]n2[nH]1,aryne_1017,O=c1nnn2sc#c[nH]n2[nH]1
1017,arene_938,O=c1cnn2[nH]c(=O)ccc2c1,aryne_1018,O=c1cnn2[nH]c(=O)c#cc2c1
1018,arene_939,O=c1ccn2occn2c1=O,aryne_1019,O=c1c#cn2occn2c1=O
1019,arene_939,O=c1ccn2occn2c1=O,aryne_1020,O=c1ccn2oc#cn2c1=O
1020,arene_940,O=c1cc2ccsc(=O)n2c(=O)s1,aryne_1021,O=c1cc2c#csc(=O)n2c(=O)s1
1021,arene_941,O=c1scnc2cccn12,aryne_1022,O=c1scnc2cc#cn12
1022,arene_942,O=c1oc(=O)n2ccnnn2c1=O,aryne_1023,O=c1oc(=O)n2c#cnnn2c1=O
1023,arene_943,O=c1ccn2[nH]ncn12,aryne_1024,O=c1c#cn2[nH]ncn12
1024,arene_944,O=c1ccn2sc(=O)nnc2c1,aryne_1025,O=c1c#cn2sc(=O)nnc2c1
1025,arene_945,O=c1ccn2ccnnn2c1=O,aryne_1026,O=c1c#cn2ccnnn2c1=O
1026,arene_945,O=c1ccn2ccnnn2c1=O,aryne_1027,O=c1ccn2c#cnnn2c1=O
1027,arene_946,O=c1[nH]c(=O)c2[nH]ccc2[nH]1,aryne_1028,O=c1[nH]c(=O)c2[nH]c#cc2[nH]1
1028,arene_947,O=c1cccc2ncoc(=O)n12,aryne_1029,O=c1c#ccc2ncoc(=O)n12
1029,arene_948,O=c1nnc2nsccn-2c1=O,aryne_1030,O=c1nnc2nsc#cn-2c1=O
1030,arene_949,O=c1cnn2c(=O)sccn2c1=O,aryne_1031,O=c1cnn2c(=O)sc#cn2c1=O
1031,arene_950,O=c1[nH]cc[nH]1,aryne_1032,O=c1[nH]c#c[nH]1
1032,arene_951,c1coc2onc[nH]c=2[nH]1,aryne_1033,c1[nH]c2[nH]cnoc=2oc#1
1033,arene_952,O=c1nnsc2ccsc12,aryne_1034,O=c1nnsc2c#csc12
1034,arene_953,O=c1[nH]c(=O)n2ccscc1-2,aryne_1035,O=c1[nH]c(=O)n2c#cscc1-2
1035,arene_955,c1cc2[nH]ccn2n1,aryne_1036,c1[nH]c2ccnn2c#1
1036,arene_956,c1cn2scn[nH]c-2n[nH]1,aryne_1037,c1[nH]nc2[nH]ncsn-2c#1
1037,arene_957,O=c1ocnc2[nH]ccc12,aryne_1038,O=c1ocnc2[nH]c#cc12
1038,arene_958,O=c1sc(=O)c2ccsc2s1,aryne_1039,O=c1sc(=O)c2c#csc2s1
1039,arene_960,O=c1ccn2c(=O)[nH]cnc2c1,aryne_1040,O=c1c#cn2c(=O)[nH]cnc2c1
1040,arene_961,c1csn2ccsn2o1,aryne_1041,c1on2sccn2sc#1
1041,arene_961,c1csn2ccsn2o1,aryne_1042,c1sn2occsn2c#1
1042,arene_962,O=c1occc2nnoc12,aryne_1043,O=c1oc#cc2nnoc12
1043,arene_963,O=c1ccc2sc(=O)ccc2o1,aryne_1044,O=c1c#cc2sc(=O)ccc2o1
1044,arene_963,O=c1ccc2sc(=O)ccc2o1,aryne_1045,O=c1ccc2sc(=O)c#cc2o1
1045,arene_964,O=c1ccc2ccc(=O)c1=2,aryne_1046,O=c1c#cc2ccc(=O)c1=2
1046,arene_965,c1cn2nn[nH]c2n1,aryne_1047,c1nc2[nH]nnn2c#1
1047,arene_966,O=c1scnc2c(=O)[nH]ccc12,aryne_1048,O=c1scnc2c(=O)[nH]c#cc12
1048,arene_967,O=c1cc2sc(=O)ccc2c[nH]1,aryne_1049,O=c1cc2sc(=O)c#cc2c[nH]1
1049,arene_968,O=c1ccc2c(=O)[nH]c(=O)sc2o1,aryne_1050,O=c1c#cc2c(=O)[nH]c(=O)sc2o1
1050,arene_969,c1cn2snnoc-2ns1,aryne_1051,c1snc2onnsn-2c#1
1051,arene_970,O=c1cc2oc(=O)ccc2c[nH]1,aryne_1052,O=c1cc2oc(=O)c#cc2c[nH]1
1052,arene_971,O=c1nnc2[nH]ccoc=2c1=O,aryne_1053,O=c1nnc2[nH]c#coc=2c1=O
1053,arene_972,O=c1ccc2onnc(=O)c2o1,aryne_1054,O=c1c#cc2onnc(=O)c2o1
1054,arene_973,c1csc2occsc=2o1,aryne_1055,c1oc2sccoc=2sc#1
1055,arene_974,O=c1[nH]ccn2oncsn12,aryne_1056,O=c1[nH]c#cn2oncsn12
1056,arene_975,O=c1sccc2ccncc12,aryne_1057,O=c1sc#cc2ccncc12
1057,arene_975,O=c1sccc2ccncc12,aryne_1058,O=c1sccc2c#cncc12
1058,arene_976,O=c1[nH]ccc2c(=O)oncc12,aryne_1059,O=c1oncc2c(=O)[nH]c#cc12
1059,arene_977,c1ccc2[nH]ncc2c1,aryne_1060,c1cc2cn[nH]c2cc#1
1060,arene_977,c1ccc2[nH]ncc2c1,aryne_1061,c1ccc2[nH]ncc2c#1
1061,arene_977,c1ccc2[nH]ncc2c1,aryne_1062,c1ccc2cn[nH]c2c#1
1062,arene_978,O=c1cc2cc[nH]c(=O)c2no1,aryne_1063,O=c1cc2c#c[nH]c(=O)c2no1
1063,arene_979,O=c1sc(=O)n2c(=O)ccon2c1=O,aryne_1064,O=c1sc(=O)n2c(=O)c#con2c1=O
1064,arene_980,c1csn2ncscc-2[nH]1,aryne_1065,c1[nH]c2cscnn-2sc#1
1065,arene_981,O=c1cc2c(=O)ccoc2co1,aryne_1066,O=c1cc2c(=O)c#coc2co1
1066,arene_982,O=c1[nH]c(=O)c2c(=O)ccsc2s1,aryne_1067,O=c1[nH]c(=O)c2c(=O)c#csc2s1
1067,arene_983,O=c1ncc2c(=O)cc[nH]c2o1,aryne_1068,O=c1ncc2c(=O)c#c[nH]c2o1
1068,arene_984,O=c1ccc2c(=O)onnc2o1,aryne_1069,O=c1c#cc2c(=O)onnc2o1
1069,arene_985,c1csc2ocn[nH]c=2[nH]1,aryne_1070,c1[nH]c2[nH]ncoc=2sc#1
1070,arene_986,O=c1[nH]c2cc[nH]c2s1,aryne_1071,O=c1[nH]c2c#c[nH]c2s1
1071,arene_987,O=c1sc2c[nH]ccn-2c(=O)c1=O,aryne_1072,O=c1sc2c[nH]c#cn-2c(=O)c1=O
1072,arene_988,O=c1cc[nH]c2c(=O)[nH]nnc12,aryne_1073,O=c1c#c[nH]c2c(=O)[nH]nnc12
1073,arene_990,O=c1occc2ncnn12,aryne_1074,O=c1oc#cc2ncnn12
1074,arene_991,O=c1sc(=O)c(=O)c2[nH]cc[nH]c1=2,aryne_1075,O=c1sc(=O)c(=O)c2[nH]c#c[nH]c1=2
1075,arene_992,O=c1ccsc2nocc12,aryne_1076,O=c1c#csc2nocc12
1076,arene_993,O=c1ccc2scnc2o1,aryne_1077,O=c1c#cc2scnc2o1
1077,arene_994,O=c1cc2sccon-2c1=O,aryne_1078,O=c1cc2sc#con-2c1=O
1078,arene_995,O=c1nccc2nnccn12,aryne_1079,O=c1nccc2nnc#cn12
1079,arene_996,O=c1[nH]c2ccoc2oc1=O,aryne_1080,O=c1[nH]c2c#coc2oc1=O
1080,arene_997,O=c1ncc2sccsc1=2,aryne_1081,O=c1ncc2sc#csc1=2
1081,arene_998,O=c1ccc2[nH]c(=O)c(=O)c1=2,aryne_1082,O=c1c#cc2[nH]c(=O)c(=O)c1=2
1082,arene_999,O=c1ncc2coccn1-2,aryne_1083,O=c1ncc2coc#cn1-2
1083,arene_1000,O=c1cc[nH]n2nnc(=O)n12,aryne_1084,O=c1c#c[nH]n2nnc(=O)n12
1084,arene_1001,O=c1cc2[nH]ccc2no1,aryne_1085,O=c1cc2[nH]c#cc2no1
1085,arene_1002,O=c1[nH]n2[nH]ccon2oc1=O,aryne_1086,O=c1[nH]n2[nH]c#con2oc1=O
1086,arene_1003,c1cn2ccnc2nn1,aryne_1087,c1nnc2nccn2c#1
1087,arene_1003,c1cn2ccnc2nn1,aryne_1088,c1nc2nnccn2c#1
1088,arene_1004,O=c1nc2ccsc(=O)n2c(=O)[nH]1,aryne_1089,O=c1nc2c#csc(=O)n2c(=O)[nH]1
1089,arene_1005,O=c1ccc2c(=O)oc(=O)oc2[nH]1,aryne_1090,O=c1c#cc2c(=O)oc(=O)oc2[nH]1
1090,arene_1006,O=c1ccnns1,aryne_1091,O=c1c#cnns1
1091,arene_1007,O=c1cnc2ncccc2s1,aryne_1092,O=c1cnc2nc#ccc2s1
1092,arene_1007,O=c1cnc2ncccc2s1,aryne_1093,O=c1cnc2ncc#cc2s1
1093,arene_1008,O=c1ccn2ccoc2c1,aryne_1094,O=c1c#cn2ccoc2c1
1094,arene_1008,O=c1ccn2ccoc2c1,aryne_1095,O=c1ccn2c#coc2c1
1095,arene_1009,O=c1ccoc2nc[nH]c(=O)c12,aryne_1096,O=c1c#coc2nc[nH]c(=O)c12
1096,arene_1011,O=c1ccc2nccn2s1,aryne_1097,O=c1c#cc2nccn2s1
1097,arene_1011,O=c1ccc2nccn2s1,aryne_1098,O=c1ccc2nc#cn2s1
1098,arene_1012,O=c1ccc2nonc2[nH]1,aryne_1099,O=c1c#cc2nonc2[nH]1
1099,arene_1013,O=c1ccn2ccoc(=O)c2n1,aryne_1100,O=c1c#cn2ccoc(=O)c2n1
1100,arene_1013,O=c1ccn2ccoc(=O)c2n1,aryne_1101,O=c1ccn2c#coc(=O)c2n1
1101,arene_1014,c1cnc2nonc2c1,aryne_1102,c1cnc2nonc2c#1
1102,arene_1016,O=c1[nH]c(=O)n2ccnc2s1,aryne_1103,O=c1[nH]c(=O)n2c#cnc2s1
1103,arene_1017,O=c1cncc2cc[nH]c(=O)n12,aryne_1104,O=c1cncc2c#c[nH]c(=O)n12
1104,arene_1018,O=c1[nH]cc2cc[nH]c(=O)n2c1=O,aryne_1105,O=c1[nH]cc2c#c[nH]c(=O)n2c1=O
1105,arene_1019,c1c[nH+]c2[nH]ccc2c1,aryne_1106,c1cc2cc[nH]c2[nH+]c#1
1106,arene_1019,c1c[nH+]c2[nH]ccc2c1,aryne_1107,c1c[nH+]c2[nH]ccc2c#1
1107,arene_1019,c1c[nH+]c2[nH]ccc2c1,aryne_1108,c1[nH]c2[nH+]cccc2c#1
1108,arene_1020,O=c1ccc2nnsc2[nH]1,aryne_1109,O=c1c#cc2nnsc2[nH]1
1109,arene_1021,O=c1[nH]c(=O)c2cccn2[nH]1,aryne_1110,O=c1[nH]c(=O)c2cc#cn2[nH]1
1110,arene_1022,O=c1cnc2ccnnc2o1,aryne_1111,O=c1cnc2c#cnnc2o1
1111,arene_1023,c1cn2ocnoc-2n[nH]1,aryne_1112,c1[nH]nc2oncon-2c#1
1112,arene_1024,c1cc2[nH]cnc2nn1,aryne_1113,c1nnc2nc[nH]c2c#1
1113,arene_1025,O=c1snc2c(=O)ccsn2c1=O,aryne_1114,O=c1snc2c(=O)c#csn2c1=O
1114,arene_1026,O=c1cc2scc[nH]n-2c1=O,aryne_1115,O=c1cc2sc#c[nH]n-2c1=O
1115,arene_1027,c1cn2sccoc-2no1,aryne_1116,c1onc2occsn-2c#1
1116,arene_1027,c1cn2sccoc-2no1,aryne_1117,c1oc2noccn-2sc#1
1117,arene_1028,O=c1cc2sccsc-2cc1=O,aryne_1118,O=c1cc2sc#csc-2cc1=O
1118,arene_1029,c1nn2sccsc-2no1,aryne_1119,c1sc2nocnn-2sc#1
1119,arene_1030,c1cc2ncsn2c1,aryne_1120,c1cc2ncsn2c#1
1120,arene_1031,O=c1[nH]ncc2occc12,aryne_1121,O=c1[nH]ncc2oc#cc12
1121,arene_1032,O=c1ccc2cnccc2s1,aryne_1122,O=c1c#cc2cnccc2s1
1122,arene_1032,O=c1ccc2cnccc2s1,aryne_1123,O=c1ccc2cnc#cc2s1
1123,arene_1033,O=c1ccoc2noc(=O)n12,aryne_1124,O=c1c#coc2noc(=O)n12
1124,arene_1034,O=c1[nH]c2coccn-2c1=O,aryne_1125,O=c1[nH]c2coc#cn-2c1=O
1125,arene_1035,O=c1ccc(=O)c2[nH]nc[nH]c1=2,aryne_1126,O=c1c#cc(=O)c2[nH]nc[nH]c1=2
1126,arene_1036,O=c1[nH]n2ccon2c1=O,aryne_1127,O=c1[nH]n2c#con2c1=O
1127,arene_1037,O=c1ncn2sccsn2o1,aryne_1128,O=c1ncn2sc#csn2o1
1128,arene_1038,c1c[nH]n2ccsnc-2[nH]1,aryne_1129,c1[nH]c2nsccn-2[nH]c#1
1129,arene_1038,c1c[nH]n2ccsnc-2[nH]1,aryne_1130,c1snc2[nH]cc[nH]n-2c#1
1130,arene_1039,O=c1cnc2nnccc2o1,aryne_1131,O=c1cnc2nnc#cc2o1
1131,arene_1040,O=c1ccc2noc(=O)cc2[nH]1,aryne_1132,O=c1c#cc2noc(=O)cc2[nH]1
1132,arene_1041,c1cc2cn[nH]c2cn1,aryne_1133,c1ncc2[nH]ncc2c#1
1133,arene_1042,O=c1nnn2c(=O)ccc(=O)n2s1,aryne_1134,O=c1nnn2c(=O)c#cc(=O)n2s1
1134,arene_1043,O=c1onnc2ncccc12,aryne_1135,O=c1onnc2nc#ccc12
1135,arene_1043,O=c1onnc2ncccc12,aryne_1136,O=c1onnc2ncc#cc12
1136,arene_1044,O=c1occc2ccccc12,aryne_1137,O=c1oc#cc2ccccc12
1137,arene_1044,O=c1occc2ccccc12,aryne_1138,O=c1occc2c#cccc12
1138,arene_1044,O=c1occc2ccccc12,aryne_1139,O=c1occc2cc#ccc12
1139,arene_1044,O=c1occc2ccccc12,aryne_1140,O=c1occc2ccc#cc12
1140,arene_1045,O=c1ccsc2[nH]cnc(=O)c12,aryne_1141,O=c1c#csc2[nH]cnc(=O)c12
1141,arene_1046,c1cnc2ccsc2c1,aryne_1142,c1cc2sccc2nc#1
1142,arene_1046,c1cnc2ccsc2c1,aryne_1143,c1cnc2ccsc2c#1
1143,arene_1046,c1cnc2ccsc2c1,aryne_1144,c1sc2cccnc2c#1
1144,arene_1047,O=c1cc2cnccc2cs1,aryne_1145,O=c1cc2cnc#cc2cs1
1145,arene_1048,O=c1nc2c(=O)[nH]ccc2cs1,aryne_1146,O=c1nc2c(=O)[nH]c#cc2cs1
1146,arene_1049,O=c1ncn2c(=O)c(=O)ccn2s1,aryne_1147,O=c1ncn2c(=O)c(=O)c#cn2s1
1147,arene_1050,O=c1[nH]c2occc2sc1=O,aryne_1148,O=c1[nH]c2oc#cc2sc1=O
1148,arene_1051,O=c1cnn2scc[nH]n2o1,aryne_1149,O=c1cnn2sc#c[nH]n2o1
1149,arene_1052,c1coc2nsnnn-2[nH]1,aryne_1150,c1[nH]n2nnsnc-2oc#1
1150,arene_1053,O=c1ccsc2ccoc(=O)c12,aryne_1151,O=c1c#csc2ccoc(=O)c12
1151,arene_1053,O=c1ccsc2ccoc(=O)c12,aryne_1152,O=c1ccsc2c#coc(=O)c12
1152,arene_1054,O=c1[nH]c2ccc(=O)sc2[nH]1,aryne_1153,O=c1[nH]c2c#cc(=O)sc2[nH]1
1153,arene_1055,O=c1onnn2sccon12,aryne_1154,O=c1onnn2sc#con12
1154,arene_1056,O=c1ncn2c(=O)sccc2n1,aryne_1155,O=c1ncn2c(=O)sc#cc2n1
1155,arene_1057,O=c1on2cconc-2c1=O,aryne_1156,O=c1on2c#conc-2c1=O
1156,arene_1058,O=c1cnn2sccn2c1=O,aryne_1157,O=c1cnn2sc#cn2c1=O
1157,arene_1059,O=c1nnc2cccn2[nH]1,aryne_1158,O=c1nnc2cc#cn2[nH]1
1158,arene_1060,O=c1[nH]c2nccc(=O)n2oc1=O,aryne_1159,O=c1[nH]c2nc#cc(=O)n2oc1=O
1159,arene_1061,O=c1nc2sc(=O)ccc2c[nH]1,aryne_1160,O=c1nc2sc(=O)c#cc2c[nH]1
1160,arene_1062,c1cn2cncc2cn1,aryne_1161,c1ncc2cncn2c#1
1161,arene_1063,c1cn2sccsn2o1,aryne_1162,c1on2sccsn2c#1
1162,arene_1063,c1cn2sccsn2o1,aryne_1163,c1sn2ccon2sc#1
1163,arene_1064,O=c1ccc2c(=O)nn[nH]c2o1,aryne_1164,O=c1c#cc2c(=O)nn[nH]c2o1
1164,arene_1065,O=c1snnc2cccn12,aryne_1165,O=c1snnc2cc#cn12
1165,arene_1066,O=c1ncn2ccncc2n1,aryne_1166,O=c1ncn2c#cncc2n1
1166,arene_1067,O=c1nnc2ccc(=O)oc2[nH]1,aryne_1167,O=c1nnc2c#cc(=O)oc2[nH]1
1167,arene_1068,O=c1ncc2ccnnc2s1,aryne_1168,O=c1ncc2c#cnnc2s1
1168,arene_1069,O=c1on2occ[nH]n2c(=O)s1,aryne_1169,O=c1on2oc#c[nH]n2c(=O)s1
1169,arene_1070,O=c1ccc2ccc(=O)c(=O)c=2c1=O,aryne_1170,O=c1c#cc2ccc(=O)c(=O)c=2c1=O
1170,arene_1071,O=c1sc2n[nH]ccn-2c1=O,aryne_1171,O=c1sc2n[nH]c#cn-2c1=O
1171,arene_1072,O=c1ccc2c(=O)sc(=O)sc2[nH]1,aryne_1172,O=c1c#cc2c(=O)sc(=O)sc2[nH]1
1172,arene_1073,O=c1snc2ncccn2c1=O,aryne_1173,O=c1snc2ncc#cn2c1=O
1173,arene_1074,O=c1[nH]cnn2occ[nH]n12,aryne_1174,O=c1[nH]cnn2oc#c[nH]n12
1174,arene_1075,O=c1ccc2cncn2[nH]1,aryne_1175,O=c1c#cc2cncn2[nH]1
1175,arene_1076,O=c1ccc2cnoc2o1,aryne_1176,O=c1c#cc2cnoc2o1
1176,arene_1077,c1cc2nncnc2nn1,aryne_1177,c1nnc2ncnnc2c#1
1177,arene_1078,O=c1ncn2[nH]cc[nH]n2o1,aryne_1178,O=c1ncn2[nH]c#c[nH]n2o1
1178,arene_1079,O=c1nc[nH]c2cc[nH]c(=O)c12,aryne_1179,O=c1nc[nH]c2c#c[nH]c(=O)c12
1179,arene_1080,O=c1sc(=O)n2cccc2s1,aryne_1180,O=c1sc(=O)n2c#ccc2s1
1180,arene_1081,O=c1ccc2c(=O)ncsc2[nH]1,aryne_1181,O=c1c#cc2c(=O)ncsc2[nH]1
1181,arene_1082,O=c1cc2sccc(=O)c2co1,aryne_1182,O=c1cc2sc#cc(=O)c2co1
1182,arene_1083,O=c1ncn2cccnc2n1,aryne_1183,O=c1ncn2c#ccnc2n1
1183,arene_1084,O=c1ccoc2nnsc(=O)c12,aryne_1184,O=c1c#coc2nnsc(=O)c12
1184,arene_1086,O=c1ccn2sc(=O)sc2c1,aryne_1185,O=c1c#cn2sc(=O)sc2c1
1185,arene_1087,O=c1ccn2ocnsn2o1,aryne_1186,O=c1c#cn2ocnsn2o1
1186,arene_1088,O=c1ccn2ccc(=O)sc2c1,aryne_1187,O=c1c#cn2ccc(=O)sc2c1
1187,arene_1088,O=c1ccn2ccc(=O)sc2c1,aryne_1188,O=c1ccn2c#cc(=O)sc2c1
1188,arene_1089,O=c1[nH]c2occc(=O)c2o1,aryne_1189,O=c1[nH]c2oc#cc(=O)c2o1
1189,arene_1090,O=c1oc2cc[nH]c2oc1=O,aryne_1190,O=c1oc2c#c[nH]c2oc1=O
1190,arene_1091,O=c1nnsn2sccon12,aryne_1191,O=c1nnsn2sc#con12
1191,arene_1092,O=c1nnc(=O)n2cc[nH]cc1-2,aryne_1192,O=c1nnc(=O)n2c#c[nH]cc1-2
1192,arene_1093,O=c1ccsn2c(=O)snc12,aryne_1193,O=c1c#csn2c(=O)snc12
1193,arene_1094,O=c1sccn2c(=O)[nH]nc12,aryne_1194,O=c1sc#cn2c(=O)[nH]nc12
1194,arene_1095,c1ccc2c(c1)oc1ccccc12,aryne_1195,c1cc2oc3ccccc3c2cc#1
1195,arene_1095,c1ccc2c(c1)oc1ccccc12,aryne_1196,c1ccc2c(c#1)oc1ccccc12
1196,arene_1095,c1ccc2c(c1)oc1ccccc12,aryne_1197,c1ccc2oc3ccccc3c2c#1
1197,arene_1096,O=c1ncn2[nH]ccon2[nH]1,aryne_1198,O=c1ncn2[nH]c#con2[nH]1
1198,arene_1097,O=c1nncc2ncccn12,aryne_1199,O=c1nncc2ncc#cn12
1199,arene_1098,O=c1ccn2ncsnc-2c1=O,aryne_1200,O=c1c#cn2ncsnc-2c1=O
1200,arene_1099,O=c1cccc2cn[nH]c(=O)n12,aryne_1201,O=c1c#ccc2cn[nH]c(=O)n12
1201,arene_1100,O=c1ccnc2ncccn12,aryne_1202,O=c1c#cnc2ncccn12
1202,arene_1100,O=c1ccnc2ncccn12,aryne_1203,O=c1ccnc2ncc#cn12
1203,arene_1101,O=c1ncc2c(=O)occc2[nH]1,aryne_1204,O=c1ncc2c(=O)oc#cc2[nH]1
1204,arene_1102,O=c1scnn2sccsn12,aryne_1205,O=c1scnn2sc#csn12
1205,arene_1103,O=c1sc(=O)c2ncccc2s1,aryne_1206,O=c1sc(=O)c2nc#ccc2s1
1206,arene_1103,O=c1sc(=O)c2ncccc2s1,aryne_1207,O=c1sc(=O)c2ncc#cc2s1
1207,arene_1104,O=c1[nH]n2scc[nH]n2sc1=O,aryne_1208,O=c1[nH]n2sc#c[nH]n2sc1=O
1208,arene_1105,O=c1nnn2c(=O)ccoc2n1,aryne_1209,O=c1nnn2c(=O)c#coc2n1
1209,arene_1106,c1csn2cn[nH]n2o1,aryne_1210,c1on2[nH]ncn2sc#1
1210,arene_1107,O=c1nc2occc2co1,aryne_1211,O=c1nc2oc#cc2co1
1211,arene_1108,O=c1ccn2nn[nH]c2n1,aryne_1212,O=c1c#cn2nn[nH]c2n1
1212,arene_1109,O=c1sn2ccoc(=O)n2c1=O,aryne_1213,O=c1sn2c#coc(=O)n2c1=O
1213,arene_1110,O=c1ccc2c(=O)sccc2[nH]1,aryne_1214,O=c1c#cc2c(=O)sccc2[nH]1
1214,arene_1110,O=c1ccc2c(=O)sccc2[nH]1,aryne_1215,O=c1ccc2c(=O)sc#cc2[nH]1
1215,arene_1111,O=c1ccc(=O)n2c(=O)onnn12,aryne_1216,O=c1c#cc(=O)n2c(=O)onnn12
1216,arene_1112,O=c1oc2[nH]ccc2sc1=O,aryne_1217,O=c1oc2[nH]c#cc2sc1=O
1217,arene_1113,O=c1nnn2ccc(=O)sc2n1,aryne_1218,O=c1nnn2c#cc(=O)sc2n1
1218,arene_1114,O=c1[nH]c2ccoc2sc1=O,aryne_1219,O=c1[nH]c2c#coc2sc1=O
1219,arene_1115,O=c1[nH]n2nnccn2c1=O,aryne_1220,O=c1[nH]n2nnc#cn2c1=O
1220,arene_1116,O=c1c(=O)c(=O)n2occon2c1=O,aryne_1221,O=c1c(=O)c(=O)n2oc#con2c1=O
1221,arene_1117,O=c1oc(=O)n2ccscc1-2,aryne_1222,O=c1oc(=O)n2c#cscc1-2
1222,arene_1118,O=c1[nH]ccc2nscc12,aryne_1223,O=c1[nH]c#cc2nscc12
1223,arene_1119,O=c1ncn2cc[nH]cc-2c1=O,aryne_1224,O=c1ncn2c#c[nH]cc-2c1=O
1224,arene_1120,O=c1cccc2oncn12,aryne_1225,O=c1c#ccc2oncn12
1225,arene_1121,O=c1[nH]c2nnccc2sc1=O,aryne_1226,O=c1[nH]c2nnc#cc2sc1=O
1226,arene_1122,O=c1nc2ncccc2n[nH]1,aryne_1227,O=c1nc2ncc#cc2n[nH]1
1227,arene_1123,c1cn2[nH]ncsc-2c[nH]1,aryne_1228,c1[nH]cc2scn[nH]n-2c#1
1228,arene_1124,O=c1cnn2c(=O)ccn2[nH]1,aryne_1229,O=c1cnn2c(=O)c#cn2[nH]1
1229,arene_1125,O=c1cc2ccc(=O)on2nn1,aryne_1230,O=c1cc2c#cc(=O)on2nn1
1230,arene_1126,O=c1ccn2nncnc2c1,aryne_1231,O=c1c#cn2nncnc2c1
1231,arene_1128,c1cc2c[nH]nc2o1,aryne_1232,c1oc2n[nH]cc2c#1
1232,arene_1129,O=c1ccn2[nH]cn[nH]n2s1,aryne_1233,O=c1c#cn2[nH]cn[nH]n2s1
1233,arene_1130,O=c1on2c(=O)ccnc2sc1=O,aryne_1234,O=c1on2c(=O)c#cnc2sc1=O
1234,arene_1131,O=c1[nH]n2[nH]ccc(=O)n2c(=O)c1=O,aryne_1235,O=c1[nH]n2[nH]c#cc(=O)n2c(=O)c1=O
1235,arene_1132,c1cn2[nH]nnsn2cn1,aryne_1236,c1ncn2snn[nH]n2c#1
1236,arene_1133,O=c1ccon2c(=O)cccc12,aryne_1237,O=c1c#con2c(=O)cccc12
1237,arene_1133,O=c1ccon2c(=O)cccc12,aryne_1238,O=c1ccon2c(=O)c#ccc12
1238,arene_1134,O=c1ncn2ccc(=O)sc2n1,aryne_1239,O=c1ncn2c#cc(=O)sc2n1
1239,arene_1135,O=c1[nH]cnc2c(=O)occc12,aryne_1240,O=c1[nH]cnc2c(=O)oc#cc12
1240,arene_1136,O=c1[nH]c2ccoc2s1,aryne_1241,O=c1[nH]c2c#coc2s1
1241,arene_1137,O=c1oc(=O)c2occc2o1,aryne_1242,O=c1oc(=O)c2oc#cc2o1
1242,arene_1138,c1cnn2occon2c1,aryne_1243,c1cnn2occon2c#1
1243,arene_1138,c1cnn2occon2c1,aryne_1244,c1on2cccnn2oc#1
1244,arene_1139,O=c1cc2oc(=O)ccc2co1,aryne_1245,O=c1c#cc2coc(=O)cc2o1
1245,arene_1140,O=c1ccc2nc(=O)scc2o1,aryne_1246,O=c1c#cc2nc(=O)scc2o1
1246,arene_1141,O=c1ccc2c(=O)c(=O)ncc1=2,aryne_1247,O=c1c#cc2c(=O)c(=O)ncc1=2
1247,arene_1142,O=c1ocnc2sccc12,aryne_1248,O=c1ocnc2sc#cc12
1248,arene_1143,O=c1cc[nH]c2cccn12,aryne_1249,O=c1c#c[nH]c2cccn12
1249,arene_1143,O=c1cc[nH]c2cccn12,aryne_1250,O=c1cc[nH]c2cc#cn12
1250,arene_1144,c1cc2occn2n1,aryne_1251,c1oc2ccnn2c#1
1251,arene_1145,O=c1nnn2scc[nH]n2o1,aryne_1252,O=c1nnn2sc#c[nH]n2o1
1252,arene_1147,O=c1ocnc2ccoc12,aryne_1253,O=c1ocnc2c#coc12
1253,arene_1148,O=c1cc[nH]c2coc(=O)n12,aryne_1254,O=c1c#c[nH]c2coc(=O)n12
1254,arene_1149,O=c1cnon2sccsn12,aryne_1255,O=c1cnon2sc#csn12
1255,arene_1150,O=c1cc2sc(=O)ccn2c(=O)o1,aryne_1256,O=c1cc2sc(=O)c#cn2c(=O)o1
1256,arene_1151,c1cn2onnon2nn1,aryne_1257,c1nnn2onnon2c#1
1257,arene_1152,O=c1ccon2snn[nH]n12,aryne_1258,O=c1c#con2snn[nH]n12
1258,arene_1153,O=c1ccn2c(=O)cccc2[nH]1,aryne_1259,O=c1c#cn2c(=O)cccc2[nH]1
1259,arene_1153,O=c1ccn2c(=O)cccc2[nH]1,aryne_1260,O=c1ccn2c(=O)c#ccc2[nH]1
1260,arene_1154,O=c1sc2ccncc2sc1=O,aryne_1261,O=c1sc2c#cncc2sc1=O
1261,arene_1155,O=c1[nH]nc2nnccn2c1=O,aryne_1262,O=c1[nH]nc2nnc#cn2c1=O
1262,arene_1156,O=c1nncc2ccoc(=O)n12,aryne_1263,O=c1nncc2c#coc(=O)n12
1263,arene_1157,O=c1ncnc2ccon12,aryne_1264,O=c1ncnc2c#con12
1264,arene_1158,O=c1[nH]c(=O)c2nccn2[nH]1,aryne_1265,O=c1[nH]c(=O)c2nc#cn2[nH]1
1265,arene_1159,O=c1nnc2cnccc2s1,aryne_1266,O=c1nnc2cnc#cc2s1
1266,arene_1160,O=c1ccc2nsnnn1-2,aryne_1267,O=c1c#cc2nsnnn1-2
1267,arene_1161,O=c1ccn2c(=O)oc(=O)c(=O)n2[nH]1,aryne_1268,O=c1c#cn2c(=O)oc(=O)c(=O)n2[nH]1
1268,arene_1162,O=c1ccn2scn[nH]n2o1,aryne_1269,O=c1c#cn2scn[nH]n2o1
1269,arene_1163,O=c1cc[nH]c2cnccc12,aryne_1270,O=c1c#c[nH]c2cnccc12
1270,arene_1163,O=c1cc[nH]c2cnccc12,aryne_1271,O=c1cc[nH]c2cnc#cc12
1271,arene_1164,O=c1oc(=O)n2c(=O)cc[nH]n2c1=O,aryne_1272,O=c1oc(=O)n2c(=O)c#c[nH]n2c1=O
1272,arene_1165,O=c1sc(=O)n2c(=O)sccn12,aryne_1273,O=c1sc(=O)n2c(=O)sc#cn12
1273,arene_1166,O=c1oc2cc[nH]c(=O)c2oc1=O,aryne_1274,O=c1oc2c#c[nH]c(=O)c2oc1=O
1274,arene_1167,O=c1ccc2c(=O)c(=O)c(=O)oc1=2,aryne_1275,O=c1c#cc2c(=O)c(=O)c(=O)oc1=2
1275,arene_1168,O=c1sn2c(=O)ccc(=O)n2sc1=O,aryne_1276,O=c1sn2c(=O)c#cc(=O)n2sc1=O
1276,arene_1169,O=c1nnn2ccccc2n1,aryne_1277,O=c1nnn2c#cccc2n1
1277,arene_1169,O=c1nnn2ccccc2n1,aryne_1278,O=c1nnn2ccc#cc2n1
1278,arene_1170,O=c1sncc2ccnnc12,aryne_1279,O=c1sncc2c#cnnc12
1279,arene_1171,O=c1ccn2c(=O)cn[nH]c2n1,aryne_1280,O=c1c#cn2c(=O)cn[nH]c2n1
1280,arene_1172,O=c1ccc2n[nH]nnn-2c1=O,aryne_1281,O=c1c#cc2n[nH]nnn-2c1=O
1281,arene_1173,O=c1ccc2noc(=O)c(=O)n2[nH]1,aryne_1282,O=c1c#cc2noc(=O)c(=O)n2[nH]1
1282,arene_1175,O=c1[nH]c(=O)n2c(=O)ccsn12,aryne_1283,O=c1[nH]c(=O)n2c(=O)c#csn12
1283,arene_1176,c1cnn2oncon2c1,aryne_1284,c1cnn2oncon2c#1
1284,arene_1177,c1nnn2[nH]ccon2n1,aryne_1285,c1[nH]n2nncnn2oc#1
1285,arene_1178,O=c1ccc2nc(=O)c(=O)c(=O)n-2c1=O,aryne_1286,O=c1c#cc2nc(=O)c(=O)c(=O)n-2c1=O
1286,arene_1179,O=c1cc2ccoc(=O)c2ns1,aryne_1287,O=c1cc2c#coc(=O)c2ns1
1287,arene_1180,c1cn2[nH]ncon2nn1,aryne_1288,c1nnn2ocn[nH]n2c#1
1288,arene_1181,O=c1nnoc2ccoc12,aryne_1289,O=c1nnoc2c#coc12
1289,arene_1183,c1c[nH]c2snn[nH]c=2[nH]1,aryne_1290,c1[nH]c2[nH]nnsc=2[nH]c#1
1290,arene_1185,O=c1nncc2ccsc(=O)n12,aryne_1291,O=c1nncc2c#csc(=O)n12
1291,arene_1186,O=c1cnc2nccc(=O)n2[nH]1,aryne_1292,O=c1cnc2nc#cc(=O)n2[nH]1
1292,arene_1187,O=c1sn2c(=O)sccn2c1=O,aryne_1293,O=c1sn2c(=O)sc#cn2c1=O
1293,arene_1188,O=c1occ2cccnn2c1=O,aryne_1294,O=c1occ2c#ccnn2c1=O
1294,arene_1189,O=c1nnn2cc[nH]c(=O)n12,aryne_1295,O=c1nnn2c#c[nH]c(=O)n12
1295,arene_1190,O=c1ccc2c[nH]ccn-2c1=O,aryne_1296,O=c1c#cc2c[nH]ccn-2c1=O
1296,arene_1190,O=c1ccc2c[nH]ccn-2c1=O,aryne_1297,O=c1ccc2c[nH]c#cn-2c1=O
1297,arene_1191,c1cc2nscc2[nH]1,aryne_1298,c1[nH]c2csnc2c#1
1298,arene_1192,O=c1ccn2c(=O)cnn2o1,aryne_1299,O=c1c#cn2c(=O)cnn2o1
1299,arene_1193,O=c1oc2cc[nH]c2c(=O)s1,aryne_1300,O=c1oc2c#c[nH]c2c(=O)s1
1300,arene_1194,O=c1cc[nH]n2occsn12,aryne_1301,O=c1c#c[nH]n2occsn12
1301,arene_1194,O=c1cc[nH]n2occsn12,aryne_1302,O=c1cc[nH]n2oc#csn12
1302,arene_1195,O=c1ccn2ncnnn12,aryne_1303,O=c1c#cn2ncnnn12
1303,arene_1196,O=c1nn[nH]c2ccoc(=O)c12,aryne_1304,O=c1nn[nH]c2c#coc(=O)c12
1304,arene_1197,O=c1ncon2[nH]ccon12,aryne_1305,O=c1ncon2[nH]c#con12
1305,arene_1198,O=c1ccc2nncnc2s1,aryne_1306,O=c1c#cc2nncnc2s1
1306,arene_1199,O=c1oc2ccnnc2c(=O)s1,aryne_1307,O=c1oc2c#cnnc2c(=O)s1
1307,arene_1200,O=c1ccc(=O)n2ccscc1-2,aryne_1308,O=c1c#cc(=O)n2ccscc1-2
1308,arene_1200,O=c1ccc(=O)n2ccscc1-2,aryne_1309,O=c1ccc(=O)n2c#cscc1-2
1309,arene_1201,c1cc2cocc2nn1,aryne_1310,c1nnc2cocc2c#1
1310,arene_1202,O=c1sccc2nnnnc12,aryne_1311,O=c1sc#cc2nnnnc12
1311,arene_1203,O=c1ccsn2snnsn12,aryne_1312,O=c1c#csn2snnsn12
1312,arene_1204,O=c1scnc2ccoc12,aryne_1313,O=c1scnc2c#coc12
1313,arene_1205,O=c1ccc2noncn-2c1=O,aryne_1314,O=c1c#cc2noncn-2c1=O
1314,arene_1206,c1cn2sccon2nn1,aryne_1315,c1nnn2occsn2c#1
1315,arene_1206,c1cn2sccon2nn1,aryne_1316,c1on2nnccn2sc#1
1316,arene_1207,O=c1[nH]cnn2sccsn12,aryne_1317,O=c1[nH]cnn2sc#csn12
1317,arene_1208,O=c1[nH]c(=O)c2nccnc2[nH]1,aryne_1318,O=c1[nH]c(=O)c2nc#cnc2[nH]1
1318,arene_1210,O=c1ccc2c(=O)c(=O)c(=O)c2[nH]1,aryne_1319,O=c1c#cc2c(=O)c(=O)c(=O)c2[nH]1
1319,arene_1211,O=c1nnc2nccc(=O)n2o1,aryne_1320,O=c1nnc2nc#cc(=O)n2o1
1320,arene_1212,c1con2ccocc-2[nH]1,aryne_1321,c1[nH]c2coccn-2oc#1
1321,arene_1212,c1con2ccocc-2[nH]1,aryne_1322,c1occ2[nH]ccon-2c#1
1322,arene_1213,O=c1ccc2noncn1-2,aryne_1323,O=c1c#cc2noncn1-2
1323,arene_1214,O=c1[nH]c(=O)n2c(=O)ccsn2c1=O,aryne_1324,O=c1[nH]c(=O)n2c(=O)c#csn2c1=O
1324,arene_1215,c1cnn2occsn2c1,aryne_1325,c1cnn2occsn2c#1
1325,arene_1215,c1cnn2occsn2c1,aryne_1326,c1on2ncccn2sc#1
1326,arene_1217,O=c1cc2ccc(=O)[nH]n2c(=O)[nH]1,aryne_1327,O=c1c#cc2cc(=O)[nH]c(=O)n2[nH]1
1327,arene_1218,O=c1ncnc2ccoc(=O)n12,aryne_1328,O=c1ncnc2c#coc(=O)n12
1328,arene_1220,O=c1ccn2ocnc2n1,aryne_1329,O=c1c#cn2ocnc2n1
1329,arene_1221,O=c1cc[nH]c2cc[nH]c(=O)c12,aryne_1330,O=c1c#c[nH]c2cc[nH]c(=O)c12
1330,arene_1221,O=c1cc[nH]c2cc[nH]c(=O)c12,aryne_1331,O=c1cc[nH]c2c#c[nH]c(=O)c12
1331,arene_1222,c1cc2cnccn2c1,aryne_1332,c1cc2cnccn2c#1
1332,arene_1222,c1cc2cnccn2c1,aryne_1333,c1ncc2cccn2c#1
1333,arene_1223,O=c1sn2[nH]ccon2s1,aryne_1334,O=c1sn2[nH]c#con2s1
1334,arene_1224,O=c1nnnc2[nH]ccn12,aryne_1335,O=c1nnnc2[nH]c#cn12
1335,arene_1225,c1cn2[nH]nn[nH]c-2c[nH]1,aryne_1336,c1[nH]cc2[nH]nn[nH]n-2c#1
1336,arene_1226,O=c1snc2ccsn12,aryne_1337,O=c1snc2c#csn12
1337,arene_1227,O=c1cc2ccc(=O)sn2cn1,aryne_1338,O=c1cc2c#cc(=O)sn2cn1
1338,arene_1228,O=c1cnoc2ccnnc12,aryne_1339,O=c1cnoc2c#cnnc12
1339,arene_1229,c1cn2scc[nH]n2cn1,aryne_1340,c1ncn2[nH]ccsn2c#1
1340,arene_1229,c1cn2scc[nH]n2cn1,aryne_1341,c1[nH]n2cnccn2sc#1
1341,arene_1230,O=c1cc2nnccc2c[nH]1,aryne_1342,O=c1cc2nnc#cc2c[nH]1
1342,arene_1231,O=c1oc(=O)c(=O)n2cc[nH]nc1-2,aryne_1343,O=c1oc(=O)c(=O)n2c#c[nH]nc1-2
1343,arene_1232,O=c1nnsn2scc[nH]n12,aryne_1344,O=c1nnsn2sc#c[nH]n12
1344,arene_1234,O=c1ccc2c(=O)cnoc2o1,aryne_1345,O=c1c#cc2c(=O)cnoc2o1
1345,arene_1235,O=c1cnn2ccsc(=O)n2c1=O,aryne_1346,O=c1cnn2c#csc(=O)n2c1=O
1346,arene_1236,O=c1[nH]c2c(=O)occc2sc1=O,aryne_1347,O=c1[nH]c2c(=O)oc#cc2sc1=O
1347,arene_1238,O=c1ccc2sc(=O)nnc2o1,aryne_1348,O=c1c#cc2sc(=O)nnc2o1
1348,arene_1239,O=c1ncc2ncccc2s1,aryne_1349,O=c1ncc2nc#ccc2s1
1349,arene_1239,O=c1ncc2ncccc2s1,aryne_1350,O=c1ncc2ncc#cc2s1
1350,arene_1240,O=c1nc2ccncc2c[nH]1,aryne_1351,O=c1nc2c#cncc2c[nH]1
1351,arene_1241,O=c1ccn2occc2n1,aryne_1352,O=c1c#cn2occc2n1
1352,arene_1241,O=c1ccn2occc2n1,aryne_1353,O=c1ccn2oc#cc2n1
1353,arene_1242,O=c1ccn2c(=O)c(=O)ccn2[nH]1,aryne_1354,O=c1c#cn2c(=O)c(=O)ccn2[nH]1
1354,arene_1242,O=c1ccn2c(=O)c(=O)ccn2[nH]1,aryne_1355,O=c1ccn2c(=O)c(=O)c#cn2[nH]1
1355,arene_1243,O=c1ccn2c(=O)nccc2s1,aryne_1356,O=c1c#cn2c(=O)nccc2s1
1356,arene_1244,O=c1[nH]cc2occn2c1=O,aryne_1357,O=c1[nH]cc2oc#cn2c1=O
1357,arene_1245,c1cn2[nH]ncc2n1,aryne_1358,c1nc2cn[nH]n2c#1
1358,arene_1246,O=c1cc2cnccn2cn1,aryne_1359,O=c1cc2cnc#cn2cn1
1359,arene_1247,O=c1cnsn2[nH]ccsn12,aryne_1360,O=c1cnsn2[nH]c#csn12
1360,arene_1248,O=c1nnc2cccnc2o1,aryne_1361,O=c1nnc2c#ccnc2o1
1361,arene_1248,O=c1nnc2cccnc2o1,aryne_1362,O=c1nnc2cc#cnc2o1
1362,arene_1249,O=c1ocnc2c(=O)sccc12,aryne_1363,O=c1ocnc2c(=O)sc#cc12
1363,arene_1250,O=c1[nH]cc2nnccn12,aryne_1364,O=c1[nH]cc2nnc#cn12
1364,arene_1251,O=c1cccno1,aryne_1365,O=c1c#ccno1
1365,arene_1253,O=c1ccc2c(=O)sc(=O)c=2c1=O,aryne_1366,O=c1c#cc2c(=O)sc(=O)c=2c1=O
1366,arene_1254,O=c1on2c(=O)occn2c1=O,aryne_1367,O=c1on2c(=O)oc#cn2c1=O
1367,arene_1255,O=c1nnc2nccc(=O)n2s1,aryne_1368,O=c1nnc2nc#cc(=O)n2s1
1368,arene_1257,O=c1ccc(=O)n2ncncn12,aryne_1369,O=c1c#cc(=O)n2ncncn12
1369,arene_1258,O=c1ncsc2[nH]ccc12,aryne_1370,O=c1ncsc2[nH]c#cc12
1370,arene_1259,c1cc2occc2o1,aryne_1371,c1oc2ccoc2c#1
1371,arene_1260,c1cnc2ccnn2c1,aryne_1372,c1cnc2ccnn2c#1
1372,arene_1261,O=c1onc2cnccn2c1=O,aryne_1373,O=c1onc2cnc#cn2c1=O
1373,arene_1262,O=c1ccc2oc(=O)c(=O)c(=O)c=2c1=O,aryne_1374,O=c1c#cc2oc(=O)c(=O)c(=O)c=2c1=O
1374,arene_1263,c1csn2nnsn2o1,aryne_1375,c1on2snnn2sc#1
1375,arene_1264,O=c1ccn2ncncc2n1,aryne_1376,O=c1c#cn2ncncc2n1
1376,arene_1265,O=c1cnn2sccsn2o1,aryne_1377,O=c1cnn2sc#csn2o1
1377,arene_1266,c1cc2oncc2nn1,aryne_1378,c1nnc2cnoc2c#1
1378,arene_1267,c1cn2[nH]cc[nH]c-2c[nH]1,aryne_1379,c1[nH]cc2[nH]cc[nH]n-2c#1
1379,arene_1267,c1cn2[nH]cc[nH]c-2c[nH]1,aryne_1380,c1[nH]c2c[nH]ccn-2[nH]c#1
1380,arene_1268,O=c1ccc2nnsc(=O)c2o1,aryne_1381,O=c1c#cc2nnsc(=O)c2o1
1381,arene_1269,c1cc2nccnc2nn1,aryne_1382,c1nnc2nccnc2c#1
1382,arene_1269,c1cc2nccnc2nn1,aryne_1383,c1nc2ccnnc2nc#1
1383,arene_1270,c1cnc2ncccc2c1,aryne_1384,c1cc2cccnc2nc#1
1384,arene_1270,c1cnc2ncccc2c1,aryne_1385,c1cnc2ncccc2c#1
1385,arene_1271,O=c1occ2ccsn2c1=O,aryne_1386,O=c1occ2c#csn2c1=O
1386,arene_1272,c1cc2nsnc2o1,aryne_1387,c1oc2nsnc2c#1
1387,arene_1273,O=c1scc2cc[nH]c(=O)n2c1=O,aryne_1388,O=c1scc2c#c[nH]c(=O)n2c1=O
1388,arene_1275,c1coc2scnoc=2o1,aryne_1389,c1oc2oncsc=2oc#1
1389,arene_1276,O=c1ccc(=O)n2nnnnn12,aryne_1390,O=c1c#cc(=O)n2nnnnn12
1390,arene_1277,c1csc2n[nH]ncn-2[nH]1,aryne_1391,c1[nH]n2cn[nH]nc-2sc#1
1391,arene_1278,c1ccc(-c2ccccc2)cc1,aryne_1392,c1ccc(-c2ccccc2)cc#1
1392,arene_1278,c1ccc(-c2ccccc2)cc1,aryne_1393,c1cccc(-c2ccccc2)c#1
1393,arene_1280,O=c1cnc2ccccc2s1,aryne_1394,O=c1cnc2c#cccc2s1
1394,arene_1280,O=c1cnc2ccccc2s1,aryne_1395,O=c1cnc2cc#ccc2s1
1395,arene_1280,O=c1cnc2ccccc2s1,aryne_1396,O=c1cnc2ccc#cc2s1
1396,arene_1281,O=c1cnc2occoc=2c1=O,aryne_1397,O=c1cnc2oc#coc=2c1=O
1397,arene_1282,O=c1snc2cnccn2c1=O,aryne_1398,O=c1snc2cnc#cn2c1=O
1398,arene_1283,O=c1ccn2oc(=O)c(=O)c(=O)n2s1,aryne_1399,O=c1c#cn2oc(=O)c(=O)c(=O)n2s1
1399,arene_1284,c1c[nH]c2onn[nH]c=2[nH]1,aryne_1400,c1[nH]c2[nH]nnoc=2[nH]c#1
1400,arene_1285,O=c1ccn2scnsn2s1,aryne_1401,O=c1c#cn2scnsn2s1
1401,arene_1286,c1cn2cnnc2[nH]1,aryne_1402,c1[nH]c2nncn2c#1
1402,arene_1287,O=c1ccn2c(=O)cnnc2o1,aryne_1403,O=c1c#cn2c(=O)cnnc2o1
1403,arene_1289,O=c1cc2c(=O)[nH]ccn2c(=O)s1,aryne_1404,O=c1cc2c(=O)[nH]c#cn2c(=O)s1
1404,arene_1290,O=c1nnn2sc(=O)ccc2n1,aryne_1405,O=c1nnn2sc(=O)c#cc2n1
1405,arene_1291,O=c1ccc2c(=O)ncsc2o1,aryne_1406,O=c1c#cc2c(=O)ncsc2o1
1406,arene_1292,O=c1[nH]c2nccn2o1,aryne_1407,O=c1[nH]c2nc#cn2o1
1407,arene_1293,O=c1ccc2nn[nH]c(=O)c2[nH]1,aryne_1408,O=c1c#cc2nn[nH]c(=O)c2[nH]1
1408,arene_1294,O=c1ncnc2nnccn12,aryne_1409,O=c1ncnc2nnc#cn12
1409,arene_1295,O=c1cnn2ccc(=O)c(=O)n2o1,aryne_1410,O=c1cnn2c#cc(=O)c(=O)n2o1
1410,arene_1296,O=c1scc2c(=O)[nH]ccn2c1=O,aryne_1411,O=c1scc2c(=O)[nH]c#cn2c1=O
1411,arene_1297,O=c1[nH]c2c(=O)[nH]ccc2c(=O)o1,aryne_1412,O=c1[nH]c2c(=O)[nH]c#cc2c(=O)o1
1412,arene_1298,O=c1cc2[nH]cc[nH]n-2c(=O)c1=O,aryne_1413,O=c1cc2[nH]c#c[nH]n-2c(=O)c1=O
1413,arene_1299,O=c1nc2c(=O)cc[nH]n2c(=O)o1,aryne_1414,O=c1nc2c(=O)c#c[nH]n2c(=O)o1
1414,arene_1301,O=c1ncon2sccon12,aryne_1415,O=c1ncon2sc#con12
1415,arene_1302,O=c1ccn2c(=O)ncc(=O)n2o1,aryne_1416,O=c1c#cn2c(=O)ncc(=O)n2o1
1416,arene_1303,O=c1ccc2snc[nH]c=2c1=O,aryne_1417,O=c1c#cc2snc[nH]c=2c1=O
1417,arene_1304,c1c[nH]c2onnoc=2[nH]1,aryne_1418,c1[nH]c2onnoc=2[nH]c#1
1418,arene_1305,O=c1nc2[nH]ccoc-2nc1=O,aryne_1419,O=c1nc2[nH]c#coc-2nc1=O
1419,arene_1306,O=c1ccn2ocnn2c1=O,aryne_1420,O=c1c#cn2ocnn2c1=O
1420,arene_1307,O=c1cc[nH]n2c(=O)cccc12,aryne_1421,O=c1c#c[nH]n2c(=O)cccc12
1421,arene_1307,O=c1cc[nH]n2c(=O)cccc12,aryne_1422,O=c1cc[nH]n2c(=O)c#ccc12
1422,arene_1308,c1ccn2sccsn2c1,aryne_1423,c1ccn2sccsn2c#1
1423,arene_1308,c1ccn2sccsn2c1,aryne_1424,c1sn2ccccn2sc#1
1424,arene_1309,O=c1cc2cc[nH]c(=O)n2c(=O)[nH]1,aryne_1425,O=c1cc2c#c[nH]c(=O)n2c(=O)[nH]1
1425,arene_1311,O=c1ccoc2cnoc12,aryne_1426,O=c1c#coc2cnoc12
1426,arene_1312,O=c1ccn2c(=O)sccn12,aryne_1427,O=c1sccn2c(=O)c#cn12
1427,arene_1312,O=c1ccn2c(=O)sccn12,aryne_1428,O=c1ccn2c(=O)sc#cn12
1428,arene_1313,O=c1ccsn2c(=O)nnn12,aryne_1429,O=c1c#csn2c(=O)nnn12
1429,arene_1314,O=c1ccn2c(=O)ncsc2c1,aryne_1430,O=c1c#cn2c(=O)ncsc2c1
1430,arene_1315,c1cn2ncnc2nn1,aryne_1431,c1nnc2ncnn2c#1
1431,arene_1316,O=c1nnn2ccc(=O)c(=O)n2s1,aryne_1432,O=c1nnn2c#cc(=O)c(=O)n2s1
1432,arene_1317,O=c1[nH]ccn2scn[nH]n12,aryne_1433,O=c1[nH]c#cn2scn[nH]n12
1433,arene_1318,c1cnc2nnccc2c1,aryne_1434,c1cc2ccnnc2nc#1
1434,arene_1318,c1cnc2nnccc2c1,aryne_1435,c1cnc2nnccc2c#1
1435,arene_1318,c1cnc2nnccc2c1,aryne_1436,c1nnc2ncccc2c#1
1436,arene_1319,O=c1oc(=O)c2nccnc2s1,aryne_1437,O=c1oc(=O)c2nc#cnc2s1
1437,arene_1320,O=c1nc2ccsc(=O)c2no1,aryne_1438,O=c1nc2c#csc(=O)c2no1
1438,arene_1321,O=c1oc(=O)c2c(=O)[nH]ccc2s1,aryne_1439,O=c1oc(=O)c2c(=O)[nH]c#cc2s1
1439,arene_1322,O=c1ccc2oc(=O)oc(=O)c2[nH]1,aryne_1440,O=c1c#cc2oc(=O)oc(=O)c2[nH]1
1440,arene_1323,O=c1ccn2c(=O)ccsc2n1,aryne_1441,O=c1c#cn2c(=O)ccsc2n1
1441,arene_1323,O=c1ccn2c(=O)ccsc2n1,aryne_1442,O=c1ccn2c(=O)c#csc2n1
1442,arene_1324,O=c1scnc2occc12,aryne_1443,O=c1scnc2oc#cc12
1443,arene_1325,O=c1ccsc2n[nH]cc12,aryne_1444,O=c1c#csc2n[nH]cc12
1444,arene_1326,O=c1ncc2ncccc2[nH]1,aryne_1445,O=c1ncc2nc#ccc2[nH]1
1445,arene_1326,O=c1ncc2ncccc2[nH]1,aryne_1446,O=c1ncc2ncc#cc2[nH]1
1446,arene_1327,O=c1ccc2cc(=O)scc2o1,aryne_1447,O=c1c#cc2cc(=O)scc2o1
1447,arene_1328,O=c1cc[nH]c2[nH]cnc12,aryne_1448,O=c1c#c[nH]c2[nH]cnc12
1448,arene_1329,c1cn2snc[nH]c-2c[nH]1,aryne_1449,c1[nH]cc2[nH]cnsn-2c#1
1449,arene_1330,c1cocn1,aryne_1450,c1ncoc#1
1450,arene_1331,O=c1occ2c(=O)cc[nH]n2c1=O,aryne_1451,O=c1occ2c(=O)c#c[nH]n2c1=O
1451,arene_1332,O=c1[nH]ccc2cnoc12,aryne_1452,O=c1[nH]c#cc2cnoc12
1452,arene_1333,c1csn2cn[nH]nc-2[nH]1,aryne_1453,c1[nH]c2n[nH]ncn-2sc#1
1453,arene_1334,c1cc2ocnn2c1,aryne_1454,c1cc2ocnn2c#1
1454,arene_1335,O=c1cc2ccsc(=O)n2cn1,aryne_1455,O=c1cc2c#csc(=O)n2cn1
1455,arene_1336,O=c1nc2occoc-2nc1=O,aryne_1456,O=c1nc2oc#coc-2nc1=O
1456,arene_1337,O=c1sc2cccn2sc1=O,aryne_1457,O=c1sc2cc#cn2sc1=O
1457,arene_1338,O=c1[nH]cc2cccnn12,aryne_1458,O=c1[nH]cc2c#ccnn12
1458,arene_1339,O=c1ccn2sccsn2[nH]1,aryne_1459,O=c1c#cn2sccsn2[nH]1
1459,arene_1339,O=c1ccn2sccsn2[nH]1,aryne_1460,O=c1ccn2sc#csn2[nH]1
1460,arene_1340,O=c1[nH]c2ccnnc2c(=O)s1,aryne_1461,O=c1[nH]c2c#cnnc2c(=O)s1
1461,arene_1341,O=c1cc[nH]nc1,aryne_1462,O=c1c#c[nH]nc1
1462,arene_1342,O=c1ccn2c(=O)c(=O)c(=O)[nH]n2o1,aryne_1463,O=c1c#cn2c(=O)c(=O)c(=O)[nH]n2o1
1463,arene_1343,O=c1ccn2nccc2s1,aryne_1464,O=c1c#cn2nccc2s1
1464,arene_1344,c1cc2cnncc2nn1,aryne_1465,c1nnc2cnncc2c#1
1465,arene_1345,O=c1ccsn2scnon12,aryne_1466,O=c1c#csn2scnon12
1466,arene_1346,O=c1[nH]c(=O)c2occc(=O)c2s1,aryne_1467,O=c1[nH]c(=O)c2oc#cc(=O)c2s1
1467,arene_1348,O=c1nnc2ccnnc2s1,aryne_1468,O=c1nnc2c#cnnc2s1
1468,arene_1349,O=c1cc[nH]n2c(=O)ccn12,aryne_1469,O=c1c#c[nH]n2c(=O)ccn12
1469,arene_1349,O=c1cc[nH]n2c(=O)ccn12,aryne_1470,O=c1cc[nH]n2c(=O)c#cn12
1470,arene_1350,O=c1scc2c(=O)cc[nH]n2c1=O,aryne_1471,O=c1scc2c(=O)c#c[nH]n2c1=O
1471,arene_1351,O=c1[nH]cc2ccsn2c1=O,aryne_1472,O=c1[nH]cc2c#csn2c1=O
1472,arene_1352,O=c1ccn2scnon2o1,aryne_1473,O=c1c#cn2scnon2o1
1473,arene_1353,O=c1oc(=O)c2ccccc2o1,aryne_1474,O=c1oc(=O)c2c#cccc2o1
1474,arene_1353,O=c1oc(=O)c2ccccc2o1,aryne_1475,O=c1oc(=O)c2cc#ccc2o1
1475,arene_1353,O=c1oc(=O)c2ccccc2o1,aryne_1476,O=c1oc(=O)c2ccc#cc2o1
1476,arene_1354,O=c1c(=O)c(=O)c2c(=O)ccoc2c1=O,aryne_1477,O=c1c(=O)c(=O)c2c(=O)c#coc2c1=O
1477,arene_1355,O=c1ccn2snnc(=O)n12,aryne_1478,O=c1c#cn2snnc(=O)n12
1478,arene_1356,O=c1[nH]n2ccnc2s1,aryne_1479,O=c1[nH]n2c#cnc2s1
1479,arene_1357,O=c1ncn2c(=O)[nH]ccn2c1=O,aryne_1480,O=c1ncn2c(=O)[nH]c#cn2c1=O
1480,arene_1358,O=c1ccsn2[nH]ncon12,aryne_1481,O=c1c#csn2[nH]ncon12
1481,arene_1359,O=c1ccn2sccon2o1,aryne_1482,O=c1c#cn2sccon2o1
1482,arene_1359,O=c1ccn2sccon2o1,aryne_1483,O=c1ccn2sc#con2o1
1483,arene_1360,O=c1ncn2nnccn12,aryne_1484,O=c1ncn2nnc#cn12
1484,arene_1361,c1cc2oncc2[nH]1,aryne_1485,c1[nH]c2cnoc2c#1
1485,arene_1362,c1cn2oncsn2nn1,aryne_1486,c1nnn2scnon2c#1
1486,arene_1363,O=c1nnsn2occsn12,aryne_1487,O=c1nnsn2oc#csn12
1487,arene_1364,O=c1ccoc2c(=O)cc[nH]c12,aryne_1488,O=c1c#coc2c(=O)cc[nH]c12
1488,arene_1364,O=c1ccoc2c(=O)cc[nH]c12,aryne_1489,O=c1ccoc2c(=O)c#c[nH]c12
1489,arene_1365,O=c1ocnc2nccn12,aryne_1490,O=c1ocnc2nc#cn12
1490,arene_1367,c1nsc2csccn-2[nH]1,aryne_1491,c1scc2snc[nH]n-2c#1
1491,arene_1368,O=c1cnc2ccsc2[nH]1,aryne_1492,O=c1cnc2c#csc2[nH]1
1492,arene_1369,O=c1ccc2cnc(=O)c(=O)c=2c1=O,aryne_1493,O=c1c#cc2cnc(=O)c(=O)c=2c1=O
1493,arene_1370,c1cc2c[nH]nc2[nH]1,aryne_1494,c1[nH]c2n[nH]cc2c#1
1494,arene_1371,O=c1oncn2occon12,aryne_1495,O=c1oncn2oc#con12
1495,arene_1372,O=c1sc2[nH]ccoc=2c1=O,aryne_1496,O=c1sc2[nH]c#coc=2c1=O
1496,arene_1373,O=c1ccc2csccn-2c1=O,aryne_1497,O=c1c#cc2csccn-2c1=O
1497,arene_1373,O=c1ccc2csccn-2c1=O,aryne_1498,O=c1ccc2csc#cn-2c1=O
1498,arene_1374,c1cnc2cnccc2c1,aryne_1499,c1cc2ccncc2nc#1
1499,arene_1374,c1cnc2cnccc2c1,aryne_1500,c1cnc2cnccc2c#1
1500,arene_1374,c1cnc2cnccc2c1,aryne_1501,c1ncc2ncccc2c#1
1501,arene_1375,O=c1nc2c(=O)[nH]ccc2c[nH]1,aryne_1502,O=c1nc2c(=O)[nH]c#cc2c[nH]1
1502,arene_1376,c1c[nH]n2cn[nH]cc-2[nH]1,aryne_1503,c1[nH]c2c[nH]ncn-2[nH]c#1
1503,arene_1377,O=c1occn2onnsn12,aryne_1504,O=c1oc#cn2onnsn12
1504,arene_1378,O=c1[nH]c(=O)c2cccc(=O)n2o1,aryne_1505,O=c1[nH]c(=O)c2cc#cc(=O)n2o1
1505,arene_1379,O=c1[nH]n2ccsc(=O)n2c(=O)c1=O,aryne_1506,O=c1[nH]n2c#csc(=O)n2c(=O)c1=O
1506,arene_1380,O=c1ncn2ncccn2c1=O,aryne_1507,O=c1ncn2ncc#cn2c1=O
1507,arene_1381,O=c1ccc2[nH]cnc(=O)c2[nH]1,aryne_1508,O=c1c#cc2[nH]cnc(=O)c2[nH]1
1508,arene_1382,O=c1[nH]cc2occc(=O)n2c1=O,aryne_1509,O=c1[nH]cc2oc#cc(=O)n2c1=O
1509,arene_1383,O=c1cc2ccncn2c(=O)[nH]1,aryne_1510,O=c1cc2c#cncn2c(=O)[nH]1
1510,arene_1384,O=c1cc2sccc2no1,aryne_1511,O=c1cc2sc#cc2no1
1511,arene_1385,O=c1cnc2c(=O)ccoc2[nH]1,aryne_1512,O=c1cnc2c(=O)c#coc2[nH]1
1512,arene_1386,O=c1ccc2sc(=O)c(=O)sc2o1,aryne_1513,O=c1c#cc2sc(=O)c(=O)sc2o1
1513,arene_1387,c1coc2snnoc=2o1,aryne_1514,c1oc2onnsc=2oc#1
1514,arene_1388,O=c1ncn2occ[nH]n2o1,aryne_1515,O=c1ncn2oc#c[nH]n2o1
1515,arene_1389,c1cc2nocc2cn1,aryne_1516,c1ncc2conc2c#1
1516,arene_1390,O=c1cc2c(=O)c(=O)ccc-2nc1=O,aryne_1517,O=c1c#cc2nc(=O)c(=O)cc-2c1=O
1517,arene_1391,O=c1cnc2occ[nH]c=2c1=O,aryne_1518,O=c1cnc2oc#c[nH]c=2c1=O
1518,arene_1392,O=c1sc2occc(=O)c2sc1=O,aryne_1519,O=c1sc2oc#cc(=O)c2sc1=O
1519,arene_1393,O=c1ccc2nncn2o1,aryne_1520,O=c1c#cc2nncn2o1
1520,arene_1394,O=c1ccc2c(=O)scnc2[nH]1,aryne_1521,O=c1c#cc2c(=O)scnc2[nH]1
1521,arene_1395,O=c1ncc2c(=O)occc2o1,aryne_1522,O=c1ncc2c(=O)oc#cc2o1
1522,arene_1396,O=c1nc2ccsc(=O)c2c[nH]1,aryne_1523,O=c1nc2c#csc(=O)c2c[nH]1
1523,arene_1397,O=c1cc2c(=O)ccoc2ns1,aryne_1524,O=c1cc2c(=O)c#coc2ns1
1524,arene_1398,c1csn2nn[nH]nc-2s1,aryne_1525,c1sc2n[nH]nnn-2sc#1
1525,arene_1399,O=c1cc2cccnc2n[nH]1,aryne_1526,O=c1cc2c#ccnc2n[nH]1
1526,arene_1400,O=c1snnn2scc[nH]n12,aryne_1527,O=c1snnn2sc#c[nH]n12
1527,arene_1401,c1csc2c[nH]ncn-2[nH]1,aryne_1528,c1[nH]n2cn[nH]cc-2sc#1
1528,arene_1402,O=c1sccn2c(=O)occ12,aryne_1529,O=c1sc#cn2c(=O)occ12
1529,arene_1403,O=c1nn[nH]n2c(=O)cccc12,aryne_1530,O=c1nn[nH]n2c(=O)c#ccc12
1530,arene_1404,c1cn2[nH]cnon2nn1,aryne_1531,c1nnn2onc[nH]n2c#1
1531,arene_1405,c1ccc2nnncc2c1,aryne_1532,c1cc2cnnnc2cc#1
1532,arene_1405,c1ccc2nnncc2c1,aryne_1533,c1ccc2nnncc2c#1
1533,arene_1405,c1ccc2nnncc2c1,aryne_1534,c1ccc2cnnnc2c#1
1534,arene_1406,O=c1nc2nnccn2c(=O)o1,aryne_1535,O=c1nc2nnc#cn2c(=O)o1
1535,arene_1407,O=c1nc2ccncc2co1,aryne_1536,O=c1nc2c#cncc2co1
1536,arene_1408,O=c1ccn2ncsc(=O)n12,aryne_1537,O=c1c#cn2ncsc(=O)n12
1537,arene_1409,O=c1ccn2[nH]ccon2o1,aryne_1538,O=c1c#cn2[nH]ccon2o1
1538,arene_1409,O=c1ccn2[nH]ccon2o1,aryne_1539,O=c1ccn2[nH]c#con2o1
1539,arene_1410,c1ccc2nncnc2c1,aryne_1540,c1cc2ncnnc2cc#1
1540,arene_1410,c1ccc2nncnc2c1,aryne_1541,c1ccc2nncnc2c#1
1541,arene_1410,c1ccc2nncnc2c1,aryne_1542,c1ccc2ncnnc2c#1
1542,arene_1412,O=c1cc[nH]c2c(=O)nc[nH]c12,aryne_1543,O=c1c#c[nH]c2c(=O)nc[nH]c12
1543,arene_1413,O=c1[nH]c2ccccc2[nH]1,aryne_1544,O=c1[nH]c2c#cccc2[nH]1
1544,arene_1413,O=c1[nH]c2ccccc2[nH]1,aryne_1545,O=c1[nH]c2cc#ccc2[nH]1
1545,arene_1414,c1cnn2[nH]ncsn2c1,aryne_1546,c1cnn2[nH]ncsn2c#1
1546,arene_1415,O=c1nc2sccsn-2c1=O,aryne_1547,O=c1nc2sc#csn-2c1=O
1547,arene_1416,O=c1nnnc2ncccn12,aryne_1548,O=c1nnnc2ncc#cn12
1548,arene_1417,O=c1[nH]c2[nH]cc[nH]c=2c(=O)c1=O,aryne_1549,O=c1[nH]c2[nH]c#c[nH]c=2c(=O)c1=O
1549,arene_1418,O=c1on2[nH]ccon2o1,aryne_1550,O=c1on2[nH]c#con2o1
1550,arene_1419,O=c1occc2c(=O)sccc12,aryne_1551,O=c1sccc2c(=O)oc#cc12
1551,arene_1419,O=c1occc2c(=O)sccc12,aryne_1552,O=c1occc2c(=O)sc#cc12
1552,arene_1420,O=c1c(=O)c2cccc(=O)n2c1=O,aryne_1553,O=c1c(=O)c2cc#cc(=O)n2c1=O
1553,arene_1421,O=c1ccn2cn[nH]c(=O)c2c1,aryne_1554,O=c1c#cn2cn[nH]c(=O)c2c1
1554,arene_1422,O=c1cccc2onnn12,aryne_1555,O=c1c#ccc2onnn12
1555,arene_1423,c1cc2cocc2s1,aryne_1556,c1sc2cocc2c#1
1556,arene_1424,O=c1ncn2[nH]ccsn2[nH]1,aryne_1557,O=c1ncn2[nH]c#csn2[nH]1
1557,arene_1425,O=c1[nH]c(=O)c2c(=O)[nH]ccc2o1,aryne_1558,O=c1[nH]c(=O)c2c(=O)[nH]c#cc2o1
1558,arene_1426,O=c1ccc2nsc(=O)cc2o1,aryne_1559,O=c1c#cc2nsc(=O)cc2o1
1559,arene_1427,O=c1ncsc2cccn12,aryne_1560,O=c1ncsc2cc#cn12
1560,arene_1428,O=c1oc2nccc(=O)n2oc1=O,aryne_1561,O=c1oc2nc#cc(=O)n2oc1=O
1561,arene_1429,O=c1cnnc2ccoc(=O)n12,aryne_1562,O=c1cnnc2c#coc(=O)n12
1562,arene_1430,c1nn2sccoc-2no1,aryne_1563,c1oc2nocnn-2sc#1
1563,arene_1431,O=c1oc(=O)c2nccc(=O)n2o1,aryne_1564,O=c1oc(=O)c2nc#cc(=O)n2o1
1564,arene_1432,O=c1[nH]c(=O)c2ccnnc2[nH]1,aryne_1565,O=c1[nH]c(=O)c2c#cnnc2[nH]1
1565,arene_1434,O=c1ccoc(=O)o1,aryne_1566,O=c1c#coc(=O)o1
1566,arene_1435,c1cn2[nH]cn[nH]n2cn1,aryne_1567,c1ncn2[nH]nc[nH]n2c#1
1567,arene_1436,O=c1ccc2c(=O)sc(=O)[nH]c2[nH]1,aryne_1568,O=c1c#cc2c(=O)sc(=O)[nH]c2[nH]1
1568,arene_1437,c1con2ncscc-2o1,aryne_1569,c1oc2cscnn-2oc#1
1569,arene_1438,O=c1ccc(=O)c2sccoc1=2,aryne_1570,O=c1c#cc(=O)c2sccoc1=2
1570,arene_1438,O=c1ccc(=O)c2sccoc1=2,aryne_1571,O=c1ccc(=O)c2sc#coc1=2
1571,arene_1439,O=c1cc2sccsc-2c1,aryne_1572,O=c1cc2sc#csc-2c1
1572,arene_1440,O=c1onc2c(=O)ccon2c1=O,aryne_1573,O=c1onc2c(=O)c#con2c1=O
1573,arene_1441,O=c1ncn2[nH]cc[nH]n2s1,aryne_1574,O=c1ncn2[nH]c#c[nH]n2s1
1574,arene_1442,O=c1nnc2cccn2o1,aryne_1575,O=c1nnc2cc#cn2o1
1575,arene_1443,O=c1cnn2[nH]ccn2c1=O,aryne_1576,O=c1cnn2[nH]c#cn2c1=O
1576,arene_1444,O=c1cc2cc[nH]c(=O)c2ns1,aryne_1577,O=c1cc2c#c[nH]c(=O)c2ns1
1577,arene_1445,O=c1ccsn2occ[nH]n12,aryne_1578,O=c1c#csn2occ[nH]n12
1578,arene_1445,O=c1ccsn2occ[nH]n12,aryne_1579,O=c1ccsn2oc#c[nH]n12
1579,arene_1446,O=c1sc(=O)c2occc(=O)c2s1,aryne_1580,O=c1sc(=O)c2oc#cc(=O)c2s1
1580,arene_1447,O=c1[nH]c2nccnc2c(=O)s1,aryne_1581,O=c1[nH]c2nc#cnc2c(=O)s1
1581,arene_1448,O=c1ccnc2[nH]cnc(=O)n12,aryne_1582,O=c1c#cnc2[nH]cnc(=O)n12
1582,arene_1449,O=c1cc2cc[nH]c(=O)n2c(=O)o1,aryne_1583,O=c1cc2c#c[nH]c(=O)n2c(=O)o1
1583,arene_1450,O=c1occc2nnoc(=O)c12,aryne_1584,O=c1oc#cc2nnoc(=O)c12
1584,arene_1451,O=c1cc2[nH]ccoc-2n1,aryne_1585,O=c1cc2[nH]c#coc-2n1
1585,arene_1452,O=c1occc2nocc12,aryne_1586,O=c1oc#cc2nocc12
1586,arene_1453,O=c1ccc(=O)c2c(=O)c(=O)nnc1=2,aryne_1587,O=c1c#cc(=O)c2c(=O)c(=O)nnc1=2
1587,arene_1454,O=c1ccsc2ncsc12,aryne_1588,O=c1c#csc2ncsc12
1588,arene_1455,O=c1ccc2ccsc(=O)c2[nH]1,aryne_1589,O=c1c#cc2ccsc(=O)c2[nH]1
1589,arene_1455,O=c1ccc2ccsc(=O)c2[nH]1,aryne_1590,O=c1ccc2c#csc(=O)c2[nH]1
1590,arene_1456,O=c1cc[nH]c2nocc12,aryne_1591,O=c1c#c[nH]c2nocc12
1591,arene_1457,O=c1snc2occn2c1=O,aryne_1592,O=c1snc2oc#cn2c1=O
1592,arene_1458,c1cnc2ncncc2c1,aryne_1593,c1cc2cncnc2nc#1
1593,arene_1458,c1cnc2ncncc2c1,aryne_1594,c1cnc2ncncc2c#1
1594,arene_1459,O=c1cc2nnccn2c(=O)s1,aryne_1595,O=c1cc2nnc#cn2c(=O)s1
1595,arene_1461,O=c1cnc2ccoc2[nH]1,aryne_1596,O=c1cnc2c#coc2[nH]1
1596,arene_1462,O=c1ccsnn1,aryne_1597,O=c1c#csnn1
1597,arene_1463,O=c1ccn2c(=O)c(=O)c(=O)sn2s1,aryne_1598,O=c1c#cn2c(=O)c(=O)c(=O)sn2s1
1598,arene_1464,O=c1nc2c(=O)ccsc2ns1,aryne_1599,O=c1nc2c(=O)c#csc2ns1
1599,arene_1465,c1ncn2[nH]cc[nH]n2n1,aryne_1600,c1[nH]n2cncnn2[nH]c#1
1600,arene_1466,c1csn2onnn2s1,aryne_1601,c1sn2nnon2sc#1
1601,arene_1467,c1cn2[nH]ncsc-2cs1,aryne_1602,c1scc2scn[nH]n-2c#1
1602,arene_1468,O=c1cnn2ncccc2n1,aryne_1603,O=c1cnn2ncc#cc2n1
1603,arene_1469,O=c1ccsc2cnsc12,aryne_1604,O=c1c#csc2cnsc12
1604,arene_1470,O=c1ccn2nnncc2n1,aryne_1605,O=c1c#cn2nnncc2n1
1605,arene_1471,O=c1nn[nH]n2[nH]ccon12,aryne_1606,O=c1nn[nH]n2[nH]c#con12
1606,arene_1472,O=c1ccn2c(=O)[nH]ccc2n1,aryne_1607,O=c1c#cn2c(=O)[nH]ccc2n1
1607,arene_1472,O=c1ccn2c(=O)[nH]ccc2n1,aryne_1608,O=c1ccn2c(=O)[nH]c#cc2n1
1608,arene_1473,O=c1sccn2[nH]ccsn12,aryne_1609,O=c1sc#cn2[nH]ccsn12
1609,arene_1473,O=c1sccn2[nH]ccsn12,aryne_1610,O=c1sccn2[nH]c#csn12
1610,arene_1474,O=c1nnc(=O)c2occoc1=2,aryne_1611,O=c1nnc(=O)c2oc#coc1=2
1611,arene_1475,c1cnc2ncnnc2c1,aryne_1612,c1cc2nncnc2nc#1
1612,arene_1475,c1cnc2ncnnc2c1,aryne_1613,c1cnc2ncnnc2c#1
1613,arene_1476,O=c1ccon2occ[nH]n12,aryne_1614,O=c1c#con2occ[nH]n12
1614,arene_1476,O=c1ccon2occ[nH]n12,aryne_1615,O=c1ccon2oc#c[nH]n12
1615,arene_1477,c1csc2snnoc=2o1,aryne_1616,c1oc2onnsc=2sc#1
1616,arene_1478,O=c1ccoc(=O)[nH]1,aryne_1617,O=c1c#coc(=O)[nH]1
1617,arene_1479,O=c1ccnn[nH]1,aryne_1618,O=c1c#cnn[nH]1
1618,arene_1480,O=c1[nH]c(=O)c2sccc2s1,aryne_1619,O=c1[nH]c(=O)c2sc#cc2s1
1619,arene_1481,O=c1sccc2ncoc12,aryne_1620,O=c1sc#cc2ncoc12
1620,arene_1482,O=c1ccn2[nH]nnc(=O)n12,aryne_1621,O=c1c#cn2[nH]nnc(=O)n12
1621,arene_1483,O=c1ccn2[nH]ccc2c1,aryne_1622,O=c1c#cn2[nH]ccc2c1
1622,arene_1483,O=c1ccn2[nH]ccc2c1,aryne_1623,O=c1ccn2[nH]c#cc2c1
1623,arene_1484,O=c1ncnc2ccccn12,aryne_1624,O=c1ncnc2c#cccn12
1624,arene_1484,O=c1ncnc2ccccn12,aryne_1625,O=c1ncnc2ccc#cn12
1625,arene_1486,O=c1cc2ccoc(=O)c2no1,aryne_1626,O=c1cc2c#coc(=O)c2no1
1626,arene_1487,O=c1cc2occc(=O)c2no1,aryne_1627,O=c1cc2oc#cc(=O)c2no1
1627,arene_1488,c1cn2oncoc-2no1,aryne_1628,c1onc2ocnon-2c#1
1628,arene_1489,c1csc2nonnn-2o1,aryne_1629,c1on2nnonc-2sc#1
1629,arene_1490,O=c1ccn2[nH]ncsn2[nH]1,aryne_1630,O=c1c#cn2[nH]ncsn2[nH]1
1630,arene_1491,c1cc2[nH]ccc2[nH]1,aryne_1631,c1[nH]c2cc[nH]c2c#1
1631,arene_1492,O=c1occn2[nH]nnsn12,aryne_1632,O=c1oc#cn2[nH]nnsn12
1632,arene_1493,O=c1cc2oc(=O)ccn2cn1,aryne_1633,O=c1cc2oc(=O)c#cn2cn1
1633,arene_1494,O=c1ccn2ccoc(=O)n2c1=O,aryne_1634,O=c1c#cn2ccoc(=O)n2c1=O
1634,arene_1494,O=c1ccn2ccoc(=O)n2c1=O,aryne_1635,O=c1ccn2c#coc(=O)n2c1=O
1635,arene_1495,O=c1[nH]cnn2c(=O)ccnc12,aryne_1636,O=c1[nH]cnn2c(=O)c#cnc12
1636,arene_1496,O=c1cccc2ncnnn12,aryne_1637,O=c1c#ccc2ncnnn12
1637,arene_1497,O=c1ccoc2cncc(=O)n12,aryne_1638,O=c1c#coc2cncc(=O)n12
1638,arene_1498,O=c1ccn2cnsn12,aryne_1639,O=c1c#cn2cnsn12
1639,arene_1499,c1cc2conc2o1,aryne_1640,c1oc2nocc2c#1
1640,arene_1500,O=c1oc(=O)n2cconc1-2,aryne_1641,O=c1oc(=O)n2c#conc1-2
1641,arene_1501,O=c1scc2cc[nH]n2c1=O,aryne_1642,O=c1scc2c#c[nH]n2c1=O
1642,arene_1502,O=c1[nH]ccc2ncccc12,aryne_1643,O=c1[nH]c#cc2ncccc12
1643,arene_1502,O=c1[nH]ccc2ncccc12,aryne_1644,O=c1[nH]ccc2nc#ccc12
1644,arene_1502,O=c1[nH]ccc2ncccc12,aryne_1645,O=c1[nH]ccc2ncc#cc12
1645,arene_1503,O=c1[nH]cnn2c(=O)ccn12,aryne_1646,O=c1[nH]cnn2c(=O)c#cn12
1646,arene_1504,O=c1ccn2nccnn12,aryne_1647,O=c1c#cn2nccnn12
1647,arene_1505,c1cnc2ocnc2c1,aryne_1648,c1cc2ncoc2nc#1
1648,arene_1505,c1cnc2ocnc2c1,aryne_1649,c1cnc2ocnc2c#1
1649,arene_1506,O=c1ccn2ccsc(=O)n12,aryne_1650,O=c1c#cn2ccsc(=O)n12
1650,arene_1506,O=c1ccn2ccsc(=O)n12,aryne_1651,O=c1ccn2c#csc(=O)n12
1651,arene_1507,O=c1nnc2c(=O)cc[nH]c2[nH]1,aryne_1652,O=c1nnc2c(=O)c#c[nH]c2[nH]1
1652,arene_1508,c1csn2ccon2[nH]1,aryne_1653,c1[nH]n2occn2sc#1
1653,arene_1508,c1csn2ccon2[nH]1,aryne_1654,c1on2[nH]ccsn2c#1
1654,arene_1509,O=c1[nH]c(=O)c2ccoc2o1,aryne_1655,O=c1[nH]c(=O)c2c#coc2o1
1655,arene_1510,O=c1oc2[nH]ccc(=O)c2sc1=O,aryne_1656,O=c1oc2[nH]c#cc(=O)c2sc1=O
1656,arene_1511,c1con2oncn2[nH]1,aryne_1657,c1[nH]n2cnon2oc#1
1657,arene_1512,O=c1ccc2c[nH]nc2o1,aryne_1658,O=c1c#cc2c[nH]nc2o1
1658,arene_1513,O=c1[nH]c(=O)c2sccsc1=2,aryne_1659,O=c1[nH]c(=O)c2sc#csc1=2
1659,arene_1514,O=c1ccc2nsc(=O)c(=O)n2s1,aryne_1660,O=c1c#cc2nsc(=O)c(=O)n2s1
1660,arene_1515,O=c1ccc2c(=O)nnoc2s1,aryne_1661,O=c1c#cc2c(=O)nnoc2s1
1661,arene_1516,O=c1ccc(=O)n2ncccn12,aryne_1662,O=c1c#cc(=O)n2ncccn12
1662,arene_1516,O=c1ccc(=O)n2ncccn12,aryne_1663,O=c1ccc(=O)n2ncc#cn12
1663,arene_1517,O=c1cc2ncccn2nn1,aryne_1664,O=c1cc2ncc#cn2nn1
1664,arene_1518,O=c1nnc(=O)c2[nH]cc[nH]c1=2,aryne_1665,O=c1nnc(=O)c2[nH]c#c[nH]c1=2
1665,arene_1519,O=c1sc(=O)n2sccon2s1,aryne_1666,O=c1sc(=O)n2sc#con2s1
1666,arene_1520,O=c1[nH]n2c(=O)ccn2o1,aryne_1667,O=c1[nH]n2c(=O)c#cn2o1
1667,arene_1521,O=c1oc(=O)c2nccn2s1,aryne_1668,O=c1oc(=O)c2nc#cn2s1
1668,arene_1522,O=c1nnsn2occon12,aryne_1669,O=c1nnsn2oc#con12
1669,arene_1523,c1cc2nncnn2c1,aryne_1670,c1cc2nncnn2c#1
1670,arene_1524,c1csn2[nH]cnn2[nH]1,aryne_1671,c1[nH]n2nc[nH]n2sc#1
1671,arene_1525,O=c1ncon2c(=O)ccn12,aryne_1672,O=c1ncon2c(=O)c#cn12
1672,arene_1526,O=c1ccc2ncsc2[nH]1,aryne_1673,O=c1c#cc2ncsc2[nH]1
1673,arene_1527,O=c1ccc2nsnc2s1,aryne_1674,O=c1c#cc2nsnc2s1
1674,arene_1528,O=c1oc(=O)n2occn12,aryne_1675,O=c1oc(=O)n2oc#cn12
1675,arene_1529,O=c1ccc2ccoc2s1,aryne_1676,O=c1c#cc2ccoc2s1
1676,arene_1529,O=c1ccc2ccoc2s1,aryne_1677,O=c1ccc2c#coc2s1
1677,arene_1530,O=c1ccc2c[nH]cc2[nH]1,aryne_1678,O=c1c#cc2c[nH]cc2[nH]1
1678,arene_1531,O=c1nnn2[nH]ccon2s1,aryne_1679,O=c1nnn2[nH]c#con2s1
1679,arene_1532,O=c1nc2occc(=O)c2co1,aryne_1680,O=c1nc2oc#cc(=O)c2co1
1680,arene_1533,O=c1nnsc2cccnc12,aryne_1681,O=c1nnsc2c#ccnc12
1681,arene_1533,O=c1nnsc2cccnc12,aryne_1682,O=c1nnsc2cc#cnc12
1682,arene_1534,O=c1[nH]nc2cc[nH]n12,aryne_1683,O=c1[nH]nc2c#c[nH]n12
1683,arene_1535,O=c1ccn2cn[nH]n2c1=O,aryne_1684,O=c1c#cn2cn[nH]n2c1=O
1684,arene_1536,O=c1ccc(=O)n2nconc1-2,aryne_1685,O=c1c#cc(=O)n2nconc1-2
1685,arene_1537,O=c1nnn2sccn12,aryne_1686,O=c1nnn2sc#cn12
1686,arene_1538,c1con2nn[nH]n2[nH]1,aryne_1687,c1[nH]n2[nH]nnn2oc#1
1687,arene_1539,O=c1oc2c(=O)ccoc2sc1=O,aryne_1688,O=c1oc2c(=O)c#coc2sc1=O
1688,arene_1540,O=c1ccc2cccnc2o1,aryne_1689,O=c1c#cc2cccnc2o1
1689,arene_1540,O=c1ccc2cccnc2o1,aryne_1690,O=c1ccc2c#ccnc2o1
1690,arene_1540,O=c1ccc2cccnc2o1,aryne_1691,O=c1ccc2cc#cnc2o1
1691,arene_1541,O=c1oc2[nH]ccc(=O)c2o1,aryne_1692,O=c1oc2[nH]c#cc(=O)c2o1
1692,arene_1542,c1cn2sncsn2o1,aryne_1693,c1on2scnsn2c#1
1693,arene_1543,O=c1[nH]c(=O)n2c(=O)cccc2[nH]1,aryne_1694,O=c1[nH]c(=O)n2c(=O)c#ccc2[nH]1
1694,arene_1544,O=c1ccc(=O)n2ccocc1-2,aryne_1695,O=c1c#cc(=O)n2ccocc1-2
1695,arene_1544,O=c1ccc(=O)n2ccocc1-2,aryne_1696,O=c1ccc(=O)n2c#cocc1-2
1696,arene_1545,O=c1cnnc2cccnn12,aryne_1697,O=c1cnnc2c#ccnn12
1697,arene_1546,O=c1cc2[nH]ccsc-2cc1=O,aryne_1698,O=c1cc2[nH]c#csc-2cc1=O
1698,arene_1547,O=c1nc[nH]c2occc12,aryne_1699,O=c1nc[nH]c2oc#cc12
1699,arene_1548,O=c1ccn2ccsnc-2c1=O,aryne_1700,O=c1c#cn2ccsnc-2c1=O
1700,arene_1548,O=c1ccn2ccsnc-2c1=O,aryne_1701,O=c1ccn2c#csnc-2c1=O
1701,arene_1549,O=c1[nH]n2ncccn2c1=O,aryne_1702,O=c1[nH]n2ncc#cn2c1=O
1702,arene_1550,O=c1ncsn2[nH]cc[nH]n12,aryne_1703,O=c1ncsn2[nH]c#c[nH]n12
1703,arene_1551,c1cnc2cscc2c1,aryne_1704,c1cnc2cscc2c#1
1704,arene_1552,O=c1[nH]cnc2ncccc12,aryne_1705,O=c1[nH]cnc2nc#ccc12
1705,arene_1552,O=c1[nH]cnc2ncccc12,aryne_1706,O=c1[nH]cnc2ncc#cc12
1706,arene_1553,O=c1[nH]n2[nH]ccsn2c(=O)s1,aryne_1707,O=c1[nH]n2[nH]c#csn2c(=O)s1
1707,arene_1554,O=c1[nH]ncc2cccnc12,aryne_1708,O=c1[nH]ncc2c#ccnc12
1708,arene_1554,O=c1[nH]ncc2cccnc12,aryne_1709,O=c1[nH]ncc2cc#cnc12
1709,arene_1555,O=c1ccn2ncsc(=O)c2n1,aryne_1710,O=c1c#cn2ncsc(=O)c2n1
1710,arene_1556,c1coc2nocnn-2[nH]1,aryne_1711,c1[nH]n2nconc-2oc#1
1711,arene_1557,O=c1ccon2sncsn12,aryne_1712,O=c1c#con2sncsn12
1712,arene_1558,O=c1ccc2ncnnc2o1,aryne_1713,O=c1c#cc2ncnnc2o1
1713,arene_1559,c1cn2scc[nH]c-2c[nH]1,aryne_1714,c1[nH]cc2[nH]ccsn-2c#1
1714,arene_1559,c1cn2scc[nH]c-2c[nH]1,aryne_1715,c1[nH]c2c[nH]ccn-2sc#1
1715,arene_1560,O=c1nnc2scc[nH]c=2c1=O,aryne_1716,O=c1nnc2sc#c[nH]c=2c1=O
1716,arene_1561,c1nsn2ccocc-2[nH]1,aryne_1717,c1occ2[nH]cnsn-2c#1
1717,arene_1562,O=c1nnn2sccc2n1,aryne_1718,O=c1nnn2sc#cc2n1
1718,arene_1563,c1cn2[nH]nn[nH]n2o1,aryne_1719,c1on2[nH]nn[nH]n2c#1
1719,arene_1564,O=c1cnsn2occon12,aryne_1720,O=c1cnsn2oc#con12
1720,arene_1565,O=c1cc2ccc(=O)on2c(=O)o1,aryne_1721,O=c1c#cc2cc(=O)oc(=O)n2o1
1721,arene_1566,O=c1[nH]ccc2nc[nH]c12,aryne_1722,O=c1[nH]c#cc2nc[nH]c12
1722,arene_1567,O=c1[nH]n2c(=O)ccnc2sc1=O,aryne_1723,O=c1[nH]n2c(=O)c#cnc2sc1=O
1723,arene_1568,O=c1ccc2cc(=O)occ2[nH]1,aryne_1724,O=c1c#cc2cc(=O)occ2[nH]1
1724,arene_1569,O=c1nnn2ccncn2c1=O,aryne_1725,O=c1nnn2c#cncn2c1=O
1725,arene_1570,c1cc2nsnc2nn1,aryne_1726,c1nnc2nsnc2c#1
1726,arene_1571,O=c1[nH]cc2cnccn12,aryne_1727,O=c1[nH]cc2cnc#cn12
1727,arene_1572,c1cc2csnc2o1,aryne_1728,c1oc2nscc2c#1
1728,arene_1573,O=c1ncc2sccc(=O)c2[nH]1,aryne_1729,O=c1ncc2sc#cc(=O)c2[nH]1
1729,arene_1574,c1csn2sncn2[nH]1,aryne_1730,c1[nH]n2cnsn2sc#1
1730,arene_1575,c1cc2ncsc2o1,aryne_1731,c1oc2scnc2c#1
1731,arene_1576,c1c[nH]n2nn[nH]cc-2[nH]1,aryne_1732,c1[nH]c2c[nH]nnn-2[nH]c#1
1732,arene_1577,O=c1ccn2sc(=O)c(=O)n2s1,aryne_1733,O=c1c#cn2sc(=O)c(=O)n2s1
1733,arene_1578,O=c1sccc2[nH]nnc12,aryne_1734,O=c1sc#cc2[nH]nnc12
1734,arene_1579,O=c1[nH]c(=O)n2ccsn2c1=O,aryne_1735,O=c1[nH]c(=O)n2c#csn2c1=O
1735,arene_1580,O=c1ccc2coc(=O)n2[nH]1,aryne_1736,O=c1c#cc2coc(=O)n2[nH]1
1736,arene_1581,O=c1[nH]c(=O)c2c(=O)ccoc2o1,aryne_1737,O=c1[nH]c(=O)c2c(=O)c#coc2o1
1737,arene_1582,O=c1ccsn2c(=O)nccc12,aryne_1738,O=c1c#csn2c(=O)nccc12
1738,arene_1583,O=c1[nH]c2scc[nH]c=2c(=O)c1=O,aryne_1739,O=c1[nH]c2sc#c[nH]c=2c(=O)c1=O
1739,arene_1584,O=c1ccn2c(=O)oncc2c1,aryne_1740,O=c1c#cn2c(=O)oncc2c1
1740,arene_1585,O=c1cc[nH]c2cnnn12,aryne_1741,O=c1c#c[nH]c2cnnn12
1741,arene_1586,O=c1nnn2c(=O)ccc(=O)n2[nH]1,aryne_1742,O=c1nnn2c(=O)c#cc(=O)n2[nH]1
1742,arene_1587,O=c1oc2ccnnc2sc1=O,aryne_1743,O=c1oc2c#cnnc2sc1=O
1743,arene_1588,c1cc2cnnn2nn1,aryne_1744,c1nnn2nncc2c#1
1744,arene_1589,O=c1ccn2c(=O)ncn2o1,aryne_1745,O=c1c#cn2c(=O)ncn2o1
1745,arene_1590,c1cnc2scnc2c1,aryne_1746,c1cc2ncsc2nc#1
1746,arene_1590,c1cnc2scnc2c1,aryne_1747,c1cnc2scnc2c#1
1747,arene_1591,O=c1cccc2nnon12,aryne_1748,O=c1c#ccc2nnon12
1748,arene_1592,O=c1snc2sccn2c1=O,aryne_1749,O=c1snc2sc#cn2c1=O
1749,arene_1593,O=c1cc2c(=O)ccsc2n[nH]1,aryne_1750,O=c1cc2c(=O)c#csc2n[nH]1
1750,arene_1594,c1cn2[nH]nn[nH]c-2n[nH]1,aryne_1751,c1[nH]nc2[nH]nn[nH]n-2c#1
1751,arene_1596,O=c1cc2ccc(=O)on2cn1,aryne_1752,O=c1cc2c#cc(=O)on2cn1
1752,arene_1597,O=c1ccsn2c(=O)cnn12,aryne_1753,O=c1c#csn2c(=O)cnn12
1753,arene_1598,O=c1oc2c[nH]ccn-2c1=O,aryne_1754,O=c1oc2c[nH]c#cn-2c1=O
1754,arene_1599,O=c1nc2ccnnn2c(=O)s1,aryne_1755,O=c1nc2c#cnnn2c(=O)s1
1755,arene_1600,O=c1oc2c(=O)ccoc2c(=O)s1,aryne_1756,O=c1oc2c(=O)c#coc2c(=O)s1
1756,arene_1601,c1con2ncsnc-2o1,aryne_1757,c1oc2nscnn-2oc#1
1757,arene_1602,c1cn2[nH]ncon2o1,aryne_1758,c1on2ocn[nH]n2c#1
1758,arene_1603,O=c1ccn2nnnnc2n1,aryne_1759,O=c1c#cn2nnnnc2n1
1759,arene_1604,c1cc2cnnn2cn1,aryne_1760,c1ncn2nncc2c#1
1760,arene_1605,O=c1ncoc2ccsc(=O)c12,aryne_1761,O=c1ncoc2c#csc(=O)c12
1761,arene_1606,c1ccoc1,aryne_1762,c1ccoc#1
1762,arene_1607,O=c1[nH]ccc2csnc12,aryne_1763,O=c1[nH]c#cc2csnc12
1763,arene_1608,O=c1cc[nH]n2snnon12,aryne_1764,O=c1c#c[nH]n2snnon12
1764,arene_1609,O=c1ccon2[nH]nc[nH]n12,aryne_1765,O=c1c#con2[nH]nc[nH]n12
1765,arene_1610,O=c1ccon2c(=O)nnn12,aryne_1766,O=c1c#con2c(=O)nnn12
1766,arene_1611,c1cn2scnsc-2no1,aryne_1767,c1onc2sncsn-2c#1
1767,arene_1612,c1csc2nscnn-2[nH]1,aryne_1768,c1[nH]n2ncsnc-2sc#1
1768,arene_1613,c1csn2occn2[nH]1,aryne_1769,c1[nH]n2ccon2sc#1
1769,arene_1613,c1csn2occn2[nH]1,aryne_1770,c1on2scc[nH]n2c#1
1770,arene_1614,O=c1ccc2c(=O)oc(=O)sc2[nH]1,aryne_1771,O=c1c#cc2c(=O)oc(=O)sc2[nH]1
1771,arene_1615,O=c1ccc2[nH]cnc(=O)c2s1,aryne_1772,O=c1c#cc2[nH]cnc(=O)c2s1
1772,arene_1616,O=c1sc(=O)n2[nH]cc[nH]n2s1,aryne_1773,O=c1sc(=O)n2[nH]c#c[nH]n2s1
1773,arene_1617,O=c1nnn2c(=O)cccc2s1,aryne_1774,O=c1nnn2c(=O)c#ccc2s1
1774,arene_1618,O=c1nnn2cccnc2n1,aryne_1775,O=c1nnn2c#ccnc2n1
1775,arene_1619,O=c1oc(=O)n2c(=O)ccnc2o1,aryne_1776,O=c1oc(=O)n2c(=O)c#cnc2o1
1776,arene_1620,O=c1ocnc2ccsc(=O)c12,aryne_1777,O=c1ocnc2c#csc(=O)c12
1777,arene_1621,O=c1cnc(=O)n2nnccn12,aryne_1778,O=c1cnc(=O)n2nnc#cn12
1778,arene_1622,O=c1[nH]n2ccc(=O)c(=O)n2c(=O)s1,aryne_1779,O=c1[nH]n2c#cc(=O)c(=O)n2c(=O)s1
1779,arene_1623,O=c1ccn2[nH]nnon2o1,aryne_1780,O=c1c#cn2[nH]nnon2o1
1780,arene_1624,O=c1[nH]nnn2sccsn12,aryne_1781,O=c1[nH]nnn2sc#csn12
1781,arene_1625,O=c1nn[nH]c2c(=O)sccc12,aryne_1782,O=c1nn[nH]c2c(=O)sc#cc12
1782,arene_1626,O=c1ccc2c(=O)c(=O)oc=2c1=O,aryne_1783,O=c1c#cc2c(=O)c(=O)oc=2c1=O
1783,arene_1627,O=c1ncc2[nH]ccc2s1,aryne_1784,O=c1ncc2[nH]c#cc2s1
1784,arene_1628,O=c1[nH]n2sccn2c(=O)c1=O,aryne_1785,O=c1[nH]n2sc#cn2c(=O)c1=O
1785,arene_1629,c1csc2ocn[nH]c=2o1,aryne_1786,c1oc2[nH]ncoc=2sc#1
1786,arene_1630,O=c1sn2nnccn2c(=O)c1=O,aryne_1787,O=c1sn2nnc#cn2c(=O)c1=O
1787,arene_1631,O=c1ccc2c(=O)[nH]c(=O)c=2c1=O,aryne_1788,O=c1c#cc2c(=O)[nH]c(=O)c=2c1=O
1788,arene_1632,O=c1nnnc2cc[nH]c(=O)n12,aryne_1789,O=c1nnnc2c#c[nH]c(=O)n12
1789,arene_1633,O=c1ccc2sc(=O)c(=O)[nH]c2[nH]1,aryne_1790,O=c1c#cc2sc(=O)c(=O)[nH]c2[nH]1
1790,arene_1634,O=c1ncsc2ccoc(=O)c12,aryne_1791,O=c1ncsc2c#coc(=O)c12
1791,arene_1635,O=c1[nH]cc2ccnnn12,aryne_1792,O=c1[nH]cc2c#cnnn12
1792,arene_1636,O=c1ccc2[nH]ncc(=O)c2s1,aryne_1793,O=c1c#cc2[nH]ncc(=O)c2s1
1793,arene_1637,O=c1nc2cc[nH]c(=O)c2c[nH]1,aryne_1794,O=c1nc2c#c[nH]c(=O)c2c[nH]1
1794,arene_1638,O=c1sc(=O)n2nnccn2c1=O,aryne_1795,O=c1sc(=O)n2nnc#cn2c1=O
1795,arene_1639,O=c1[nH]c2nccn2oc1=O,aryne_1796,O=c1[nH]c2nc#cn2oc1=O
1796,arene_1640,O=c1nnn2ccnc2s1,aryne_1797,O=c1nnn2c#cnc2s1
1797,arene_1641,O=c1ncc(=O)n2cc[nH]nc1-2,aryne_1798,O=c1ncc(=O)n2c#c[nH]nc1-2
1798,arene_1642,O=c1ccc2[nH]c(=O)c(=O)oc2s1,aryne_1799,O=c1c#cc2[nH]c(=O)c(=O)oc2s1
1799,arene_1643,O=c1[nH]n2[nH]ccon2[nH]c1=O,aryne_1800,O=c1[nH]n2[nH]c#con2[nH]c1=O
1800,arene_1644,O=c1nnc2noccn-2c1=O,aryne_1801,O=c1nnc2noc#cn-2c1=O
1801,arene_1645,c1csn2cnon2[nH]1,aryne_1802,c1[nH]n2oncn2sc#1
1802,arene_1646,O=c1[nH]ncc2c(=O)sccc12,aryne_1803,O=c1[nH]ncc2c(=O)sc#cc12
1803,arene_1647,O=c1cccc2nc[nH]n12,aryne_1804,O=c1c#ccc2nc[nH]n12
1804,arene_1648,O=c1nnoc2[nH]ccc12,aryne_1805,O=c1nnoc2[nH]c#cc12
1805,arene_1649,c1cnn2sccsn2n1,aryne_1806,c1sn2nccnn2sc#1
1806,arene_1650,O=c1cnc2nnccc2[nH]1,aryne_1807,O=c1cnc2nnc#cc2[nH]1
1807,arene_1651,O=c1cc2[nH]cc[nH]c-2n1,aryne_1808,O=c1cc2[nH]c#c[nH]c-2n1
1808,arene_1652,O=c1ocnn2scc[nH]n12,aryne_1809,O=c1ocnn2sc#c[nH]n12
1809,arene_1653,O=c1ccn2[nH]ccsn2[nH]1,aryne_1810,O=c1c#cn2[nH]ccsn2[nH]1
1810,arene_1653,O=c1ccn2[nH]ccsn2[nH]1,aryne_1811,O=c1ccn2[nH]c#csn2[nH]1
1811,arene_1654,O=c1ccc(=O)n2ccsnc1-2,aryne_1812,O=c1c#cc(=O)n2ccsnc1-2
1812,arene_1654,O=c1ccc(=O)n2ccsnc1-2,aryne_1813,O=c1ccc(=O)n2c#csnc1-2
1813,arene_1655,O=c1sccc2cnncc12,aryne_1814,O=c1sc#cc2cnncc12
1814,arene_1656,O=c1[nH]n2[nH]ccon2c(=O)o1,aryne_1815,O=c1[nH]n2[nH]c#con2c(=O)o1
1815,arene_1657,O=c1[nH]c(=O)c2nccn2s1,aryne_1816,O=c1[nH]c(=O)c2nc#cn2s1
1816,arene_1658,O=c1ccnc2ncoc(=O)n12,aryne_1817,O=c1c#cnc2ncoc(=O)n12
1817,arene_1659,c1con2nnon2[nH]1,aryne_1818,c1[nH]n2onnn2oc#1
1818,arene_1660,O=c1ccn2c(=O)ncsn2c1=O,aryne_1819,O=c1c#cn2c(=O)ncsn2c1=O
1819,arene_1661,O=c1on2[nH]ccon2s1,aryne_1820,O=c1on2[nH]c#con2s1
1820,arene_1662,O=c1[nH]c2nccnc2c(=O)o1,aryne_1821,O=c1[nH]c2nc#cnc2c(=O)o1
1821,arene_1663,c1cnn2[nH]nnon2c1,aryne_1822,c1cnn2[nH]nnon2c#1
1822,arene_1664,O=c1ccn2nc[nH]nc-2c1=O,aryne_1823,O=c1c#cn2nc[nH]nc-2c1=O
1823,arene_1665,O=c1ccon2[nH]nnon12,aryne_1824,O=c1c#con2[nH]nnon12
1824,arene_1666,O=c1ccn2c(=O)ccon2c1=O,aryne_1825,O=c1c#cn2c(=O)ccon2c1=O
1825,arene_1666,O=c1ccn2c(=O)ccon2c1=O,aryne_1826,O=c1ccn2c(=O)c#con2c1=O
1826,arene_1667,O=c1cccc2nnsn12,aryne_1827,O=c1c#ccc2nnsn12
1827,arene_1668,c1cn2[nH]ncsc-2no1,aryne_1828,c1onc2scn[nH]n-2c#1
1828,arene_1669,O=c1occn2[nH]ncon12,aryne_1829,O=c1oc#cn2[nH]ncon12
1829,arene_1670,O=c1ccn2ncoc2n1,aryne_1830,O=c1c#cn2ncoc2n1
1830,arene_1671,O=c1ccsn2c(=O)cnnc12,aryne_1831,O=c1c#csn2c(=O)cnnc12
1831,arene_1672,O=c1ocnn2ccnc12,aryne_1832,O=c1ocnn2c#cnc12
1832,arene_1673,O=c1ccn2cncnn12,aryne_1833,O=c1c#cn2cncnn12
1833,arene_1674,O=c1cc2ccncc2no1,aryne_1834,O=c1cc2c#cncc2no1
1834,arene_1675,c1csc2[nH]ncoc=2[nH]1,aryne_1835,c1[nH]c2ocn[nH]c=2sc#1
1835,arene_1676,c1nsc2sccoc=2[nH]1,aryne_1836,c1oc2[nH]cnsc=2sc#1
1836,arene_1677,O=c1ccn2c(=O)sc(=O)oc2c1,aryne_1837,O=c1c#cn2c(=O)sc(=O)oc2c1
1837,arene_1678,O=c1cc2occc2ns1,aryne_1838,O=c1cc2oc#cc2ns1
1838,arene_1679,O=c1ccn2scnc2n1,aryne_1839,O=c1c#cn2scnc2n1
1839,arene_1680,c1csc2sccsc=2o1,aryne_1840,c1oc2sccsc=2sc#1
1840,arene_1680,c1csc2sccsc=2o1,aryne_1841,c1sc2occsc=2sc#1
1841,arene_1681,O=c1ccc2nc(=O)scc2[nH]1,aryne_1842,O=c1c#cc2nc(=O)scc2[nH]1
1842,arene_1682,O=c1[nH]nnc2cnccc12,aryne_1843,O=c1[nH]nnc2cnc#cc12
1843,arene_1683,c1nn2[nH]cc[nH]c-2c[nH]1,aryne_1844,c1[nH]c2c[nH]cnn-2[nH]c#1
1844,arene_1684,O=c1nc2cc[nH]c2cs1,aryne_1845,O=c1nc2c#c[nH]c2cs1
1845,arene_1685,c1cc2nnsc2nn1,aryne_1846,c1nnc2snnc2c#1
1846,arene_1686,O=c1nccc2ccsn12,aryne_1847,O=c1nccc2c#csn12
1847,arene_1687,O=c1ncn2cc[nH]n12,aryne_1848,O=c1ncn2c#c[nH]n12
1848,arene_1688,O=c1nncc2cccnn12,aryne_1849,O=c1nncc2c#ccnn12
1849,arene_1689,O=c1[nH]ccc2[nH]cnc12,aryne_1850,O=c1[nH]c#cc2[nH]cnc12
1850,arene_1690,O=c1ccn2oc(=O)ccc2c1,aryne_1851,O=c1c#cn2oc(=O)ccc2c1
1851,arene_1690,O=c1ccn2oc(=O)ccc2c1,aryne_1852,O=c1ccn2oc(=O)c#cc2c1
1852,arene_1691,O=c1ccc(=O)n2c(=O)ncsn12,aryne_1853,O=c1c#cc(=O)n2c(=O)ncsn12
1853,arene_1693,O=c1nc2c(=O)occc2co1,aryne_1854,O=c1nc2c(=O)oc#cc2co1
1854,arene_1694,c1cnc2nnsc2c1,aryne_1855,c1cc2snnc2nc#1
1855,arene_1694,c1cnc2nnsc2c1,aryne_1856,c1cnc2nnsc2c#1
1856,arene_1695,O=c1on2cc[nH]n2c1=O,aryne_1857,O=c1on2c#c[nH]n2c1=O
1857,arene_1696,O=c1[nH]n2c(=O)sccn2c1=O,aryne_1858,O=c1[nH]n2c(=O)sc#cn2c1=O
1858,arene_1697,O=c1ncc2c[nH]ccn-2c1=O,aryne_1859,O=c1ncc2c[nH]c#cn-2c1=O
1859,arene_1698,c1cnc2onnc2n1,aryne_1860,c1nc2nnoc2nc#1
1860,arene_1699,O=c1ccc2ncnn2s1,aryne_1861,O=c1c#cc2ncnn2s1
1861,arene_1700,O=c1[nH]c2c(=O)sccc2s1,aryne_1862,O=c1[nH]c2c(=O)sc#cc2s1
1862,arene_1701,c1ccc2cscc2c1,aryne_1863,c1ccc2cscc2c#1
1863,arene_1702,O=c1oc(=O)n2scc[nH]n2s1,aryne_1864,O=c1oc(=O)n2sc#c[nH]n2s1
1864,arene_1703,O=c1nc2ccsc(=O)c2n[nH]1,aryne_1865,O=c1nc2c#csc(=O)c2n[nH]1
1865,arene_1704,O=c1nnc2occc2s1,aryne_1866,O=c1nnc2oc#cc2s1
1866,arene_1705,c1nn2occsn2[nH]1,aryne_1867,c1on2nc[nH]n2sc#1
1867,arene_1706,O=c1cc2cnccc2co1,aryne_1868,O=c1cc2cnc#cc2co1
1868,arene_1708,O=c1cc2ccoc(=O)c2c[nH]1,aryne_1869,O=c1cc2c#coc(=O)c2c[nH]1
1869,arene_1710,O=c1cnn2cconc1-2,aryne_1870,O=c1cnn2c#conc1-2
1870,arene_1711,O=c1[nH]c2ccsc(=O)c2sc1=O,aryne_1871,O=c1[nH]c2c#csc(=O)c2sc1=O
1871,arene_1712,c1c[nH]c2snc[nH]c=2[nH]1,aryne_1872,c1[nH]c2[nH]cnsc=2[nH]c#1
1872,arene_1713,O=c1[nH]c(=O)n2ncccn12,aryne_1873,O=c1[nH]c(=O)n2ncc#cn12
1873,arene_1714,O=c1occc2cncn12,aryne_1874,O=c1oc#cc2cncn12
1874,arene_1715,O=c1[nH]c2cccn2sc1=O,aryne_1875,O=c1[nH]c2cc#cn2sc1=O
1875,arene_1716,c1cn2snnoc-2cs1,aryne_1876,c1scc2onnsn-2c#1
1876,arene_1717,O=c1ccn2sc(=O)oc(=O)c2c1,aryne_1877,O=c1c#cn2sc(=O)oc(=O)c2c1
1877,arene_1719,c1cc2ccnn2nn1,aryne_1878,c1nnn2nccc2c#1
1878,arene_1720,c1n[nH]n2occn2o1,aryne_1879,c1on2[nH]ncon2c#1
1879,arene_1721,O=c1cnc(=O)n2cc[nH]nc1-2,aryne_1880,O=c1cnc(=O)n2c#c[nH]nc1-2
1880,arene_1722,O=c1ccc2ccccc2s1,aryne_1881,O=c1c#cc2ccccc2s1
1881,arene_1722,O=c1ccc2ccccc2s1,aryne_1882,O=c1ccc2c#cccc2s1
1882,arene_1722,O=c1ccc2ccccc2s1,aryne_1883,O=c1ccc2cc#ccc2s1
1883,arene_1722,O=c1ccc2ccccc2s1,aryne_1884,O=c1ccc2ccc#cc2s1
1884,arene_1723,O=c1sc(=O)n2occn2c1=O,aryne_1885,O=c1sc(=O)n2oc#cn2c1=O
1885,arene_1725,O=c1cccc2cnoc(=O)n12,aryne_1886,O=c1c#ccc2cnoc(=O)n12
1886,arene_1726,O=c1ccc(=O)c2sncoc1=2,aryne_1887,O=c1c#cc(=O)c2sncoc1=2
1887,arene_1727,c1csc2snnsc=2s1,aryne_1888,c1sc2snnsc=2sc#1
1888,arene_1728,O=c1nc2cc[nH]c2no1,aryne_1889,O=c1nc2c#c[nH]c2no1
1889,arene_1729,O=c1sccn2occon12,aryne_1890,O=c1sc#cn2occon12
1890,arene_1729,O=c1sccn2occon12,aryne_1891,O=c1sccn2oc#con12
1891,arene_1730,O=c1sc(=O)c2c(=O)sccc2s1,aryne_1892,O=c1sc(=O)c2c(=O)sc#cc2s1
1892,arene_1731,O=c1ccn2nccnn2c1=O,aryne_1893,O=c1c#cn2nccnn2c1=O
1893,arene_1732,O=c1ccc2oc(=O)c(=O)[nH]c2[nH]1,aryne_1894,O=c1c#cc2oc(=O)c(=O)[nH]c2[nH]1
1894,arene_1733,O=c1ccc2nscnn1-2,aryne_1895,O=c1c#cc2nscnn1-2
1895,arene_1734,O=c1oc2nccn2o1,aryne_1896,O=c1oc2nc#cn2o1
1896,arene_1735,c1csc2nonnn-2[nH]1,aryne_1897,c1[nH]n2nnonc-2sc#1
1897,arene_1736,O=c1ccc2concn1-2,aryne_1898,O=c1c#cc2concn1-2
1898,arene_1737,c1nnn2[nH]cc[nH]n2n1,aryne_1899,c1[nH]n2ncnnn2[nH]c#1
1899,arene_1738,O=c1on2ccoc(=O)n2c(=O)c1=O,aryne_1900,O=c1on2c#coc(=O)n2c(=O)c1=O
1900,arene_1739,O=c1[nH]c2c(=O)ccoc2o1,aryne_1901,O=c1[nH]c2c(=O)c#coc2o1
1901,arene_1740,c1cn2ncnnc2n1,aryne_1902,c1nc2nncnn2c#1
1902,arene_1741,c1cn2[nH]cn[nH]n2nn1,aryne_1903,c1nnn2[nH]nc[nH]n2c#1
1903,arene_1742,O=c1cc2cc[nH]n2c(=O)s1,aryne_1904,O=c1cc2c#c[nH]n2c(=O)s1
1904,arene_1743,O=c1[nH]c(=O)c2cccn2o1,aryne_1905,O=c1[nH]c(=O)c2cc#cn2o1
1905,arene_1744,O=c1ccn2c(=O)ccnc2[nH]1,aryne_1906,O=c1c#cn2c(=O)ccnc2[nH]1
1906,arene_1744,O=c1ccn2c(=O)ccnc2[nH]1,aryne_1907,O=c1ccn2c(=O)c#cnc2[nH]1
1907,arene_1745,c1nn2sccoc-2n[nH]1,aryne_1908,c1oc2n[nH]cnn-2sc#1
1908,arene_1746,O=c1ccc2nonc2o1,aryne_1909,O=c1c#cc2nonc2o1
1909,arene_1747,c1cn2occoc-2no1,aryne_1910,c1onc2occon-2c#1
1910,arene_1747,c1cn2occoc-2no1,aryne_1911,c1oc2noccn-2oc#1
1911,arene_1748,O=c1snc2ccccn2c1=O,aryne_1912,O=c1snc2c#cccn2c1=O
1912,arene_1748,O=c1snc2ccccn2c1=O,aryne_1913,O=c1snc2ccc#cn2c1=O
1913,arene_1749,O=c1occc2ncnnc12,aryne_1914,O=c1oc#cc2ncnnc12
1914,arene_1750,c1cnn2cnnc2c1,aryne_1915,c1cnn2cnnc2c#1
1915,arene_1751,c1n[nH]n2ccsn2o1,aryne_1916,c1sn2ocn[nH]n2c#1
1916,arene_1752,O=c1nc2ccccn2c(=O)[nH]1,aryne_1917,O=c1nc2c#cccn2c(=O)[nH]1
1917,arene_1752,O=c1nc2ccccn2c(=O)[nH]1,aryne_1918,O=c1nc2ccc#cn2c(=O)[nH]1
1918,arene_1753,O=c1ccn2sncon2[nH]1,aryne_1919,O=c1c#cn2sncon2[nH]1
1919,arene_1754,O=c1ncn2c(=O)[nH]ccn12,aryne_1920,O=c1ncn2c(=O)[nH]c#cn12
1920,arene_1755,O=c1nc2ccc(=O)n-2c1=O,aryne_1921,O=c1nc2c#cc(=O)n-2c1=O
1921,arene_1756,c1ccn2oncon2c1,aryne_1922,c1ccn2oncon2c#1
1922,arene_1756,c1ccn2oncon2c1,aryne_1923,c1ccn2ocnon2c#1
1923,arene_1757,O=c1ccsc2cn[nH]c(=O)c12,aryne_1924,O=c1c#csc2cn[nH]c(=O)c12
1924,arene_1758,O=c1ccsc2noc(=O)n12,aryne_1925,O=c1c#csc2noc(=O)n12
1925,arene_1759,O=c1cc[nH]c2n[nH]cc12,aryne_1926,O=c1c#c[nH]c2n[nH]cc12
1926,arene_1760,c1cn2cncc2s1,aryne_1927,c1sc2cncn2c#1
1927,arene_1761,O=c1ccn2c(=O)c(=O)c(=O)cc1-2,aryne_1928,O=c1c#cn2c(=O)c(=O)c(=O)cc1-2
1928,arene_1762,O=c1ccn2c(=O)c(=O)sn2[nH]1,aryne_1929,O=c1c#cn2c(=O)c(=O)sn2[nH]1
1929,arene_1763,c1csc2nsncn-2o1,aryne_1930,c1on2cnsnc-2sc#1
1930,arene_1764,O=c1cc2sccn2nn1,aryne_1931,O=c1cc2sc#cn2nn1
1931,arene_1765,c1ncn2[nH]ccon2n1,aryne_1932,c1[nH]n2cncnn2oc#1
1932,arene_1766,O=c1ncon2[nH]ccsn12,aryne_1933,O=c1ncon2[nH]c#csn12
1933,arene_1767,c1nsn2[nH]ccn2[nH]1,aryne_1934,c1[nH]n2snc[nH]n2c#1
1934,arene_1768,O=c1oc(=O)n2occsn2o1,aryne_1935,O=c1oc(=O)n2oc#csn2o1
1935,arene_1769,O=c1cnn2cc[nH]c(=O)n12,aryne_1936,O=c1cnn2c#c[nH]c(=O)n12
1936,arene_1770,c1ncc2cc[nH]c2n1,aryne_1937,c1[nH]c2ncncc2c#1
1937,arene_1771,O=c1ccn2c(=O)[nH]cc2o1,aryne_1938,O=c1c#cn2c(=O)[nH]cc2o1
1938,arene_1772,c1cc2ccsc2cn1,aryne_1939,c1ncc2sccc2c#1
1939,arene_1772,c1cc2ccsc2cn1,aryne_1940,c1sc2cnccc2c#1
1940,arene_1773,O=c1cncc2cccnn12,aryne_1941,O=c1cncc2c#ccnn12
1941,arene_1774,O=c1snnc2ccncc12,aryne_1942,O=c1snnc2c#cncc12
1942,arene_1775,O=c1ccn2[nH]c(=O)c(=O)oc2c1,aryne_1943,O=c1c#cn2[nH]c(=O)c(=O)oc2c1
1943,arene_1776,O=c1sccc2[nH]ccc12,aryne_1944,O=c1sc#cc2[nH]ccc12
1944,arene_1776,O=c1sccc2[nH]ccc12,aryne_1945,O=c1sccc2[nH]c#cc12
1945,arene_1777,O=c1on2[nH]ccsn2oc1=O,aryne_1946,O=c1on2[nH]c#csn2oc1=O
1946,arene_1778,c1n[nH]c2sccsc=2o1,aryne_1947,c1sc2[nH]ncoc=2sc#1
1947,arene_1779,O=c1oc(=O)n2cccc2s1,aryne_1948,O=c1oc(=O)n2c#ccc2s1
1948,arene_1780,O=c1ccc2oc(=O)sc2s1,aryne_1949,O=c1c#cc2oc(=O)sc2s1
1949,arene_1781,O=c1ccn2[nH]ncsn2s1,aryne_1950,O=c1c#cn2[nH]ncsn2s1
1950,arene_1782,O=c1cc2occsc-2nc1=O,aryne_1951,O=c1cc2oc#csc-2nc1=O
1951,arene_1783,O=c1cc2occc(=O)c2c[nH]1,aryne_1952,O=c1cc2oc#cc(=O)c2c[nH]1
1952,arene_1784,O=c1ccoc2c(=O)occc12,aryne_1953,O=c1c#coc2c(=O)occc12
1953,arene_1784,O=c1ccoc2c(=O)occc12,aryne_1954,O=c1ccoc2c(=O)oc#cc12
1954,arene_1785,O=c1ccn2ccc(=O)[nH]c2c1,aryne_1955,O=c1c#cn2ccc(=O)[nH]c2c1
1955,arene_1785,O=c1ccn2ccc(=O)[nH]c2c1,aryne_1956,O=c1ccn2c#cc(=O)[nH]c2c1
1956,arene_1786,c1nnn2occsn2n1,aryne_1957,c1on2nncnn2sc#1
1957,arene_1787,O=c1ncc2csccn1-2,aryne_1958,O=c1ncc2csc#cn1-2
1958,arene_1788,O=c1[nH]ncn2occsn12,aryne_1959,O=c1[nH]ncn2oc#csn12
1959,arene_1789,O=c1[nH]ccc2nncnc12,aryne_1960,O=c1[nH]c#cc2nncnc12
1960,arene_1790,c1cc2ncnnc2cn1,aryne_1961,c1ncc2nncnc2c#1
1961,arene_1791,c1noc2coccn-2[nH]1,aryne_1962,c1occ2onc[nH]n-2c#1
1962,arene_1792,O=c1[nH]ccc2onnc12,aryne_1963,O=c1[nH]c#cc2onnc12
1963,arene_1793,O=c1cc[nH]c2c(=O)oncc12,aryne_1964,O=c1c#c[nH]c2c(=O)oncc12
1964,arene_1794,O=c1ncc(=O)n2c(=O)cc[nH]n12,aryne_1965,O=c1ncc(=O)n2c(=O)c#c[nH]n12
1965,arene_1795,O=c1cnn2ncccc2c1,aryne_1966,O=c1cnn2ncc#cc2c1
1966,arene_1796,O=c1ccn2nnc(=O)n2o1,aryne_1967,O=c1c#cn2nnc(=O)n2o1
1967,arene_1797,c1nnc2occc2n1,aryne_1968,c1oc2nncnc2c#1
1968,arene_1798,c1cn2[nH]ncsn2nn1,aryne_1969,c1nnn2scn[nH]n2c#1
1969,arene_1799,O=c1[nH]c(=O)n2c(=O)c(=O)ccn2s1,aryne_1970,O=c1[nH]c(=O)n2c(=O)c(=O)c#cn2s1
1970,arene_1800,O=c1on2c(=O)ccnc2s1,aryne_1971,O=c1on2c(=O)c#cnc2s1
1971,arene_1801,O=c1[nH]c2occc(=O)c2c(=O)o1,aryne_1972,O=c1[nH]c2oc#cc(=O)c2c(=O)o1
1972,arene_1802,c1cnc2[nH]nnc2n1,aryne_1973,c1nc2nn[nH]c2nc#1
1973,arene_1803,O=c1sn2ccncn2c(=O)c1=O,aryne_1974,O=c1sn2c#cncn2c(=O)c1=O
1974,arene_1804,c1cc2n[nH]cc2cn1,aryne_1975,c1ncc2c[nH]nc2c#1
1975,arene_1805,c1cn2[nH]nnc2n1,aryne_1976,c1nc2nn[nH]n2c#1
1976,arene_1806,c1nnc2ccoc2n1,aryne_1977,c1oc2ncnnc2c#1
1977,arene_1807,O=c1sc2occsc=2c(=O)c1=O,aryne_1978,O=c1sc2oc#csc=2c(=O)c1=O
1978,arene_1808,O=c1on2ccc(=O)n2s1,aryne_1979,O=c1on2c#cc(=O)n2s1
1979,arene_1809,O=c1oc(=O)n2occon2s1,aryne_1980,O=c1oc(=O)n2oc#con2s1
1980,arene_1810,O=c1ccn2[nH]ncc(=O)n2c1=O,aryne_1981,O=c1c#cn2[nH]ncc(=O)n2c1=O
1981,arene_1811,c1cn2onnsn2s1,aryne_1982,c1sn2snnon2c#1
1982,arene_1812,O=c1[nH]c2c[nH]ccn-2c1=O,aryne_1983,O=c1[nH]c2c[nH]c#cn-2c1=O
1983,arene_1813,O=c1[nH]c(=O)n2occon2o1,aryne_1984,O=c1[nH]c(=O)n2oc#con2o1
1984,arene_1814,O=c1oc(=O)c2ccoc(=O)c2s1,aryne_1985,O=c1oc(=O)c2c#coc(=O)c2s1
1985,arene_1815,c1con2nconc-2[nH]1,aryne_1986,c1[nH]c2nocnn-2oc#1
1986,arene_1816,O=c1ccn2cnsc2n1,aryne_1987,O=c1c#cn2cnsc2n1
1987,arene_1817,O=c1cc2sccc(=O)n2c(=O)o1,aryne_1988,O=c1cc2sc#cc(=O)n2c(=O)o1
1988,arene_1818,O=c1ccc2ccoc(=O)c2[nH]1,aryne_1989,O=c1c#cc2ccoc(=O)c2[nH]1
1989,arene_1818,O=c1ccc2ccoc(=O)c2[nH]1,aryne_1990,O=c1ccc2c#coc(=O)c2[nH]1
1990,arene_1819,O=c1ccn2nnnc2o1,aryne_1991,O=c1c#cn2nnnc2o1
1991,arene_1820,O=c1ccn2c(=O)c(=O)occ2o1,aryne_1992,O=c1c#cn2c(=O)c(=O)occ2o1
1992,arene_1821,O=c1on2ccc(=O)n2o1,aryne_1993,O=c1on2c#cc(=O)n2o1
1993,arene_1822,O=c1ccon2c(=O)ccn12,aryne_1994,O=c1c#con2c(=O)ccn12
1994,arene_1822,O=c1ccon2c(=O)ccn12,aryne_1995,O=c1ccon2c(=O)c#cn12
1995,arene_1824,O=c1cnn2nnccc2n1,aryne_1996,O=c1cnn2nnc#cc2n1
1996,arene_1825,O=c1oc(=O)c2c(=O)ccsc2s1,aryne_1997,O=c1oc(=O)c2c(=O)c#csc2s1
1997,arene_1826,O=c1occc2c(=O)sncc12,aryne_1998,O=c1sncc2c(=O)oc#cc12
1998,arene_1827,O=c1cc[nH]n2c(=O)ncn12,aryne_1999,O=c1c#c[nH]n2c(=O)ncn12
1999,arene_1828,O=c1[nH]ccc2ccnn12,aryne_2000,O=c1[nH]c#cc2ccnn12
2000,arene_1829,O=c1cnc2nsccn-2c1=O,aryne_2001,O=c1cnc2nsc#cn-2c1=O
2001,arene_1830,O=c1cc2c(=O)ccoc2c[nH]1,aryne_2002,O=c1cc2c(=O)c#coc2c[nH]1
2002,arene_1831,O=c1ccn2cnnnc2n1,aryne_2003,O=c1c#cn2cnnnc2n1
2003,arene_1832,O=c1ccn2c(=O)c(=O)sc(=O)n2s1,aryne_2004,O=c1c#cn2c(=O)c(=O)sc(=O)n2s1
2004,arene_1833,O=c1sn2occon2sc1=O,aryne_2005,O=c1sn2oc#con2sc1=O
2005,arene_1835,O=c1c(=O)c(=O)n2c(=O)ccc(=O)n2c1=O,aryne_2006,O=c1c(=O)c(=O)n2c(=O)c#cc(=O)n2c1=O
2006,arene_1836,O=c1[nH]c2ccoc2[nH]1,aryne_2007,O=c1[nH]c2c#coc2[nH]1
2007,arene_1838,O=c1ncsc2ccsc12,aryne_2008,O=c1ncsc2c#csc12
2008,arene_1839,c1csn2nnon2[nH]1,aryne_2009,c1[nH]n2onnn2sc#1
2009,arene_1840,O=c1cnn2ccsc(=O)c2c1,aryne_2010,O=c1cnn2c#csc(=O)c2c1
2010,arene_1841,O=c1cc[nH]c2cccnc12,aryne_2011,O=c1c#c[nH]c2cccnc12
2011,arene_1841,O=c1cc[nH]c2cccnc12,aryne_2012,O=c1cc[nH]c2c#ccnc12
2012,arene_1841,O=c1cc[nH]c2cccnc12,aryne_2013,O=c1cc[nH]c2cc#cnc12
2013,arene_1842,O=c1ccn2c(=O)cnsc2c1,aryne_2014,O=c1c#cn2c(=O)cnsc2c1
2014,arene_1843,O=c1on2[nH]ccn2c1=O,aryne_2015,O=c1on2[nH]c#cn2c1=O
2015,arene_1844,O=c1ccoc2cscc12,aryne_2016,O=c1c#coc2cscc12
2016,arene_1845,c1cn2snnon2cn1,aryne_2017,c1ncn2onnsn2c#1
2017,arene_1846,O=c1cc[nH]n2ncc(=O)n12,aryne_2018,O=c1c#c[nH]n2ncc(=O)n12
2018,arene_1847,O=c1on2occn2c(=O)c1=O,aryne_2019,O=c1on2oc#cn2c(=O)c1=O
2019,arene_1848,O=c1ncc2cccn2s1,aryne_2020,O=c1ncc2cc#cn2s1
2020,arene_1849,O=c1[nH]n2occc(=O)n2c(=O)c1=O,aryne_2021,O=c1[nH]n2oc#cc(=O)n2c(=O)c1=O
2021,arene_1850,O=c1snnc2[nH]ccc12,aryne_2022,O=c1snnc2[nH]c#cc12
2022,arene_1851,O=c1ccc2nccc(=O)n2s1,aryne_2023,O=c1c#cc2nccc(=O)n2s1
2023,arene_1851,O=c1ccc2nccc(=O)n2s1,aryne_2024,O=c1ccc2nc#cc(=O)n2s1
2024,arene_1852,O=c1onc2occn2c1=O,aryne_2025,O=c1onc2oc#cn2c1=O
2025,arene_1853,O=c1sn2ncccn2c1=O,aryne_2026,O=c1sn2ncc#cn2c1=O
2026,arene_1854,O=c1oc2nccnc2sc1=O,aryne_2027,O=c1oc2nc#cnc2sc1=O
2027,arene_1855,O=c1ccc2sc(=O)c(=O)oc2s1,aryne_2028,O=c1c#cc2sc(=O)c(=O)oc2s1
2028,arene_1856,O=c1ocnn2c(=O)ccnc12,aryne_2029,O=c1ocnn2c(=O)c#cnc12
2029,arene_1857,O=c1cnsn2scc[nH]n12,aryne_2030,O=c1cnsn2sc#c[nH]n12
2030,arene_1858,O=c1occn2c(=O)cncc12,aryne_2031,O=c1oc#cn2c(=O)cncc12
2031,arene_1859,O=c1[nH]c2coccn-2c(=O)c1=O,aryne_2032,O=c1[nH]c2coc#cn-2c(=O)c1=O
2032,arene_1860,O=c1sn2cc[nH]cc-2c(=O)c1=O,aryne_2033,O=c1sn2c#c[nH]cc-2c(=O)c1=O
2033,arene_1861,O=c1ncc2nnccc2s1,aryne_2034,O=c1ncc2nnc#cc2s1
2034,arene_1862,O=c1cnn2cccc2s1,aryne_2035,O=c1cnn2c#ccc2s1
2035,arene_1863,c1c[nH]c2scnoc=2[nH]1,aryne_2036,c1[nH]c2oncsc=2[nH]c#1
2036,arene_1864,O=c1[nH]c2[nH]ccc(=O)c2o1,aryne_2037,O=c1[nH]c2[nH]c#cc(=O)c2o1
2037,arene_1865,O=c1ccn2ncccn2c1=O,aryne_2038,O=c1c#cn2ncccn2c1=O
2038,arene_1865,O=c1ccn2ncccn2c1=O,aryne_2039,O=c1ccn2ncc#cn2c1=O
2039,arene_1866,O=c1cc2c(=O)occn2c(=O)s1,aryne_2040,O=c1cc2c(=O)oc#cn2c(=O)s1
2040,arene_1867,O=c1nnsc2nccnc12,aryne_2041,O=c1nnsc2nc#cnc12
2041,arene_1868,O=c1nc2cccnn2c(=O)o1,aryne_2042,O=c1nc2c#ccnn2c(=O)o1
2042,arene_1869,O=c1[nH]c(=O)c2c(=O)occc2s1,aryne_2043,O=c1[nH]c(=O)c2c(=O)oc#cc2s1
2043,arene_1870,O=c1ccn2cnc(=O)oc2c1,aryne_2044,O=c1c#cn2cnc(=O)oc2c1
2044,arene_1871,O=c1onc2ccoc(=O)n2c1=O,aryne_2045,O=c1onc2c#coc(=O)n2c1=O
2045,arene_1872,c1csc2scnoc=2[nH]1,aryne_2046,c1[nH]c2oncsc=2sc#1
2046,arene_1873,c1cn2snnon2[nH]1,aryne_2047,c1[nH]n2onnsn2c#1
2047,arene_1874,c1cn2[nH]nnoc-2ns1,aryne_2048,c1snc2onn[nH]n-2c#1
2048,arene_1875,c1cn2[nH]cnsc-2c[nH]1,aryne_2049,c1[nH]cc2snc[nH]n-2c#1
2049,arene_1876,O=c1cnoc2c(=O)occc12,aryne_2050,O=c1cnoc2c(=O)oc#cc12
2050,arene_1877,O=c1nnn2ccoc(=O)c2n1,aryne_2051,O=c1nnn2c#coc(=O)c2n1
2051,arene_1878,O=c1cc[nH]c2sccc12,aryne_2052,O=c1c#c[nH]c2sccc12
2052,arene_1878,O=c1cc[nH]c2sccc12,aryne_2053,O=c1cc[nH]c2sc#cc12
2053,arene_1879,O=c1[nH]c(=O)n2occ[nH]n2o1,aryne_2054,O=c1[nH]c(=O)n2oc#c[nH]n2o1
2054,arene_1880,O=c1ncc2c(=O)ccoc2[nH]1,aryne_2055,O=c1ncc2c(=O)c#coc2[nH]1
2055,arene_1881,O=c1cc[nH]c2[nH]ccc12,aryne_2056,O=c1c#c[nH]c2[nH]ccc12
2056,arene_1881,O=c1cc[nH]c2[nH]ccc12,aryne_2057,O=c1cc[nH]c2[nH]c#cc12
2057,arene_1883,O=c1[nH]c2ccccc2c(=O)s1,aryne_2058,O=c1[nH]c2c#cccc2c(=O)s1
2058,arene_1883,O=c1[nH]c2ccccc2c(=O)s1,aryne_2059,O=c1[nH]c2cc#ccc2c(=O)s1
2059,arene_1883,O=c1[nH]c2ccccc2c(=O)s1,aryne_2060,O=c1[nH]c2ccc#cc2c(=O)s1
2060,arene_1884,O=c1cc2c(=O)[nH]ccc2cs1,aryne_2061,O=c1cc2c(=O)[nH]c#cc2cs1
2061,arene_1885,O=c1[nH]cnn2occon12,aryne_2062,O=c1[nH]cnn2oc#con12
2062,arene_1886,O=c1ccc2oncc2s1,aryne_2063,O=c1c#cc2oncc2s1
2063,arene_1887,O=c1[nH]c(=O)c2nccnc2s1,aryne_2064,O=c1[nH]c(=O)c2nc#cnc2s1
2064,arene_1888,c1con2nnsnc-2o1,aryne_2065,c1oc2nsnnn-2oc#1
2065,arene_1889,O=c1ccc2cnnn2[nH]1,aryne_2066,O=c1c#cc2cnnn2[nH]1
2066,arene_1890,O=c1ccsc2ccnc(=O)n12,aryne_2067,O=c1c#csc2ccnc(=O)n12
2067,arene_1891,O=c1[nH]n2c(=O)sccn2c(=O)c1=O,aryne_2068,O=c1[nH]n2c(=O)sc#cn2c(=O)c1=O
2068,arene_1892,O=c1nnc2ccoc2o1,aryne_2069,O=c1nnc2c#coc2o1
2069,arene_1893,c1cc2cnoc2[nH]1,aryne_2070,c1[nH]c2oncc2c#1
2070,arene_1894,O=c1on2ccocc-2c(=O)c1=O,aryne_2071,O=c1on2c#cocc-2c(=O)c1=O
2071,arene_1895,O=c1cc[nH]c2c[nH]cc12,aryne_2072,O=c1c#c[nH]c2c[nH]cc12
2072,arene_1896,O=c1ccn2oncsn2[nH]1,aryne_2073,O=c1c#cn2oncsn2[nH]1
2073,arene_1897,O=c1ccc2nc(=O)occ2[nH]1,aryne_2074,O=c1c#cc2nc(=O)occ2[nH]1
2074,arene_1898,O=c1cc2ccoc(=O)c2co1,aryne_2075,O=c1cc2c#coc(=O)c2co1
2075,arene_1899,O=c1[nH]c2ccoc2c(=O)o1,aryne_2076,O=c1[nH]c2c#coc2c(=O)o1
2076,arene_1900,c1ncc2sccc2n1,aryne_2077,c1sc2cncnc2c#1
2077,arene_1901,c1non2ccscc-2[nH]1,aryne_2078,c1scc2[nH]cnon-2c#1
2078,arene_1902,O=c1ocnc2cc[nH]c12,aryne_2079,O=c1ocnc2c#c[nH]c12
2079,arene_1903,O=c1[nH]c(=O)n2c(=O)ccn2[nH]1,aryne_2080,O=c1[nH]c(=O)n2c(=O)c#cn2[nH]1
2080,arene_1904,O=c1oc(=O)n2occ[nH]n2o1,aryne_2081,O=c1oc(=O)n2oc#c[nH]n2o1
2081,arene_1905,O=c1ncc2ccsc2o1,aryne_2082,O=c1ncc2c#csc2o1
2082,arene_1906,c1csc2connn-2o1,aryne_2083,c1on2nnocc-2sc#1
2083,arene_1907,O=c1ncn2sccon2o1,aryne_2084,O=c1ncn2sc#con2o1
2084,arene_1908,O=c1oc(=O)n2sccc(=O)n2c1=O,aryne_2085,O=c1oc(=O)n2sc#cc(=O)n2c1=O
2085,arene_1909,c1cc2nnnn2[nH]1,aryne_2086,c1[nH]n2nnnc2c#1
2086,arene_1910,O=c1onnc2ccsc(=O)c12,aryne_2087,O=c1onnc2c#csc(=O)c12
2087,arene_1912,O=c1[nH]nc2c(=O)cc[nH]n2c1=O,aryne_2088,O=c1[nH]nc2c(=O)c#c[nH]n2c1=O
2088,arene_1913,O=c1occc2occc12,aryne_2089,O=c1oc#cc2occc12
2089,arene_1913,O=c1occc2occc12,aryne_2090,O=c1occc2oc#cc12
2090,arene_1914,O=c1cc2sccc2co1,aryne_2091,O=c1cc2sc#cc2co1
2091,arene_1915,O=c1oncc2[nH]ccc12,aryne_2092,O=c1oncc2[nH]c#cc12
2092,arene_1916,O=c1cnnc2ccon12,aryne_2093,O=c1cnnc2c#con12
2093,arene_1917,O=c1[nH]ncn2cccc12,aryne_2094,O=c1[nH]ncn2c#ccc12
2094,arene_1918,c1ccn2nncc2c1,aryne_2095,c1ccn2nncc2c#1
2095,arene_1918,c1ccn2nncc2c1,aryne_2096,c1ccc2cnnn2c#1
2096,arene_1919,O=c1ccoc2c(=O)nn[nH]c12,aryne_2097,O=c1c#coc2c(=O)nn[nH]c12
2097,arene_1920,O=c1ncn2c(=O)cc[nH]n2c1=O,aryne_2098,O=c1ncn2c(=O)c#c[nH]n2c1=O
2098,arene_1921,O=c1ccn2nnc(=O)oc2c1,aryne_2099,O=c1c#cn2nnc(=O)oc2c1
2099,arene_1922,O=c1cnn2c(=O)ccnc2[nH]1,aryne_2100,O=c1cnn2c(=O)c#cnc2[nH]1
2100,arene_1923,O=c1nnon2occsn12,aryne_2101,O=c1nnon2oc#csn12
2101,arene_1924,c1nnn2sccsn2n1,aryne_2102,c1sn2ncnnn2sc#1
2102,arene_1925,O=c1cnoc2cccn12,aryne_2103,O=c1cnoc2cc#cn12
2103,arene_1926,O=c1ccn2c(=O)nncc2o1,aryne_2104,O=c1c#cn2c(=O)nncc2o1
2104,arene_1927,O=c1ccsc2cnsc(=O)c12,aryne_2105,O=c1c#csc2cnsc(=O)c12
2105,arene_1928,O=c1oc2ccoc(=O)c2c(=O)s1,aryne_2106,O=c1oc2c#coc(=O)c2c(=O)s1
2106,arene_1929,O=c1oncc2cccn12,aryne_2107,O=c1oncc2cc#cn12
2107,arene_1930,O=c1[nH]c(=O)c2occc(=O)c2[nH]1,aryne_2108,O=c1[nH]c(=O)c2oc#cc(=O)c2[nH]1
2108,arene_1931,O=c1ccc2occc2o1,aryne_2109,O=c1c#cc2occc2o1
2109,arene_1931,O=c1ccc2occc2o1,aryne_2110,O=c1ccc2oc#cc2o1
2110,arene_1932,O=c1sc(=O)n2sccsn2s1,aryne_2111,O=c1sc(=O)n2sc#csn2s1
2111,arene_1933,O=c1[nH]n2[nH]cc[nH]n2oc1=O,aryne_2112,O=c1[nH]n2[nH]c#c[nH]n2oc1=O
2112,arene_1934,O=c1[nH]n2sccsn2s1,aryne_2113,O=c1[nH]n2sc#csn2s1
2113,arene_1935,O=c1ccc2nnccc2[nH]1,aryne_2114,O=c1c#cc2nnccc2[nH]1
2114,arene_1935,O=c1ccc2nnccc2[nH]1,aryne_2115,O=c1ccc2nnc#cc2[nH]1
2115,arene_1936,O=c1cc2ccccc2n[nH]1,aryne_2116,O=c1cc2c#cccc2n[nH]1
2116,arene_1936,O=c1cc2ccccc2n[nH]1,aryne_2117,O=c1cc2ccc#cc2n[nH]1
2117,arene_1937,c1noc2sccoc=2[nH]1,aryne_2118,c1oc2[nH]cnoc=2sc#1
2118,arene_1938,c1cn2sncsn2nn1,aryne_2119,c1nnn2scnsn2c#1
2119,arene_1939,c1cc2c[nH]nc2s1,aryne_2120,c1sc2n[nH]cc2c#1
2120,arene_1940,O=c1occ2ccncn2c1=O,aryne_2121,O=c1occ2c#cncn2c1=O
2121,arene_1941,O=c1ccn2ccc(=O)c(=O)n2o1,aryne_2122,O=c1c#cn2ccc(=O)c(=O)n2o1
2122,arene_1941,O=c1ccn2ccc(=O)c(=O)n2o1,aryne_2123,O=c1ccn2c#cc(=O)c(=O)n2o1
2123,arene_1942,O=c1ccc2oc(=O)[nH]c(=O)c2[nH]1,aryne_2124,O=c1c#cc2oc(=O)[nH]c(=O)c2[nH]1
2124,arene_1943,O=c1snnn2occsn12,aryne_2125,O=c1snnn2oc#csn12
2125,arene_1944,O=c1ccc2nnoc2o1,aryne_2126,O=c1c#cc2nnoc2o1
2126,arene_1945,c1ccn2occ[nH]n2c1,aryne_2127,c1ccn2occ[nH]n2c#1
2127,arene_1945,c1ccn2occ[nH]n2c1,aryne_2128,c1ccn2[nH]ccon2c#1
2128,arene_1945,c1ccn2occ[nH]n2c1,aryne_2129,c1[nH]n2ccccn2oc#1
2129,arene_1946,O=c1cnsc2c(=O)ccsc12,aryne_2130,O=c1c#csc2c(=O)cnsc12
2130,arene_1947,O=c1ccn2snnc2c1,aryne_2131,O=c1c#cn2snnc2c1
2131,arene_1948,O=c1ncn2c(=O)ccc(=O)n2s1,aryne_2132,O=c1ncn2c(=O)c#cc(=O)n2s1
2132,arene_1949,O=c1nc2c(=O)occn2c(=O)[nH]1,aryne_2133,O=c1nc2c(=O)oc#cn2c(=O)[nH]1
2133,arene_1950,O=c1c(=O)c(=O)n2c(=O)ccn2c1=O,aryne_2134,O=c1c(=O)c(=O)n2c(=O)c#cn2c1=O
2134,arene_1951,O=c1ncsc2cccnc12,aryne_2135,O=c1ncsc2c#ccnc12
2135,arene_1951,O=c1ncsc2cccnc12,aryne_2136,O=c1ncsc2cc#cnc12
2136,arene_1952,O=c1ccc2c(=O)c(=O)nnc1=2,aryne_2137,O=c1c#cc2c(=O)c(=O)nnc1=2
2137,arene_1953,O=c1occc2nccnc12,aryne_2138,O=c1oc#cc2nccnc12
2138,arene_1953,O=c1occc2nccnc12,aryne_2139,O=c1occc2nc#cnc12
2139,arene_1954,O=c1ccc2nnc(=O)c=2c1=O,aryne_2140,O=c1c#cc2nnc(=O)c=2c1=O
2140,arene_1955,O=c1[nH]n2c(=O)ccnc2oc1=O,aryne_2141,O=c1[nH]n2c(=O)c#cnc2oc1=O
2141,arene_1956,c1cn2[nH]nnon2s1,aryne_2142,c1sn2onn[nH]n2c#1
2142,arene_1957,O=c1ccn2nccnc2n1,aryne_2143,O=c1c#cn2nccnc2n1
2143,arene_1958,O=c1sncc2cc[nH]c12,aryne_2144,O=c1sncc2c#c[nH]c12
2144,arene_1959,O=c1nnnc2nnccn12,aryne_2145,O=c1nnnc2nnc#cn12
2145,arene_1960,O=c1ccn2nncnc2n1,aryne_2146,O=c1c#cn2nncnc2n1
2146,arene_1961,O=c1cnc2csccn-2c1=O,aryne_2147,O=c1cnc2csc#cn-2c1=O
2147,arene_1963,O=c1cc2cc[nH]c(=O)c2cs1,aryne_2148,O=c1cc2c#c[nH]c(=O)c2cs1
2148,arene_1964,O=c1snnc2cccnc12,aryne_2149,O=c1snnc2c#ccnc12
2149,arene_1964,O=c1snnc2cccnc12,aryne_2150,O=c1snnc2cc#cnc12
2150,arene_1965,O=c1cc2sc(=O)ccn2c(=O)s1,aryne_2151,O=c1c#cn2c(=O)sc(=O)cc2s1
2151,arene_1966,c1cnc2cn[nH]c2c1,aryne_2152,c1cc2[nH]ncc2nc#1
2152,arene_1966,c1cnc2cn[nH]c2c1,aryne_2153,c1cnc2cn[nH]c2c#1
2153,arene_1967,O=c1ccc2cn[nH]c(=O)c2s1,aryne_2154,O=c1c#cc2cn[nH]c(=O)c2s1
2154,arene_1968,O=c1sc2ccsc2s1,aryne_2155,O=c1sc2c#csc2s1
2155,arene_1969,O=c1on2[nH]ccon2oc1=O,aryne_2156,O=c1on2[nH]c#con2oc1=O
2156,arene_1970,O=c1oc2occc2s1,aryne_2157,O=c1oc2oc#cc2s1
2157,arene_1971,c1cn2sccsc-2co1,aryne_2158,c1occ2sccsn-2c#1
2158,arene_1971,c1cn2sccsc-2co1,aryne_2159,c1sc2coccn-2sc#1
2159,arene_1972,O=c1ccon2snc[nH]n12,aryne_2160,O=c1c#con2snc[nH]n12
2160,arene_1973,O=c1nnn2occ[nH]n2[nH]1,aryne_2161,O=c1nnn2oc#c[nH]n2[nH]1
2161,arene_1974,c1cn2occsc-2no1,aryne_2162,c1onc2sccon-2c#1
2162,arene_1974,c1cn2occsc-2no1,aryne_2163,c1on2cconc-2sc#1
2163,arene_1977,O=c1ccoc2nnsc12,aryne_2164,O=c1c#coc2nnsc12
2164,arene_1978,O=c1ccn2ccscc-2c1=O,aryne_2165,O=c1c#cn2ccscc-2c1=O
2165,arene_1978,O=c1ccn2ccscc-2c1=O,aryne_2166,O=c1ccn2c#cscc-2c1=O
2166,arene_1979,O=c1[nH]n2occon2c(=O)o1,aryne_2167,O=c1[nH]n2oc#con2c(=O)o1
2167,arene_1980,O=c1cn[nH]n2occ[nH]n12,aryne_2168,O=c1cn[nH]n2oc#c[nH]n12
2168,arene_1981,O=c1nnc2ccoc2s1,aryne_2169,O=c1nnc2c#coc2s1
2169,arene_1982,O=c1ccnc2nnncn12,aryne_2170,O=c1c#cnc2nnncn12
2170,arene_1983,O=c1[nH]n2cconc-2c(=O)c1=O,aryne_2171,O=c1[nH]n2c#conc-2c(=O)c1=O
2171,arene_1985,O=c1[nH]ccc2cnoc(=O)c12,aryne_2172,O=c1[nH]c#cc2cnoc(=O)c12
2172,arene_1986,c1n[nH]n2ccon2[nH]1,aryne_2173,c1on2[nH]cn[nH]n2c#1
2173,arene_1987,O=c1ccc2cc(=O)scc2[nH]1,aryne_2174,O=c1c#cc2cc(=O)scc2[nH]1
2174,arene_1988,O=c1cc2[nH]c(=O)ccc2c[nH]1,aryne_2175,O=c1c#cc2c[nH]c(=O)cc2[nH]1
2175,arene_1989,O=c1c(=O)c2ccoc2c1=O,aryne_2176,O=c1c(=O)c2c#coc2c1=O
2176,arene_1990,O=c1snc2sccc(=O)n2c1=O,aryne_2177,O=c1snc2sc#cc(=O)n2c1=O
2177,arene_1992,O=c1cc2c(=O)ccsc2c[nH]1,aryne_2178,O=c1cc2c(=O)c#csc2c[nH]1
2178,arene_1993,O=c1[nH]c2nsccn-2c1=O,aryne_2179,O=c1[nH]c2nsc#cn-2c1=O
2179,arene_1994,O=c1cc[nH]c2c(=O)sccc12,aryne_2180,O=c1c#c[nH]c2c(=O)sccc12
2180,arene_1994,O=c1cc[nH]c2c(=O)sccc12,aryne_2181,O=c1cc[nH]c2c(=O)sc#cc12
2181,arene_1995,O=c1ncc2sccc2s1,aryne_2182,O=c1ncc2sc#cc2s1
2182,arene_1996,c1cc2conc2nn1,aryne_2183,c1nnc2nocc2c#1
2183,arene_1997,O=c1ccc2ccnc(=O)n2[nH]1,aryne_2184,O=c1c#cc2ccnc(=O)n2[nH]1
2184,arene_1998,c1cn2scn[nH]c-2no1,aryne_2185,c1onc2[nH]ncsn-2c#1
2185,arene_1999,O=c1[nH]c2ccsc2s1,aryne_2186,O=c1[nH]c2c#csc2s1
2186,arene_2000,O=c1ccc2ccnc(=O)n2s1,aryne_2187,O=c1c#cc2ccnc(=O)n2s1
2187,arene_2001,O=c1ccn2[nH]cnc(=O)n2c1=O,aryne_2188,O=c1c#cn2[nH]cnc(=O)n2c1=O
2188,arene_2002,O=c1cnsc2cc[nH]c(=O)c12,aryne_2189,O=c1cnsc2c#c[nH]c(=O)c12
2189,arene_2003,c1csn2cnsnc-2s1,aryne_2190,c1sc2nsncn-2sc#1
2190,arene_2004,O=c1sccn2snnon12,aryne_2191,O=c1sc#cn2snnon12
2191,arene_2005,O=c1ccc2[nH]ncc2o1,aryne_2192,O=c1c#cc2[nH]ncc2o1
2192,arene_2006,O=c1scc2[nH]ccn2c1=O,aryne_2193,O=c1scc2[nH]c#cn2c1=O
2193,arene_2007,O=c1sccn2c(=O)onc12,aryne_2194,O=c1sc#cn2c(=O)onc12
2194,arene_2009,O=c1cc2[nH]ccc(=O)n2c(=O)[nH]1,aryne_2195,O=c1cc2[nH]c#cc(=O)n2c(=O)[nH]1
2195,arene_2010,O=c1[nH]n2c(=O)ccnc2s1,aryne_2196,O=c1[nH]n2c(=O)c#cnc2s1
2196,arene_2011,O=c1ccc2c(=O)c(=O)cnc1=2,aryne_2197,O=c1c#cc2c(=O)c(=O)cnc1=2
2197,arene_2012,O=c1cnn2occc(=O)n2c1=O,aryne_2198,O=c1cnn2oc#cc(=O)n2c1=O
2198,arene_2013,O=c1[nH]c(=O)n2[nH]ccsn2s1,aryne_2199,O=c1[nH]c(=O)n2[nH]c#csn2s1
2199,arene_2014,O=c1[nH]n2occsn2c(=O)s1,aryne_2200,O=c1[nH]n2oc#csn2c(=O)s1
2200,arene_2015,O=c1cnsc2cnccc12,aryne_2201,O=c1cnsc2cnc#cc12
2201,arene_2016,c1cnc2sccc2c1,aryne_2202,c1cc2ccsc2nc#1
2202,arene_2016,c1cnc2sccc2c1,aryne_2203,c1cnc2sccc2c#1
2203,arene_2016,c1cnc2sccc2c1,aryne_2204,c1sc2ncccc2c#1
2204,arene_2017,c1cn2snc[nH]n2cn1,aryne_2205,c1ncn2[nH]cnsn2c#1
2205,arene_2018,O=c1ccoc2sncc(=O)c12,aryne_2206,O=c1c#coc2sncc(=O)c12
2206,arene_2020,O=c1cc2c(=O)[nH]ccc2ns1,aryne_2207,O=c1cc2c(=O)[nH]c#cc2ns1
2207,arene_2021,O=c1occ2nnccn12,aryne_2208,O=c1occ2nnc#cn12
2208,arene_2023,O=c1cc[nH]c2ncccc12,aryne_2209,O=c1c#c[nH]c2ncccc12
2209,arene_2023,O=c1cc[nH]c2ncccc12,aryne_2210,O=c1cc[nH]c2nc#ccc12
2210,arene_2023,O=c1cc[nH]c2ncccc12,aryne_2211,O=c1cc[nH]c2ncc#cc12
2211,arene_2024,c1cn2[nH]nnsn2[nH]1,aryne_2212,c1[nH]n2snn[nH]n2c#1
2212,arene_2025,O=c1[nH]ccc2[nH]nnc12,aryne_2213,O=c1[nH]c#cc2[nH]nnc12
2213,arene_2026,O=c1on2[nH]ccc(=O)n2c(=O)c1=O,aryne_2214,O=c1on2[nH]c#cc(=O)n2c(=O)c1=O
2214,arene_2027,O=c1[nH]c2cccnc2c(=O)s1,aryne_2215,O=c1[nH]c2c#ccnc2c(=O)s1
2215,arene_2027,O=c1[nH]c2cccnc2c(=O)s1,aryne_2216,O=c1[nH]c2cc#cnc2c(=O)s1
2216,arene_2028,O=c1occc2sncc12,aryne_2217,O=c1oc#cc2sncc12
2217,arene_2029,c1nsn2sccn2s1,aryne_2218,c1sn2sncsn2c#1
2218,arene_2030,O=c1ccn2sc(=O)c(=O)on2c1=O,aryne_2219,O=c1c#cn2sc(=O)c(=O)on2c1=O
2219,arene_2031,O=c1ccoc2c(=O)[nH]ccc12,aryne_2220,O=c1c#coc2c(=O)[nH]ccc12
2220,arene_2031,O=c1ccoc2c(=O)[nH]ccc12,aryne_2221,O=c1ccoc2c(=O)[nH]c#cc12
2221,arene_2032,O=c1c(=O)c(=O)c2c(=O)occc2c1=O,aryne_2222,O=c1c(=O)c(=O)c2c(=O)oc#cc2c1=O
2222,arene_2033,O=c1occc2c[nH]cc12,aryne_2223,O=c1oc#cc2c[nH]cc12
2223,arene_2034,O=c1[nH]nnc2c(=O)sccc12,aryne_2224,O=c1[nH]nnc2c(=O)sc#cc12
2224,arene_2036,O=c1[nH]ccn2snnsn12,aryne_2225,O=c1[nH]c#cn2snnsn12
2225,arene_2037,O=c1ncc2nsccn1-2,aryne_2226,O=c1ncc2nsc#cn1-2
2226,arene_2038,O=c1nnc2csccn1-2,aryne_2227,O=c1nnc2csc#cn1-2
2227,arene_2039,O=c1cnc2scc[nH]c1=2,aryne_2228,O=c1cnc2sc#c[nH]c1=2
2228,arene_2040,O=c1[nH]ccc2cnsc(=O)c12,aryne_2229,O=c1[nH]c#cc2cnsc(=O)c12
2229,arene_2041,O=c1ccc2ccncc2o1,aryne_2230,O=c1c#cc2ccncc2o1
2230,arene_2041,O=c1ccc2ccncc2o1,aryne_2231,O=c1ccc2c#cncc2o1
2231,arene_2042,c1cc2cnoc2o1,aryne_2232,c1oc2oncc2c#1
2232,arene_2043,c1cn2[nH]cc[nH]n2cn1,aryne_2233,c1ncn2[nH]cc[nH]n2c#1
2233,arene_2043,c1cn2[nH]cc[nH]n2cn1,aryne_2234,c1[nH]n2ccncn2[nH]c#1
2234,arene_2044,O=c1sncn2c(=O)cccc12,aryne_2235,O=c1sncn2c(=O)c#ccc12
2235,arene_2045,O=c1[nH]c2ccsc(=O)c2o1,aryne_2236,O=c1[nH]c2c#csc(=O)c2o1
2236,arene_2046,O=c1sncc2cccnc12,aryne_2237,O=c1sncc2c#ccnc12
2237,arene_2046,O=c1sncc2cccnc12,aryne_2238,O=c1sncc2cc#cnc12
2238,arene_2047,O=c1ncn2c(=O)ccnc2o1,aryne_2239,O=c1ncn2c(=O)c#cnc2o1
2239,arene_2048,O=c1sn2ccsc(=O)n2c(=O)c1=O,aryne_2240,O=c1sn2c#csc(=O)n2c(=O)c1=O
2240,arene_2049,O=c1oc(=O)n2c(=O)sccn2c1=O,aryne_2241,O=c1oc(=O)n2c(=O)sc#cn2c1=O
2241,arene_2050,O=c1oc(=O)c2[nH]ccc2o1,aryne_2242,O=c1oc(=O)c2[nH]c#cc2o1
2242,arene_2051,O=c1[nH]c2[nH]ccsc=2c(=O)c1=O,aryne_2243,O=c1[nH]c2[nH]c#csc=2c(=O)c1=O
2243,arene_2052,O=c1oc(=O)n2nnccn2c1=O,aryne_2244,O=c1oc(=O)n2nnc#cn2c1=O
2244,arene_2053,O=c1ncon2ccnc12,aryne_2245,O=c1ncon2c#cnc12
2245,arene_2054,O=c1[nH]cnn2c(=O)cccc12,aryne_2246,O=c1[nH]cnn2c(=O)c#ccc12
2246,arene_2055,c1cc2cncnc2cn1,aryne_2247,c1ncc2ncncc2c#1
2247,arene_2056,O=c1occ2c(=O)[nH]ccn2c1=O,aryne_2248,O=c1occ2c(=O)[nH]c#cn2c1=O
2248,arene_2057,O=c1nnc2cccc(=O)n2o1,aryne_2249,O=c1nnc2cc#cc(=O)n2o1
2249,arene_2058,c1csc2onn[nH]c=2[nH]1,aryne_2250,c1[nH]c2[nH]nnoc=2sc#1
2250,arene_2059,O=c1[nH]nc2ccsn2c1=O,aryne_2251,O=c1[nH]nc2c#csn2c1=O
2251,arene_2060,O=c1ccc(=O)c2c(=O)c(=O)ccc1=2,aryne_2252,O=c1c#cc(=O)c2c(=O)c(=O)ccc1=2
2252,arene_2060,O=c1ccc(=O)c2c(=O)c(=O)ccc1=2,aryne_2253,O=c1c#cc2c(=O)ccc(=O)c=2c1=O
2253,arene_2061,O=c1ccc2nnnnc2s1,aryne_2254,O=c1c#cc2nnnnc2s1
2254,arene_2062,O=c1ccc2c(=O)nc[nH]c2o1,aryne_2255,O=c1c#cc2c(=O)nc[nH]c2o1
2255,arene_2063,O=c1ccoc2[nH]nnc12,aryne_2256,O=c1c#coc2[nH]nnc12
2256,arene_2064,O=c1ccc2[nH]cnc2s1,aryne_2257,O=c1c#cc2[nH]cnc2s1
2257,arene_2065,O=c1occn2oncon12,aryne_2258,O=c1oc#cn2oncon12
2258,arene_2066,O=c1ccc2[nH]nnoc=2c1=O,aryne_2259,O=c1c#cc2[nH]nnoc=2c1=O
2259,arene_2067,O=c1occc2[nH]nnc12,aryne_2260,O=c1oc#cc2[nH]nnc12
2260,arene_2068,O=c1ncc2sccc(=O)c2o1,aryne_2261,O=c1ncc2sc#cc(=O)c2o1
2261,arene_2069,c1coc2occoc=2[nH]1,aryne_2262,c1[nH]c2occoc=2oc#1
2262,arene_2069,c1coc2occoc=2[nH]1,aryne_2263,c1oc2[nH]ccoc=2oc#1
2263,arene_2070,O=c1ccc2[nH]c(=O)c(=O)c(=O)c=2c1=O,aryne_2264,O=c1c#cc2[nH]c(=O)c(=O)c(=O)c=2c1=O
2264,arene_2071,O=c1cnc2c(=O)sccc2s1,aryne_2265,O=c1cnc2c(=O)sc#cc2s1
2265,arene_2072,c1cn2[nH]nn[nH]n2cn1,aryne_2266,c1ncn2[nH]nn[nH]n2c#1
2266,arene_2073,c1c[nH]n2nnncn2[nH]1,aryne_2267,c1[nH]n2cnnnn2[nH]c#1
2267,arene_2074,O=c1sccc2nn[nH]c12,aryne_2268,O=c1sc#cc2nn[nH]c12
2268,arene_2075,O=c1ccn2ncc(=O)[nH]c2c1,aryne_2269,O=c1c#cn2ncc(=O)[nH]c2c1
2269,arene_2076,O=c1[nH]cnc2sccc12,aryne_2270,O=c1[nH]cnc2sc#cc12
2270,arene_2077,O=c1ccn2oncc(=O)c2c1,aryne_2271,O=c1c#cn2oncc(=O)c2c1
2271,arene_2078,O=c1[nH]c2nccnc2o1,aryne_2272,O=c1[nH]c2nc#cnc2o1
2272,arene_2079,O=c1cnn2c(=O)ccnc2s1,aryne_2273,O=c1cnn2c(=O)c#cnc2s1
2273,arene_2080,O=c1nnn2[nH]ccsn2s1,aryne_2274,O=c1nnn2[nH]c#csn2s1
2274,arene_2081,O=c1c(=O)c2occc(=O)c2c1=O,aryne_2275,O=c1c(=O)c2oc#cc(=O)c2c1=O
2275,arene_2082,O=c1ccn2sc(=O)[nH]c(=O)c2n1,aryne_2276,O=c1c#cn2sc(=O)[nH]c(=O)c2n1
2276,arene_2083,O=c1ccc2c(=O)ncc=2c1=O,aryne_2277,O=c1c#cc2c(=O)ncc=2c1=O
2277,arene_2084,c1cc2nn[nH]c2s1,aryne_2278,c1sc2[nH]nnc2c#1
2278,arene_2085,c1cn2ocn[nH]n2cn1,aryne_2279,c1ncn2[nH]ncon2c#1
2279,arene_2086,c1cc2ccnnc2cn1,aryne_2280,c1ncc2nnccc2c#1
2280,arene_2086,c1cc2ccnnc2cn1,aryne_2281,c1nnc2cnccc2c#1
2281,arene_2087,O=c1ccsc2nnsc12,aryne_2282,O=c1c#csc2nnsc12
2282,arene_2088,O=c1[nH]ccc2csc(=O)n12,aryne_2283,O=c1[nH]c#cc2csc(=O)n12
2283,arene_2089,O=c1oc(=O)n2c(=O)ccon2c1=O,aryne_2284,O=c1oc(=O)n2c(=O)c#con2c1=O
2284,arene_2090,O=c1sc(=O)n2c(=O)ccnc2s1,aryne_2285,O=c1sc(=O)n2c(=O)c#cnc2s1
2285,arene_2091,O=c1ccn2cnncn2c1=O,aryne_2286,O=c1c#cn2cnncn2c1=O
2286,arene_2092,c1ccn2scn[nH]n2c1,aryne_2287,c1ccn2scn[nH]n2c#1
2287,arene_2092,c1ccn2scn[nH]n2c1,aryne_2288,c1ccn2[nH]ncsn2c#1
2288,arene_2093,O=c1cc2cc[nH]n2nn1,aryne_2289,O=c1cc2c#c[nH]n2nn1
2289,arene_2094,O=c1ncn2nnccc2n1,aryne_2290,O=c1ncn2nnc#cc2n1
2290,arene_2095,c1cnn2nccc2c1,aryne_2291,c1cnn2nccc2c#1
2291,arene_2096,O=c1[nH]ccc2ncsc(=O)c12,aryne_2292,O=c1[nH]c#cc2ncsc(=O)c12
2292,arene_2097,O=c1nnc2occoc=2c1=O,aryne_2293,O=c1nnc2oc#coc=2c1=O
2293,arene_2098,O=c1ccc2[nH]ccoc1=2,aryne_2294,O=c1c#cc2[nH]ccoc1=2
2294,arene_2098,O=c1ccc2[nH]ccoc1=2,aryne_2295,O=c1ccc2[nH]c#coc1=2
2295,arene_2099,O=c1cc2occc2cs1,aryne_2296,O=c1cc2oc#cc2cs1
2296,arene_2100,O=c1ccc2coc(=O)n2s1,aryne_2297,O=c1c#cc2coc(=O)n2s1
2297,arene_2101,O=c1cc2[nH]ccsc-2n1,aryne_2298,O=c1cc2[nH]c#csc-2n1
2298,arene_2102,O=c1ccn2cn[nH]c2c1,aryne_2299,O=c1c#cn2cn[nH]c2c1
2299,arene_2103,O=c1ccc2c(=O)c(=O)sc=2c1=O,aryne_2300,O=c1c#cc2c(=O)c(=O)sc=2c1=O
2300,arene_2104,O=c1ccc2snn[nH]c=2c1=O,aryne_2301,O=c1c#cc2snn[nH]c=2c1=O
2301,arene_2105,O=c1[nH]ncc2ccncc12,aryne_2302,O=c1[nH]ncc2c#cncc12
2302,arene_2106,c1con2ccscc-2[nH]1,aryne_2303,c1[nH]c2csccn-2oc#1
2303,arene_2106,c1con2ccscc-2[nH]1,aryne_2304,c1scc2[nH]ccon-2c#1
2304,arene_2107,O=c1cccc2snnc(=O)n12,aryne_2305,O=c1c#ccc2snnc(=O)n12
2305,arene_2108,O=c1cccc2ncon12,aryne_2306,O=c1c#ccc2ncon12
2306,arene_2109,c1nc2sccc2[nH]1,aryne_2307,c1sc2nc[nH]c2c#1
2307,arene_2110,c1cn2nncc2o1,aryne_2308,c1oc2cnnn2c#1
2308,arene_2111,O=c1[nH]nc2ccccn2c1=O,aryne_2309,O=c1[nH]nc2c#cccn2c1=O
2309,arene_2111,O=c1[nH]nc2ccccn2c1=O,aryne_2310,O=c1[nH]nc2ccc#cn2c1=O
2310,arene_2112,O=c1ncn2c(=O)ccn2s1,aryne_2311,O=c1ncn2c(=O)c#cn2s1
2311,arene_2113,O=c1cc[nH]c2ncoc(=O)c12,aryne_2312,O=c1c#c[nH]c2ncoc(=O)c12
2312,arene_2114,O=c1sccc2nnsc(=O)c12,aryne_2313,O=c1sc#cc2nnsc(=O)c12
2313,arene_2115,O=c1cc[nH]n2sccsn12,aryne_2314,O=c1c#c[nH]n2sccsn12
2314,arene_2115,O=c1cc[nH]n2sccsn12,aryne_2315,O=c1cc[nH]n2sc#csn12
2315,arene_2116,O=c1sn2ccccn2c(=O)c1=O,aryne_2316,O=c1sn2c#cccn2c(=O)c1=O
2316,arene_2116,O=c1sn2ccccn2c(=O)c1=O,aryne_2317,O=c1sn2ccc#cn2c(=O)c1=O
2317,arene_2117,O=c1cc2cc[nH]c2no1,aryne_2318,O=c1cc2c#c[nH]c2no1
2318,arene_2118,O=c1[nH]n2ccc(=O)n2oc1=O,aryne_2319,O=c1[nH]n2c#cc(=O)n2oc1=O
2319,arene_2119,c1cnc2nnncc2n1,aryne_2320,c1nc2cnnnc2nc#1
2320,arene_2120,O=c1cnn2sccc2n1,aryne_2321,O=c1cnn2sc#cc2n1
2321,arene_2121,O=c1ncc2cccn2[nH]1,aryne_2322,O=c1ncc2cc#cn2[nH]1
2322,arene_2122,O=c1[nH]nc2nnccn12,aryne_2323,O=c1[nH]nc2nnc#cn12
2323,arene_2123,c1cnn2ocn[nH]n2c1,aryne_2324,c1cnn2ocn[nH]n2c#1
2324,arene_2124,O=c1occn2[nH]ccsn12,aryne_2325,O=c1oc#cn2[nH]ccsn12
2325,arene_2124,O=c1occn2[nH]ccsn12,aryne_2326,O=c1occn2[nH]c#csn12
2326,arene_2125,O=c1cc2sc(=O)ccc2cs1,aryne_2327,O=c1c#cc2csc(=O)cc2s1
2327,arene_2126,O=c1oc2c(=O)cc[nH]c2sc1=O,aryne_2328,O=c1oc2c(=O)c#c[nH]c2sc1=O
2328,arene_2127,O=c1ccn2c(=O)c(=O)ccn2o1,aryne_2329,O=c1c#cn2c(=O)c(=O)ccn2o1
2329,arene_2127,O=c1ccn2c(=O)c(=O)ccn2o1,aryne_2330,O=c1ccn2c(=O)c(=O)c#cn2o1
2330,arene_2128,O=c1ccc2sc(=O)cnc2o1,aryne_2331,O=c1c#cc2sc(=O)cnc2o1
2331,arene_2129,c1nn2sccoc-2co1,aryne_2332,c1oc2cocnn-2sc#1
2332,arene_2130,O=c1nnsc2ccnnc12,aryne_2333,O=c1nnsc2c#cnnc12
2333,arene_2131,O=c1ccn2oc(=O)c(=O)[nH]c2n1,aryne_2334,O=c1c#cn2oc(=O)c(=O)[nH]c2n1
2334,arene_2132,O=c1sc(=O)n2ccscc-2c1=O,aryne_2335,O=c1sc(=O)n2c#cscc-2c1=O
2335,arene_2133,O=c1ccnc2cncnn12,aryne_2336,O=c1c#cnc2cncnn12
2336,arene_2134,c1cn2ocnc2n1,aryne_2337,c1nc2ncon2c#1
2337,arene_2135,O=c1[nH]c2ncccc2c(=O)o1,aryne_2338,O=c1[nH]c2nc#ccc2c(=O)o1
2338,arene_2135,O=c1[nH]c2ncccc2c(=O)o1,aryne_2339,O=c1[nH]c2ncc#cc2c(=O)o1
2339,arene_2136,O=c1nc[nH]n2sccon12,aryne_2340,O=c1nc[nH]n2sc#con12
2340,arene_2137,O=c1onc2nnccn2c1=O,aryne_2341,O=c1onc2nnc#cn2c1=O
2341,arene_2138,O=c1occn2[nH]cn[nH]n12,aryne_2342,O=c1oc#cn2[nH]cn[nH]n12
2342,arene_2139,O=c1[nH]c2c(=O)ccsc2o1,aryne_2343,O=c1[nH]c2c(=O)c#csc2o1
2343,arene_2140,O=c1ccn2c(=O)snc2[nH]1,aryne_2344,O=c1c#cn2c(=O)snc2[nH]1
2344,arene_2141,O=c1[nH]ccc2c[nH]nc12,aryne_2345,O=c1[nH]c#cc2c[nH]nc12
2345,arene_2142,O=c1cnn2occsn2o1,aryne_2346,O=c1cnn2oc#csn2o1
2346,arene_2143,O=c1nnoc2ccncc12,aryne_2347,O=c1nnoc2c#cncc12
2347,arene_2144,O=c1cc2[nH]ccon-2c1=O,aryne_2348,O=c1cc2[nH]c#con-2c1=O
2348,arene_2145,O=c1ccn2c(=O)sc(=O)nc2o1,aryne_2349,O=c1c#cn2c(=O)sc(=O)nc2o1
2349,arene_2146,O=c1[nH]c2ccc(=O)oc2[nH]1,aryne_2350,O=c1[nH]c2c#cc(=O)oc2[nH]1
2350,arene_2147,O=c1ccn2ncc(=O)sc2n1,aryne_2351,O=c1c#cn2ncc(=O)sc2n1
2351,arene_2148,c1cnc2nsnc2c1,aryne_2352,c1cnc2nsnc2c#1
2352,arene_2149,O=c1[nH]ncn2ccnc12,aryne_2353,O=c1[nH]ncn2c#cnc12
2353,arene_2150,c1cn2[nH]ncoc-2n[nH]1,aryne_2354,c1[nH]nc2ocn[nH]n-2c#1
2354,arene_2151,O=c1nnn2ccc(=O)[nH]c2n1,aryne_2355,O=c1nnn2c#cc(=O)[nH]c2n1
2355,arene_2152,O=c1ccc2cccn2o1,aryne_2356,O=c1c#cc2cccn2o1
2356,arene_2152,O=c1ccc2cccn2o1,aryne_2357,O=c1ccc2cc#cn2o1
2357,arene_2153,O=c1ccc2cncc(=O)n2o1,aryne_2358,O=c1c#cc2cncc(=O)n2o1
2358,arene_2154,c1cn2scn[nH]n2[nH]1,aryne_2359,c1[nH]n2[nH]ncsn2c#1
2359,arene_2155,O=c1cccc2nn[nH]c(=O)n12,aryne_2360,O=c1c#ccc2nn[nH]c(=O)n12
2360,arene_2156,O=c1ccc2c(=O)snnc2o1,aryne_2361,O=c1c#cc2c(=O)snnc2o1
2361,arene_2157,O=c1sccc2oncc12,aryne_2362,O=c1sc#cc2oncc12
2362,arene_2158,O=c1nc2cc[nH]c(=O)n2c(=O)[nH]1,aryne_2363,O=c1nc2c#c[nH]c(=O)n2c(=O)[nH]1
2363,arene_2159,O=c1nnn2c(=O)cccc2[nH]1,aryne_2364,O=c1nnn2c(=O)c#ccc2[nH]1
2364,arene_2160,O=c1nnn2occsn2o1,aryne_2365,O=c1nnn2oc#csn2o1
2365,arene_2161,O=c1cc2sccn2c(=O)s1,aryne_2366,O=c1cc2sc#cn2c(=O)s1
2366,arene_2162,c1cc2cnnnn2c1,aryne_2367,c1cc2cnnnn2c#1
2367,arene_2163,O=c1[nH]c(=O)n2ccnnn2c1=O,aryne_2368,O=c1[nH]c(=O)n2c#cnnn2c1=O
2368,arene_2164,O=c1ccn2c(=O)cccc2s1,aryne_2369,O=c1c#cn2c(=O)cccc2s1
2369,arene_2164,O=c1ccn2c(=O)cccc2s1,aryne_2370,O=c1ccn2c(=O)c#ccc2s1
2370,arene_2165,O=c1oncc2ccccc12,aryne_2371,O=c1oncc2c#cccc12
2371,arene_2165,O=c1oncc2ccccc12,aryne_2372,O=c1oncc2cc#ccc12
2372,arene_2165,O=c1oncc2ccccc12,aryne_2373,O=c1oncc2ccc#cc12
2373,arene_2166,O=c1[nH]nnn2c(=O)ccn12,aryne_2374,O=c1[nH]nnn2c(=O)c#cn12
2374,arene_2167,O=c1sncc2sccc12,aryne_2375,O=c1sncc2sc#cc12
2375,arene_2168,O=c1ocnc2nnccc12,aryne_2376,O=c1ocnc2nnc#cc12
2376,arene_2169,O=c1nc2c(=O)sccc2cs1,aryne_2377,O=c1nc2c(=O)sc#cc2cs1
2377,arene_2170,O=c1occc2ccnn12,aryne_2378,O=c1oc#cc2ccnn12
2378,arene_2171,O=c1ncsn2c(=O)ccn12,aryne_2379,O=c1ncsn2c(=O)c#cn12
2379,arene_2172,O=c1cnc2[nH]ccsc1=2,aryne_2380,O=c1cnc2[nH]c#csc1=2
2380,arene_2173,O=c1[nH]c(=O)n2[nH]ccsn2[nH]1,aryne_2381,O=c1[nH]c(=O)n2[nH]c#csn2[nH]1
2381,arene_2174,O=c1ncc2[nH]ccc2[nH]1,aryne_2382,O=c1ncc2[nH]c#cc2[nH]1
2382,arene_2176,O=c1ccn2[nH]c(=O)ccc2c1,aryne_2383,O=c1c#cn2[nH]c(=O)ccc2c1
2383,arene_2176,O=c1ccn2[nH]c(=O)ccc2c1,aryne_2384,O=c1ccn2[nH]c(=O)c#cc2c1
2384,arene_2177,O=c1ccc2snnc2o1,aryne_2385,O=c1c#cc2snnc2o1
2385,arene_2178,O=c1nnc2[nH]ccsc1=2,aryne_2386,O=c1nnc2[nH]c#csc1=2
2386,arene_2179,c1cn2occ[nH]c-2n[nH]1,aryne_2387,c1[nH]nc2[nH]ccon-2c#1
2387,arene_2179,c1cn2occ[nH]c-2n[nH]1,aryne_2388,c1[nH]c2n[nH]ccn-2oc#1
2388,arene_2180,O=c1nc2sccc2ns1,aryne_2389,O=c1nc2sc#cc2ns1
2389,arene_2181,O=c1sn2c(=O)cc[nH]n2c1=O,aryne_2390,O=c1sn2c(=O)c#c[nH]n2c1=O
2390,arene_2182,O=c1occn2[nH]nc[nH]n12,aryne_2391,O=c1oc#cn2[nH]nc[nH]n12
2391,arene_2183,O=c1oc2ccccc2c(=O)s1,aryne_2392,O=c1oc2c#cccc2c(=O)s1
2392,arene_2183,O=c1oc2ccccc2c(=O)s1,aryne_2393,O=c1oc2cc#ccc2c(=O)s1
2393,arene_2183,O=c1oc2ccccc2c(=O)s1,aryne_2394,O=c1oc2ccc#cc2c(=O)s1
2394,arene_2184,O=c1[nH]ccc2cnncc12,aryne_2395,O=c1[nH]c#cc2cnncc12
2395,arene_2185,O=c1sn2cnccn2c(=O)c1=O,aryne_2396,O=c1sn2cnc#cn2c(=O)c1=O
2396,arene_2186,O=c1ccn2c(=O)c(=O)[nH]cc2[nH]1,aryne_2397,O=c1c#cn2c(=O)c(=O)[nH]cc2[nH]1
2397,arene_2187,O=c1ccc2cnnc(=O)n2s1,aryne_2398,O=c1c#cc2cnnc(=O)n2s1
2398,arene_2188,O=c1cc[nH]n2cccc12,aryne_2399,O=c1c#c[nH]n2cccc12
2399,arene_2188,O=c1cc[nH]n2cccc12,aryne_2400,O=c1cc[nH]n2c#ccc12
2400,arene_2189,O=c1[nH]n2cc[nH]cc-2c(=O)c1=O,aryne_2401,O=c1[nH]n2c#c[nH]cc-2c(=O)c1=O
2401,arene_2190,O=c1nnn2ccocc-2c1=O,aryne_2402,O=c1nnn2c#cocc-2c1=O
2402,arene_2191,c1cn2onn[nH]c-2cs1,aryne_2403,c1scc2[nH]nnon-2c#1
2403,arene_2192,O=c1onnn2c(=O)cccc12,aryne_2404,O=c1onnn2c(=O)c#ccc12
2404,arene_2193,c1cn2scc[nH]n2nn1,aryne_2405,c1nnn2[nH]ccsn2c#1
2405,arene_2193,c1cn2scc[nH]n2nn1,aryne_2406,c1[nH]n2nnccn2sc#1
2406,arene_2194,c1cnc2nccnc2c1,aryne_2407,c1cc2nccnc2nc#1
2407,arene_2194,c1cnc2nccnc2c1,aryne_2408,c1cnc2nccnc2c#1
2408,arene_2194,c1cnc2nccnc2c1,aryne_2409,c1nc2cccnc2nc#1
2409,arene_2195,O=c1ncsc2nccn12,aryne_2410,O=c1ncsc2nc#cn12
2410,arene_2196,O=c1nnsc2sccc12,aryne_2411,O=c1nnsc2sc#cc12
2411,arene_2197,O=c1cc2c(=O)cc[nH]c2no1,aryne_2412,O=c1cc2c(=O)c#c[nH]c2no1
2412,arene_2198,O=c1ccc(=O)c2[nH]cc[nH]c1=2,aryne_2413,O=c1c#cc(=O)c2[nH]cc[nH]c1=2
2413,arene_2198,O=c1ccc(=O)c2[nH]cc[nH]c1=2,aryne_2414,O=c1ccc(=O)c2[nH]c#c[nH]c1=2
2414,arene_2199,O=c1nnc2sccc2s1,aryne_2415,O=c1nnc2sc#cc2s1
2415,arene_2201,O=c1[nH]n2ccc(=O)n2sc1=O,aryne_2416,O=c1[nH]n2c#cc(=O)n2sc1=O
2416,arene_2202,O=c1ccc2ocnsc=2c1=O,aryne_2417,O=c1c#cc2ocnsc=2c1=O
2417,arene_2203,c1ncn2scc[nH]n2n1,aryne_2418,c1[nH]n2ncncn2sc#1
2418,arene_2204,O=c1[nH]c2ccoc2c(=O)s1,aryne_2419,O=c1[nH]c2c#coc2c(=O)s1
2419,arene_2206,O=c1oc(=O)n2sccon2o1,aryne_2420,O=c1oc(=O)n2sc#con2o1
2420,arene_2207,O=c1oc(=O)n2ccccn12,aryne_2421,O=c1oc(=O)n2ccc#cn12
2421,arene_2208,O=c1ncsc2ccnnc12,aryne_2422,O=c1ncsc2c#cnnc12
2422,arene_2209,c1cn2occsn2nn1,aryne_2423,c1nnn2sccon2c#1
2423,arene_2209,c1cn2occsn2nn1,aryne_2424,c1on2ccnnn2sc#1
2424,arene_2210,c1cc2cc[nH]n2n1,aryne_2425,c1[nH]n2nccc2c#1
2425,arene_2211,c1cn2onn[nH]n2o1,aryne_2426,c1on2[nH]nnon2c#1
2426,arene_2212,c1cnc2nncnc2n1,aryne_2427,c1nc2ncnnc2nc#1
2427,arene_2213,O=c1ccsc2c(=O)nnsc12,aryne_2428,O=c1c#csc2c(=O)nnsc12
2428,arene_2214,c1cnc2sncc2n1,aryne_2429,c1nc2cnsc2nc#1
2429,arene_2215,O=c1ccc2ncccc2o1,aryne_2430,O=c1c#cc2ncccc2o1
2430,arene_2215,O=c1ccc2ncccc2o1,aryne_2431,O=c1ccc2nc#ccc2o1
2431,arene_2215,O=c1ccc2ncccc2o1,aryne_2432,O=c1ccc2ncc#cc2o1
2432,arene_2216,O=c1ccnc2nc[nH]n12,aryne_2433,O=c1c#cnc2nc[nH]n12
2433,arene_2217,O=c1scc2ncccn2c1=O,aryne_2434,O=c1scc2ncc#cn2c1=O
2434,arene_2218,c1ncn2occ[nH]n2n1,aryne_2435,c1[nH]n2ncncn2oc#1
2435,arene_2219,O=c1ncc2occ[nH]c1=2,aryne_2436,O=c1ncc2oc#c[nH]c1=2
2436,arene_2220,O=c1scc2cc[nH]n12,aryne_2437,O=c1scc2c#c[nH]n12
2437,arene_2221,c1cc2nnncn2c1,aryne_2438,c1cc2nnncn2c#1
2438,arene_2222,O=c1cnc(=O)c2scc[nH]c1=2,aryne_2439,O=c1cnc(=O)c2sc#c[nH]c1=2
2439,arene_2223,O=c1on2c(=O)ccc(=O)n2sc1=O,aryne_2440,O=c1on2c(=O)c#cc(=O)n2sc1=O
2440,arene_2224,O=c1cc[nH]c2occc12,aryne_2441,O=c1c#c[nH]c2occc12
2441,arene_2224,O=c1cc[nH]c2occc12,aryne_2442,O=c1cc[nH]c2oc#cc12
2442,arene_2225,O=c1[nH]n2c(=O)c(=O)ccn2s1,aryne_2443,O=c1[nH]n2c(=O)c(=O)c#cn2s1
2443,arene_2226,O=c1sc2cc[nH]c(=O)c2sc1=O,aryne_2444,O=c1sc2c#c[nH]c(=O)c2sc1=O
2444,arene_2227,c1cc2ccsc2nn1,aryne_2445,c1nnc2sccc2c#1
2445,arene_2227,c1cc2ccsc2nn1,aryne_2446,c1sc2nnccc2c#1
2446,arene_2228,O=c1oc(=O)c2ccncc2s1,aryne_2447,O=c1oc(=O)c2c#cncc2s1
2447,arene_2229,O=c1nc2ccc(=O)oc2c[nH]1,aryne_2448,O=c1nc2c#cc(=O)oc2c[nH]1
2448,arene_2230,c1coc2noccn-2[nH]1,aryne_2449,c1[nH]n2cconc-2oc#1
2449,arene_2230,c1coc2noccn-2[nH]1,aryne_2450,c1onc2occ[nH]n-2c#1
2450,arene_2231,c1cc2n[nH]nc2[nH]1,aryne_2451,c1[nH]c2n[nH]nc2c#1
2451,arene_2232,O=c1[nH]ccn2ocnon12,aryne_2452,O=c1[nH]c#cn2ocnon12
2452,arene_2233,O=c1ccn2c(=O)nc[nH]c2c1,aryne_2453,O=c1c#cn2c(=O)nc[nH]c2c1
2453,arene_2234,O=c1nc2c(=O)[nH]ccn2c(=O)[nH]1,aryne_2454,O=c1nc2c(=O)[nH]c#cn2c(=O)[nH]1
2454,arene_2235,c1cn2ocn[nH]c-2co1,aryne_2455,c1occ2[nH]ncon-2c#1
2455,arene_2236,c1cn2scnoc-2cs1,aryne_2456,c1scc2oncsn-2c#1
2456,arene_2237,O=c1ccn2nnsnc-2c1=O,aryne_2457,O=c1c#cn2nnsnc-2c1=O
2457,arene_2238,O=c1cc2c(=O)sccn2nn1,aryne_2458,O=c1cc2c(=O)sc#cn2nn1
2458,arene_2239,c1con2cnncn2[nH]1,aryne_2459,c1[nH]n2cnncn2oc#1
2459,arene_2240,O=c1[nH]c2nccc(=O)n2[nH]c1=O,aryne_2460,O=c1[nH]c2nc#cc(=O)n2[nH]c1=O
2460,arene_2241,O=c1cc2ccc(=O)sc2ns1,aryne_2461,O=c1c#cc2cc(=O)snc2s1
2461,arene_2242,c1cn2sccsc-2no1,aryne_2462,c1onc2sccsn-2c#1
2462,arene_2242,c1cn2sccsc-2no1,aryne_2463,c1sc2noccn-2sc#1
2463,arene_2243,O=c1ccnc2[nH]ccc(=O)n12,aryne_2464,O=c1c#cnc2[nH]ccc(=O)n12
2464,arene_2243,O=c1ccnc2[nH]ccc(=O)n12,aryne_2465,O=c1c#c[nH]c2nccc(=O)n12
2465,arene_2244,O=c1sn2ncccn2c(=O)c1=O,aryne_2466,O=c1sn2ncc#cn2c(=O)c1=O
2466,arene_2245,O=c1ccc2nccnc2o1,aryne_2467,O=c1c#cc2nccnc2o1
2467,arene_2245,O=c1ccc2nccnc2o1,aryne_2468,O=c1ccc2nc#cnc2o1
2468,arene_2246,O=c1nc2ccsc(=O)n2c(=O)o1,aryne_2469,O=c1nc2c#csc(=O)n2c(=O)o1
2469,arene_2247,O=c1ncn2c(=O)sccn2c1=O,aryne_2470,O=c1ncn2c(=O)sc#cn2c1=O
2470,arene_2248,O=c1cc2cc[nH]c2c[nH]1,aryne_2471,O=c1cc2c#c[nH]c2c[nH]1
2471,arene_2249,O=c1ncc2nnccc2o1,aryne_2472,O=c1ncc2nnc#cc2o1
2472,arene_2250,O=c1nc2c(=O)occc2c[nH]1,aryne_2473,O=c1nc2c(=O)oc#cc2c[nH]1
2473,arene_2251,O=c1ccc2nc(=O)c(=O)n-2c1=O,aryne_2474,O=c1c#cc2nc(=O)c(=O)n-2c1=O
2474,arene_2252,O=c1on2c(=O)ccc(=O)n2s1,aryne_2475,O=c1on2c(=O)c#cc(=O)n2s1
2475,arene_2253,O=c1ccc2scnc(=O)c2o1,aryne_2476,O=c1c#cc2scnc(=O)c2o1
2476,arene_2254,O=c1[nH]c(=O)c(=O)c2occ[nH]c1=2,aryne_2477,O=c1[nH]c(=O)c(=O)c2oc#c[nH]c1=2
2477,arene_2255,O=c1cc2cc[nH]c(=O)c2c[nH]1,aryne_2478,O=c1cc2c#c[nH]c(=O)c2c[nH]1
2478,arene_2256,c1c[nH]n2cnsnc-2[nH]1,aryne_2479,c1[nH]c2nsncn-2[nH]c#1
2479,arene_2257,O=c1occc2cnnnc12,aryne_2480,O=c1oc#cc2cnnnc12
2480,arene_2258,O=c1ccc2nnnc(=O)n2[nH]1,aryne_2481,O=c1c#cc2nnnc(=O)n2[nH]1
2481,arene_2259,O=c1[nH]c2c(=O)occc2c(=O)s1,aryne_2482,O=c1[nH]c2c(=O)oc#cc2c(=O)s1
2482,arene_2260,O=c1[nH]ccc2cnccc12,aryne_2483,O=c1[nH]c#cc2cnccc12
2483,arene_2260,O=c1[nH]ccc2cnccc12,aryne_2484,O=c1[nH]ccc2cnc#cc12
2484,arene_2261,O=c1ccc(=O)n2c(=O)occn12,aryne_2485,O=c1c#cc(=O)n2c(=O)occn12
2485,arene_2261,O=c1ccc(=O)n2c(=O)occn12,aryne_2486,O=c1ccc(=O)n2c(=O)oc#cn12
2486,arene_2262,O=c1ccoc2nncc(=O)n12,aryne_2487,O=c1c#coc2nncc(=O)n12
2487,arene_2263,O=c1oc(=O)c2cnccc2o1,aryne_2488,O=c1oc(=O)c2cnc#cc2o1
2488,arene_2264,c1nc2sccc2o1,aryne_2489,c1sc2ncoc2c#1
2489,arene_2265,O=c1oc2sccc(=O)c2c(=O)s1,aryne_2490,O=c1oc2sc#cc(=O)c2c(=O)s1
2490,arene_2266,c1cn2occsc-2n[nH]1,aryne_2491,c1[nH]nc2sccon-2c#1
2491,arene_2266,c1cn2occsc-2n[nH]1,aryne_2492,c1on2cc[nH]nc-2sc#1
2492,arene_2267,O=c1ccc2oc(=O)nnc2o1,aryne_2493,O=c1c#cc2oc(=O)nnc2o1
2493,arene_2268,O=c1ccc2n[nH]c(=O)c(=O)n2s1,aryne_2494,O=c1c#cc2n[nH]c(=O)c(=O)n2s1
2494,arene_2269,O=c1cc2cnccc2n[nH]1,aryne_2495,O=c1cc2cnc#cc2n[nH]1
2495,arene_2270,c1coc2occsc=2[nH]1,aryne_2496,c1[nH]c2sccoc=2oc#1
2496,arene_2270,c1coc2occsc=2[nH]1,aryne_2497,c1oc2occ[nH]c=2sc#1
2497,arene_2271,O=c1cc2nnccn2c(=O)[nH]1,aryne_2498,O=c1cc2nnc#cn2c(=O)[nH]1
2498,arene_2273,O=c1[nH]n2scc[nH]n2c(=O)o1,aryne_2499,O=c1[nH]n2sc#c[nH]n2c(=O)o1
2499,arene_2275,O=c1cnn2c(=O)ccc(=O)n2[nH]1,aryne_2500,O=c1cnn2c(=O)c#cc(=O)n2[nH]1
2500,arene_2276,O=c1cnc2sccoc=2c1=O,aryne_2501,O=c1cnc2sc#coc=2c1=O
2501,arene_2277,O=c1cc[nH]c2cnoc(=O)c12,aryne_2502,O=c1c#c[nH]c2cnoc(=O)c12
2502,arene_2278,O=c1cc2occc(=O)n2c(=O)[nH]1,aryne_2503,O=c1cc2oc#cc(=O)n2c(=O)[nH]1
2503,arene_2279,O=c1cc[nH]n2cncc12,aryne_2504,O=c1c#c[nH]n2cncc12
2504,arene_2280,O=c1cccc2nncnn12,aryne_2505,O=c1c#ccc2nncnn12
2505,arene_2281,O=c1oc2[nH]ccc2s1,aryne_2506,O=c1oc2[nH]c#cc2s1
2506,arene_2282,O=c1ccoc2nn[nH]c12,aryne_2507,O=c1c#coc2nn[nH]c12
2507,arene_2283,O=c1ccn2c(=O)ccn2s1,aryne_2508,O=c1c#cn2c(=O)ccn2s1
2508,arene_2283,O=c1ccn2c(=O)ccn2s1,aryne_2509,O=c1ccn2c(=O)c#cn2s1
2509,arene_2284,O=c1ccc2c[nH]c(=O)c(=O)n2s1,aryne_2510,O=c1c#cc2c[nH]c(=O)c(=O)n2s1
2510,arene_2285,O=c1cc2occc(=O)n2nn1,aryne_2511,O=c1cc2oc#cc(=O)n2nn1
2511,arene_2286,O=c1[nH]ccn2nncc12,aryne_2512,O=c1[nH]c#cn2nncc12
2512,arene_2287,O=c1onnn2[nH]cc[nH]n12,aryne_2513,O=c1onnn2[nH]c#c[nH]n12
2513,arene_2288,O=c1occc2cnsc12,aryne_2514,O=c1oc#cc2cnsc12
2514,arene_2289,O=c1[nH]ncc2ccsc(=O)c12,aryne_2515,O=c1[nH]ncc2c#csc(=O)c12
2515,arene_2290,O=c1ccc2cscnn1-2,aryne_2516,O=c1c#cc2cscnn1-2
2516,arene_2291,O=c1cc2sc(=O)ccc2co1,aryne_2517,O=c1cc2sc(=O)c#cc2co1
2517,arene_2292,O=c1oc(=O)n2sccsn2s1,aryne_2518,O=c1oc(=O)n2sc#csn2s1
2518,arene_2293,O=c1nc2occc(=O)n2c(=O)s1,aryne_2519,O=c1nc2oc#cc(=O)n2c(=O)s1
2519,arene_2294,O=c1nnn2c(=O)occn12,aryne_2520,O=c1nnn2c(=O)oc#cn12
2520,arene_2295,O=c1cc[nH]n2onc[nH]n12,aryne_2521,O=c1c#c[nH]n2onc[nH]n12
2521,arene_2296,O=c1cnoc2[nH]ccc12,aryne_2522,O=c1cnoc2[nH]c#cc12
2522,arene_2297,O=c1occ2ccncn12,aryne_2523,O=c1occ2c#cncn12
2523,arene_2298,O=c1cnon2c(=O)cccc12,aryne_2524,O=c1cnon2c(=O)c#ccc12
2524,arene_2299,O=c1ccsc2sncc(=O)c12,aryne_2525,O=c1c#csc2sncc(=O)c12
2525,arene_2300,O=c1[nH]cc2cccnn2c1=O,aryne_2526,O=c1[nH]cc2c#ccnn2c1=O
2526,arene_2301,O=c1ccc(=O)c2scc[nH]c1=2,aryne_2527,O=c1c#cc(=O)c2scc[nH]c1=2
2527,arene_2301,O=c1ccc(=O)c2scc[nH]c1=2,aryne_2528,O=c1ccc(=O)c2sc#c[nH]c1=2
2528,arene_2302,O=c1sccc2nncnc12,aryne_2529,O=c1sc#cc2nncnc12
2529,arene_2303,O=c1[nH]cc2sccn2c1=O,aryne_2530,O=c1[nH]cc2sc#cn2c1=O
2530,arene_2304,O=c1cnn2occc2n1,aryne_2531,O=c1cnn2oc#cc2n1
2531,arene_2305,O=c1nn[nH]n2cccc12,aryne_2532,O=c1nn[nH]n2c#ccc12
2532,arene_2306,O=c1ccc2c(=O)nnoc2o1,aryne_2533,O=c1c#cc2c(=O)nnoc2o1
2533,arene_2307,O=c1[nH]cc[nH]c1=O,aryne_2534,O=c1[nH]c#c[nH]c1=O
2534,arene_2308,O=c1ccc2cn[nH]c2[nH]1,aryne_2535,O=c1c#cc2cn[nH]c2[nH]1
2535,arene_2309,O=c1ccn2c(=O)occ2o1,aryne_2536,O=c1c#cn2c(=O)occ2o1
2536,arene_2310,c1csn2[nH]ccn2[nH]1,aryne_2537,c1[nH]n2cc[nH]n2sc#1
2537,arene_2310,c1csn2[nH]ccn2[nH]1,aryne_2538,c1[nH]n2scc[nH]n2c#1
2538,arene_2311,O=c1cnn2c(=O)ccc(=O)n2o1,aryne_2539,O=c1cnn2c(=O)c#cc(=O)n2o1
2539,arene_2312,O=c1ccn2c(=O)occ2s1,aryne_2540,O=c1c#cn2c(=O)occ2s1
2540,arene_2313,O=c1oc2cccn2sc1=O,aryne_2541,O=c1oc2cc#cn2sc1=O
2541,arene_2314,O=c1ccc2c(=O)c(=O)sc(=O)c1=2,aryne_2542,O=c1c#cc2c(=O)c(=O)sc(=O)c1=2
2542,arene_2315,c1ccc2[nH]nnc2c1,aryne_2543,c1cc2nn[nH]c2cc#1
2543,arene_2315,c1ccc2[nH]nnc2c1,aryne_2544,c1ccc2[nH]nnc2c#1
2544,arene_2315,c1ccc2[nH]nnc2c1,aryne_2545,c1ccc2nn[nH]c2c#1
2545,arene_2316,c1cn2oncon2o1,aryne_2546,c1on2ocnon2c#1
2546,arene_2317,O=c1nn[nH]c2ncccc12,aryne_2547,O=c1nn[nH]c2nc#ccc12
2547,arene_2317,O=c1nn[nH]c2ncccc12,aryne_2548,O=c1nn[nH]c2ncc#cc12
2548,arene_2318,O=c1[nH]ccs1,aryne_2549,O=c1[nH]c#cs1
2549,arene_2319,O=c1occc2nnsc(=O)c12,aryne_2550,O=c1oc#cc2nnsc(=O)c12
2550,arene_2320,O=c1sn2cc[nH]nc-2c(=O)c1=O,aryne_2551,O=c1sn2c#c[nH]nc-2c(=O)c1=O
2551,arene_2321,c1cc2cncn2[nH]1,aryne_2552,c1[nH]n2cncc2c#1
2552,arene_2323,O=c1onc2ncccn12,aryne_2553,O=c1onc2ncc#cn12
2553,arene_2324,O=c1ncn2c(=O)ccnc2s1,aryne_2554,O=c1ncn2c(=O)c#cnc2s1
2554,arene_2325,O=c1ncc2occc2o1,aryne_2555,O=c1ncc2oc#cc2o1
2555,arene_2326,O=c1ccc(=O)c2occ[nH]c1=2,aryne_2556,O=c1c#cc(=O)c2occ[nH]c1=2
2556,arene_2326,O=c1ccc(=O)c2occ[nH]c1=2,aryne_2557,O=c1ccc(=O)c2oc#c[nH]c1=2
2557,arene_2327,c1csn2nnocc-2o1,aryne_2558,c1oc2connn-2sc#1
2558,arene_2328,O=c1cnc(=O)n2c(=O)occn12,aryne_2559,O=c1cnc(=O)n2c(=O)oc#cn12
2559,arene_2329,O=c1ccc2nc(=O)oc(=O)n2o1,aryne_2560,O=c1c#cc2nc(=O)oc(=O)n2o1
2560,arene_2330,O=c1ccc2c(=O)c(=O)c(=O)oc=2c1=O,aryne_2561,O=c1c#cc2c(=O)c(=O)c(=O)oc=2c1=O
2561,arene_2331,O=c1ccn2ccscc1-2,aryne_2562,O=c1c#cn2ccscc1-2
2562,arene_2331,O=c1ccn2ccscc1-2,aryne_2563,O=c1ccn2c#cscc1-2
2563,arene_2332,O=c1ocnc2ccsc12,aryne_2564,O=c1ocnc2c#csc12
2564,arene_2333,O=c1snnn2occon12,aryne_2565,O=c1snnn2oc#con12
2565,arene_2334,c1c[nH]c2sccoc=2[nH]1,aryne_2566,c1[nH]c2occsc=2[nH]c#1
2566,arene_2334,c1c[nH]c2sccoc=2[nH]1,aryne_2567,c1oc2[nH]cc[nH]c=2sc#1
2567,arene_2335,O=c1[nH]cnc2ccnnc12,aryne_2568,O=c1[nH]cnc2c#cnnc12
2568,arene_2336,O=c1ccc2c(=O)[nH]ncc2[nH]1,aryne_2569,O=c1c#cc2c(=O)[nH]ncc2[nH]1
2569,arene_2337,O=c1[nH]c2ccccc2oc1=O,aryne_2570,O=c1[nH]c2c#cccc2oc1=O
2570,arene_2337,O=c1[nH]c2ccccc2oc1=O,aryne_2571,O=c1[nH]c2cc#ccc2oc1=O
2571,arene_2337,O=c1[nH]c2ccccc2oc1=O,aryne_2572,O=c1[nH]c2ccc#cc2oc1=O
2572,arene_2338,O=c1cc[nH]c2cnncc12,aryne_2573,O=c1c#c[nH]c2cnncc12
2573,arene_2339,c1cn2nnoc2n1,aryne_2574,c1nc2onnn2c#1
2574,arene_2340,c1coc2nscnn-2[nH]1,aryne_2575,c1[nH]n2ncsnc-2oc#1
2575,arene_2341,c1cn2sncsc-2cs1,aryne_2576,c1scc2scnsn-2c#1
2576,arene_2342,O=c1[nH]ccc2conc12,aryne_2577,O=c1[nH]c#cc2conc12
2577,arene_2343,O=c1[nH]n2occon2[nH]1,aryne_2578,O=c1[nH]n2oc#con2[nH]1
2578,arene_2344,O=c1[nH]nc2ncccn2c1=O,aryne_2579,O=c1[nH]nc2ncc#cn2c1=O
2579,arene_2345,O=c1ccon2c(=O)cnn12,aryne_2580,O=c1c#con2c(=O)cnn12
2580,arene_2346,O=c1cc2ccccc2co1,aryne_2581,O=c1cc2c#cccc2co1
2581,arene_2346,O=c1cc2ccccc2co1,aryne_2582,O=c1cc2ccc#cc2co1
2582,arene_2347,c1cn2onnsn2nn1,aryne_2583,c1nnn2snnon2c#1
2583,arene_2349,O=c1[nH]ccc2ccoc(=O)c12,aryne_2584,O=c1[nH]c#cc2ccoc(=O)c12
2584,arene_2349,O=c1[nH]ccc2ccoc(=O)c12,aryne_2585,O=c1[nH]ccc2c#coc(=O)c12
2585,arene_2350,O=c1ccn2oncsn2o1,aryne_2586,O=c1c#cn2oncsn2o1
2586,arene_2351,O=c1cnsc2c(=O)occc12,aryne_2587,O=c1cnsc2c(=O)oc#cc12
2587,arene_2352,O=c1ccn2nn[nH]cc1-2,aryne_2588,O=c1c#cn2nn[nH]cc1-2
2588,arene_2353,O=c1ccn2scn[nH]n2[nH]1,aryne_2589,O=c1c#cn2scn[nH]n2[nH]1
2589,arene_2354,O=c1ccn2ocnn12,aryne_2590,O=c1c#cn2ocnn12
2590,arene_2355,O=c1nnnc2sccn12,aryne_2591,O=c1nnnc2sc#cn12
2591,arene_2356,O=c1cc[nH]c2n[nH]nc12,aryne_2592,O=c1c#c[nH]c2n[nH]nc12
2592,arene_2357,O=c1cc2occc2no1,aryne_2593,O=c1cc2oc#cc2no1
2593,arene_2358,O=c1c(=O)c(=O)c2c(=O)[nH]ccc2c1=O,aryne_2594,O=c1c(=O)c(=O)c2c(=O)[nH]c#cc2c1=O
2594,arene_2359,O=c1sc(=O)n2ccsnc1-2,aryne_2595,O=c1sc(=O)n2c#csnc1-2
2595,arene_2360,O=c1[nH]ccc2c[nH]c(=O)n12,aryne_2596,O=c1[nH]c#cc2c[nH]c(=O)n12
2596,arene_2361,O=c1cnn2cc[nH]n12,aryne_2597,O=c1cnn2c#c[nH]n12
2597,arene_2362,O=c1oc2occc2c(=O)s1,aryne_2598,O=c1oc2oc#cc2c(=O)s1
2598,arene_2363,O=c1[nH]ccn2occon12,aryne_2599,O=c1[nH]c#cn2occon12
2599,arene_2363,O=c1[nH]ccn2occon12,aryne_2600,O=c1[nH]ccn2oc#con12
2600,arene_2364,O=c1ccc2[nH]cnc2o1,aryne_2601,O=c1c#cc2[nH]cnc2o1
2601,arene_2365,O=c1ccnc2cn[nH]c(=O)n12,aryne_2602,O=c1c#cnc2cn[nH]c(=O)n12
2602,arene_2366,O=c1ccn2ccon12,aryne_2603,O=c1c#cn2ccon12
2603,arene_2366,O=c1ccn2ccon12,aryne_2604,O=c1ccn2c#con12
2604,arene_2367,O=c1ccc2cn[nH]c(=O)c2[nH]1,aryne_2605,O=c1c#cc2cn[nH]c(=O)c2[nH]1
2605,arene_2368,O=c1sccc2ncsc12,aryne_2606,O=c1sc#cc2ncsc12
2606,arene_2369,O=c1[nH]c(=O)n2c(=O)[nH]ccn2c1=O,aryne_2607,O=c1[nH]c(=O)n2c(=O)[nH]c#cn2c1=O
2607,arene_2370,c1cc2sncn2c1,aryne_2608,c1cc2sncn2c#1
2608,arene_2371,O=c1ccc2cscc2s1,aryne_2609,O=c1c#cc2cscc2s1
2609,arene_2372,O=c1ccc2coc(=O)n2o1,aryne_2610,O=c1c#cc2coc(=O)n2o1
2610,arene_2373,O=c1cc2c(=O)ccon2c(=O)s1,aryne_2611,O=c1cc2c(=O)c#con2c(=O)s1
2611,arene_2374,O=c1sccsc1=O,aryne_2612,O=c1sc#csc1=O
2612,arene_2375,O=c1ccn2[nH]nc[nH]n2[nH]1,aryne_2613,O=c1c#cn2[nH]nc[nH]n2[nH]1
2613,arene_2376,O=c1cc2ccccc2c[nH]1,aryne_2614,O=c1cc2c#cccc2c[nH]1
2614,arene_2376,O=c1cc2ccccc2c[nH]1,aryne_2615,O=c1cc2ccc#cc2c[nH]1
2615,arene_2377,c1con2nnnnn2o1,aryne_2616,c1on2nnnnn2oc#1
2616,arene_2378,O=c1ccc2[nH]ncsc1=2,aryne_2617,O=c1c#cc2[nH]ncsc1=2
2617,arene_2379,O=c1oc2[nH]ccsc=2c(=O)c1=O,aryne_2618,O=c1oc2[nH]c#csc=2c(=O)c1=O
2618,arene_2380,O=c1[nH]c(=O)c(=O)c2sccoc1=2,aryne_2619,O=c1[nH]c(=O)c(=O)c2sc#coc1=2
2619,arene_2381,c1cn2ocn[nH]c-2no1,aryne_2620,c1onc2[nH]ncon-2c#1
2620,arene_2382,O=c1[nH]c(=O)n2c(=O)occn2c1=O,aryne_2621,O=c1[nH]c(=O)n2c(=O)oc#cn2c1=O
2621,arene_2383,O=c1c(=O)c(=O)c2occc2c1=O,aryne_2622,O=c1c(=O)c(=O)c2oc#cc2c1=O
2622,arene_2384,O=c1ccsc2c(=O)ocnc12,aryne_2623,O=c1c#csc2c(=O)ocnc12
2623,arene_2385,O=c1[nH]ccn2c(=O)ncnc12,aryne_2624,O=c1[nH]c#cn2c(=O)ncnc12
2624,arene_2386,O=c1cc[nH][nH]1,aryne_2625,O=c1c#c[nH][nH]1
2625,arene_2387,O=c1nc2c(=O)occc2no1,aryne_2626,O=c1nc2c(=O)oc#cc2no1
2626,arene_2388,O=c1ccon2cccc12,aryne_2627,O=c1c#con2cccc12
2627,arene_2388,O=c1ccon2cccc12,aryne_2628,O=c1ccon2c#ccc12
2628,arene_2389,c1noc2csccn-2o1,aryne_2629,c1scc2oncon-2c#1
2629,arene_2390,c1cc2scnc2cn1,aryne_2630,c1ncc2ncsc2c#1
2630,arene_2391,O=c1ccn2c(=O)c(=O)onc2s1,aryne_2631,O=c1c#cn2c(=O)c(=O)onc2s1
2631,arene_2392,O=c1cnc(=O)c2sccsc1=2,aryne_2632,O=c1cnc(=O)c2sc#csc1=2
2632,arene_2393,O=c1ccn2cconc1-2,aryne_2633,O=c1c#cn2cconc1-2
2633,arene_2393,O=c1ccn2cconc1-2,aryne_2634,O=c1ccn2c#conc1-2
2634,arene_2394,O=c1[nH]c(=O)n2cccc2s1,aryne_2635,O=c1[nH]c(=O)n2c#ccc2s1
2635,arene_2395,c1cc2cnnnc2nn1,aryne_2636,c1nnc2nnncc2c#1
2636,arene_2396,O=c1nc2cc[nH]c2n[nH]1,aryne_2637,O=c1nc2c#c[nH]c2n[nH]1
2637,arene_2398,O=c1ccsn2scc[nH]n12,aryne_2638,O=c1c#csn2scc[nH]n12
2638,arene_2398,O=c1ccsn2scc[nH]n12,aryne_2639,O=c1ccsn2sc#c[nH]n12
2639,arene_2399,O=c1[nH]c2ccncc2[nH]1,aryne_2640,O=c1[nH]c2c#cncc2[nH]1
2640,arene_2400,O=c1[nH]n2c(=O)[nH]ccn2c(=O)c1=O,aryne_2641,O=c1[nH]n2c(=O)[nH]c#cn2c(=O)c1=O
2641,arene_2401,O=c1ccc2c(=O)sc(=O)sc2o1,aryne_2642,O=c1c#cc2c(=O)sc(=O)sc2o1
2642,arene_2402,O=c1on2[nH]ccc(=O)n2c1=O,aryne_2643,O=c1on2[nH]c#cc(=O)n2c1=O
2643,arene_2403,O=c1cncc2nnccn12,aryne_2644,O=c1cncc2nnc#cn12
2644,arene_2404,O=c1on2scc[nH]n2sc1=O,aryne_2645,O=c1on2sc#c[nH]n2sc1=O
2645,arene_2405,O=c1ccn2onnc(=O)n2c1=O,aryne_2646,O=c1c#cn2onnc(=O)n2c1=O
2646,arene_2406,O=c1nc2[nH]cc[nH]c-2nc1=O,aryne_2647,O=c1nc2[nH]c#c[nH]c-2nc1=O
2647,arene_2407,O=c1ccn2c(=O)nn[nH]c2c1,aryne_2648,O=c1c#cn2c(=O)nn[nH]c2c1
2648,arene_2408,O=c1sc(=O)n2c(=O)c(=O)ccn2s1,aryne_2649,O=c1sc(=O)n2c(=O)c(=O)c#cn2s1
2649,arene_2409,O=c1ccc(=O)c2c(=O)c(=O)cnc1=2,aryne_2650,O=c1c#cc(=O)c2c(=O)c(=O)cnc1=2
2650,arene_2410,O=c1ccc2c(=O)[nH]ncc2o1,aryne_2651,O=c1c#cc2c(=O)[nH]ncc2o1
2651,arene_2411,O=c1cncc2occn12,aryne_2652,O=c1cncc2oc#cn12
2652,arene_2412,O=c1ccn2[nH]ncon2s1,aryne_2653,O=c1c#cn2[nH]ncon2s1
2653,arene_2413,O=c1[nH]nnc2ccncc12,aryne_2654,O=c1[nH]nnc2c#cncc12
2654,arene_2414,O=c1ccn2snnsn2s1,aryne_2655,O=c1c#cn2snnsn2s1
2655,arene_2415,O=c1cnoc2cc[nH]c(=O)c12,aryne_2656,O=c1cnoc2c#c[nH]c(=O)c12
2656,arene_2416,O=c1cnn2sccc(=O)n2c1=O,aryne_2657,O=c1cnn2sc#cc(=O)n2c1=O
2657,arene_2417,c1coc2n[nH]nnn-2[nH]1,aryne_2658,c1[nH]n2nn[nH]nc-2oc#1
2658,arene_2418,O=c1occc2ncsc12,aryne_2659,O=c1oc#cc2ncsc12
2659,arene_2419,O=c1ccnc2ccsc(=O)n12,aryne_2660,O=c1c#cnc2ccsc(=O)n12
2660,arene_2419,O=c1ccnc2ccsc(=O)n12,aryne_2661,O=c1ccnc2c#csc(=O)n12
2661,arene_2420,c1cc2cnncc2s1,aryne_2662,c1sc2cnncc2c#1
2662,arene_2421,O=c1ccn2nn[nH]cc-2c1=O,aryne_2663,O=c1c#cn2nn[nH]cc-2c1=O
2663,arene_2422,O=c1sccc2nnccc12,aryne_2664,O=c1sc#cc2nnccc12
2664,arene_2422,O=c1sccc2nnccc12,aryne_2665,O=c1sccc2nnc#cc12
2665,arene_2423,c1c[nH]n2occn2[nH]1,aryne_2666,c1[nH]n2ccon2[nH]c#1
2666,arene_2423,c1c[nH]n2occn2[nH]1,aryne_2667,c1on2[nH]cc[nH]n2c#1
2667,arene_2424,O=c1cnon2[nH]ccsn12,aryne_2668,O=c1cnon2[nH]c#csn12
2668,arene_2425,O=c1cn[nH]n2scc[nH]n12,aryne_2669,O=c1cn[nH]n2sc#c[nH]n12
2669,arene_2426,O=c1ccc2nocc2o1,aryne_2670,O=c1c#cc2nocc2o1
2670,arene_2427,O=c1cnn2cc[nH]c(=O)c2n1,aryne_2671,O=c1cnn2c#c[nH]c(=O)c2n1
2671,arene_2428,O=c1ccc2nnc(=O)oc2o1,aryne_2672,O=c1c#cc2nnc(=O)oc2o1
2672,arene_2429,O=c1[nH]n2sccsn2o1,aryne_2673,O=c1[nH]n2sc#csn2o1
2673,arene_2430,O=c1nc[nH]n2occ[nH]n12,aryne_2674,O=c1nc[nH]n2oc#c[nH]n12
2674,arene_2431,O=c1ncn2ccc(=O)c(=O)n2[nH]1,aryne_2675,O=c1ncn2c#cc(=O)c(=O)n2[nH]1
2675,arene_2432,O=c1ccsc2sncc12,aryne_2676,O=c1c#csc2sncc12
2676,arene_2433,O=c1cn[nH]n2[nH]ccon12,aryne_2677,O=c1cn[nH]n2[nH]c#con12
2677,arene_2434,O=c1cnn2ccnnc2n1,aryne_2678,O=c1cnn2c#cnnc2n1
2678,arene_2436,O=c1nnn2ccoc2n1,aryne_2679,O=c1nnn2c#coc2n1
2679,arene_2437,O=c1cc2c(=O)ccsc2ns1,aryne_2680,O=c1cc2c(=O)c#csc2ns1
2680,arene_2439,O=c1ccsn2ccc(=O)n12,aryne_2681,O=c1c#csn2ccc(=O)n12
2681,arene_2439,O=c1ccsn2ccc(=O)n12,aryne_2682,O=c1c#cn2sccc(=O)n12
2682,arene_2440,O=c1ncc2c(=O)sccc2s1,aryne_2683,O=c1ncc2c(=O)sc#cc2s1
2683,arene_2441,O=c1ccc2nncn2s1,aryne_2684,O=c1c#cc2nncn2s1
2684,arene_2442,O=c1cc2cccnn2c(=O)[nH]1,aryne_2685,O=c1cc2c#ccnn2c(=O)[nH]1
2685,arene_2443,O=c1cnn2[nH]ccon2o1,aryne_2686,O=c1cnn2[nH]c#con2o1
2686,arene_2445,O=c1ccn2cnncc2n1,aryne_2687,O=c1c#cn2cnncc2n1
2687,arene_2446,O=c1nnsc2cc[nH]c(=O)c12,aryne_2688,O=c1nnsc2c#c[nH]c(=O)c12
2688,arene_2447,O=c1ccn2ccoc(=O)n12,aryne_2689,O=c1c#cn2ccoc(=O)n12
2689,arene_2447,O=c1ccn2ccoc(=O)n12,aryne_2690,O=c1ccn2c#coc(=O)n12
2690,arene_2448,c1csn2occn2o1,aryne_2691,c1on2ccon2sc#1
2691,arene_2448,c1csn2occn2o1,aryne_2692,c1on2sccon2c#1
2692,arene_2449,O=c1scnc2sccc12,aryne_2693,O=c1scnc2sc#cc12
2693,arene_2450,O=c1oc(=O)n2c(=O)c(=O)ccn2o1,aryne_2694,O=c1oc(=O)n2c(=O)c(=O)c#cn2o1
2694,arene_2451,O=c1cnc2cc[nH]c2o1,aryne_2695,O=c1cnc2c#c[nH]c2o1
2695,arene_2452,O=c1ncon2[nH]cc[nH]n12,aryne_2696,O=c1ncon2[nH]c#c[nH]n12
2696,arene_2453,c1cnc2nncn2c1,aryne_2697,c1cnc2nncn2c#1
2697,arene_2454,O=c1cc[nH]c2ccnc(=O)n12,aryne_2698,O=c1c#c[nH]c2ccnc(=O)n12
2698,arene_2455,c1cn2sccsc-2cs1,aryne_2699,c1scc2sccsn-2c#1
2699,arene_2455,c1cn2sccsc-2cs1,aryne_2700,c1sc2csccn-2sc#1
2700,arene_2456,O=c1ccn2nnscc-2c1=O,aryne_2701,O=c1c#cn2nnscc-2c1=O
2701,arene_2457,O=c1oc2cccnc2oc1=O,aryne_2702,O=c1oc2c#ccnc2oc1=O
2702,arene_2457,O=c1oc2cccnc2oc1=O,aryne_2703,O=c1oc2cc#cnc2oc1=O
2703,arene_2458,O=c1ccn2c(=O)cncc2s1,aryne_2704,O=c1c#cn2c(=O)cncc2s1
2704,arene_2459,O=c1[nH]c(=O)c2[nH]ccc2o1,aryne_2705,O=c1[nH]c(=O)c2[nH]c#cc2o1
2705,arene_2460,O=c1[nH]n2[nH]ccon2s1,aryne_2706,O=c1[nH]n2[nH]c#con2s1
2706,arene_2461,O=c1cc2oc(=O)ccn2c(=O)o1,aryne_2707,O=c1c#cn2c(=O)oc(=O)cc2o1
2707,arene_2462,O=c1sn2cconc-2c1=O,aryne_2708,O=c1sn2c#conc-2c1=O
2708,arene_2463,O=c1[nH]c(=O)n2c(=O)ccnc2[nH]1,aryne_2709,O=c1[nH]c(=O)n2c(=O)c#cnc2[nH]1
2709,arene_2465,c1non2ccscc-2o1,aryne_2710,c1scc2ocnon-2c#1
2710,arene_2466,O=c1ccsc2onnc12,aryne_2711,O=c1c#csc2onnc12
2711,arene_2467,O=c1ccc2c(=O)sc(=O)oc2s1,aryne_2712,O=c1c#cc2c(=O)sc(=O)oc2s1
2712,arene_2468,O=c1[nH]cc2ccccn2c1=O,aryne_2713,O=c1[nH]cc2c#cccn2c1=O
2713,arene_2468,O=c1[nH]cc2ccccn2c1=O,aryne_2714,O=c1[nH]cc2ccc#cn2c1=O
2714,arene_2469,O=c1oc(=O)c(=O)c2scc[nH]c1=2,aryne_2715,O=c1oc(=O)c(=O)c2sc#c[nH]c1=2
2715,arene_2470,O=c1ccn2ncc(=O)oc2n1,aryne_2716,O=c1c#cn2ncc(=O)oc2n1
2716,arene_2471,O=c1ccc2c(=O)[nH]c(=O)oc2[nH]1,aryne_2717,O=c1c#cc2c(=O)[nH]c(=O)oc2[nH]1
2717,arene_2472,c1cn2[nH]ccoc-2n[nH]1,aryne_2718,c1[nH]nc2occ[nH]n-2c#1
2718,arene_2472,c1cn2[nH]ccoc-2n[nH]1,aryne_2719,c1[nH]n2cc[nH]nc-2oc#1
2719,arene_2473,O=c1ccsn2occon12,aryne_2720,O=c1c#csn2occon12
2720,arene_2473,O=c1ccsn2occon12,aryne_2721,O=c1ccsn2oc#con12
2721,arene_2474,c1csc2cocnn-2[nH]1,aryne_2722,c1[nH]n2ncocc-2sc#1
2722,arene_2475,O=c1snnc2sccc12,aryne_2723,O=c1snnc2sc#cc12
2723,arene_2476,c1csc2[nH]ncsc=2o1,aryne_2724,c1oc2scn[nH]c=2sc#1
2724,arene_2477,O=c1ccn2c(=O)ccsc2c1,aryne_2725,O=c1c#cn2c(=O)ccsc2c1
2725,arene_2477,O=c1ccn2c(=O)ccsc2c1,aryne_2726,O=c1ccn2c(=O)c#csc2c1
2726,arene_2478,O=c1ccnc2nnon12,aryne_2727,O=c1c#cnc2nnon12
2727,arene_2479,O=c1cc[nH]c2nnnn12,aryne_2728,O=c1c#c[nH]c2nnnn12
2728,arene_2480,O=c1occ2ccnnn12,aryne_2729,O=c1occ2c#cnnn12
2729,arene_2481,O=c1ncc2c(=O)sccc2[nH]1,aryne_2730,O=c1ncc2c(=O)sc#cc2[nH]1
2730,arene_2482,O=c1ccn2ncc(=O)c(=O)n2o1,aryne_2731,O=c1c#cn2ncc(=O)c(=O)n2o1
2731,arene_2483,O=c1ccc2c(=O)nn[nH]c2s1,aryne_2732,O=c1c#cc2c(=O)nn[nH]c2s1
2732,arene_2484,O=c1cc[nH]c2nnsc(=O)c12,aryne_2733,O=c1c#c[nH]c2nnsc(=O)c12
2733,arene_2485,O=c1ccc(=O)n2nnncn12,aryne_2734,O=c1c#cc(=O)n2nnncn12
2734,arene_2486,O=c1cnc2c(=O)c(=O)ccc=2c1=O,aryne_2735,O=c1c#cc2c(=O)c(=O)cnc=2c1=O
2735,arene_2487,c1cn2[nH]nn[nH]n2nn1,aryne_2736,c1nnn2[nH]nn[nH]n2c#1
2736,arene_2488,O=c1ccn2nnoc(=O)n2c1=O,aryne_2737,O=c1c#cn2nnoc(=O)n2c1=O
2737,arene_2489,O=c1[nH]n2ccsnc-2c(=O)c1=O,aryne_2738,O=c1[nH]n2c#csnc-2c(=O)c1=O
2738,arene_2490,O=c1ccn2oncon2[nH]1,aryne_2739,O=c1c#cn2oncon2[nH]1
2739,arene_2491,O=c1[nH]c2ccsc2c(=O)s1,aryne_2740,O=c1[nH]c2c#csc2c(=O)s1
2740,arene_2492,O=c1nc2nnccc2co1,aryne_2741,O=c1nc2nnc#cc2co1
2741,arene_2493,O=c1ncc2ccncc2o1,aryne_2742,O=c1ncc2c#cncc2o1
2742,arene_2494,O=c1ccsc2c(=O)cnoc12,aryne_2743,O=c1c#csc2c(=O)cnoc12
2743,arene_2495,O=c1cc[nH]c(=O)[nH]1,aryne_2744,O=c1c#c[nH]c(=O)[nH]1
2744,arene_2496,O=c1ccc2nnsc(=O)c2[nH]1,aryne_2745,O=c1c#cc2nnsc(=O)c2[nH]1
2745,arene_2497,O=c1ccc2c(=O)sc(=O)oc2[nH]1,aryne_2746,O=c1c#cc2c(=O)sc(=O)oc2[nH]1
2746,arene_2498,O=c1sc(=O)c2cccn2s1,aryne_2747,O=c1sc(=O)c2cc#cn2s1
2747,arene_2499,c1cn2snnoc-2no1,aryne_2748,c1onc2onnsn-2c#1
2748,arene_2500,O=c1sncc2ccoc12,aryne_2749,O=c1sncc2c#coc12
2749,arene_2501,O=c1occc2cnoc(=O)c12,aryne_2750,O=c1oc#cc2cnoc(=O)c12
2750,arene_2502,c1c[nH]n2cnscc-2[nH]1,aryne_2751,c1[nH]c2csncn-2[nH]c#1
2751,arene_2503,O=c1nc[nH]n2cccc12,aryne_2752,O=c1nc[nH]n2c#ccc12
2752,arene_2504,O=c1ccc2noc(=O)n2[nH]1,aryne_2753,O=c1c#cc2noc(=O)n2[nH]1
2753,arene_2505,O=c1cc[nH]c2sccc(=O)c12,aryne_2754,O=c1c#c[nH]c2sccc(=O)c12
2754,arene_2505,O=c1cc[nH]c2sccc(=O)c12,aryne_2755,O=c1c#csc2[nH]ccc(=O)c12
2755,arene_2506,O=c1ccn2c(=O)c(=O)[nH]cc2s1,aryne_2756,O=c1c#cn2c(=O)c(=O)[nH]cc2s1
2756,arene_2507,O=c1sc(=O)n2ncccn2c1=O,aryne_2757,O=c1sc(=O)n2ncc#cn2c1=O
2757,arene_2508,c1cc2ccoc2o1,aryne_2758,c1oc2occc2c#1
2758,arene_2509,O=c1ccc2nscnn-2c1=O,aryne_2759,O=c1c#cc2nscnn-2c1=O
2759,arene_2510,O=c1on2cccc2sc1=O,aryne_2760,O=c1on2c#ccc2sc1=O
2760,arene_2511,O=c1cnc(=O)c2[nH]ccsc1=2,aryne_2761,O=c1cnc(=O)c2[nH]c#csc1=2
2761,arene_2512,c1csc2noncn-2o1,aryne_2762,c1on2cnonc-2sc#1
2762,arene_2514,O=c1ccn2nnc(=O)n2[nH]1,aryne_2763,O=c1c#cn2nnc(=O)n2[nH]1
2763,arene_2515,c1cn2sncsn2s1,aryne_2764,c1sn2scnsn2c#1
2764,arene_2516,O=c1cc2ccnnc2cs1,aryne_2765,O=c1cc2c#cnnc2cs1
2765,arene_2517,O=c1ccsc2[nH]cnc12,aryne_2766,O=c1c#csc2[nH]cnc12
2766,arene_2518,O=c1ccn2[nH]nn[nH]n2s1,aryne_2767,O=c1c#cn2[nH]nn[nH]n2s1
2767,arene_2519,O=c1[nH]c(=O)c2sccoc1=2,aryne_2768,O=c1[nH]c(=O)c2sc#coc1=2
2768,arene_2520,c1nnc2cc[nH]c2n1,aryne_2769,c1[nH]c2ncnnc2c#1
2769,arene_2521,O=c1ccn2c(=O)c(=O)c(=O)sn2o1,aryne_2770,O=c1c#cn2c(=O)c(=O)c(=O)sn2o1
2770,arene_2522,O=c1ccsn2[nH]cc[nH]n12,aryne_2771,O=c1c#csn2[nH]cc[nH]n12
2771,arene_2522,O=c1ccsn2[nH]cc[nH]n12,aryne_2772,O=c1ccsn2[nH]c#c[nH]n12
2772,arene_2523,O=c1[nH]c2cccn2s1,aryne_2773,O=c1[nH]c2cc#cn2s1
2773,arene_2524,O=c1cnc2c(=O)cc[nH]c2s1,aryne_2774,O=c1cnc2c(=O)c#c[nH]c2s1
2774,arene_2525,O=c1onnn2occon12,aryne_2775,O=c1onnn2oc#con12
2775,arene_2526,O=c1ccc2[nH]ccc(=O)c2s1,aryne_2776,O=c1c#cc2[nH]ccc(=O)c2s1
2776,arene_2526,O=c1ccc2[nH]ccc(=O)c2s1,aryne_2777,O=c1ccc2[nH]c#cc(=O)c2s1
2777,arene_2527,O=c1cc2c(=O)ccsn2c(=O)o1,aryne_2778,O=c1cc2c(=O)c#csn2c(=O)o1
2778,arene_2528,O=c1ccsc2[nH]nnc12,aryne_2779,O=c1c#csc2[nH]nnc12
2779,arene_2529,c1csn2sncn2o1,aryne_2780,c1on2cnsn2sc#1
2780,arene_2530,O=c1onc2ccsn12,aryne_2781,O=c1onc2c#csn12
2781,arene_2531,O=c1ccsn2ocn[nH]n12,aryne_2782,O=c1c#csn2ocn[nH]n12
2782,arene_2532,O=c1ccsc2nsc(=O)n12,aryne_2783,O=c1c#csc2nsc(=O)n12
2783,arene_2533,c1cn2onn[nH]n2cn1,aryne_2784,c1ncn2[nH]nnon2c#1
2784,arene_2534,O=c1ccn2c(=O)c(=O)c(=O)c(=O)c2c1,aryne_2785,O=c1c#cn2c(=O)c(=O)c(=O)c(=O)c2c1
2785,arene_2535,O=c1[nH]ccc2nnccc12,aryne_2786,O=c1[nH]c#cc2nnccc12
2786,arene_2535,O=c1[nH]ccc2nnccc12,aryne_2787,O=c1[nH]ccc2nnc#cc12
2787,arene_2536,O=c1ccoc2c(=O)onnc12,aryne_2788,O=c1c#coc2c(=O)onnc12
2788,arene_2537,O=c1ccn2c(=O)c(=O)snc2o1,aryne_2789,O=c1c#cn2c(=O)c(=O)snc2o1
2789,arene_2538,O=c1ccn2sccc(=O)c2c1,aryne_2790,O=c1c#cn2sccc(=O)c2c1
2790,arene_2538,O=c1ccn2sccc(=O)c2c1,aryne_2791,O=c1ccn2sc#cc(=O)c2c1
2791,arene_2539,O=c1on2ccsnc-2c1=O,aryne_2792,O=c1on2c#csnc-2c1=O
2792,arene_2540,c1cc2nnnnn2c1,aryne_2793,c1cc2nnnnn2c#1
2793,arene_2541,O=c1oc2cc[nH]c(=O)c2c(=O)s1,aryne_2794,O=c1oc2c#c[nH]c(=O)c2c(=O)s1
2794,arene_2542,c1ccc2[nH+]cccc2c1,aryne_2795,c1cc2ccc[nH+]c2cc#1
2795,arene_2542,c1ccc2[nH+]cccc2c1,aryne_2796,c1ccc2[nH+]cccc2c#1
2796,arene_2542,c1ccc2[nH+]cccc2c1,aryne_2797,c1ccc2ccc[nH+]c2c#1
2797,arene_2542,c1ccc2[nH+]cccc2c1,aryne_2798,c1cc2ccccc2[nH+]c#1
2798,arene_2542,c1ccc2[nH+]cccc2c1,aryne_2799,c1c[nH+]c2ccccc2c#1
2799,arene_2543,O=c1snnn2[nH]cc[nH]n12,aryne_2800,O=c1snnn2[nH]c#c[nH]n12
2800,arene_2544,O=c1cc2ccon2c(=O)o1,aryne_2801,O=c1cc2c#con2c(=O)o1
2801,arene_2545,c1cc2nonc2o1,aryne_2802,c1oc2nonc2c#1
2802,arene_2546,O=c1cc[nH]c2c(=O)cc[nH]c12,aryne_2803,O=c1c#c[nH]c2c(=O)cc[nH]c12
2803,arene_2547,O=c1ccnc2nnoc(=O)n12,aryne_2804,O=c1c#cnc2nnoc(=O)n12
2804,arene_2548,c1cn2snnoc-2n[nH]1,aryne_2805,c1[nH]nc2onnsn-2c#1
2805,arene_2549,O=c1nncc2nnccn12,aryne_2806,O=c1nncc2nnc#cn12
2806,arene_2550,O=c1ccc2snnc(=O)c2s1,aryne_2807,O=c1c#cc2snnc(=O)c2s1
2807,arene_2551,O=c1[nH]ccn2snc[nH]n12,aryne_2808,O=c1[nH]c#cn2snc[nH]n12
2808,arene_2552,O=c1cnc2occc2o1,aryne_2809,O=c1cnc2oc#cc2o1
2809,arene_2553,O=c1oc2[nH]cc[nH]c=2c1=O,aryne_2810,O=c1oc2[nH]c#c[nH]c=2c1=O
2810,arene_2554,O=c1ccn2ocn[nH]n2o1,aryne_2811,O=c1c#cn2ocn[nH]n2o1
2811,arene_2555,O=c1on2sccsn2s1,aryne_2812,O=c1on2sc#csn2s1
2812,arene_2556,O=c1ncnc2cc[nH]n12,aryne_2813,O=c1ncnc2c#c[nH]n12
2813,arene_2557,O=c1[nH]c2[nH]ccc2o1,aryne_2814,O=c1[nH]c2[nH]c#cc2o1
2814,arene_2558,O=c1occn2[nH]cnsn12,aryne_2815,O=c1oc#cn2[nH]cnsn12
2815,arene_2559,O=c1[nH]c(=O)c2ncccc2o1,aryne_2816,O=c1[nH]c(=O)c2nc#ccc2o1
2816,arene_2559,O=c1[nH]c(=O)c2ncccc2o1,aryne_2817,O=c1[nH]c(=O)c2ncc#cc2o1
2817,arene_2560,c1cn2cncc2nn1,aryne_2818,c1nnc2cncn2c#1
2818,arene_2561,O=c1[nH]c(=O)n2cc[nH]cc1-2,aryne_2819,O=c1[nH]c(=O)n2c#c[nH]cc1-2
2819,arene_2562,O=c1[nH]ccn2sncsn12,aryne_2820,O=c1[nH]c#cn2sncsn12
2820,arene_2563,O=c1ccn2[nH]cnn2c1=O,aryne_2821,O=c1c#cn2[nH]cnn2c1=O
2821,arene_2564,O=c1nnn2[nH]ccn12,aryne_2822,O=c1nnn2[nH]c#cn12
2822,arene_2565,c1cc2nsnc2cn1,aryne_2823,c1ncc2nsnc2c#1
2823,arene_2566,O=c1cc[nH]c2conc12,aryne_2824,O=c1c#c[nH]c2conc12
2824,arene_2567,O=c1cc[nH]c2cncnc12,aryne_2825,O=c1c#c[nH]c2cncnc12
2825,arene_2568,O=c1nnc2cccnc2s1,aryne_2826,O=c1nnc2c#ccnc2s1
2826,arene_2568,O=c1nnc2cccnc2s1,aryne_2827,O=c1nnc2cc#cnc2s1
2827,arene_2569,O=c1cc[nH]c2oncc(=O)c12,aryne_2828,O=c1c#c[nH]c2oncc(=O)c12
2828,arene_2570,O=c1[nH]c2ccsc2sc1=O,aryne_2829,O=c1[nH]c2c#csc2sc1=O
2829,arene_2571,O=c1sccn2onnon12,aryne_2830,O=c1sc#cn2onnon12
2830,arene_2572,c1con2cnncn2o1,aryne_2831,c1on2cnncn2oc#1
2831,arene_2573,O=c1ncc2[nH]ccc(=O)c2[nH]1,aryne_2832,O=c1ncc2[nH]c#cc(=O)c2[nH]1
2832,arene_2574,O=c1cc[nH]n2occon12,aryne_2833,O=c1c#c[nH]n2occon12
2833,arene_2574,O=c1cc[nH]n2occon12,aryne_2834,O=c1cc[nH]n2oc#con12
2834,arene_2575,O=c1c(=O)c(=O)c2cnccc2c1=O,aryne_2835,O=c1c(=O)c(=O)c2cnc#cc2c1=O
2835,arene_2576,O=c1cc2ccccn2cn1,aryne_2836,O=c1cc2c#cccn2cn1
2836,arene_2576,O=c1cc2ccccn2cn1,aryne_2837,O=c1cc2ccc#cn2cn1
2837,arene_2577,O=c1oncn2occ[nH]n12,aryne_2838,O=c1oncn2oc#c[nH]n12
2838,arene_2578,c1cnc2nccnc2n1,aryne_2839,c1nc2nccnc2nc#1
2839,arene_2579,c1cnc2[nH]c3cnccc3c2c1,aryne_2840,c1cc2c(nc#1)[nH]c1cnccc12
2840,arene_2579,c1cnc2[nH]c3cnccc3c2c1,aryne_2841,c1cnc2[nH]c3cnccc3c2c#1
2841,arene_2579,c1cnc2[nH]c3cnccc3c2c1,aryne_2842,c1ncc2[nH]c3ncccc3c2c#1
2842,arene_2580,O=c1on2[nH]cc[nH]n2o1,aryne_2843,O=c1on2[nH]c#c[nH]n2o1
2843,arene_2581,O=c1ccn2c(=O)c(=O)c(=O)c(=O)c2n1,aryne_2844,O=c1c#cn2c(=O)c(=O)c(=O)c(=O)c2n1
2844,arene_2582,O=c1ccn2c(=O)ccc(=O)n2s1,aryne_2845,O=c1c#cn2c(=O)ccc(=O)n2s1
2845,arene_2582,O=c1ccn2c(=O)ccc(=O)n2s1,aryne_2846,O=c1ccn2c(=O)c#cc(=O)n2s1
2846,arene_2583,O=c1ccn2nncc2[nH]1,aryne_2847,O=c1c#cn2nncc2[nH]1
2847,arene_2584,O=c1[nH]ncn2occ[nH]n12,aryne_2848,O=c1[nH]ncn2oc#c[nH]n12
2848,arene_2585,O=c1ccn2nnsc2c1,aryne_2849,O=c1c#cn2nnsc2c1
2849,arene_2586,O=c1oc(=O)c(=O)c2sccoc1=2,aryne_2850,O=c1oc(=O)c(=O)c2sc#coc1=2
2850,arene_2587,O=c1ccc2nc(=O)[nH]cc2[nH]1,aryne_2851,O=c1c#cc2nc(=O)[nH]cc2[nH]1
2851,arene_2588,O=c1ccn2sccsn2s1,aryne_2852,O=c1c#cn2sccsn2s1
2852,arene_2588,O=c1ccn2sccsn2s1,aryne_2853,O=c1ccn2sc#csn2s1
2853,arene_2589,O=c1[nH]c2nccc(=O)n2sc1=O,aryne_2854,O=c1[nH]c2nc#cc(=O)n2sc1=O
2854,arene_2590,c1cn2onnsc-2ns1,aryne_2855,c1snc2snnon-2c#1
2855,arene_2591,O=c1snc2cc[nH]c(=O)n2c1=O,aryne_2856,O=c1snc2c#c[nH]c(=O)n2c1=O
2856,arene_2592,O=c1ccnc2snnc(=O)n12,aryne_2857,O=c1c#cnc2snnc(=O)n12
2857,arene_2593,O=c1ccc2c(=O)oc(=O)sc2s1,aryne_2858,O=c1c#cc2c(=O)oc(=O)sc2s1
2858,arene_2594,O=c1ccn2sc(=O)c(=O)n2[nH]1,aryne_2859,O=c1c#cn2sc(=O)c(=O)n2[nH]1
2859,arene_2595,O=c1nnc2cc[nH]c2s1,aryne_2860,O=c1nnc2c#c[nH]c2s1
2860,arene_2597,c1cn2sncon2cn1,aryne_2861,c1ncn2ocnsn2c#1
2861,arene_2598,O=c1cc2nnccn2c(=O)o1,aryne_2862,O=c1cc2nnc#cn2c(=O)o1
2862,arene_2599,c1cn2[nH]ncsc-2co1,aryne_2863,c1occ2scn[nH]n-2c#1
2863,arene_2600,c1cc2n[nH]cc2[nH]1,aryne_2864,c1[nH]c2c[nH]nc2c#1
2864,arene_2601,c1csn2nn[nH]nc-2o1,aryne_2865,c1oc2n[nH]nnn-2sc#1
2865,arene_2602,O=c1sccn2[nH]cc[nH]n12,aryne_2866,O=c1sc#cn2[nH]cc[nH]n12
2866,arene_2602,O=c1sccn2[nH]cc[nH]n12,aryne_2867,O=c1sccn2[nH]c#c[nH]n12
2867,arene_2603,O=c1[nH]c(=O)c2ccncc2s1,aryne_2868,O=c1[nH]c(=O)c2c#cncc2s1
2868,arene_2604,c1cc2[nH]nnc2s1,aryne_2869,c1sc2nn[nH]c2c#1
2869,arene_2605,c1csc2sccsc=2s1,aryne_2870,c1sc2sccsc=2sc#1
2870,arene_2606,O=c1nccc2ccon12,aryne_2871,O=c1nccc2c#con12
2871,arene_2607,O=c1oc2cccn2oc1=O,aryne_2872,O=c1oc2cc#cn2oc1=O
2872,arene_2608,O=c1cc2[nH]ccsc-2c1,aryne_2873,O=c1cc2[nH]c#csc-2c1
2873,arene_2609,O=c1ccn2snnon2[nH]1,aryne_2874,O=c1c#cn2snnon2[nH]1
2874,arene_2610,O=c1sc(=O)c(=O)c2[nH]ccsc1=2,aryne_2875,O=c1sc(=O)c(=O)c2[nH]c#csc1=2
2875,arene_2611,O=c1ocnn2sccsn12,aryne_2876,O=c1ocnn2sc#csn12
2876,arene_2612,c1nsn2cconc-2[nH]1,aryne_2877,c1onc2[nH]cnsn-2c#1
2877,arene_2613,O=c1cc[nH]n2[nH]ccon12,aryne_2878,O=c1c#c[nH]n2[nH]ccon12
2878,arene_2613,O=c1cc[nH]n2[nH]ccon12,aryne_2879,O=c1cc[nH]n2[nH]c#con12
2879,arene_2614,O=c1ccc(=O)n2c(=O)c(=O)c(=O)nc1-2,aryne_2880,O=c1c#cc(=O)n2c(=O)c(=O)c(=O)nc1-2
2880,arene_2615,c1cn2onnsn2o1,aryne_2881,c1on2snnon2c#1
2881,arene_2616,O=c1nc2occsn-2c(=O)c1=O,aryne_2882,O=c1nc2oc#csn-2c(=O)c1=O
2882,arene_2617,O=c1ccon2cnnc12,aryne_2883,O=c1c#con2cnnc12
2883,arene_2618,O=c1ccc2ncnnc2s1,aryne_2884,O=c1c#cc2ncnnc2s1
2884,arene_2619,O=c1cccc2ccnnn12,aryne_2885,O=c1c#ccc2ccnnn12
2885,arene_2619,O=c1cccc2ccnnn12,aryne_2886,O=c1cccc2c#cnnn12
2886,arene_2620,O=c1ccn2c(=O)c(=O)[nH]nc2o1,aryne_2887,O=c1c#cn2c(=O)c(=O)[nH]nc2o1
2887,arene_2621,c1cc2onnn2c1,aryne_2888,c1cc2onnn2c#1
2888,arene_2622,O=c1[nH]n2c(=O)c(=O)ccn2o1,aryne_2889,O=c1[nH]n2c(=O)c(=O)c#cn2o1
2889,arene_2623,O=c1sccc2cnnnc12,aryne_2890,O=c1sc#cc2cnnnc12
2890,arene_2624,O=c1nc2c(=O)[nH]ccc2co1,aryne_2891,O=c1nc2c(=O)[nH]c#cc2co1
2891,arene_2625,O=c1ccc2n[nH]cc2s1,aryne_2892,O=c1c#cc2n[nH]cc2s1
2892,arene_2626,O=c1oc2nccn2c(=O)s1,aryne_2893,O=c1oc2nc#cn2c(=O)s1
2893,arene_2627,c1cn2snnon2s1,aryne_2894,c1sn2onnsn2c#1
2894,arene_2628,O=c1c(=O)c(=O)n2scc[nH]n2c1=O,aryne_2895,O=c1c(=O)c(=O)n2sc#c[nH]n2c1=O
2895,arene_2629,O=c1ccn2cnocc1-2,aryne_2896,O=c1c#cn2cnocc1-2
2896,arene_2630,O=c1ccc2cnc(=O)c1=2,aryne_2897,O=c1c#cc2cnc(=O)c1=2
2897,arene_2631,O=c1ccn2sc(=O)c(=O)sc2n1,aryne_2898,O=c1c#cn2sc(=O)c(=O)sc2n1
2898,arene_2632,c1cnn2ccnc2n1,aryne_2899,c1nc2nccnn2c#1
2899,arene_2633,O=c1cnc2ccc(=O)oc2[nH]1,aryne_2900,O=c1cnc2c#cc(=O)oc2[nH]1
2900,arene_2634,O=c1cc2ccoc(=O)n2c(=O)o1,aryne_2901,O=c1cc2c#coc(=O)n2c(=O)o1
2901,arene_2635,O=c1ccn2c(=O)nncc2[nH]1,aryne_2902,O=c1c#cn2c(=O)nncc2[nH]1
2902,arene_2636,O=c1ccn2[nH]ncc(=O)c2n1,aryne_2903,O=c1c#cn2[nH]ncc(=O)c2n1
2903,arene_2637,O=c1nc2c(=O)ccsc2no1,aryne_2904,O=c1nc2c(=O)c#csc2no1
2904,arene_2638,O=c1ccsc2nonc12,aryne_2905,O=c1c#csc2nonc12
2905,arene_2639,O=c1cc2c(=O)ccoc2no1,aryne_2906,O=c1cc2c(=O)c#coc2no1
2906,arene_2640,c1csn2[nH]ncn2[nH]1,aryne_2907,c1[nH]n2cn[nH]n2sc#1
2907,arene_2641,c1csn2sccn2[nH]1,aryne_2908,c1[nH]n2ccsn2sc#1
2908,arene_2641,c1csn2sccn2[nH]1,aryne_2909,c1sn2scc[nH]n2c#1
2909,arene_2642,O=c1nnc2noccn1-2,aryne_2910,O=c1nnc2noc#cn1-2
2910,arene_2643,O=c1cc[nH]c2[nH]nnc(=O)c12,aryne_2911,O=c1c#c[nH]c2[nH]nnc(=O)c12
2911,arene_2644,O=c1[nH]n2cc[nH]nc-2c(=O)c1=O,aryne_2912,O=c1[nH]n2c#c[nH]nc-2c(=O)c1=O
2912,arene_2645,O=c1ccon2scnon12,aryne_2913,O=c1c#con2scnon12
2913,arene_2646,c1nn2occoc-2n[nH]1,aryne_2914,c1oc2n[nH]cnn-2oc#1
2914,arene_2647,O=c1[nH]n2occsn2[nH]c1=O,aryne_2915,O=c1[nH]n2oc#csn2[nH]c1=O
2915,arene_2648,O=c1ccn2[nH]ccon2[nH]1,aryne_2916,O=c1c#cn2[nH]ccon2[nH]1
2916,arene_2648,O=c1ccn2[nH]ccon2[nH]1,aryne_2917,O=c1ccn2[nH]c#con2[nH]1
2917,arene_2649,O=c1ccc(=O)n2c(=O)ccon12,aryne_2918,O=c1c#cc(=O)n2c(=O)ccon12
2918,arene_2649,O=c1ccc(=O)n2c(=O)ccon12,aryne_2919,O=c1ccc(=O)n2c(=O)c#con12
2919,arene_2650,O=c1cnsn2sccon12,aryne_2920,O=c1cnsn2sc#con12
2920,arene_2651,c1cc2ncsc2nn1,aryne_2921,c1nnc2scnc2c#1
2921,arene_2652,O=c1sc2occ[nH]c=2c1=O,aryne_2922,O=c1sc2oc#c[nH]c=2c1=O
2922,arene_2653,O=c1ncn2ccc(=O)n2s1,aryne_2923,O=c1ncn2c#cc(=O)n2s1
2923,arene_2654,O=c1ccoc2ncnn12,aryne_2924,O=c1c#coc2ncnn12
2924,arene_2655,O=c1oc2csccn-2c(=O)c1=O,aryne_2925,O=c1oc2csc#cn-2c(=O)c1=O
2925,arene_2656,O=c1cnoc2cccnc12,aryne_2926,O=c1cnoc2c#ccnc12
2926,arene_2656,O=c1cnoc2cccnc12,aryne_2927,O=c1cnoc2cc#cnc12
2927,arene_2657,c1cc2ccncc2cn1,aryne_2928,c1ncc2cnccc2c#1
2928,arene_2658,O=c1cnn2c(=O)c(=O)ccn2s1,aryne_2929,O=c1cnn2c(=O)c(=O)c#cn2s1
2929,arene_2659,O=c1ccc2ncsc2o1,aryne_2930,O=c1c#cc2ncsc2o1
2930,arene_2660,O=c1ccc2oc(=O)[nH]c2o1,aryne_2931,O=c1c#cc2oc(=O)[nH]c2o1
2931,arene_2661,O=c1nc2occsn-2c1=O,aryne_2932,O=c1nc2oc#csn-2c1=O
2932,arene_2662,O=c1cc[nH]c(=O)o1,aryne_2933,O=c1c#c[nH]c(=O)o1
2933,arene_2663,O=c1nnn2cccnn12,aryne_2934,O=c1nnn2c#ccnn12
2934,arene_2664,O=c1ncc(=O)n2c(=O)ccsn12,aryne_2935,O=c1ncc(=O)n2c(=O)c#csn12
2935,arene_2665,O=c1ccn2nn[nH]c(=O)n2c1=O,aryne_2936,O=c1c#cn2nn[nH]c(=O)n2c1=O
2936,arene_2666,O=c1ccc2cnc(=O)oc2[nH]1,aryne_2937,O=c1c#cc2cnc(=O)oc2[nH]1
2937,arene_2667,O=c1ccn2c(=O)cnsn2c1=O,aryne_2938,O=c1c#cn2c(=O)cnsn2c1=O
2938,arene_2668,O=c1sccn2occ[nH]n12,aryne_2939,O=c1sc#cn2occ[nH]n12
2939,arene_2668,O=c1sccn2occ[nH]n12,aryne_2940,O=c1sccn2oc#c[nH]n12
2940,arene_2669,O=c1ccc2ccnnc2s1,aryne_2941,O=c1c#cc2ccnnc2s1
2941,arene_2669,O=c1ccc2ccnnc2s1,aryne_2942,O=c1ccc2c#cnnc2s1
2942,arene_2670,O=c1ccc2c(=O)oc(=O)[nH]c2o1,aryne_2943,O=c1c#cc2c(=O)oc(=O)[nH]c2o1
2943,arene_2671,O=c1ccoc2csc(=O)n12,aryne_2944,O=c1c#coc2csc(=O)n12
2944,arene_2672,O=c1on2[nH]ccsn2o1,aryne_2945,O=c1on2[nH]c#csn2o1
2945,arene_2673,O=c1ccn2c(=O)oncn12,aryne_2946,O=c1oncn2c(=O)c#cn12
2946,arene_2674,O=c1nnc2c[nH]ccn-2c1=O,aryne_2947,O=c1nnc2c[nH]c#cn-2c1=O
2947,arene_2675,O=c1ccn2sncc(=O)c2n1,aryne_2948,O=c1c#cn2sncc(=O)c2n1
2948,arene_2676,O=c1oc2cc[nH]c2s1,aryne_2949,O=c1oc2c#c[nH]c2s1
2949,arene_2677,O=c1ccc2cncn2s1,aryne_2950,O=c1c#cc2cncn2s1
2950,arene_2678,O=c1nc2occc2cs1,aryne_2951,O=c1nc2oc#cc2cs1
2951,arene_2679,c1cnc2[nH]nnc2c1,aryne_2952,c1cc2nn[nH]c2nc#1
2952,arene_2679,c1cnc2[nH]nnc2c1,aryne_2953,c1cnc2[nH]nnc2c#1
2953,arene_2680,O=c1oc(=O)n2c(=O)ccnc2s1,aryne_2954,O=c1oc(=O)n2c(=O)c#cnc2s1
2954,arene_2681,O=c1nc2cnccc2cs1,aryne_2955,O=c1nc2cnc#cc2cs1
2955,arene_2682,O=c1nc2sc(=O)ccc2co1,aryne_2956,O=c1nc2sc(=O)c#cc2co1
2956,arene_2683,O=c1ccoc2scnc(=O)c12,aryne_2957,O=c1c#coc2scnc(=O)c12
2957,arene_2684,O=c1ncc(=O)n2occn12,aryne_2958,O=c1ncc(=O)n2oc#cn12
2958,arene_2685,O=c1nnc2nnccc2o1,aryne_2959,O=c1nnc2nnc#cc2o1
2959,arene_2686,O=c1nc2cccnc2n[nH]1,aryne_2960,O=c1nc2c#ccnc2n[nH]1
2960,arene_2687,O=c1nc2c(=O)ccon2c(=O)o1,aryne_2961,O=c1nc2c(=O)c#con2c(=O)o1
2961,arene_2688,O=c1ccnc2scnn12,aryne_2962,O=c1c#cnc2scnn12
2962,arene_2689,O=c1nnc2nccnc2o1,aryne_2963,O=c1nnc2nc#cnc2o1
2963,arene_2690,O=c1[nH]ccn2scnon12,aryne_2964,O=c1[nH]c#cn2scnon12
2964,arene_2691,O=c1ccc2cnnc(=O)n2o1,aryne_2965,O=c1c#cc2cnnc(=O)n2o1
2965,arene_2692,O=c1ccn2cnoc2c1,aryne_2966,O=c1c#cn2cnoc2c1
2966,arene_2693,O=c1nnc2sc(=O)ccc2[nH]1,aryne_2967,O=c1nnc2sc(=O)c#cc2[nH]1
2967,arene_2694,O=c1ccnc2nncnn12,aryne_2968,O=c1c#cnc2nncnn12
2968,arene_2695,O=c1ccn2[nH]c(=O)ncc2n1,aryne_2969,O=c1c#cn2[nH]c(=O)ncc2n1
2969,arene_2697,c1csn2nnsn2[nH]1,aryne_2970,c1[nH]n2snnn2sc#1
2970,arene_2698,c1cn2scnoc-2no1,aryne_2971,c1onc2oncsn-2c#1
2971,arene_2699,O=c1oc(=O)c2[nH]ccc(=O)c2s1,aryne_2972,O=c1oc(=O)c2[nH]c#cc(=O)c2s1
2972,arene_2700,O=c1sn2ccocc-2c(=O)c1=O,aryne_2973,O=c1sn2c#cocc-2c(=O)c1=O
2973,arene_2701,O=c1nc2ccncc2cs1,aryne_2974,O=c1nc2c#cncc2cs1
2974,arene_2702,O=c1occn2scnon12,aryne_2975,O=c1oc#cn2scnon12
2975,arene_2703,O=c1on2ccsn2c(=O)c1=O,aryne_2976,O=c1on2c#csn2c(=O)c1=O
2976,arene_2704,O=c1[nH]c2[nH]ccc2oc1=O,aryne_2977,O=c1[nH]c2[nH]c#cc2oc1=O
2977,arene_2705,O=c1[nH]cc2sccc(=O)n2c1=O,aryne_2978,O=c1[nH]cc2sc#cc(=O)n2c1=O
2978,arene_2706,O=c1ccn2sc(=O)sc(=O)c2c1,aryne_2979,O=c1c#cn2sc(=O)sc(=O)c2c1
2979,arene_2707,O=c1[nH]ccc2ncoc12,aryne_2980,O=c1[nH]c#cc2ncoc12
2980,arene_2708,O=c1nn[nH]n2scc[nH]n12,aryne_2981,O=c1nn[nH]n2sc#c[nH]n12
2981,arene_2709,O=c1[nH]c2nnccc2c(=O)s1,aryne_2982,O=c1[nH]c2nnc#cc2c(=O)s1
2982,arene_2710,c1cc2nocc2[nH]1,aryne_2983,c1[nH]c2conc2c#1
2983,arene_2711,c1csn2onnn2[nH]1,aryne_2984,c1[nH]n2nnon2sc#1
2984,arene_2712,O=c1cc2occoc-2n1,aryne_2985,O=c1cc2oc#coc-2n1
2985,arene_2713,O=c1ccsc2n[nH]c(=O)n12,aryne_2986,O=c1c#csc2n[nH]c(=O)n12
2986,arene_2714,O=c1ccn2c(=O)cc[nH]c2n1,aryne_2987,O=c1c#cn2c(=O)cc[nH]c2n1
2987,arene_2714,O=c1ccn2c(=O)cc[nH]c2n1,aryne_2988,O=c1ccn2c(=O)c#c[nH]c2n1
2988,arene_2715,O=c1ccc2c(=O)scnc2o1,aryne_2989,O=c1c#cc2c(=O)scnc2o1
2989,arene_2716,O=c1[nH]c(=O)c(=O)n2ccsnc1-2,aryne_2990,O=c1[nH]c(=O)c(=O)n2c#csnc1-2
2990,arene_2717,O=c1nn[nH]n2c(=O)ccnc12,aryne_2991,O=c1nn[nH]n2c(=O)c#cnc12
2991,arene_2718,O=c1ccsn2scnsn12,aryne_2992,O=c1c#csn2scnsn12
2992,arene_2719,O=c1ccc2occc(=O)c2[nH]1,aryne_2993,O=c1c#cc2occc(=O)c2[nH]1
2993,arene_2719,O=c1ccc2occc(=O)c2[nH]1,aryne_2994,O=c1ccc2oc#cc(=O)c2[nH]1
2994,arene_2720,O=c1ccc2onnc(=O)c2s1,aryne_2995,O=c1c#cc2onnc(=O)c2s1
2995,arene_2721,O=c1ccoc2cnoc(=O)c12,aryne_2996,O=c1c#coc2cnoc(=O)c12
2996,arene_2722,O=c1ccc2oc(=O)sc(=O)c2[nH]1,aryne_2997,O=c1c#cc2oc(=O)sc(=O)c2[nH]1
2997,arene_2723,O=c1[nH]ncn2[nH]ccsn12,aryne_2998,O=c1[nH]ncn2[nH]c#csn12
2998,arene_2724,c1csc2scn[nH]c=2o1,aryne_2999,c1oc2[nH]ncsc=2sc#1
2999,arene_2725,c1con2cnonc-2[nH]1,aryne_3000,c1[nH]c2noncn-2oc#1
3000,arene_2726,O=c1nc2occ[nH]n-2c(=O)c1=O,aryne_3001,O=c1nc2oc#c[nH]n-2c(=O)c1=O
3001,arene_2727,O=c1ccon2c(=O)onc12,aryne_3002,O=c1c#con2c(=O)onc12
3002,arene_2728,O=c1nc2c(=O)ccsn2c(=O)o1,aryne_3003,O=c1nc2c(=O)c#csn2c(=O)o1
3003,arene_2729,O=c1on2c(=O)occn2c(=O)c1=O,aryne_3004,O=c1on2c(=O)oc#cn2c(=O)c1=O
3004,arene_2730,O=c1ccn2[nH]c(=O)sc2c1,aryne_3005,O=c1c#cn2[nH]c(=O)sc2c1
3005,arene_2731,c1csn2onnn2o1,aryne_3006,c1on2nnon2sc#1
3006,arene_2732,c1nsn2occn2o1,aryne_3007,c1on2sncon2c#1
3007,arene_2733,c1csc2ocnoc=2[nH]1,aryne_3008,c1[nH]c2oncoc=2sc#1
3008,arene_2734,O=c1[nH]n2[nH]ccsn2[nH]c1=O,aryne_3009,O=c1[nH]n2[nH]c#csn2[nH]c1=O
3009,arene_2735,O=c1ccc2n[nH]cc2[nH]1,aryne_3010,O=c1c#cc2n[nH]cc2[nH]1
3010,arene_2736,O=c1sc(=O)n2occsn2s1,aryne_3011,O=c1sc(=O)n2oc#csn2s1
3011,arene_2737,O=c1[nH]c2ccoc(=O)c2c(=O)s1,aryne_3012,O=c1[nH]c2c#coc(=O)c2c(=O)s1
3012,arene_2738,O=c1oc2occc2sc1=O,aryne_3013,O=c1oc2oc#cc2sc1=O
3013,arene_2739,O=c1ccnc2nnccn12,aryne_3014,O=c1c#cnc2nnccn12
3014,arene_2739,O=c1ccnc2nnccn12,aryne_3015,O=c1ccnc2nnc#cn12
3015,arene_2740,O=c1sc2[nH]ccoc=2c(=O)c1=O,aryne_3016,O=c1sc2[nH]c#coc=2c(=O)c1=O
3016,arene_2741,O=c1scc2ccnnn12,aryne_3017,O=c1scc2c#cnnn12
3017,arene_2742,O=c1ncn2[nH]ccn12,aryne_3018,O=c1ncn2[nH]c#cn12
3018,arene_2743,c1cn2sncon2nn1,aryne_3019,c1nnn2ocnsn2c#1
3019,arene_2744,O=c1[nH]n2scc[nH]n2o1,aryne_3020,O=c1[nH]n2sc#c[nH]n2o1
3020,arene_2745,O=c1cc2c(=O)ccsn2cn1,aryne_3021,O=c1cc2c(=O)c#csn2cn1
3021,arene_2746,c1cn2oncon2[nH]1,aryne_3022,c1[nH]n2ocnon2c#1
3022,arene_2747,O=c1sc2cccc(=O)n2s1,aryne_3023,O=c1sc2cc#cc(=O)n2s1
3023,arene_2748,O=c1nncco1,aryne_3024,O=c1nnc#co1
3024,arene_2749,O=c1ccn2c(=O)cccc2o1,aryne_3025,O=c1c#cn2c(=O)cccc2o1
3025,arene_2749,O=c1ccn2c(=O)cccc2o1,aryne_3026,O=c1ccn2c(=O)c#ccc2o1
3026,arene_2750,c1cnc2cnoc2c1,aryne_3027,c1cc2oncc2nc#1
3027,arene_2750,c1cnc2cnoc2c1,aryne_3028,c1cnc2cnoc2c#1
3028,arene_2751,O=c1ccc2oc(=O)c(=O)c(=O)c1=2,aryne_3029,O=c1c#cc2oc(=O)c(=O)c(=O)c1=2
3029,arene_2752,c1cc2cc[nH]c2cn1,aryne_3030,c1ncc2[nH]ccc2c#1
3030,arene_2752,c1cc2cc[nH]c2cn1,aryne_3031,c1[nH]c2cnccc2c#1
3031,arene_2753,O=c1ccc2c(=O)c(=O)oc(=O)c1=2,aryne_3032,O=c1c#cc2c(=O)c(=O)oc(=O)c1=2
3032,arene_2754,O=c1sc(=O)c2occoc1=2,aryne_3033,O=c1sc(=O)c2oc#coc1=2
3033,arene_2755,O=c1cccc2ccccn12,aryne_3034,O=c1c#ccc2ccccn12
3034,arene_2755,O=c1cccc2ccccn12,aryne_3035,O=c1cccc2c#cccn12
3035,arene_2755,O=c1cccc2ccccn12,aryne_3036,O=c1cccc2ccc#cn12
3036,arene_2756,O=c1scnn2[nH]ccsn12,aryne_3037,O=c1scnn2[nH]c#csn12
3037,arene_2757,O=c1ccc2ccccc2[nH]1,aryne_3038,O=c1c#cc2ccccc2[nH]1
3038,arene_2757,O=c1ccc2ccccc2[nH]1,aryne_3039,O=c1ccc2c#cccc2[nH]1
3039,arene_2757,O=c1ccc2ccccc2[nH]1,aryne_3040,O=c1ccc2cc#ccc2[nH]1
3040,arene_2757,O=c1ccc2ccccc2[nH]1,aryne_3041,O=c1ccc2ccc#cc2[nH]1
3041,arene_2758,O=c1nnn2cc[nH]n12,aryne_3042,O=c1nnn2c#c[nH]n12
3042,arene_2759,O=c1ccnc2ncsn12,aryne_3043,O=c1c#cnc2ncsn12
3043,arene_2760,O=c1ccoc2coc(=O)n12,aryne_3044,O=c1c#coc2coc(=O)n12
3044,arene_2762,O=c1snc2ccnnn12,aryne_3045,O=c1snc2c#cnnn12
3045,arene_2763,O=c1ncc2occ[nH]c=2c1=O,aryne_3046,O=c1ncc2oc#c[nH]c=2c1=O
3046,arene_2765,O=c1ncoc2cc[nH]c(=O)c12,aryne_3047,O=c1ncoc2c#c[nH]c(=O)c12
3047,arene_2766,O=c1ccc(=O)n2nnonc1-2,aryne_3048,O=c1c#cc(=O)n2nnonc1-2
3048,arene_2767,O=c1on2[nH]cc[nH]n2oc1=O,aryne_3049,O=c1on2[nH]c#c[nH]n2oc1=O
3049,arene_2768,O=c1cnc2ccc(=O)c=2c1=O,aryne_3050,O=c1c#cc2ncc(=O)c(=O)c1=2
3050,arene_2769,c1cn2oncsn2cn1,aryne_3051,c1ncn2scnon2c#1
3051,arene_2770,O=c1sccn2c(=O)ncnc12,aryne_3052,O=c1sc#cn2c(=O)ncnc12
3052,arene_2771,O=c1nc2ncccc2no1,aryne_3053,O=c1nc2ncc#cc2no1
3053,arene_2772,c1cn2scn[nH]c-2cs1,aryne_3054,c1scc2[nH]ncsn-2c#1
3054,arene_2773,O=c1ncsn2[nH]ccon12,aryne_3055,O=c1ncsn2[nH]c#con12
3055,arene_2774,O=c1cc2ccoc(=O)n2c(=O)[nH]1,aryne_3056,O=c1cc2c#coc(=O)n2c(=O)[nH]1
3056,arene_2775,O=c1[nH]c(=O)c2cc[nH]c(=O)c2[nH]1,aryne_3057,O=c1[nH]c(=O)c2c#c[nH]c(=O)c2[nH]1
3057,arene_2776,O=c1ccc2ccsc(=O)c2s1,aryne_3058,O=c1c#cc2ccsc(=O)c2s1
3058,arene_2776,O=c1ccc2ccsc(=O)c2s1,aryne_3059,O=c1ccc2c#csc(=O)c2s1
3059,arene_2777,O=c1ccc2nsccn1-2,aryne_3060,O=c1c#cc2nsccn1-2
3060,arene_2777,O=c1ccc2nsccn1-2,aryne_3061,O=c1ccc2nsc#cn1-2
3061,arene_2778,c1coc2oncoc=2o1,aryne_3062,c1oc2ocnoc=2oc#1
3062,arene_2779,O=c1cc2ccoc2n[nH]1,aryne_3063,O=c1cc2c#coc2n[nH]1
3063,arene_2780,O=c1[nH]n2cccnn2c1=O,aryne_3064,O=c1[nH]n2c#ccnn2c1=O
3064,arene_2781,O=c1cc2[nH]ccoc-2nc1=O,aryne_3065,O=c1cc2[nH]c#coc-2nc1=O
3065,arene_2782,O=c1ccn2[nH]ncc2n1,aryne_3066,O=c1c#cn2[nH]ncc2n1
3066,arene_2783,O=c1nnn2c(=O)ccsn2c1=O,aryne_3067,O=c1nnn2c(=O)c#csn2c1=O
3067,arene_2784,O=c1ccoc2cnsc(=O)c12,aryne_3068,O=c1c#coc2cnsc(=O)c12
3068,arene_2785,O=c1oc2ccsc(=O)c2o1,aryne_3069,O=c1oc2c#csc(=O)c2o1
3069,arene_2786,O=c1occn2sncsn12,aryne_3070,O=c1oc#cn2sncsn12
3070,arene_2787,O=c1cnc2c(=O)ccc1=2,aryne_3071,O=c1c#cc2c(=O)cnc1=2
3071,arene_2788,O=c1ccn2c(=O)sccc2n1,aryne_3072,O=c1c#cn2c(=O)sccc2n1
3072,arene_2788,O=c1ccn2c(=O)sccc2n1,aryne_3073,O=c1ccn2c(=O)sc#cc2n1
3073,arene_2789,O=c1ccn2c(=O)c(=O)sc(=O)n2[nH]1,aryne_3074,O=c1c#cn2c(=O)c(=O)sc(=O)n2[nH]1
3074,arene_2790,O=c1nnc2sccc(=O)c2[nH]1,aryne_3075,O=c1nnc2sc#cc(=O)c2[nH]1
3075,arene_2791,O=c1nnn2[nH]ccsn2[nH]1,aryne_3076,O=c1nnn2[nH]c#csn2[nH]1
3076,arene_2792,O=c1nc2cc[nH]c(=O)c2n[nH]1,aryne_3077,O=c1nc2c#c[nH]c(=O)c2n[nH]1
3077,arene_2793,O=c1ccsn2snc[nH]n12,aryne_3078,O=c1c#csn2snc[nH]n12
3078,arene_2794,c1cn2occ[nH]n2nn1,aryne_3079,c1nnn2[nH]ccon2c#1
3079,arene_2794,c1cn2occ[nH]n2nn1,aryne_3080,c1[nH]n2nnccn2oc#1
3080,arene_2795,O=c1nc2ccnnc2n[nH]1,aryne_3081,O=c1nc2c#cnnc2n[nH]1
3081,arene_2796,c1csc2[nH]nnsc=2[nH]1,aryne_3082,c1[nH]c2snn[nH]c=2sc#1
3082,arene_2797,O=c1nc2[nH]ccsn-2c(=O)c1=O,aryne_3083,O=c1nc2[nH]c#csn-2c(=O)c1=O
3083,arene_2798,O=c1ccc2n[nH]cc2o1,aryne_3084,O=c1c#cc2n[nH]cc2o1
3084,arene_2799,O=c1sn2c(=O)ccon2c1=O,aryne_3085,O=c1sn2c(=O)c#con2c1=O
3085,arene_2800,c1cc2nnnnc2s1,aryne_3086,c1sc2nnnnc2c#1
3086,arene_2802,O=c1ccc2nc(=O)snc2s1,aryne_3087,O=c1c#cc2nc(=O)snc2s1
3087,arene_2803,O=c1sn2ccscc-2c1=O,aryne_3088,O=c1sn2c#cscc-2c1=O
3088,arene_2804,O=c1[nH]ccc2cccnc12,aryne_3089,O=c1[nH]c#cc2cccnc12
3089,arene_2804,O=c1[nH]ccc2cccnc12,aryne_3090,O=c1[nH]ccc2c#ccnc12
3090,arene_2804,O=c1[nH]ccc2cccnc12,aryne_3091,O=c1[nH]ccc2cc#cnc12
3091,arene_2805,O=c1ccc2n[nH]c(=O)n2s1,aryne_3092,O=c1c#cc2n[nH]c(=O)n2s1
3092,arene_2806,O=c1oc(=O)n2cnccn2c1=O,aryne_3093,O=c1oc(=O)n2cnc#cn2c1=O
3093,arene_2807,O=c1nc2cccnc2no1,aryne_3094,O=c1nc2c#ccnc2no1
3094,arene_2808,c1cc2scnc2nn1,aryne_3095,c1nnc2ncsc2c#1
3095,arene_2809,O=c1nc2occc(=O)n2c(=O)o1,aryne_3096,O=c1nc2oc#cc(=O)n2c(=O)o1
3096,arene_2810,O=c1cc2[nH]ccc(=O)c2no1,aryne_3097,O=c1cc2[nH]c#cc(=O)c2no1
3097,arene_2811,O=c1[nH]c(=O)c(=O)n2ccocc1-2,aryne_3098,O=c1[nH]c(=O)c(=O)n2c#cocc1-2
3098,arene_2812,O=c1ccn2c(=O)[nH]c(=O)nc2[nH]1,aryne_3099,O=c1c#cn2c(=O)[nH]c(=O)nc2[nH]1
3099,arene_2814,c1cn2snnsc-2co1,aryne_3100,c1occ2snnsn-2c#1
3100,arene_2815,O=c1nnc2ccoc2[nH]1,aryne_3101,O=c1nnc2c#coc2[nH]1
3101,arene_2816,O=c1nc2[nH]ccc2co1,aryne_3102,O=c1nc2[nH]c#cc2co1
3102,arene_2817,O=c1nnsn2[nH]ccon12,aryne_3103,O=c1nnsn2[nH]c#con12
3103,arene_2818,O=c1ccc(=O)n2[nH]ccn12,aryne_3104,O=c1c#cc(=O)n2[nH]ccn12
3104,arene_2818,O=c1ccc(=O)n2[nH]ccn12,aryne_3105,O=c1ccc(=O)n2[nH]c#cn12
3105,arene_2819,c1cn2occ[nH]c-2c[nH]1,aryne_3106,c1[nH]cc2[nH]ccon-2c#1
3106,arene_2819,c1cn2occ[nH]c-2c[nH]1,aryne_3107,c1[nH]c2c[nH]ccn-2oc#1
3107,arene_2820,O=c1cc2occc2n[nH]1,aryne_3108,O=c1cc2oc#cc2n[nH]1
3108,arene_2821,O=c1scc2ccsn12,aryne_3109,O=c1scc2c#csn12
3109,arene_2822,O=c1ncnc2[nH]ccn12,aryne_3110,O=c1ncnc2[nH]c#cn12
3110,arene_2823,O=c1ncc2nccnc2o1,aryne_3111,O=c1ncc2nc#cnc2o1
3111,arene_2824,O=c1ccn2c(=O)ncc(=O)n2[nH]1,aryne_3112,O=c1c#cn2c(=O)ncc(=O)n2[nH]1
3112,arene_2825,O=c1nnoc2cc[nH]c12,aryne_3113,O=c1nnoc2c#c[nH]c12
3113,arene_2826,O=c1cc[nH]c(=O)s1,aryne_3114,O=c1c#c[nH]c(=O)s1
3114,arene_2827,c1nsc2nsccn-2[nH]1,aryne_3115,c1snc2snc[nH]n-2c#1
3115,arene_2829,O=c1cc2[nH]ccc(=O)c2co1,aryne_3116,O=c1cc2[nH]c#cc(=O)c2co1
3116,arene_2830,c1csn2nn[nH]n2o1,aryne_3117,c1on2[nH]nnn2sc#1
3117,arene_2831,O=c1cnc2nnccc2s1,aryne_3118,O=c1cnc2nnc#cc2s1
3118,arene_2832,O=c1sccn2sccsn12,aryne_3119,O=c1sc#cn2sccsn12
3119,arene_2832,O=c1sccn2sccsn12,aryne_3120,O=c1sccn2sc#csn12
3120,arene_2833,O=c1cc2scc[nH]n-2c(=O)c1=O,aryne_3121,O=c1cc2sc#c[nH]n-2c(=O)c1=O
3121,arene_2834,O=c1[nH]c2nsccn-2c(=O)c1=O,aryne_3122,O=c1[nH]c2nsc#cn-2c(=O)c1=O
3122,arene_2835,O=c1nnnc2cccnn12,aryne_3123,O=c1nnnc2c#ccnn12
3123,arene_2836,O=c1cc[nH]c2nnccc12,aryne_3124,O=c1c#c[nH]c2nnccc12
3124,arene_2836,O=c1cc[nH]c2nnccc12,aryne_3125,O=c1cc[nH]c2nnc#cc12
3125,arene_2837,O=c1ccc2ccnn2s1,aryne_3126,O=c1c#cc2ccnn2s1
3126,arene_2838,O=c1ccc2c(=O)snnc2s1,aryne_3127,O=c1c#cc2c(=O)snnc2s1
3127,arene_2839,O=c1cnc2nccn2s1,aryne_3128,O=c1cnc2nc#cn2s1
3128,arene_2840,O=c1ccn2c(=O)oncc2n1,aryne_3129,O=c1c#cn2c(=O)oncc2n1
3129,arene_2841,O=c1nnn2ncccc2n1,aryne_3130,O=c1nnn2ncc#cc2n1
3130,arene_2842,c1c[nH]n2[nH]ccn2[nH]1,aryne_3131,c1[nH]n2cc[nH]n2[nH]c#1
3131,arene_2842,c1c[nH]n2[nH]ccn2[nH]1,aryne_3132,c1[nH]n2[nH]cc[nH]n2c#1
3132,arene_2843,O=c1nnsc2ccncc12,aryne_3133,O=c1nnsc2c#cncc12
3133,arene_2844,O=c1[nH]c2cccc(=O)n2s1,aryne_3134,O=c1[nH]c2cc#cc(=O)n2s1
3134,arene_2845,O=c1cc2ccon2cn1,aryne_3135,O=c1cc2c#con2cn1
3135,arene_2846,O=c1nc[nH]c2nnccc12,aryne_3136,O=c1nc[nH]c2nnc#cc12
3136,arene_2847,O=c1on2[nH]cc[nH]n2c(=O)s1,aryne_3137,O=c1on2[nH]c#c[nH]n2c(=O)s1
3137,arene_2848,c1coc2csccn-2[nH]1,aryne_3138,c1[nH]n2ccscc-2oc#1
3138,arene_2848,c1coc2csccn-2[nH]1,aryne_3139,c1scc2occ[nH]n-2c#1
3139,arene_2849,O=c1sc(=O)n2cnccn2c1=O,aryne_3140,O=c1sc(=O)n2cnc#cn2c1=O
3140,arene_2850,O=c1cc2c(=O)cc[nH]n2cn1,aryne_3141,O=c1cc2c(=O)c#c[nH]n2cn1
3141,arene_2851,O=c1nc2nnccc2no1,aryne_3142,O=c1nc2nnc#cc2no1
3142,arene_2852,O=c1ccn2c(=O)occc2n1,aryne_3143,O=c1c#cn2c(=O)occc2n1
3143,arene_2852,O=c1ccn2c(=O)occc2n1,aryne_3144,O=c1ccn2c(=O)oc#cc2n1
3144,arene_2853,O=c1ccc2onn[nH]c1=2,aryne_3145,O=c1c#cc2onn[nH]c1=2
3145,arene_2854,c1coc2ocn[nH]c=2o1,aryne_3146,c1oc2[nH]ncoc=2oc#1
3146,arene_2855,O=c1[nH]c(=O)c2ncccc2s1,aryne_3147,O=c1[nH]c(=O)c2nc#ccc2s1
3147,arene_2855,O=c1[nH]c(=O)c2ncccc2s1,aryne_3148,O=c1[nH]c(=O)c2ncc#cc2s1
3148,arene_2856,O=c1ccc2[nH]c(=O)c(=O)[nH]c2o1,aryne_3149,O=c1c#cc2[nH]c(=O)c(=O)[nH]c2o1
3149,arene_2857,O=c1[nH]c(=O)n2occ[nH]n2s1,aryne_3150,O=c1[nH]c(=O)n2oc#c[nH]n2s1
3150,arene_2858,O=c1cc2[nH]c(=O)ccn2cn1,aryne_3151,O=c1cc2[nH]c(=O)c#cn2cn1
3151,arene_2859,O=c1ccn2cnsc(=O)c2c1,aryne_3152,O=c1c#cn2cnsc(=O)c2c1
3152,arene_2860,O=c1ccc2concn-2c1=O,aryne_3153,O=c1c#cc2concn-2c1=O
3153,arene_2861,c1con2sncn2[nH]1,aryne_3154,c1[nH]n2cnsn2oc#1
3154,arene_2862,O=c1oc(=O)n2ncccn12,aryne_3155,O=c1oc(=O)n2ncc#cn12
3155,arene_2863,O=c1occn2nccc12,aryne_3156,O=c1oc#cn2nccc12
3156,arene_2864,c1c[nH]cn1,aryne_3157,c1nc[nH]c#1
3157,arene_2865,c1cnc2[nH]ccc2c1,aryne_3158,c1cc2cc[nH]c2nc#1
3158,arene_2865,c1cnc2[nH]ccc2c1,aryne_3159,c1cnc2[nH]ccc2c#1
3159,arene_2865,c1cnc2[nH]ccc2c1,aryne_3160,c1[nH]c2ncccc2c#1
3160,arene_2866,O=c1[nH]c(=O)n2ccc(=O)c(=O)n2o1,aryne_3161,O=c1[nH]c(=O)n2c#cc(=O)c(=O)n2o1
3161,arene_2867,O=c1ccc2c(=O)nnc(=O)c1=2,aryne_3162,O=c1c#cc2c(=O)nnc(=O)c1=2
3162,arene_2868,c1nn2sccsc-2co1,aryne_3163,c1sc2cocnn-2sc#1
3163,arene_2869,O=c1ccc2[nH]c(=O)[nH]c(=O)c2[nH]1,aryne_3164,O=c1c#cc2[nH]c(=O)[nH]c(=O)c2[nH]1
3164,arene_2870,O=c1ccn2cnncc2c1,aryne_3165,O=c1c#cn2cnncc2c1
3165,arene_2871,O=c1sc2ccoc2s1,aryne_3166,O=c1sc2c#coc2s1
3166,arene_2872,O=c1ccc2[nH]nn[nH]c=2c1=O,aryne_3167,O=c1c#cc2[nH]nn[nH]c=2c1=O
3167,arene_2873,O=c1[nH]c2cccc(=O)n2oc1=O,aryne_3168,O=c1[nH]c2cc#cc(=O)n2oc1=O
3168,arene_2874,O=c1ncn2cconc1-2,aryne_3169,O=c1ncn2c#conc1-2
3169,arene_2875,c1cn2[nH]nnoc-2c[nH]1,aryne_3170,c1[nH]cc2onn[nH]n-2c#1
3170,arene_2876,O=c1ccc2coc(=O)c(=O)n2[nH]1,aryne_3171,O=c1c#cc2coc(=O)c(=O)n2[nH]1
3171,arene_2877,O=c1ccc2sc(=O)c(=O)c=2c1=O,aryne_3172,O=c1c#cc2sc(=O)c(=O)c=2c1=O
3172,arene_2878,O=c1ccoc2c(=O)[nH]cnc12,aryne_3173,O=c1c#coc2c(=O)[nH]cnc12
3173,arene_2879,O=c1[nH]c2ccoc(=O)c2s1,aryne_3174,O=c1[nH]c2c#coc(=O)c2s1
3174,arene_2880,O=c1cnc2ccnnc2[nH]1,aryne_3175,O=c1cnc2c#cnnc2[nH]1
3175,arene_2881,c1cn2[nH]ncsn2cn1,aryne_3176,c1ncn2scn[nH]n2c#1
3176,arene_2882,O=c1nnsc2cnccc12,aryne_3177,O=c1nnsc2cnc#cc12
3177,arene_2883,O=c1cc2cccnc2no1,aryne_3178,O=c1cc2c#ccnc2no1
3178,arene_2884,O=c1cnc2cnccc2[nH]1,aryne_3179,O=c1cnc2cnc#cc2[nH]1
3179,arene_2885,O=c1[nH]n2c(=O)cccc2c(=O)o1,aryne_3180,O=c1[nH]n2c(=O)c#ccc2c(=O)o1
3180,arene_2886,O=c1ccn2oncsn2s1,aryne_3181,O=c1c#cn2oncsn2s1
3181,arene_2887,O=c1ccc2c(=O)ccsc2o1,aryne_3182,O=c1c#cc2c(=O)ccsc2o1
3182,arene_2887,O=c1ccc2c(=O)ccsc2o1,aryne_3183,O=c1ccc2c(=O)c#csc2o1
3183,arene_2888,O=c1cccc2ocnn12,aryne_3184,O=c1c#ccc2ocnn12
3184,arene_2889,O=c1[nH]nc2[nH]ccc(=O)n2c1=O,aryne_3185,O=c1[nH]nc2[nH]c#cc(=O)n2c1=O
3185,arene_2890,O=c1ccn2nnnc2s1,aryne_3186,O=c1c#cn2nnnc2s1
3186,arene_2891,c1cn2onnsc-2n[nH]1,aryne_3187,c1[nH]nc2snnon-2c#1
3187,arene_2892,O=c1cc2sccsn-2c1=O,aryne_3188,O=c1cc2sc#csn-2c1=O
3188,arene_2893,O=c1sc(=O)c2c(=O)cc[nH]c2s1,aryne_3189,O=c1sc(=O)c2c(=O)c#c[nH]c2s1
3189,arene_2894,O=c1cc2sccsn-2c(=O)c1=O,aryne_3190,O=c1cc2sc#csn-2c(=O)c1=O
3190,arene_2895,O=c1on2occn2c1=O,aryne_3191,O=c1on2oc#cn2c1=O
3191,arene_2896,O=c1[nH]c2sc(=O)ccc2c(=O)o1,aryne_3192,O=c1[nH]c2sc(=O)c#cc2c(=O)o1
3192,arene_2897,c1csn2ccon2o1,aryne_3193,c1on2occn2sc#1
3193,arene_2897,c1csn2ccon2o1,aryne_3194,c1on2occsn2c#1
3194,arene_2898,O=c1ccn2oc(=O)c(=O)n2s1,aryne_3195,O=c1c#cn2oc(=O)c(=O)n2s1
3195,arene_2899,O=c1ccoc2ocnc12,aryne_3196,O=c1c#coc2ocnc12
3196,arene_2901,O=c1cc2occc(=O)n2cn1,aryne_3197,O=c1cc2oc#cc(=O)n2cn1
3197,arene_2902,O=c1sccn2[nH]cn[nH]n12,aryne_3198,O=c1sc#cn2[nH]cn[nH]n12
3198,arene_2903,c1cc2cscc2cn1,aryne_3199,c1ncc2cscc2c#1
3199,arene_2904,O=c1sc2occ[nH]c=2c(=O)c1=O,aryne_3200,O=c1sc2oc#c[nH]c=2c(=O)c1=O
3200,arene_2905,O=c1[nH]ccn2c(=O)occ12,aryne_3201,O=c1[nH]c#cn2c(=O)occ12
3201,arene_2906,O=c1ccn2sc(=O)ncc2c1,aryne_3202,O=c1c#cn2sc(=O)ncc2c1
3202,arene_2907,O=c1oc2cccc(=O)n2s1,aryne_3203,O=c1oc2cc#cc(=O)n2s1
3203,arene_2908,c1csn2scnn2s1,aryne_3204,c1sn2ncsn2sc#1
3204,arene_2909,O=c1nc2[nH]ccc(=O)c2cs1,aryne_3205,O=c1nc2[nH]c#cc(=O)c2cs1
3205,arene_2910,O=c1ccn2c(=O)[nH]nc2s1,aryne_3206,O=c1c#cn2c(=O)[nH]nc2s1
3206,arene_2911,O=c1ccn2cnc(=O)c(=O)n2[nH]1,aryne_3207,O=c1c#cn2cnc(=O)c(=O)n2[nH]1
3207,arene_2912,O=c1[nH]c(=O)c(=O)c2sccsc1=2,aryne_3208,O=c1[nH]c(=O)c(=O)c2sc#csc1=2
3208,arene_2913,O=c1onnc2nccn12,aryne_3209,O=c1onnc2nc#cn12
3209,arene_2914,O=c1ncoc2cccn12,aryne_3210,O=c1ncoc2cc#cn12
3210,arene_2915,c1csn2nnonc-2s1,aryne_3211,c1sc2nonnn-2sc#1
3211,arene_2916,O=c1oc2cccc(=O)n2oc1=O,aryne_3212,O=c1oc2cc#cc(=O)n2oc1=O
3212,arene_2918,O=c1cnoc2ncccc12,aryne_3213,O=c1cnoc2nc#ccc12
3213,arene_2918,O=c1cnoc2ncccc12,aryne_3214,O=c1cnoc2ncc#cc12
3214,arene_2919,O=c1nc2ccc(=O)oc2n[nH]1,aryne_3215,O=c1nc2c#cc(=O)oc2n[nH]1
3215,arene_2920,c1coc2cocnn-2[nH]1,aryne_3216,c1[nH]n2ncocc-2oc#1
3216,arene_2921,O=c1cconn1,aryne_3217,O=c1c#conn1
3217,arene_2922,c1cnc2ncoc2c1,aryne_3218,c1cc2ocnc2nc#1
3218,arene_2922,c1cnc2ncoc2c1,aryne_3219,c1cnc2ncoc2c#1
3219,arene_2923,O=c1sccc2nnnn12,aryne_3220,O=c1sc#cc2nnnn12
3220,arene_2924,O=c1nnsc2c(=O)ccoc12,aryne_3221,O=c1nnsc2c(=O)c#coc12
3221,arene_2925,O=c1[nH]nnn2[nH]ccsn12,aryne_3222,O=c1[nH]nnn2[nH]c#csn12
3222,arene_2926,O=c1ccc2ccsc2o1,aryne_3223,O=c1c#cc2ccsc2o1
3223,arene_2926,O=c1ccc2ccsc2o1,aryne_3224,O=c1ccc2c#csc2o1
3224,arene_2927,c1coc2n[nH]ncn-2[nH]1,aryne_3225,c1[nH]n2cn[nH]nc-2oc#1
3225,arene_2928,O=c1c(=O)n2sccsn2c1=O,aryne_3226,O=c1c(=O)n2sc#csn2c1=O
3226,arene_2929,O=c1scnc2nnccc12,aryne_3227,O=c1scnc2nnc#cc12
3227,arene_2930,O=c1ccc2cc(=O)snc2[nH]1,aryne_3228,O=c1c#cc2cc(=O)snc2[nH]1
3228,arene_2931,O=c1nc2cc[nH]c(=O)n2c(=O)o1,aryne_3229,O=c1nc2c#c[nH]c(=O)n2c(=O)o1
3229,arene_2932,O=c1scnn2c(=O)ccn12,aryne_3230,O=c1scnn2c(=O)c#cn12
3230,arene_2933,O=c1cn[nH]n2[nH]ccsn12,aryne_3231,O=c1cn[nH]n2[nH]c#csn12
3231,arene_2934,O=c1cc[nH]c2noc(=O)n12,aryne_3232,O=c1c#c[nH]c2noc(=O)n12
3232,arene_2935,O=c1[nH]c(=O)n2c(=O)ccon2c1=O,aryne_3233,O=c1[nH]c(=O)n2c(=O)c#con2c1=O
3233,arene_2936,O=c1ccn2onc[nH]n2[nH]1,aryne_3234,O=c1c#cn2onc[nH]n2[nH]1
3234,arene_2937,O=c1oc(=O)c2[nH]ccc2s1,aryne_3235,O=c1oc(=O)c2[nH]c#cc2s1
3235,arene_2938,O=c1ccn2c(=O)ccc(=O)n2o1,aryne_3236,O=c1c#cn2c(=O)ccc(=O)n2o1
3236,arene_2938,O=c1ccn2c(=O)ccc(=O)n2o1,aryne_3237,O=c1ccn2c(=O)c#cc(=O)n2o1
3237,arene_2939,c1csn2snnn2s1,aryne_3238,c1sn2nnsn2sc#1
3238,arene_2940,O=c1nnc2nnccc2s1,aryne_3239,O=c1nnc2nnc#cc2s1
3239,arene_2941,O=c1ccc2c(=O)sc(=O)c(=O)c=2c1=O,aryne_3240,O=c1c#cc2c(=O)sc(=O)c(=O)c=2c1=O
3240,arene_2942,c1cn2snnoc-2co1,aryne_3241,c1occ2onnsn-2c#1
3241,arene_2944,O=c1ccn2nnncn12,aryne_3242,O=c1c#cn2nnncn12
3242,arene_2945,O=c1sc2ccccc2s1,aryne_3243,O=c1sc2c#cccc2s1
3243,arene_2945,O=c1sc2ccccc2s1,aryne_3244,O=c1sc2cc#ccc2s1
3244,arene_2946,c1csn2ccsnc-2[nH]1,aryne_3245,c1[nH]c2nsccn-2sc#1
3245,arene_2946,c1csn2ccsnc-2[nH]1,aryne_3246,c1snc2[nH]ccsn-2c#1
3246,arene_2947,O=c1nnon2scc[nH]n12,aryne_3247,O=c1nnon2sc#c[nH]n12
3247,arene_2948,O=c1[nH]ccn2[nH]cn[nH]n12,aryne_3248,O=c1[nH]c#cn2[nH]cn[nH]n12
3248,arene_2949,O=c1ccsn2cncc12,aryne_3249,O=c1c#csn2cncc12
3249,arene_2950,O=c1ncsc2cc[nH]c12,aryne_3250,O=c1ncsc2c#c[nH]c12
3250,arene_2951,O=c1nc2ccccc2cs1,aryne_3251,O=c1nc2c#cccc2cs1
3251,arene_2951,O=c1nc2ccccc2cs1,aryne_3252,O=c1nc2ccc#cc2cs1
3252,arene_2953,O=c1ccn2c(=O)c(=O)c(=O)on2o1,aryne_3253,O=c1c#cn2c(=O)c(=O)c(=O)on2o1
3253,arene_2954,O=c1oc(=O)c2ccoc2s1,aryne_3254,O=c1oc(=O)c2c#coc2s1
3254,arene_2955,O=c1ccc2c[nH]ccn1-2,aryne_3255,O=c1c#cc2c[nH]ccn1-2
3255,arene_2955,O=c1ccc2c[nH]ccn1-2,aryne_3256,O=c1ccc2c[nH]c#cn1-2
3256,arene_2956,O=c1nnn2cnccn12,aryne_3257,O=c1nnn2cnc#cn12
3257,arene_2957,O=c1scnn2[nH]cc[nH]n12,aryne_3258,O=c1scnn2[nH]c#c[nH]n12
3258,arene_2958,O=c1[nH]cco1,aryne_3259,O=c1[nH]c#co1
3259,arene_2959,O=c1[nH]n2ccon2c(=O)c1=O,aryne_3260,O=c1[nH]n2c#con2c(=O)c1=O
3260,arene_2960,c1cnn2sccsn2c1,aryne_3261,c1cnn2sccsn2c#1
3261,arene_2960,c1cnn2sccsn2c1,aryne_3262,c1sn2cccnn2sc#1
3262,arene_2961,c1cn2cncnc2n1,aryne_3263,c1nc2ncncn2c#1
3263,arene_2962,O=c1ccn2ccsn12,aryne_3264,O=c1c#cn2ccsn12
3264,arene_2962,O=c1ccn2ccsn12,aryne_3265,O=c1ccn2c#csn12
3265,arene_2963,O=c1[nH]ncn2c(=O)cccc12,aryne_3266,O=c1[nH]ncn2c(=O)c#ccc12
3266,arene_2964,O=c1ccn2oc(=O)[nH]c2c1,aryne_3267,O=c1c#cn2oc(=O)[nH]c2c1
3267,arene_2965,c1cnn2[nH]ncon2c1,aryne_3268,c1cnn2[nH]ncon2c#1
3268,arene_2966,O=c1ccn2[nH]ncc2c1,aryne_3269,O=c1c#cn2[nH]ncc2c1
3269,arene_2967,O=c1ocnc2c(=O)occc12,aryne_3270,O=c1ocnc2c(=O)oc#cc12
3270,arene_2968,O=c1oc(=O)c2c(=O)cc[nH]c2s1,aryne_3271,O=c1oc(=O)c2c(=O)c#c[nH]c2s1
3271,arene_2969,O=c1cnn2ccc(=O)n2o1,aryne_3272,O=c1cnn2c#cc(=O)n2o1
3272,arene_2970,O=c1nnc2ccc(=O)sc2[nH]1,aryne_3273,O=c1nnc2c#cc(=O)sc2[nH]1
3273,arene_2971,O=c1ccn2nnsc(=O)n2c1=O,aryne_3274,O=c1c#cn2nnsc(=O)n2c1=O
3274,arene_2972,O=c1ccsc2snnc12,aryne_3275,O=c1c#csc2snnc12
3275,arene_2973,O=c1[nH]n2occsn2sc1=O,aryne_3276,O=c1[nH]n2oc#csn2sc1=O
3276,arene_2974,O=c1cc2c(=O)sccc2no1,aryne_3277,O=c1cc2c(=O)sc#cc2no1
3277,arene_2975,O=c1nnoc2c(=O)occc12,aryne_3278,O=c1nnoc2c(=O)oc#cc12
3278,arene_2976,O=c1ccc2[nH]ccc2o1,aryne_3279,O=c1c#cc2[nH]ccc2o1
3279,arene_2976,O=c1ccc2[nH]ccc2o1,aryne_3280,O=c1ccc2[nH]c#cc2o1
3280,arene_2977,O=c1sc(=O)n2cc[nH]nc-2c1=O,aryne_3281,O=c1sc(=O)n2c#c[nH]nc-2c1=O
3281,arene_2978,O=c1ncn2cnccn2c1=O,aryne_3282,O=c1ncn2cnc#cn2c1=O
3282,arene_2979,O=c1sc2coccn-2c1=O,aryne_3283,O=c1sc2coc#cn-2c1=O
3283,arene_2980,c1cc2nnnnc2o1,aryne_3284,c1oc2nnnnc2c#1
3284,arene_2981,O=c1ccc(=O)n2oncn12,aryne_3285,O=c1c#cc(=O)n2oncn12
3285,arene_2982,O=c1ccn2cc[nH]c(=O)n12,aryne_3286,O=c1c#cn2cc[nH]c(=O)n12
3286,arene_2982,O=c1ccn2cc[nH]c(=O)n12,aryne_3287,O=c1ccn2c#c[nH]c(=O)n12
3287,arene_2983,c1coc2scn[nH]c=2[nH]1,aryne_3288,c1[nH]c2[nH]ncsc=2oc#1
3288,arene_2984,c1cn2snn[nH]c-2cs1,aryne_3289,c1scc2[nH]nnsn-2c#1
3289,arene_2985,O=c1[nH]c2cc[nH]c2[nH]c1=O,aryne_3290,O=c1[nH]c2c#c[nH]c2[nH]c1=O
3290,arene_2987,c1cn2sncsn2[nH]1,aryne_3291,c1[nH]n2scnsn2c#1
3291,arene_2988,O=c1occn2[nH]cc[nH]n12,aryne_3292,O=c1oc#cn2[nH]cc[nH]n12
3292,arene_2988,O=c1occn2[nH]cc[nH]n12,aryne_3293,O=c1occn2[nH]c#c[nH]n12
3293,arene_2989,O=c1nnn2[nH]ccc2n1,aryne_3294,O=c1nnn2[nH]c#cc2n1
3294,arene_2990,c1ccc2nocc2c1,aryne_3295,c1ccc2nocc2c#1
3295,arene_2990,c1ccc2nocc2c1,aryne_3296,c1ccc2conc2c#1
3296,arene_2991,c1con2scnn2o1,aryne_3297,c1on2ncsn2oc#1
3297,arene_2992,O=c1ccn2cccnc2n1,aryne_3298,O=c1c#cn2cccnc2n1
3298,arene_2992,O=c1ccn2cccnc2n1,aryne_3299,O=c1ccn2c#ccnc2n1
3299,arene_2993,O=c1ccn2nnc(=O)c(=O)n2s1,aryne_3300,O=c1c#cn2nnc(=O)c(=O)n2s1
3300,arene_2994,O=c1nnoc2ccsc(=O)c12,aryne_3301,O=c1nnoc2c#csc(=O)c12
3301,arene_2995,O=c1[nH]c2sccc(=O)c2oc1=O,aryne_3302,O=c1[nH]c2sc#cc(=O)c2oc1=O
3302,arene_2996,O=c1ccn2cncnn2c1=O,aryne_3303,O=c1c#cn2cncnn2c1=O
3303,arene_2997,O=c1ccc2[nH]ccc2[nH]1,aryne_3304,O=c1c#cc2[nH]ccc2[nH]1
3304,arene_2997,O=c1ccc2[nH]ccc2[nH]1,aryne_3305,O=c1ccc2[nH]c#cc2[nH]1
3305,arene_2998,O=c1ccc2oncc(=O)c2o1,aryne_3306,O=c1c#cc2oncc(=O)c2o1
3306,arene_2999,O=c1cc2c(=O)sccn2c(=O)s1,aryne_3307,O=c1cc2c(=O)sc#cn2c(=O)s1
3307,arene_3000,O=c1ccn2c(=O)sc(=O)sc2c1,aryne_3308,O=c1c#cn2c(=O)sc(=O)sc2c1
3308,arene_3001,O=c1sccn2scnsn12,aryne_3309,O=c1sc#cn2scnsn12
3309,arene_3002,O=c1cnc2occsc1=2,aryne_3310,O=c1cnc2oc#csc1=2
3310,arene_3003,O=c1c(=O)c2cc[nH]c(=O)c2c1=O,aryne_3311,O=c1c(=O)c2c#c[nH]c(=O)c2c1=O
3311,arene_3004,O=c1[nH]c(=O)c(=O)n2cconc1-2,aryne_3312,O=c1[nH]c(=O)c(=O)n2c#conc1-2
3312,arene_3005,O=c1ncc2csccn-2c1=O,aryne_3313,O=c1ncc2csc#cn-2c1=O
3313,arene_3006,O=c1ccc(=O)c2scn[nH]c1=2,aryne_3314,O=c1c#cc(=O)c2scn[nH]c1=2
3314,arene_3007,c1csn2nn[nH]cc-2o1,aryne_3315,c1oc2c[nH]nnn-2sc#1
3315,arene_3008,O=c1ccc2noccn1-2,aryne_3316,O=c1c#cc2noccn1-2
3316,arene_3008,O=c1ccc2noccn1-2,aryne_3317,O=c1ccc2noc#cn1-2
3317,arene_3009,O=c1ccc2n[nH]c(=O)n2o1,aryne_3318,O=c1c#cc2n[nH]c(=O)n2o1
3318,arene_3010,c1csn2nc[nH]n2[nH]1,aryne_3319,c1[nH]n2[nH]cnn2sc#1
3319,arene_3011,O=c1oc(=O)c2ncccc2o1,aryne_3320,O=c1oc(=O)c2nc#ccc2o1
3320,arene_3011,O=c1oc(=O)c2ncccc2o1,aryne_3321,O=c1oc(=O)c2ncc#cc2o1
3321,arene_3012,c1n[nH]n2occn2[nH]1,aryne_3322,c1on2[nH]nc[nH]n2c#1
3322,arene_3013,c1cc2conc2[nH]1,aryne_3323,c1[nH]c2nocc2c#1
3323,arene_3014,O=c1[nH]ccc2snnc12,aryne_3324,O=c1[nH]c#cc2snnc12
3324,arene_3015,O=c1[nH]ccc2ncoc(=O)c12,aryne_3325,O=c1[nH]c#cc2ncoc(=O)c12
3325,arene_3016,O=c1cn[nH]c2c(=O)[nH]ccc12,aryne_3326,O=c1cn[nH]c2c(=O)[nH]c#cc12
3326,arene_3017,O=c1nc2nnccc2c[nH]1,aryne_3327,O=c1nc2nnc#cc2c[nH]1
3327,arene_3018,O=c1cc2[nH]cc[nH]c-2c1,aryne_3328,O=c1cc2[nH]c#c[nH]c-2c1
3328,arene_3019,O=c1on2c(=O)cc[nH]n2c(=O)c1=O,aryne_3329,O=c1on2c(=O)c#c[nH]n2c(=O)c1=O
3329,arene_3020,c1csn2[nH]nnn2s1,aryne_3330,c1sn2nn[nH]n2sc#1
3330,arene_3021,O=c1[nH]n2[nH]ccsn2[nH]1,aryne_3331,O=c1[nH]n2[nH]c#csn2[nH]1
3331,arene_3022,O=c1cnc2noccn-2c1=O,aryne_3332,O=c1cnc2noc#cn-2c1=O
3332,arene_3023,c1c[nH]n2[nH]ncn2[nH]1,aryne_3333,c1[nH]n2cn[nH]n2[nH]c#1
3333,arene_3024,O=c1cc[nH]c2sncc(=O)c12,aryne_3334,O=c1c#c[nH]c2sncc(=O)c12
3334,arene_3025,O=c1c(=O)n2[nH]cc[nH]n2c1=O,aryne_3335,O=c1c(=O)n2[nH]c#c[nH]n2c1=O
3335,arene_3026,O=c1cc2ccsn2c(=O)o1,aryne_3336,O=c1cc2c#csn2c(=O)o1
3336,arene_3027,O=c1cc2cccnc2cs1,aryne_3337,O=c1cc2c#ccnc2cs1
3337,arene_3028,O=c1ccc2cn[nH]c(=O)c2o1,aryne_3338,O=c1c#cc2cn[nH]c(=O)c2o1
3338,arene_3029,O=c1cnn2ccccc2n1,aryne_3339,O=c1cnn2c#cccc2n1
3339,arene_3029,O=c1cnn2ccccc2n1,aryne_3340,O=c1cnn2ccc#cc2n1
3340,arene_3030,c1csn2nnscc-2o1,aryne_3341,c1oc2csnnn-2sc#1
3341,arene_3031,O=c1ccn2c(=O)nnnc2o1,aryne_3342,O=c1c#cn2c(=O)nnnc2o1
3342,arene_3032,c1cn2nncc2cn1,aryne_3343,c1ncc2cnnn2c#1
3343,arene_3033,O=c1[nH]cnc2nccn12,aryne_3344,O=c1[nH]cnc2nc#cn12
3344,arene_3034,O=c1ccn2sncon2s1,aryne_3345,O=c1c#cn2sncon2s1
3345,arene_3035,O=c1nnc2occc(=O)c2s1,aryne_3346,O=c1nnc2oc#cc(=O)c2s1
3346,arene_3036,O=c1sc(=O)n2ccsc(=O)n2c1=O,aryne_3347,O=c1sc(=O)n2c#csc(=O)n2c1=O
3347,arene_3037,O=c1ccn2ocnsn2s1,aryne_3348,O=c1c#cn2ocnsn2s1
3348,arene_3038,c1csc2scc[nH]c=2[nH]1,aryne_3349,c1[nH]c2[nH]ccsc=2sc#1
3349,arene_3040,O=c1ccc2ccncc2[nH]1,aryne_3350,O=c1c#cc2ccncc2[nH]1
3350,arene_3040,O=c1ccc2ccncc2[nH]1,aryne_3351,O=c1ccc2c#cncc2[nH]1
3351,arene_3041,O=c1ccc2cnc(=O)c=2c1=O,aryne_3352,O=c1c#cc2cnc(=O)c=2c1=O
3352,arene_3042,O=c1cccc2sncn12,aryne_3353,O=c1c#ccc2sncn12
3353,arene_3043,c1cc2conc2cn1,aryne_3354,c1ncc2nocc2c#1
3354,arene_3044,O=c1cc[nH]c2cocc12,aryne_3355,O=c1c#c[nH]c2cocc12
3355,arene_3045,c1con2nn[nH]nc-2o1,aryne_3356,c1oc2n[nH]nnn-2oc#1
3356,arene_3046,O=c1[nH]c2sccc(=O)c2s1,aryne_3357,O=c1[nH]c2sc#cc(=O)c2s1
3357,arene_3047,O=c1scc2c(=O)sccn2c1=O,aryne_3358,O=c1scc2c(=O)sc#cn2c1=O
3358,arene_3048,O=c1ccnc2ccccn12,aryne_3359,O=c1c#cnc2ccccn12
3359,arene_3048,O=c1ccnc2ccccn12,aryne_3360,O=c1ccnc2c#cccn12
3360,arene_3048,O=c1ccnc2ccccn12,aryne_3361,O=c1ccnc2ccc#cn12
3361,arene_3049,O=c1cc[nH]c2c(=O)occc12,aryne_3362,O=c1c#c[nH]c2c(=O)occc12
3362,arene_3049,O=c1cc[nH]c2c(=O)occc12,aryne_3363,O=c1cc[nH]c2c(=O)oc#cc12
3363,arene_3050,O=c1cc[nH]c2ocnc(=O)c12,aryne_3364,O=c1c#c[nH]c2ocnc(=O)c12
3364,arene_3051,O=c1cc2ccsc(=O)c2n[nH]1,aryne_3365,O=c1cc2c#csc(=O)c2n[nH]1
3365,arene_3052,O=c1[nH]c2cc[nH]c(=O)c2c(=O)s1,aryne_3366,O=c1[nH]c2c#c[nH]c(=O)c2c(=O)s1
3366,arene_3053,O=c1[nH]ccc2nc[nH]c(=O)c12,aryne_3367,O=c1[nH]c#cc2nc[nH]c(=O)c12
3367,arene_3054,O=c1on2nnccn2c1=O,aryne_3368,O=c1on2nnc#cn2c1=O
3368,arene_3055,O=c1ncn2cc[nH]nc1-2,aryne_3369,O=c1ncn2c#c[nH]nc1-2
3369,arene_3056,O=c1sccn2oncsn12,aryne_3370,O=c1sc#cn2oncsn12
3370,arene_3057,O=c1cc2sccsc-2n1,aryne_3371,O=c1cc2sc#csc-2n1
3371,arene_3058,O=c1c(=O)c2cccnc2c1=O,aryne_3372,O=c1c(=O)c2c#ccnc2c1=O
3372,arene_3058,O=c1c(=O)c2cccnc2c1=O,aryne_3373,O=c1c(=O)c2cc#cnc2c1=O
3373,arene_3059,O=c1[nH]ccc2n[nH]c(=O)n12,aryne_3374,O=c1[nH]c#cc2n[nH]c(=O)n12
3374,arene_3061,O=c1[nH]c2[nH]ccc2sc1=O,aryne_3375,O=c1[nH]c2[nH]c#cc2sc1=O
3375,arene_3062,O=c1ccc2nc(=O)snc2[nH]1,aryne_3376,O=c1c#cc2nc(=O)snc2[nH]1
3376,arene_3063,O=c1cnc2ccsc(=O)c2o1,aryne_3377,O=c1cnc2c#csc(=O)c2o1
3377,arene_3064,O=c1sc(=O)n2[nH]ccn12,aryne_3378,O=c1sc(=O)n2[nH]c#cn12
3378,arene_3065,c1c[nH]n2ncsnc-2[nH]1,aryne_3379,c1[nH]c2nscnn-2[nH]c#1
3379,arene_3066,O=c1cc[nH]c2[nH]ncc12,aryne_3380,O=c1c#c[nH]c2[nH]ncc12
3380,arene_3067,O=c1[nH]c2ccoc2o1,aryne_3381,O=c1[nH]c2c#coc2o1
3381,arene_3068,c1csc2noccn-2[nH]1,aryne_3382,c1[nH]n2cconc-2sc#1
3382,arene_3068,c1csc2noccn-2[nH]1,aryne_3383,c1onc2scc[nH]n-2c#1
3383,arene_3069,c1cc2conc2s1,aryne_3384,c1sc2nocc2c#1
3384,arene_3070,O=c1ccn2cncc2[nH]1,aryne_3385,O=c1c#cn2cncc2[nH]1
3385,arene_3071,O=c1ccc2c(=O)ncoc2[nH]1,aryne_3386,O=c1c#cc2c(=O)ncoc2[nH]1
3386,arene_3072,O=c1ccc2c[nH]c(=O)n2o1,aryne_3387,O=c1c#cc2c[nH]c(=O)n2o1
3387,arene_3073,O=c1[nH]c(=O)c2c(=O)sccc2o1,aryne_3388,O=c1[nH]c(=O)c2c(=O)sc#cc2o1
3388,arene_3074,O=c1ccsc2nnnnc12,aryne_3389,O=c1c#csc2nnnnc12
3389,arene_3075,c1c[nH]n2cnonc-2[nH]1,aryne_3390,c1[nH]c2noncn-2[nH]c#1
3390,arene_3076,O=c1ccn2cc[nH]c2n1,aryne_3391,O=c1c#cn2cc[nH]c2n1
3391,arene_3076,O=c1ccn2cc[nH]c2n1,aryne_3392,O=c1ccn2c#c[nH]c2n1
3392,arene_3077,O=c1occn2occ[nH]n12,aryne_3393,O=c1oc#cn2occ[nH]n12
3393,arene_3077,O=c1occn2occ[nH]n12,aryne_3394,O=c1occn2oc#c[nH]n12
3394,arene_3078,O=c1ccsc2nnnn12,aryne_3395,O=c1c#csc2nnnn12
3395,arene_3079,O=c1nnsn2c(=O)ccnc12,aryne_3396,O=c1nnsn2c(=O)c#cnc12
3396,arene_3080,O=c1ccc2occc(=O)c2o1,aryne_3397,O=c1c#cc2occc(=O)c2o1
3397,arene_3080,O=c1ccc2occc(=O)c2o1,aryne_3398,O=c1ccc2oc#cc(=O)c2o1
3398,arene_3081,O=c1oc2ccncc2oc1=O,aryne_3399,O=c1oc2c#cncc2oc1=O
3399,arene_3082,O=c1ccc2nccnc2s1,aryne_3400,O=c1c#cc2nccnc2s1
3400,arene_3082,O=c1ccc2nccnc2s1,aryne_3401,O=c1ccc2nc#cnc2s1
3401,arene_3083,O=c1ccc2csc(=O)n2o1,aryne_3402,O=c1c#cc2csc(=O)n2o1
3402,arene_3084,O=c1nnn2ccon2c1=O,aryne_3403,O=c1nnn2c#con2c1=O
3403,arene_3086,O=c1ccn2c(=O)cnn2s1,aryne_3404,O=c1c#cn2c(=O)cnn2s1
3404,arene_3087,O=c1cc2ccsc2cs1,aryne_3405,O=c1cc2c#csc2cs1
3405,arene_3088,c1cn2onn[nH]c-2ns1,aryne_3406,c1snc2[nH]nnon-2c#1
3406,arene_3089,O=c1on2sccsn2sc1=O,aryne_3407,O=c1on2sc#csn2sc1=O
3407,arene_3090,O=c1on2c(=O)cccc2sc1=O,aryne_3408,O=c1on2c(=O)c#ccc2sc1=O
3408,arene_3091,O=c1nnc2[nH]ccc(=O)c2s1,aryne_3409,O=c1nnc2[nH]c#cc(=O)c2s1
3409,arene_3092,O=c1nnc2nccn2o1,aryne_3410,O=c1nnc2nc#cn2o1
3410,arene_3093,O=c1nn[nH]c2occc12,aryne_3411,O=c1nn[nH]c2oc#cc12
3411,arene_3094,O=c1ccoc2ncoc(=O)c12,aryne_3412,O=c1c#coc2ncoc(=O)c12
3412,arene_3095,c1coc2sncoc=2[nH]1,aryne_3413,c1[nH]c2ocnsc=2oc#1
3413,arene_3096,O=c1[nH]n2ccnnn2c1=O,aryne_3414,O=c1[nH]n2c#cnnn2c1=O
3414,arene_3097,O=c1cc2c(=O)sccn2c(=O)[nH]1,aryne_3415,O=c1cc2c(=O)sc#cn2c(=O)[nH]1
3415,arene_3098,O=c1ccsn2nccc12,aryne_3416,O=c1c#csn2nccc12
3416,arene_3099,O=c1sc(=O)n2ccc(=O)n2s1,aryne_3417,O=c1sc(=O)n2c#cc(=O)n2s1
3417,arene_3100,c1ccccc1,aryne_3418,c1ccccc#1
3418,arene_3101,O=c1on2c(=O)c(=O)ccn2s1,aryne_3419,O=c1on2c(=O)c(=O)c#cn2s1
3419,arene_3102,O=c1occn2c(=O)ccnc12,aryne_3420,O=c1oc#cn2c(=O)ccnc12
3420,arene_3102,O=c1occn2c(=O)ccnc12,aryne_3421,O=c1occn2c(=O)c#cnc12
3421,arene_3103,O=c1sccc2c(=O)sncc12,aryne_3422,O=c1sncc2c(=O)sc#cc12
3422,arene_3104,O=c1sccn2sncon12,aryne_3423,O=c1sc#cn2sncon12
3423,arene_3105,O=c1[nH]c2ncccc2sc1=O,aryne_3424,O=c1[nH]c2nc#ccc2sc1=O
3424,arene_3105,O=c1[nH]c2ncccc2sc1=O,aryne_3425,O=c1[nH]c2ncc#cc2sc1=O
3425,arene_3106,O=c1ncn2cc[nH]c(=O)n12,aryne_3426,O=c1ncn2c#c[nH]c(=O)n12
3426,arene_3107,c1csc2sccoc=2[nH]1,aryne_3427,c1[nH]c2occsc=2sc#1
3427,arene_3107,c1csc2sccoc=2[nH]1,aryne_3428,c1oc2[nH]ccsc=2sc#1
3428,arene_3108,O=c1cnc2[nH]cc[nH]c=2c1=O,aryne_3429,O=c1cnc2[nH]c#c[nH]c=2c1=O
3429,arene_3109,O=c1ccc2n[nH]nc2s1,aryne_3430,O=c1c#cc2n[nH]nc2s1
3430,arene_3110,O=c1nnn2ccc(=O)n2o1,aryne_3431,O=c1nnn2c#cc(=O)n2o1
3431,arene_3111,O=c1nc2ncccc2cs1,aryne_3432,O=c1nc2ncc#cc2cs1
3432,arene_3112,O=c1[nH]nc2cc[nH]n2c1=O,aryne_3433,O=c1[nH]nc2c#c[nH]n2c1=O
3433,arene_3113,O=c1ccsc2nsnc12,aryne_3434,O=c1c#csc2nsnc12
3434,arene_3114,O=c1ncn2sccc(=O)n2c1=O,aryne_3435,O=c1ncn2sc#cc(=O)n2c1=O
3435,arene_3116,c1nsc2[nH]ccoc=2[nH]1,aryne_3436,c1[nH]c2snc[nH]c=2oc#1
3436,arene_3117,O=c1sccc2ncncc12,aryne_3437,O=c1sc#cc2ncncc12
3437,arene_3118,O=c1sn2occn2c(=O)c1=O,aryne_3438,O=c1sn2oc#cn2c(=O)c1=O
3438,arene_3119,c1con2nnsnc-2[nH]1,aryne_3439,c1[nH]c2nsnnn-2oc#1
3439,arene_3120,O=c1ccc2cc[nH]c(=O)c2[nH]1,aryne_3440,O=c1c#cc2cc[nH]c(=O)c2[nH]1
3440,arene_3120,O=c1ccc2cc[nH]c(=O)c2[nH]1,aryne_3441,O=c1ccc2c#c[nH]c(=O)c2[nH]1
3441,arene_3121,O=c1oc2cc[nH]c2o1,aryne_3442,O=c1oc2c#c[nH]c2o1
3442,arene_3122,O=c1cc2ccc(=O)n-2c(=O)c1=O,aryne_3443,O=c1cc2c#cc(=O)n-2c(=O)c1=O
3443,arene_3123,O=c1ccn2snc[nH]n2[nH]1,aryne_3444,O=c1c#cn2snc[nH]n2[nH]1
3444,arene_3124,O=c1[nH]ccsc1=O,aryne_3445,O=c1[nH]c#csc1=O
3445,arene_3125,c1cc2nc[nH]c2nn1,aryne_3446,c1nnc2[nH]cnc2c#1
3446,arene_3126,O=c1oc(=O)c2sccc(=O)c2o1,aryne_3447,O=c1oc(=O)c2sc#cc(=O)c2o1
3447,arene_3127,O=c1snnc2ccnnc12,aryne_3448,O=c1snnc2c#cnnc12
3448,arene_3128,O=c1[nH]c2nccc(=O)n2c(=O)o1,aryne_3449,O=c1[nH]c2nc#cc(=O)n2c(=O)o1
3449,arene_3129,O=c1[nH]ccn2onnsn12,aryne_3450,O=c1[nH]c#cn2onnsn12
3450,arene_3130,O=c1ccn2c(=O)sncc2n1,aryne_3451,O=c1c#cn2c(=O)sncc2n1
3451,arene_3131,c1csc2sncsc=2[nH]1,aryne_3452,c1[nH]c2scnsc=2sc#1
3452,arene_3132,O=c1ccsc2c(=O)ncoc12,aryne_3453,O=c1c#csc2c(=O)ncoc12
3453,arene_3133,O=c1cc[nH]n2c(=O)[nH]cc12,aryne_3454,O=c1c#c[nH]n2c(=O)[nH]cc12
3454,arene_3134,c1c[nH]n2nn[nH]nc-2[nH]1,aryne_3455,c1[nH]c2n[nH]nnn-2[nH]c#1
3455,arene_3135,O=c1[nH]c(=O)c2cnccc2s1,aryne_3456,O=c1[nH]c(=O)c2cnc#cc2s1
3456,arene_3136,O=c1cnsn2[nH]ccon12,aryne_3457,O=c1cnsn2[nH]c#con12
3457,arene_3137,O=c1ncn2cc[nH]c(=O)n2c1=O,aryne_3458,O=c1ncn2c#c[nH]c(=O)n2c1=O
3458,arene_3138,O=c1ccoc2nn[nH]c(=O)c12,aryne_3459,O=c1c#coc2nn[nH]c(=O)c12
3459,arene_3140,O=c1ccn2ccsc(=O)c2n1,aryne_3460,O=c1c#cn2ccsc(=O)c2n1
3460,arene_3140,O=c1ccn2ccsc(=O)c2n1,aryne_3461,O=c1ccn2c#csc(=O)c2n1
3461,arene_3141,O=c1[nH]c(=O)c(=O)c2[nH]ccsc1=2,aryne_3462,O=c1[nH]c(=O)c(=O)c2[nH]c#csc1=2
3462,arene_3142,O=c1ccn2scnc(=O)n2c1=O,aryne_3463,O=c1c#cn2scnc(=O)n2c1=O
3463,arene_3143,O=c1cc2c(=O)ccon2cn1,aryne_3464,O=c1cc2c(=O)c#con2cn1
3464,arene_3144,O=c1nnsn2c(=O)cccc12,aryne_3465,O=c1nnsn2c(=O)c#ccc12
3465,arene_3145,O=c1sccn2c(=O)cccc12,aryne_3466,O=c1sc#cn2c(=O)cccc12
3466,arene_3145,O=c1sccn2c(=O)cccc12,aryne_3467,O=c1sccn2c(=O)c#ccc12
3467,arene_3146,O=c1ccc2oncoc1=2,aryne_3468,O=c1c#cc2oncoc1=2
3468,arene_3147,c1cnc2[nH]ncc2n1,aryne_3469,c1nc2cn[nH]c2nc#1
3469,arene_3148,c1cnc2nncnc2c1,aryne_3470,c1cc2ncnnc2nc#1
3470,arene_3148,c1cnc2nncnc2c1,aryne_3471,c1cnc2nncnc2c#1
3471,arene_3149,O=c1ccn2c(=O)sc(=O)[nH]c2c1,aryne_3472,O=c1c#cn2c(=O)sc(=O)[nH]c2c1
3472,arene_3150,O=c1occn2c(=O)onc12,aryne_3473,O=c1oc#cn2c(=O)onc12
3473,arene_3151,O=c1ncnc2ccsn12,aryne_3474,O=c1ncnc2c#csn12
3474,arene_3152,c1cn2oncon2cn1,aryne_3475,c1ncn2ocnon2c#1
3475,arene_3153,O=c1on2c(=O)[nH]ccn2c(=O)c1=O,aryne_3476,O=c1on2c(=O)[nH]c#cn2c(=O)c1=O
3476,arene_3154,O=c1nc2c(=O)ccoc2n[nH]1,aryne_3477,O=c1nc2c(=O)c#coc2n[nH]1
3477,arene_3155,c1ccc2c(c1)ccc1ccc3ccccc3c12,aryne_3478,c1cc2ccc3ccc4ccccc4c3c2cc#1
3478,arene_3155,c1ccc2c(c1)ccc1ccc3ccccc3c12,aryne_3479,c1ccc2c(c#1)ccc1ccc3ccccc3c12
3479,arene_3155,c1ccc2c(c1)ccc1ccc3ccccc3c12,aryne_3480,c1ccc2ccc3ccc4ccccc4c3c2c#1
3480,arene_3155,c1ccc2c(c1)ccc1ccc3ccccc3c12,aryne_3481,c1c2ccccc2c2c(c#1)ccc1ccccc12
3481,arene_3156,c1cnc2nscc2c1,aryne_3482,c1cnc2nscc2c#1
3482,arene_3157,c1cnn2ccnc2c1,aryne_3483,c1cnn2ccnc2c#1
3483,arene_3157,c1cnn2ccnc2c1,aryne_3484,c1nc2cccnn2c#1
3484,arene_3158,O=c1ccc(=O)n2ocnn12,aryne_3485,O=c1c#cc(=O)n2ocnn12
3485,arene_3159,c1c[nH]c2sncoc=2[nH]1,aryne_3486,c1[nH]c2ocnsc=2[nH]c#1
3486,arene_3160,O=c1cc2nnccn2nn1,aryne_3487,O=c1cc2nnc#cn2nn1
3487,arene_3161,O=c1[nH]ccc2nn[nH]c12,aryne_3488,O=c1[nH]c#cc2nn[nH]c12
3488,arene_3162,O=c1onc2cccnn12,aryne_3489,O=c1onc2c#ccnn12
3489,arene_3163,O=c1ccn2c(=O)scnc2c1,aryne_3490,O=c1c#cn2c(=O)scnc2c1
3490,arene_3164,O=c1cc2[nH]ccc2co1,aryne_3491,O=c1cc2[nH]c#cc2co1
3491,arene_3166,O=c1ccc2c(=O)sc(=O)[nH]c2s1,aryne_3492,O=c1c#cc2c(=O)sc(=O)[nH]c2s1
3492,arene_3167,O=c1nc2ccoc(=O)c2no1,aryne_3493,O=c1nc2c#coc(=O)c2no1
3493,arene_3168,O=c1[nH]n2cccnn2c(=O)c1=O,aryne_3494,O=c1[nH]n2c#ccnn2c(=O)c1=O
3494,arene_3169,O=c1sn2cc[nH]cc-2c1=O,aryne_3495,O=c1sn2c#c[nH]cc-2c1=O
3495,arene_3170,O=c1ccc2cc(=O)oc(=O)n2[nH]1,aryne_3496,O=c1c#cc2cc(=O)oc(=O)n2[nH]1
3496,arene_3171,O=c1[nH]ccc2nnoc12,aryne_3497,O=c1[nH]c#cc2nnoc12
3497,arene_3172,O=c1ccn2sc(=O)nnc2n1,aryne_3498,O=c1c#cn2sc(=O)nnc2n1
3498,arene_3173,O=c1ccn2onnon2o1,aryne_3499,O=c1c#cn2onnon2o1
3499,arene_3174,N=c1nccc[nH]1,aryne_3500,N=c1ncc#c[nH]1
3500,arene_3175,O=c1nnn2cnccn2c1=O,aryne_3501,O=c1nnn2cnc#cn2c1=O
3501,arene_3176,O=c1cnn2c(=O)occn2c1=O,aryne_3502,O=c1cnn2c(=O)oc#cn2c1=O
3502,arene_3177,O=c1ccn2c(=O)c(=O)nnn2s1,aryne_3503,O=c1c#cn2c(=O)c(=O)nnn2s1
3503,arene_3178,c1cc2cnoc2s1,aryne_3504,c1sc2oncc2c#1
3504,arene_3179,c1cn2snn[nH]n2[nH]1,aryne_3505,c1[nH]n2[nH]nnsn2c#1
3505,arene_3180,O=c1cnc(=O)n2ncccn12,aryne_3506,O=c1cnc(=O)n2ncc#cn12
3506,arene_3181,O=c1ccn2c(=O)[nH]ccc2c1,aryne_3507,O=c1c#cn2c(=O)[nH]ccc2c1
3507,arene_3181,O=c1ccn2c(=O)[nH]ccc2c1,aryne_3508,O=c1ccn2c(=O)[nH]c#cc2c1
3508,arene_3182,O=c1ncoc2ccsc12,aryne_3509,O=c1ncoc2c#csc12
3509,arene_3183,O=c1[nH]c(=O)c2c(=O)cc[nH]c2o1,aryne_3510,O=c1[nH]c(=O)c2c(=O)c#c[nH]c2o1
3510,arene_3184,c1csn2nnnnn2[nH]1,aryne_3511,c1[nH]n2nnnnn2sc#1
3511,arene_3185,O=c1[nH]c(=O)n2[nH]ccon2o1,aryne_3512,O=c1[nH]c(=O)n2[nH]c#con2o1
3512,arene_3186,O=c1sccc2n[nH]nc12,aryne_3513,O=c1sc#cc2n[nH]nc12
3513,arene_3187,c1csc2nsnnn-2[nH]1,aryne_3514,c1[nH]n2nnsnc-2sc#1
3514,arene_3188,O=c1cnc2nccn2o1,aryne_3515,O=c1cnc2nc#cn2o1
3515,arene_3189,O=c1on2cccc2c(=O)s1,aryne_3516,O=c1on2c#ccc2c(=O)s1
3516,arene_3190,O=c1cc2sccoc-2nc1=O,aryne_3517,O=c1cc2sc#coc-2nc1=O
3517,arene_3191,O=c1ccn2ccsnc1-2,aryne_3518,O=c1c#cn2ccsnc1-2
3518,arene_3191,O=c1ccn2ccsnc1-2,aryne_3519,O=c1ccn2c#csnc1-2
3519,arene_3192,O=c1nnoc2cccn12,aryne_3520,O=c1nnoc2cc#cn12
3520,arene_3193,c1cc2ncoc2cn1,aryne_3521,c1ncc2ocnc2c#1
3521,arene_3194,O=c1ccn2sccc(=O)c2n1,aryne_3522,O=c1c#cn2sccc(=O)c2n1
3522,arene_3194,O=c1ccn2sccc(=O)c2n1,aryne_3523,O=c1ccn2sc#cc(=O)c2n1
3523,arene_3195,O=c1ccn2occon2[nH]1,aryne_3524,O=c1c#cn2occon2[nH]1
3524,arene_3195,O=c1ccn2occon2[nH]1,aryne_3525,O=c1ccn2oc#con2[nH]1
3525,arene_3196,O=c1nnc2c(=O)ccoc2[nH]1,aryne_3526,O=c1nnc2c(=O)c#coc2[nH]1
3526,arene_3197,O=c1nc2c(=O)[nH]ccn2c(=O)s1,aryne_3527,O=c1nc2c(=O)[nH]c#cn2c(=O)s1
3527,arene_3198,O=c1[nH]c(=O)c2c(=O)occc2[nH]1,aryne_3528,O=c1[nH]c(=O)c2c(=O)oc#cc2[nH]1
3528,arene_3200,O=c1cc2ccoc(=O)n2cn1,aryne_3529,O=c1cc2c#coc(=O)n2cn1
3529,arene_3201,O=c1ccc2oc(=O)c(=O)oc2s1,aryne_3530,O=c1c#cc2oc(=O)c(=O)oc2s1
3530,arene_3202,O=c1cc2cc[nH]c2n[nH]1,aryne_3531,O=c1cc2c#c[nH]c2n[nH]1
3531,arene_3203,O=c1cnn2ccoc(=O)n2c1=O,aryne_3532,O=c1cnn2c#coc(=O)n2c1=O
3532,arene_3204,O=c1nc2sc(=O)ccn2c(=O)[nH]1,aryne_3533,O=c1nc2sc(=O)c#cn2c(=O)[nH]1
3533,arene_3205,O=c1ccoc2nnnc(=O)n12,aryne_3534,O=c1c#coc2nnnc(=O)n12
3534,arene_3206,c1con2onnn2[nH]1,aryne_3535,c1[nH]n2nnon2oc#1
3535,arene_3207,O=c1[nH]c(=O)n2c(=O)cccc2o1,aryne_3536,O=c1[nH]c(=O)n2c(=O)c#ccc2o1
3536,arene_3208,O=c1cc[nH]n2oncon12,aryne_3537,O=c1c#c[nH]n2oncon12
3537,arene_3209,O=c1ccsc2onnc(=O)c12,aryne_3538,O=c1c#csc2onnc(=O)c12
3538,arene_3210,O=c1cc2[nH]ccsn-2c1=O,aryne_3539,O=c1cc2[nH]c#csn-2c1=O
3539,arene_3212,O=c1ccn2oc(=O)sc(=O)c2c1,aryne_3540,O=c1c#cn2oc(=O)sc(=O)c2c1
3540,arene_3213,O=c1ccn2ocnc(=O)n12,aryne_3541,O=c1c#cn2ocnc(=O)n12
3541,arene_3214,O=c1cnn2cc[nH]c2n1,aryne_3542,O=c1cnn2c#c[nH]c2n1
3542,arene_3215,O=c1onnn2ccnc12,aryne_3543,O=c1onnn2c#cnc12
3543,arene_3216,O=c1ccn2nn[nH]c2c1,aryne_3544,O=c1c#cn2nn[nH]c2c1
3544,arene_3217,O=c1sccc2csc(=O)n12,aryne_3545,O=c1sc#cc2csc(=O)n12
3545,arene_3218,c1cnc2cccnc2c1,aryne_3546,c1cc2ncccc2nc#1
3546,arene_3218,c1cnc2cccnc2c1,aryne_3547,c1cnc2cccnc2c#1
3547,arene_3219,O=c1ccn2ccsc(=O)n2c1=O,aryne_3548,O=c1c#cn2ccsc(=O)n2c1=O
3548,arene_3219,O=c1ccn2ccsc(=O)n2c1=O,aryne_3549,O=c1ccn2c#csc(=O)n2c1=O
3549,arene_3220,O=c1cc[nH]n2[nH]cnon12,aryne_3550,O=c1c#c[nH]n2[nH]cnon12
3550,arene_3221,O=c1ccn2nnccn2c1=O,aryne_3551,O=c1c#cn2nnccn2c1=O
3551,arene_3221,O=c1ccn2nnccn2c1=O,aryne_3552,O=c1ccn2nnc#cn2c1=O
3552,arene_3222,O=c1ccc2c(=O)[nH]c(=O)sc2[nH]1,aryne_3553,O=c1c#cc2c(=O)[nH]c(=O)sc2[nH]1
3553,arene_3223,c1ccn2snc[nH]n2c1,aryne_3554,c1ccn2snc[nH]n2c#1
3554,arene_3223,c1ccn2snc[nH]n2c1,aryne_3555,c1ccn2[nH]cnsn2c#1
3555,arene_3224,c1ccc2ccccc2c1,aryne_3556,c1cc2ccccc2cc#1
3556,arene_3224,c1ccc2ccccc2c1,aryne_3557,c1ccc2ccccc2c#1
3557,arene_3225,O=c1ccc(=O)n2cnscc1-2,aryne_3558,O=c1c#cc(=O)n2cnscc1-2
3558,arene_3226,c1cc2cnnnc2s1,aryne_3559,c1sc2nnncc2c#1
3559,arene_3227,O=c1[nH]ccc2nnncc12,aryne_3560,O=c1[nH]c#cc2nnncc12
3560,arene_3228,O=c1oc2scc[nH]c=2c1=O,aryne_3561,O=c1oc2sc#c[nH]c=2c1=O
3561,arene_3229,O=c1[nH]c2ccncc2s1,aryne_3562,O=c1[nH]c2c#cncc2s1
3562,arene_3230,O=c1cn[nH]c2nnccc12,aryne_3563,O=c1cn[nH]c2nnc#cc12
3563,arene_3231,O=c1ccsn2c(=O)cccc12,aryne_3564,O=c1c#csn2c(=O)cccc12
3564,arene_3231,O=c1ccsn2c(=O)cccc12,aryne_3565,O=c1ccsn2c(=O)c#ccc12
3565,arene_3232,O=c1[nH]ccn2c(=O)nccc12,aryne_3566,O=c1[nH]c#cn2c(=O)nccc12
3566,arene_3233,c1cc2nnncc2nn1,aryne_3567,c1nnc2cnnnc2c#1
3567,arene_3234,O=c1[nH]cnc2ccoc12,aryne_3568,O=c1[nH]cnc2c#coc12
3568,arene_3235,c1csc2[nH]ccsc=2[nH]1,aryne_3569,c1[nH]c2scc[nH]c=2sc#1
3569,arene_3236,O=c1[nH]cnc2ccccc12,aryne_3570,O=c1[nH]cnc2c#cccc12
3570,arene_3236,O=c1[nH]cnc2ccccc12,aryne_3571,O=c1[nH]cnc2cc#ccc12
3571,arene_3236,O=c1[nH]cnc2ccccc12,aryne_3572,O=c1[nH]cnc2ccc#cc12
3572,arene_3237,c1cnc2[nH]cnc2n1,aryne_3573,c1nc2nc[nH]c2nc#1
3573,arene_3238,O=c1cc2ccsc2ns1,aryne_3574,O=c1cc2c#csc2ns1
3574,arene_3239,c1nc2ccsn2n1,aryne_3575,c1sn2ncnc2c#1
3575,arene_3240,O=c1[nH]n2ccc(=O)n2o1,aryne_3576,O=c1[nH]n2c#cc(=O)n2o1
3576,arene_3241,O=c1nnn2cc[nH]cc-2c1=O,aryne_3577,O=c1nnn2c#c[nH]cc-2c1=O
3577,arene_3242,O=c1onc2occc(=O)n2c1=O,aryne_3578,O=c1onc2oc#cc(=O)n2c1=O
3578,arene_3243,O=c1cc2ccc(=O)c-2n1,aryne_3579,O=c1cc2c#cc(=O)c-2n1
3579,arene_3244,O=c1ccc2c(=O)c(=O)oc(=O)c=2c1=O,aryne_3580,O=c1c#cc2c(=O)c(=O)oc(=O)c=2c1=O
3580,arene_3246,c1c[nH]n2snnn2[nH]1,aryne_3581,c1[nH]n2nnsn2[nH]c#1
3581,arene_3247,c1cc2nnoc2s1,aryne_3582,c1sc2onnc2c#1
3582,arene_3248,O=c1[nH]cc2ccon2c1=O,aryne_3583,O=c1[nH]cc2c#con2c1=O
3583,arene_3249,O=c1[nH]cc2cc[nH]n12,aryne_3584,O=c1[nH]cc2c#c[nH]n12
3584,arene_3250,O=c1ccsc2nnsc(=O)c12,aryne_3585,O=c1c#csc2nnsc(=O)c12
3585,arene_3251,O=c1ccc2c(=O)ccsc2[nH]1,aryne_3586,O=c1c#cc2c(=O)ccsc2[nH]1
3586,arene_3251,O=c1ccc2c(=O)ccsc2[nH]1,aryne_3587,O=c1ccc2c(=O)c#csc2[nH]1
3587,arene_3252,O=c1[nH]ccc2oncc12,aryne_3588,O=c1[nH]c#cc2oncc12
3588,arene_3253,O=c1ccoc2c(=O)ocnc12,aryne_3589,O=c1c#coc2c(=O)ocnc12
3589,arene_3254,O=c1occn2c(=O)nnnc12,aryne_3590,O=c1oc#cn2c(=O)nnnc12
3590,arene_3255,O=c1occc2cccn12,aryne_3591,O=c1oc#cc2cccn12
3591,arene_3255,O=c1occc2cccn12,aryne_3592,O=c1occc2cc#cn12
3592,arene_3256,O=c1ccoc2c[nH]nc12,aryne_3593,O=c1c#coc2c[nH]nc12
3593,arene_3257,O=c1ccn2cnc(=O)oc2n1,aryne_3594,O=c1c#cn2cnc(=O)oc2n1
3594,arene_3258,O=c1ccc2c(=O)c(=O)c(=O)[nH]c1=2,aryne_3595,O=c1c#cc2c(=O)c(=O)c(=O)[nH]c1=2
3595,arene_3259,O=c1cc2ccc(=O)n-2c1=O,aryne_3596,O=c1cc2c#cc(=O)n-2c1=O
3596,arene_3260,O=c1ccn2nnc(=O)oc2n1,aryne_3597,O=c1c#cn2nnc(=O)oc2n1
3597,arene_3261,O=c1ncc2nccc(=O)n2s1,aryne_3598,O=c1ncc2nc#cc(=O)n2s1
3598,arene_3262,O=c1ccc2nnc(=O)oc2[nH]1,aryne_3599,O=c1c#cc2nnc(=O)oc2[nH]1
3599,arene_3263,c1cn2snnsc-2ns1,aryne_3600,c1snc2snnsn-2c#1
3600,arene_3264,O=c1ccc(=O)c2sccsc1=2,aryne_3601,O=c1c#cc(=O)c2sccsc1=2
3601,arene_3264,O=c1ccc(=O)c2sccsc1=2,aryne_3602,O=c1ccc(=O)c2sc#csc1=2
3602,arene_3265,O=c1ccc2nnnn2s1,aryne_3603,O=c1c#cc2nnnn2s1
3603,arene_3266,O=c1ncc2occsc1=2,aryne_3604,O=c1ncc2oc#csc1=2
3604,arene_3267,O=c1[nH]ccc2cc[nH]c(=O)c12,aryne_3605,O=c1[nH]c#cc2cc[nH]c(=O)c12
3605,arene_3268,O=c1ccc2[nH]cn[nH]c1=2,aryne_3606,O=c1c#cc2[nH]cn[nH]c1=2
3606,arene_3269,O=c1nnc2occ[nH]c=2c1=O,aryne_3607,O=c1nnc2oc#c[nH]c=2c1=O
3607,arene_3270,O=c1[nH]nc2ccsc(=O)n12,aryne_3608,O=c1[nH]nc2c#csc(=O)n12
3608,arene_3271,O=c1onc2c(=O)occn2c1=O,aryne_3609,O=c1onc2c(=O)oc#cn2c1=O
3609,arene_3272,O=c1nccc2cc[nH]n12,aryne_3610,O=c1nccc2c#c[nH]n12
3610,arene_3273,O=c1nc[nH]c2ccccc12,aryne_3611,O=c1nc[nH]c2c#cccc12
3611,arene_3273,O=c1nc[nH]c2ccccc12,aryne_3612,O=c1nc[nH]c2cc#ccc12
3612,arene_3273,O=c1nc[nH]c2ccccc12,aryne_3613,O=c1nc[nH]c2ccc#cc12
3613,arene_3275,c1con2nn[nH]nc-2[nH]1,aryne_3614,c1[nH]c2n[nH]nnn-2oc#1
3614,arene_3276,c1cn2oncoc-2c[nH]1,aryne_3615,c1[nH]cc2ocnon-2c#1
3615,arene_3277,O=c1nc2oc(=O)ccn2c(=O)[nH]1,aryne_3616,O=c1nc2oc(=O)c#cn2c(=O)[nH]1
3616,arene_3278,O=c1cnc2ccsc2o1,aryne_3617,O=c1cnc2c#csc2o1
3617,arene_3279,O=c1sc(=O)n2occ[nH]n2s1,aryne_3618,O=c1sc(=O)n2oc#c[nH]n2s1
3618,arene_3280,O=c1[nH]c(=O)c2cccnc2s1,aryne_3619,O=c1[nH]c(=O)c2c#ccnc2s1
3619,arene_3280,O=c1[nH]c(=O)c2cccnc2s1,aryne_3620,O=c1[nH]c(=O)c2cc#cnc2s1
3620,arene_3281,O=c1ccn2cnnnn2c1=O,aryne_3621,O=c1c#cn2cnnnn2c1=O
3621,arene_3282,O=c1[nH]c2ccccc2sc1=O,aryne_3622,O=c1[nH]c2c#cccc2sc1=O
3622,arene_3282,O=c1[nH]c2ccccc2sc1=O,aryne_3623,O=c1[nH]c2cc#ccc2sc1=O
3623,arene_3282,O=c1[nH]c2ccccc2sc1=O,aryne_3624,O=c1[nH]c2ccc#cc2sc1=O
3624,arene_3283,O=c1nc2sc(=O)ccn2c(=O)o1,aryne_3625,O=c1nc2sc(=O)c#cn2c(=O)o1
3625,arene_3284,O=c1ccnc2onnc(=O)n12,aryne_3626,O=c1c#cnc2onnc(=O)n12
3626,arene_3285,O=c1cnc(=O)n2ccncn12,aryne_3627,O=c1ncc(=O)n2cnc#cn12
3627,arene_3286,O=c1cnsc2occc12,aryne_3628,O=c1cnsc2oc#cc12
3628,arene_3287,O=c1sc2cc[nH]c2sc1=O,aryne_3629,O=c1sc2c#c[nH]c2sc1=O
3629,arene_3288,O=c1nnn2sccsn2o1,aryne_3630,O=c1nnn2sc#csn2o1
3630,arene_3289,O=c1occ2ccsc(=O)n2c1=O,aryne_3631,O=c1occ2c#csc(=O)n2c1=O
3631,arene_3290,O=c1ccc2nccn2[nH]1,aryne_3632,O=c1c#cc2nccn2[nH]1
3632,arene_3290,O=c1ccc2nccn2[nH]1,aryne_3633,O=c1ccc2nc#cn2[nH]1
3633,arene_3291,O=c1cc2occn2nn1,aryne_3634,O=c1cc2oc#cn2nn1
3634,arene_3292,O=c1ccn2c(=O)sc(=O)[nH]c2n1,aryne_3635,O=c1c#cn2c(=O)sc(=O)[nH]c2n1
3635,arene_3293,O=c1sn2sccc(=O)n2c(=O)c1=O,aryne_3636,O=c1sn2sc#cc(=O)n2c(=O)c1=O
3636,arene_3294,c1cnc2nnnnc2c1,aryne_3637,c1cc2nnnnc2nc#1
3637,arene_3294,c1cnc2nnnnc2c1,aryne_3638,c1cnc2nnnnc2c#1
3638,arene_3295,O=c1nccc2sccn12,aryne_3639,O=c1nccc2sc#cn12
3639,arene_3296,O=c1nnn2c(=O)cccc2o1,aryne_3640,O=c1nnn2c(=O)c#ccc2o1
3640,arene_3297,O=c1sn2occc(=O)n2c(=O)c1=O,aryne_3641,O=c1sn2oc#cc(=O)n2c(=O)c1=O
3641,arene_3298,O=c1ccn2oc(=O)cnc2c1,aryne_3642,O=c1c#cn2oc(=O)cnc2c1
3642,arene_3299,O=c1oc2c(=O)[nH]ccc2c(=O)s1,aryne_3643,O=c1oc2c(=O)[nH]c#cc2c(=O)s1
3643,arene_3300,O=c1[nH]c2cc[nH]c2c(=O)o1,aryne_3644,O=c1[nH]c2c#c[nH]c2c(=O)o1
3644,arene_3301,c1cc2nncn2cn1,aryne_3645,c1ncn2cnnc2c#1
3645,arene_3302,O=c1[nH]c(=O)c2cc[nH]c2o1,aryne_3646,O=c1[nH]c(=O)c2c#c[nH]c2o1
3646,arene_3303,c1csn2ncon2o1,aryne_3647,c1on2ocnn2sc#1
3647,arene_3304,O=c1ccnc2[nH]ncn12,aryne_3648,O=c1c#cnc2[nH]ncn12
3648,arene_3305,O=c1[nH]n2cccc2c(=O)s1,aryne_3649,O=c1[nH]n2c#ccc2c(=O)s1
3649,arene_3306,O=c1cncc2sccn12,aryne_3650,O=c1cncc2sc#cn12
3650,arene_3307,O=c1nnnc2ccsc(=O)n12,aryne_3651,O=c1nnnc2c#csc(=O)n12
3651,arene_3308,O=c1ccc(=O)n2ncscc1-2,aryne_3652,O=c1c#cc(=O)n2ncscc1-2
3652,arene_3309,O=c1[nH]c(=O)n2ccc(=O)n2s1,aryne_3653,O=c1[nH]c(=O)n2c#cc(=O)n2s1
3653,arene_3311,c1c[nH]n2nnonc-2[nH]1,aryne_3654,c1[nH]c2nonnn-2[nH]c#1
3654,arene_3312,O=c1oc(=O)c2cccn2s1,aryne_3655,O=c1oc(=O)c2cc#cn2s1
3655,arene_3313,O=c1cnn2occn2c1=O,aryne_3656,O=c1cnn2oc#cn2c1=O
3656,arene_3314,c1cn2sncsc-2no1,aryne_3657,c1onc2scnsn-2c#1
3657,arene_3315,O=c1[nH]n2[nH]cc[nH]n2c(=O)o1,aryne_3658,O=c1[nH]n2[nH]c#c[nH]n2c(=O)o1
3658,arene_3316,c1noc2occsc=2[nH]1,aryne_3659,c1oc2onc[nH]c=2sc#1
3659,arene_3317,c1nsc2sccsc=2o1,aryne_3660,c1sc2ocnsc=2sc#1
3660,arene_3318,O=c1nn[nH]n2sccon12,aryne_3661,O=c1nn[nH]n2sc#con12
3661,arene_3319,O=c1ccc2sc(=O)cnc2[nH]1,aryne_3662,O=c1c#cc2sc(=O)cnc2[nH]1
3662,arene_3320,O=c1cccc2nn[nH]n12,aryne_3663,O=c1c#ccc2nn[nH]n12
3663,arene_3321,O=c1cc[nH]c2c[nH]nc12,aryne_3664,O=c1c#c[nH]c2c[nH]nc12
3664,arene_3322,O=c1[nH]c(=O)c2ccncc2[nH]1,aryne_3665,O=c1[nH]c(=O)c2c#cncc2[nH]1
3665,arene_3323,c1cn2onn[nH]n2[nH]1,aryne_3666,c1[nH]n2[nH]nnon2c#1
3666,arene_3324,O=c1ccn2c(=O)snnc2c1,aryne_3667,O=c1c#cn2c(=O)snnc2c1
3667,arene_3325,O=c1sccn2scnon12,aryne_3668,O=c1sc#cn2scnon12
3668,arene_3326,O=c1[nH]ccn2[nH]nn[nH]n12,aryne_3669,O=c1[nH]c#cn2[nH]nn[nH]n12
3669,arene_3327,O=c1ccn2c(=O)ncn2[nH]1,aryne_3670,O=c1c#cn2c(=O)ncn2[nH]1
3670,arene_3328,O=c1ncc2occc2[nH]1,aryne_3671,O=c1ncc2oc#cc2[nH]1
3671,arene_3329,O=c1[nH]nnn2cccc12,aryne_3672,O=c1[nH]nnn2c#ccc12
3672,arene_3330,O=c1ccnc2ncnnn12,aryne_3673,O=c1c#cnc2ncnnn12
3673,arene_3331,O=c1[nH]ccn2scnsn12,aryne_3674,O=c1[nH]c#cn2scnsn12
3674,arene_3332,c1cn2[nH]cnc2n1,aryne_3675,c1nc2nc[nH]n2c#1
3675,arene_3333,O=c1cnn2[nH]ccc2c1,aryne_3676,O=c1cnn2[nH]c#cc2c1
3676,arene_3335,O=c1ccc2ocn[nH]c1=2,aryne_3677,O=c1c#cc2ocn[nH]c1=2
3677,arene_3336,O=c1ccn2nnocc-2c1=O,aryne_3678,O=c1c#cn2nnocc-2c1=O
3678,arene_3337,O=c1ccc2sccsc=2c1=O,aryne_3679,O=c1c#cc2sccsc=2c1=O
3679,arene_3337,O=c1ccc2sccsc=2c1=O,aryne_3680,O=c1ccc2sc#csc=2c1=O
3680,arene_3338,O=c1oc(=O)n2[nH]ccn2c1=O,aryne_3681,O=c1oc(=O)n2[nH]c#cn2c1=O
3681,arene_3339,O=c1oc2ccoc2o1,aryne_3682,O=c1oc2c#coc2o1
3682,arene_3340,O=c1ccn2cnsn2c1=O,aryne_3683,O=c1c#cn2cnsn2c1=O
3683,arene_3341,O=c1ccc2[nH]cc[nH]c=2c1=O,aryne_3684,O=c1c#cc2[nH]cc[nH]c=2c1=O
3684,arene_3341,O=c1ccc2[nH]cc[nH]c=2c1=O,aryne_3685,O=c1ccc2[nH]c#c[nH]c=2c1=O
3685,arene_3342,O=c1cnsc2[nH]ccc12,aryne_3686,O=c1cnsc2[nH]c#cc12
3686,arene_3343,c1con2cnon2[nH]1,aryne_3687,c1[nH]n2oncn2oc#1
3687,arene_3344,O=c1ccsn2snnon12,aryne_3688,O=c1c#csn2snnon12
3688,arene_3346,O=c1ccn2cnccn12,aryne_3689,O=c1c#cn2cnccn12
3689,arene_3346,O=c1ccn2cnccn12,aryne_3690,O=c1ccn2cnc#cn12
3690,arene_3347,O=c1cnc2c(=O)cc[nH]c2o1,aryne_3691,O=c1cnc2c(=O)c#c[nH]c2o1
3691,arene_3348,O=c1ccc(=O)c2oncoc1=2,aryne_3692,O=c1c#cc(=O)c2oncoc1=2
3692,arene_3349,O=c1sccc2sncc12,aryne_3693,O=c1sc#cc2sncc12
3693,arene_3350,c1cc2ncnnc2nn1,aryne_3694,c1nnc2nncnc2c#1
3694,arene_3351,O=c1cc2nnccc2n[nH]1,aryne_3695,O=c1cc2nnc#cc2n[nH]1
3695,arene_3352,c1cn2[nH]nn[nH]c-2cs1,aryne_3696,c1scc2[nH]nn[nH]n-2c#1
3696,arene_3353,O=c1[nH]c(=O)n2ccsnc-2c1=O,aryne_3697,O=c1[nH]c(=O)n2c#csnc-2c1=O
3697,arene_3354,O=c1ncc(=O)n2c(=O)sccn12,aryne_3698,O=c1ncc(=O)n2c(=O)sc#cn12
3698,arene_3355,c1csn2ncscc-2o1,aryne_3699,c1oc2cscnn-2sc#1
3699,arene_3356,O=c1ccsc2c(=O)snnc12,aryne_3700,O=c1c#csc2c(=O)snnc12
3700,arene_3357,O=c1[nH]c2c(=O)[nH]ccc2c(=O)s1,aryne_3701,O=c1[nH]c2c(=O)[nH]c#cc2c(=O)s1
3701,arene_3358,O=c1nnc2ccccc2s1,aryne_3702,O=c1nnc2c#cccc2s1
3702,arene_3358,O=c1nnc2ccccc2s1,aryne_3703,O=c1nnc2cc#ccc2s1
3703,arene_3358,O=c1nnc2ccccc2s1,aryne_3704,O=c1nnc2ccc#cc2s1
3704,arene_3359,c1cn2scnon2[nH]1,aryne_3705,c1[nH]n2oncsn2c#1
3705,arene_3360,c1cn2scnsn2[nH]1,aryne_3706,c1[nH]n2sncsn2c#1
3706,arene_3361,c1csn2ncon2[nH]1,aryne_3707,c1[nH]n2ocnn2sc#1
3707,arene_3362,O=c1cc2[nH]ccoc-2c1,aryne_3708,O=c1cc2[nH]c#coc-2c1
3708,arene_3363,O=c1[nH]n2c(=O)ccc(=O)n2[nH]c1=O,aryne_3709,O=c1[nH]n2c(=O)c#cc(=O)n2[nH]c1=O
3709,arene_3364,O=c1[nH]c(=O)c2ccncc2o1,aryne_3710,O=c1[nH]c(=O)c2c#cncc2o1
3710,arene_3365,O=c1cnn2ccnc2o1,aryne_3711,O=c1cnn2c#cnc2o1
3711,arene_3366,O=c1oc(=O)c2cc[nH]c2s1,aryne_3712,O=c1oc(=O)c2c#c[nH]c2s1
3712,arene_3367,c1ccc2n[nH]cc2c1,aryne_3713,c1ccc2n[nH]cc2c#1
3713,arene_3367,c1ccc2n[nH]cc2c1,aryne_3714,c1ccc2c[nH]nc2c#1
3714,arene_3368,O=c1ccn2cnnc2s1,aryne_3715,O=c1c#cn2cnnc2s1
3715,arene_3369,O=c1cnon2c(=O)ccn12,aryne_3716,O=c1cnon2c(=O)c#cn12
3716,arene_3370,c1c[nH]n2ncocc-2[nH]1,aryne_3717,c1[nH]c2cocnn-2[nH]c#1
3717,arene_3371,O=c1ccn2[nH]ncon2[nH]1,aryne_3718,O=c1c#cn2[nH]ncon2[nH]1
3718,arene_3372,O=c1nnon2c(=O)ccn12,aryne_3719,O=c1nnon2c(=O)c#cn12
3719,arene_3373,O=c1ncc2cccnc2[nH]1,aryne_3720,O=c1ncc2c#ccnc2[nH]1
3720,arene_3373,O=c1ncc2cccnc2[nH]1,aryne_3721,O=c1ncc2cc#cnc2[nH]1
3721,arene_3374,O=c1on2c(=O)ccon2c1=O,aryne_3722,O=c1on2c(=O)c#con2c1=O
3722,arene_3375,O=c1ccn2occc(=O)c2n1,aryne_3723,O=c1c#cn2occc(=O)c2n1
3723,arene_3375,O=c1ccn2occc(=O)c2n1,aryne_3724,O=c1ccn2oc#cc(=O)c2n1
3724,arene_3376,O=c1sn2[nH]ccn2c(=O)c1=O,aryne_3725,O=c1sn2[nH]c#cn2c(=O)c1=O
3725,arene_3377,c1cc2nn[nH]c2[nH]1,aryne_3726,c1[nH]c2[nH]nnc2c#1
3726,arene_3378,O=c1cc2sccc(=O)n2c(=O)[nH]1,aryne_3727,O=c1cc2sc#cc(=O)n2c(=O)[nH]1
3727,arene_3379,c1cc2occc2nn1,aryne_3728,c1nnc2ccoc2c#1
3728,arene_3379,c1cc2occc2nn1,aryne_3729,c1oc2ccnnc2c#1
3729,arene_3380,O=c1[nH]cnn2occsn12,aryne_3730,O=c1[nH]cnn2oc#csn12
3730,arene_3381,O=c1ocnn2occ[nH]n12,aryne_3731,O=c1ocnn2oc#c[nH]n12
3731,arene_3382,O=c1ccc2nsc(=O)nc2o1,aryne_3732,O=c1c#cc2nsc(=O)nc2o1
3732,arene_3383,O=c1cc2sccc(=O)c2n[nH]1,aryne_3733,O=c1cc2sc#cc(=O)c2n[nH]1
3733,arene_3384,O=c1nc2sccc2co1,aryne_3734,O=c1nc2sc#cc2co1
3734,arene_3385,O=c1cc[nH]c2nsnc12,aryne_3735,O=c1c#c[nH]c2nsnc12
3735,arene_3386,O=c1ccc2cnccc2o1,aryne_3736,O=c1c#cc2cnccc2o1
3736,arene_3386,O=c1ccc2cnccc2o1,aryne_3737,O=c1ccc2cnc#cc2o1
3737,arene_3387,O=c1nc[nH]c2ccoc12,aryne_3738,O=c1nc[nH]c2c#coc12
3738,arene_3388,O=c1sc(=O)n2sccn12,aryne_3739,O=c1sc(=O)n2sc#cn12
3739,arene_3389,O=c1nc2c(=O)ccoc2ns1,aryne_3740,O=c1nc2c(=O)c#coc2ns1
3740,arene_3390,O=c1[nH]c2cnccc2c(=O)s1,aryne_3741,O=c1[nH]c2cnc#cc2c(=O)s1
3741,arene_3391,O=c1ccc2sc(=O)[nH]c2s1,aryne_3742,O=c1c#cc2sc(=O)[nH]c2s1
3742,arene_3392,O=c1ccn2c(=O)c(=O)scc2o1,aryne_3743,O=c1c#cn2c(=O)c(=O)scc2o1
3743,arene_3393,O=c1[nH]n2c(=O)cccc2o1,aryne_3744,O=c1[nH]n2c(=O)c#ccc2o1
3744,arene_3394,O=c1ccn2c(=O)nnsc2n1,aryne_3745,O=c1c#cn2c(=O)nnsc2n1
3745,arene_3395,O=c1oc2scc[nH]c=2c(=O)c1=O,aryne_3746,O=c1oc2sc#c[nH]c=2c(=O)c1=O
3746,arene_3396,O=c1ccn2sccc2n1,aryne_3747,O=c1c#cn2sccc2n1
3747,arene_3396,O=c1ccn2sccc2n1,aryne_3748,O=c1ccn2sc#cc2n1
3748,arene_3397,c1cc2ncncc2cn1,aryne_3749,c1ncc2cncnc2c#1
3749,arene_3398,O=c1nnn2ccsn12,aryne_3750,O=c1nnn2c#csn12
3750,arene_3399,O=c1oc2ccnnc2s1,aryne_3751,O=c1oc2c#cnnc2s1
3751,arene_3400,O=c1ccc2cncn2o1,aryne_3752,O=c1c#cc2cncn2o1
3752,arene_3401,O=c1cn[nH]n2c(=O)cccc12,aryne_3753,O=c1cn[nH]n2c(=O)c#ccc12
3753,arene_3402,c1ccc2oncc2c1,aryne_3754,c1cc2cnoc2cc#1
3754,arene_3402,c1ccc2oncc2c1,aryne_3755,c1ccc2oncc2c#1
3755,arene_3402,c1ccc2oncc2c1,aryne_3756,c1ccc2cnoc2c#1
3756,arene_3403,O=c1oc2sccc(=O)c2sc1=O,aryne_3757,O=c1oc2sc#cc(=O)c2sc1=O
3757,arene_3404,O=c1cc[nH]c2nccnc12,aryne_3758,O=c1c#c[nH]c2nccnc12
3758,arene_3404,O=c1cc[nH]c2nccnc12,aryne_3759,O=c1cc[nH]c2nc#cnc12
3759,arene_3405,O=c1nc2c(=O)cc[nH]c2cs1,aryne_3760,O=c1nc2c(=O)c#c[nH]c2cs1
3760,arene_3406,O=c1ccc2c(=O)oc(=O)c1=2,aryne_3761,O=c1c#cc2c(=O)oc(=O)c1=2
3761,arene_3407,O=c1nnn2ccscc1-2,aryne_3762,O=c1nnn2c#cscc1-2
3762,arene_3408,O=c1[nH]c2ccsc(=O)c2c(=O)s1,aryne_3763,O=c1[nH]c2c#csc(=O)c2c(=O)s1
3763,arene_3409,O=c1cnoc2occc12,aryne_3764,O=c1cnoc2oc#cc12
3764,arene_3410,O=c1nnn2sccc(=O)n2c1=O,aryne_3765,O=c1nnn2sc#cc(=O)n2c1=O
3765,arene_3411,O=c1cc[nH]c2c(=O)sncc12,aryne_3766,O=c1c#c[nH]c2c(=O)sncc12
3766,arene_3412,O=c1nc2occsc-2nc1=O,aryne_3767,O=c1nc2oc#csc-2nc1=O
3767,arene_3413,O=c1ccsc2snnc(=O)c12,aryne_3768,O=c1c#csc2snnc(=O)c12
3768,arene_3414,O=c1ccc(=O)n2c(=O)cn[nH]n12,aryne_3769,O=c1c#cc(=O)n2c(=O)cn[nH]n12
3769,arene_3415,O=c1nnc2cnccc2o1,aryne_3770,O=c1nnc2cnc#cc2o1
3770,arene_3416,O=c1ccn2ncsc(=O)n2c1=O,aryne_3771,O=c1c#cn2ncsc(=O)n2c1=O
3771,arene_3417,O=c1ccc2c(=O)oc(=O)[nH]c2[nH]1,aryne_3772,O=c1c#cc2c(=O)oc(=O)[nH]c2[nH]1
3772,arene_3418,O=c1oc(=O)c2sccoc1=2,aryne_3773,O=c1oc(=O)c2sc#coc1=2
3773,arene_3419,O=c1cc2[nH]ccn2c(=O)o1,aryne_3774,O=c1cc2[nH]c#cn2c(=O)o1
3774,arene_3420,O=c1[nH]n2occ[nH]n2sc1=O,aryne_3775,O=c1[nH]n2oc#c[nH]n2sc1=O
3775,arene_3421,O=c1sc2ccoc2sc1=O,aryne_3776,O=c1sc2c#coc2sc1=O
3776,arene_3422,c1cnc2nc[nH]c2c1,aryne_3777,c1cc2[nH]cnc2nc#1
3777,arene_3422,c1cnc2nc[nH]c2c1,aryne_3778,c1cnc2nc[nH]c2c#1
3778,arene_3423,O=c1ccoc2nscc12,aryne_3779,O=c1c#coc2nscc12
3779,arene_3424,O=c1nc2c(=O)ccsc2co1,aryne_3780,O=c1nc2c(=O)c#csc2co1
3780,arene_3425,O=c1[nH]c2cccnc2oc1=O,aryne_3781,O=c1[nH]c2c#ccnc2oc1=O
3781,arene_3425,O=c1[nH]c2cccnc2oc1=O,aryne_3782,O=c1[nH]c2cc#cnc2oc1=O
3782,arene_3426,O=c1[nH]c(=O)n2c(=O)ccn2s1,aryne_3783,O=c1[nH]c(=O)n2c(=O)c#cn2s1
3783,arene_3427,O=c1nc[nH]c2ccnnc12,aryne_3784,O=c1nc[nH]c2c#cnnc12
3784,arene_3428,c1cn2snn[nH]c-2c[nH]1,aryne_3785,c1[nH]cc2[nH]nnsn-2c#1
3785,arene_3429,O=c1cnc2cc[nH]c(=O)c2s1,aryne_3786,O=c1cnc2c#c[nH]c(=O)c2s1
3786,arene_3430,O=c1[nH]ncc2ccoc(=O)c12,aryne_3787,O=c1[nH]ncc2c#coc(=O)c12
3787,arene_3431,O=c1ccn2c(=O)c(=O)onc2[nH]1,aryne_3788,O=c1c#cn2c(=O)c(=O)onc2[nH]1
3788,arene_3432,c1n[nH]n2sccn2s1,aryne_3789,c1sn2[nH]ncsn2c#1
3789,arene_3433,O=c1cn[nH]c2[nH]ccc12,aryne_3790,O=c1cn[nH]c2[nH]c#cc12
3790,arene_3434,O=c1nn[nH]c2nnccc12,aryne_3791,O=c1nn[nH]c2nnc#cc12
3791,arene_3435,O=c1cnn2ccsn12,aryne_3792,O=c1cnn2c#csn12
3792,arene_3436,O=c1ccn2ncncn12,aryne_3793,O=c1c#cn2ncncn12
3793,arene_3437,c1cn2sncon2[nH]1,aryne_3794,c1[nH]n2ocnsn2c#1
3794,arene_3438,O=c1ccn2c(=O)cnc(=O)n2s1,aryne_3795,O=c1c#cn2c(=O)cnc(=O)n2s1
3795,arene_3439,O=c1ccn2c(=O)sc(=O)nc2[nH]1,aryne_3796,O=c1c#cn2c(=O)sc(=O)nc2[nH]1
3796,arene_3440,O=c1[nH]c(=O)n2[nH]ccn2c1=O,aryne_3797,O=c1[nH]c(=O)n2[nH]c#cn2c1=O
3797,arene_3441,O=c1cc2ncccn2cn1,aryne_3798,O=c1cc2ncc#cn2cn1
3798,arene_3442,O=c1ccnc2[nH]cnn12,aryne_3799,O=c1c#cnc2[nH]cnn12
3799,arene_3443,c1cnc2[nH]cnc2c1,aryne_3800,c1cc2nc[nH]c2nc#1
3800,arene_3443,c1cnc2[nH]cnc2c1,aryne_3801,c1cnc2[nH]cnc2c#1
3801,arene_3444,O=c1[nH]c(=O)n2ccoc(=O)n2c1=O,aryne_3802,O=c1[nH]c(=O)n2c#coc(=O)n2c1=O
3802,arene_3445,O=c1ccc2cc(=O)sc(=O)n2[nH]1,aryne_3803,O=c1c#cc2cc(=O)sc(=O)n2[nH]1
3803,arene_3446,O=c1oc(=O)c(=O)n2cconc1-2,aryne_3804,O=c1oc(=O)c(=O)n2c#conc1-2
3804,arene_3447,O=c1ccn2nnsc(=O)c2c1,aryne_3805,O=c1c#cn2nnsc(=O)c2c1
3805,arene_3448,O=c1ccn2c(=O)c(=O)c(=O)c2n1,aryne_3806,O=c1c#cn2c(=O)c(=O)c(=O)c2n1
3806,arene_3449,O=c1cnn2cccc2o1,aryne_3807,O=c1cnn2c#ccc2o1
3807,arene_3450,O=c1cc2ccoc2ns1,aryne_3808,O=c1cc2c#coc2ns1
3808,arene_3451,O=c1[nH]nc2[nH]ccn2c1=O,aryne_3809,O=c1[nH]nc2[nH]c#cn2c1=O
3809,arene_3452,O=c1ccc2c(=O)sccc2o1,aryne_3810,O=c1c#cc2c(=O)sccc2o1
3810,arene_3452,O=c1ccc2c(=O)sccc2o1,aryne_3811,O=c1ccc2c(=O)sc#cc2o1
3811,arene_3453,O=c1[nH]n2c(=O)cc[nH]n2c1=O,aryne_3812,O=c1[nH]n2c(=O)c#c[nH]n2c1=O
3812,arene_3455,O=c1ccn2c(=O)c(=O)c(=O)cc-2c1=O,aryne_3813,O=c1c#cn2c(=O)c(=O)c(=O)cc-2c1=O
3813,arene_3456,O=c1cc2cccnc2ns1,aryne_3814,O=c1cc2c#ccnc2ns1
3814,arene_3457,c1csn2nnocc-2s1,aryne_3815,c1sc2connn-2sc#1
3815,arene_3458,O=c1occc2cncnc12,aryne_3816,O=c1oc#cc2cncnc12
3816,arene_3459,c1csn2nnncn2o1,aryne_3817,c1on2cnnnn2sc#1
3817,arene_3460,O=c1oc2ccoc(=O)c2oc1=O,aryne_3818,O=c1oc2c#coc(=O)c2oc1=O
3818,arene_3461,O=c1ccc2[nH]c(=O)sc2[nH]1,aryne_3819,O=c1c#cc2[nH]c(=O)sc2[nH]1
3819,arene_3462,c1cn2[nH]ccsc-2c[nH]1,aryne_3820,c1[nH]cc2scc[nH]n-2c#1
3820,arene_3462,c1cn2[nH]ccsc-2c[nH]1,aryne_3821,c1[nH]n2cc[nH]cc-2sc#1
3821,arene_3463,c1cn2snnoc-2c[nH]1,aryne_3822,c1[nH]cc2onnsn-2c#1
3822,arene_3464,O=c1oc2[nH]ccc(=O)c2s1,aryne_3823,O=c1oc2[nH]c#cc(=O)c2s1
3823,arene_3466,O=c1ccn2cnc(=O)n2s1,aryne_3824,O=c1c#cn2cnc(=O)n2s1
3824,arene_3467,O=c1ccn2[nH]nnsn2[nH]1,aryne_3825,O=c1c#cn2[nH]nnsn2[nH]1
3825,arene_3468,c1cnn2onnon2c1,aryne_3826,c1cnn2onnon2c#1
3826,arene_3469,O=c1ncc2[nH]ccc(=O)c2s1,aryne_3827,O=c1ncc2[nH]c#cc(=O)c2s1
3827,arene_3470,c1csn2oncn2[nH]1,aryne_3828,c1[nH]n2cnon2sc#1
3828,arene_3471,O=c1ccn2sc(=O)c(=O)c(=O)n2o1,aryne_3829,O=c1c#cn2sc(=O)c(=O)c(=O)n2o1
3829,arene_3472,O=c1ccn2c(=O)[nH]c(=O)n2s1,aryne_3830,O=c1c#cn2c(=O)[nH]c(=O)n2s1
3830,arene_3473,O=c1sc(=O)n2cc[nH]cc-2c1=O,aryne_3831,O=c1sc(=O)n2c#c[nH]cc-2c1=O
3831,arene_3474,c1cn2onn[nH]c-2no1,aryne_3832,c1onc2[nH]nnon-2c#1
3832,arene_3475,O=c1[nH]cnc2cnccc12,aryne_3833,O=c1[nH]cnc2cnc#cc12
3833,arene_3476,O=c1cnc(=O)c2occsc1=2,aryne_3834,O=c1cnc(=O)c2oc#csc1=2
3834,arene_3477,O=c1nnsn2occ[nH]n12,aryne_3835,O=c1nnsn2oc#c[nH]n12
3835,arene_3478,O=c1cnoc2c(=O)ccoc12,aryne_3836,O=c1c#coc2c(=O)cnoc12
3836,arene_3479,O=c1[nH]n2occsn2oc1=O,aryne_3837,O=c1[nH]n2oc#csn2oc1=O
3837,arene_3480,O=c1sc(=O)c(=O)c2occsc1=2,aryne_3838,O=c1sc(=O)c(=O)c2oc#csc1=2
3838,arene_3481,O=c1nc2c(=O)ccon2c(=O)s1,aryne_3839,O=c1nc2c(=O)c#con2c(=O)s1
3839,arene_3482,O=c1occn2[nH]ccon12,aryne_3840,O=c1oc#cn2[nH]ccon12
3840,arene_3482,O=c1occn2[nH]ccon12,aryne_3841,O=c1occn2[nH]c#con12
3841,arene_3483,O=c1ccn2oc(=O)c(=O)sc2n1,aryne_3842,O=c1c#cn2oc(=O)c(=O)sc2n1
3842,arene_3484,O=c1[nH]c(=O)n2ccsc(=O)n2c1=O,aryne_3843,O=c1[nH]c(=O)n2c#csc(=O)n2c1=O
3843,arene_3485,O=c1cnn2sccon2[nH]1,aryne_3844,O=c1cnn2sc#con2[nH]1
3844,arene_3487,O=c1scc2ccon12,aryne_3845,O=c1scc2c#con12
3845,arene_3488,O=c1cc[nH]n2scn[nH]n12,aryne_3846,O=c1c#c[nH]n2scn[nH]n12
3846,arene_3489,O=c1ccc2[nH]c(=O)c(=O)sc2o1,aryne_3847,O=c1c#cc2[nH]c(=O)c(=O)sc2o1
3847,arene_3490,O=c1ccn2ncc(=O)c(=O)n2s1,aryne_3848,O=c1c#cn2ncc(=O)c(=O)n2s1
3848,arene_3491,O=c1nnn2occn2c1=O,aryne_3849,O=c1nnn2oc#cn2c1=O
3849,arene_3492,O=c1oc(=O)c2c(=O)sccc2s1,aryne_3850,O=c1oc(=O)c2c(=O)sc#cc2s1
3850,arene_3494,O=c1ccoc2conc12,aryne_3851,O=c1c#coc2conc12
3851,arene_3495,O=c1on2c(=O)c(=O)ccn2c(=O)s1,aryne_3852,O=c1on2c(=O)c(=O)c#cn2c(=O)s1
3852,arene_3496,O=c1ncn2ccc(=O)c(=O)n2s1,aryne_3853,O=c1ncn2c#cc(=O)c(=O)n2s1
3853,arene_3497,O=c1ncc2ccsc2[nH]1,aryne_3854,O=c1ncc2c#csc2[nH]1
3854,arene_3498,O=c1ccc(=O)n2c(=O)cnon12,aryne_3855,O=c1c#cc(=O)n2c(=O)cnon12
3855,arene_3499,O=c1[nH]cc2nnccn2c1=O,aryne_3856,O=c1[nH]cc2nnc#cn2c1=O
3856,arene_3500,O=c1occn2c(=O)scc12,aryne_3857,O=c1oc#cn2c(=O)scc12
3857,arene_3501,O=c1sn2ccsn2c1=O,aryne_3858,O=c1sn2c#csn2c1=O
3858,arene_3502,O=c1cnc2cccc(=O)n2[nH]1,aryne_3859,O=c1cnc2cc#cc(=O)n2[nH]1
3859,arene_3503,O=c1ccc2c(=O)c(=O)sc(=O)c=2c1=O,aryne_3860,O=c1c#cc2c(=O)c(=O)sc(=O)c=2c1=O
3860,arene_3504,O=c1nnc2ccncc2s1,aryne_3861,O=c1nnc2c#cncc2s1
3861,arene_3505,O=c1ncsn2c(=O)ccnc12,aryne_3862,O=c1ncsn2c(=O)c#cnc12
3862,arene_3506,O=c1ccc2c(=O)onnc2[nH]1,aryne_3863,O=c1c#cc2c(=O)onnc2[nH]1
3863,arene_3507,O=c1sc(=O)c2ccoc2s1,aryne_3864,O=c1sc(=O)c2c#coc2s1
3864,arene_3509,O=c1occn2c(=O)cccc12,aryne_3865,O=c1oc#cn2c(=O)cccc12
3865,arene_3509,O=c1occn2c(=O)cccc12,aryne_3866,O=c1occn2c(=O)c#ccc12
3866,arene_3510,O=c1oc2ccccc2oc1=O,aryne_3867,O=c1oc2c#cccc2oc1=O
3867,arene_3510,O=c1oc2ccccc2oc1=O,aryne_3868,O=c1oc2cc#ccc2oc1=O
3868,arene_3511,O=c1cc[nH]c2cnoc12,aryne_3869,O=c1c#c[nH]c2cnoc12
3869,arene_3512,O=c1cnn2cc[nH]c(=O)n2c1=O,aryne_3870,O=c1cnn2c#c[nH]c(=O)n2c1=O
3870,arene_3513,O=c1ccc2oncc(=O)c2[nH]1,aryne_3871,O=c1c#cc2oncc(=O)c2[nH]1
3871,arene_3514,O=c1sccc2ccsc12,aryne_3872,O=c1sc#cc2ccsc12
3872,arene_3514,O=c1sccc2ccsc12,aryne_3873,O=c1sccc2c#csc12
3873,arene_3515,O=c1ccn2nn[nH]n2c1=O,aryne_3874,O=c1c#cn2nn[nH]n2c1=O
3874,arene_3516,c1con2nnsn2[nH]1,aryne_3875,c1[nH]n2snnn2oc#1
3875,arene_3517,O=c1oc2cc[nH]c(=O)c2sc1=O,aryne_3876,O=c1oc2c#c[nH]c(=O)c2sc1=O
3876,arene_3518,c1cc2nscc2o1,aryne_3877,c1oc2csnc2c#1
3877,arene_3519,O=c1ccnc[nH]1,aryne_3878,O=c1c#cnc[nH]1
3878,arene_3520,O=c1nncc2ccnnn12,aryne_3879,O=c1nncc2c#cnnn12
3879,arene_3521,O=c1ccc2cncc(=O)n2[nH]1,aryne_3880,O=c1c#cc2cncc(=O)n2[nH]1
3880,arene_3522,O=c1c(=O)n2occon2c1=O,aryne_3881,O=c1c(=O)n2oc#con2c1=O
3881,arene_3523,O=c1ccn2cnnnn12,aryne_3882,O=c1c#cn2cnnnn12
3882,arene_3524,c1cnc2cnncc2n1,aryne_3883,c1nc2cnncc2nc#1
3883,arene_3525,O=c1scc2ncccn12,aryne_3884,O=c1scc2ncc#cn12
3884,arene_3526,c1cc2csnc2cn1,aryne_3885,c1ncc2nscc2c#1
3885,arene_3527,O=c1oc2ccsc2s1,aryne_3886,O=c1oc2c#csc2s1
3886,arene_3528,O=c1[nH]n2scc[nH]n2c(=O)s1,aryne_3887,O=c1[nH]n2sc#c[nH]n2c(=O)s1
3887,arene_3529,O=c1cnc2c(=O)[nH]ccc2[nH]1,aryne_3888,O=c1cnc2c(=O)[nH]c#cc2[nH]1
3888,arene_3530,O=c1ccn2nncnn12,aryne_3889,O=c1c#cn2nncnn12
3889,arene_3531,O=c1[nH]nc2cc[nH]c(=O)n2c1=O,aryne_3890,O=c1[nH]nc2c#c[nH]c(=O)n2c1=O
3890,arene_3533,c1cn2[nH]nnsc-2ns1,aryne_3891,c1snc2snn[nH]n-2c#1
3891,arene_3534,O=c1occc2nnncc12,aryne_3892,O=c1oc#cc2nnncc12
3892,arene_3535,O=c1[nH]c2cccnc2sc1=O,aryne_3893,O=c1[nH]c2c#ccnc2sc1=O
3893,arene_3535,O=c1[nH]c2cccnc2sc1=O,aryne_3894,O=c1[nH]c2cc#cnc2sc1=O
3894,arene_3536,O=c1ncoc2c(=O)[nH]ccc12,aryne_3895,O=c1ncoc2c(=O)[nH]c#cc12
3895,arene_3537,O=c1ccn2c(=O)[nH]ncn2c1=O,aryne_3896,O=c1c#cn2c(=O)[nH]ncn2c1=O
3896,arene_3538,c1cn2sncoc-2c[nH]1,aryne_3897,c1[nH]cc2ocnsn-2c#1
3897,arene_3539,O=c1ncc2n[nH]ccn-2c1=O,aryne_3898,O=c1ncc2n[nH]c#cn-2c1=O
3898,arene_3540,c1csn2cn[nH]nc-2o1,aryne_3899,c1oc2n[nH]ncn-2sc#1
3899,arene_3541,c1csn2nnsnc-2s1,aryne_3900,c1sc2nsnnn-2sc#1
3900,arene_3542,O=c1[nH]n2occon2oc1=O,aryne_3901,O=c1[nH]n2oc#con2oc1=O
3901,arene_3543,c1cnn2sccon2c1,aryne_3902,c1cnn2sccon2c#1
3902,arene_3543,c1cnn2sccon2c1,aryne_3903,c1on2cccnn2sc#1
3903,arene_3544,c1non2ccsn2o1,aryne_3904,c1sn2ocnon2c#1
3904,arene_3545,O=c1ccsc2cocc12,aryne_3905,O=c1c#csc2cocc12
3905,arene_3546,O=c1sc(=O)n2c(=O)cc[nH]n2c1=O,aryne_3906,O=c1sc(=O)n2c(=O)c#c[nH]n2c1=O
3906,arene_3548,O=c1ccc2ocnoc1=2,aryne_3907,O=c1c#cc2ocnoc1=2
3907,arene_3549,c1ccn2scc[nH]n2c1,aryne_3908,c1ccn2scc[nH]n2c#1
3908,arene_3549,c1ccn2scc[nH]n2c1,aryne_3909,c1ccn2[nH]ccsn2c#1
3909,arene_3549,c1ccn2scc[nH]n2c1,aryne_3910,c1[nH]n2ccccn2sc#1
3910,arene_3550,c1con2cnsnc-2o1,aryne_3911,c1oc2nsncn-2oc#1
3911,arene_3551,O=c1occc2c(=O)oncc12,aryne_3912,O=c1oncc2c(=O)oc#cc12
3912,arene_3552,O=c1ncon2sccsn12,aryne_3913,O=c1ncon2sc#csn12
3913,arene_3553,O=c1scc2[nH]ccn12,aryne_3914,O=c1scc2[nH]c#cn12
3914,arene_3554,c1con2ccsnc-2o1,aryne_3915,c1oc2nsccn-2oc#1
3915,arene_3554,c1con2ccsnc-2o1,aryne_3916,c1snc2occon-2c#1
3916,arene_3555,O=c1ccn2oc(=O)oc(=O)c2n1,aryne_3917,O=c1c#cn2oc(=O)oc(=O)c2n1
3917,arene_3556,O=c1cnsc2cccn12,aryne_3918,O=c1cnsc2cc#cn12
3918,arene_3557,O=c1cc[nH]c2oncc12,aryne_3919,O=c1c#c[nH]c2oncc12
3919,arene_3558,O=c1occc2nsnc12,aryne_3920,O=c1oc#cc2nsnc12
3920,arene_3560,c1nn2occsc-2n[nH]1,aryne_3921,c1on2nc[nH]nc-2sc#1
3921,arene_3561,O=c1nncc2[nH]ccn12,aryne_3922,O=c1nncc2[nH]c#cn12
3922,arene_3562,O=c1ccoc2ccoc12,aryne_3923,O=c1c#coc2ccoc12
3923,arene_3562,O=c1ccoc2ccoc12,aryne_3924,O=c1ccoc2c#coc12
3924,arene_3563,O=c1sccn2[nH]ncsn12,aryne_3925,O=c1sc#cn2[nH]ncsn12
3925,arene_3564,O=c1[nH]c2c(=O)occc2oc1=O,aryne_3926,O=c1[nH]c2c(=O)oc#cc2oc1=O
3926,arene_3565,O=c1ccc2cnc(=O)[nH]c2[nH]1,aryne_3927,O=c1c#cc2cnc(=O)[nH]c2[nH]1
3927,arene_3566,c1c[nH]c2snnoc=2[nH]1,aryne_3928,c1[nH]c2onnsc=2[nH]c#1
3928,arene_3567,c1ccn2scnon2c1,aryne_3929,c1ccn2scnon2c#1
3929,arene_3567,c1ccn2scnon2c1,aryne_3930,c1ccn2oncsn2c#1
3930,arene_3568,O=c1cnn2ccncc2n1,aryne_3931,O=c1cnn2c#cncc2n1
3931,arene_3569,O=c1cc2occc(=O)c2ns1,aryne_3932,O=c1cc2oc#cc(=O)c2ns1
3932,arene_3570,O=c1cc[nH]n2ocn[nH]n12,aryne_3933,O=c1c#c[nH]n2ocn[nH]n12
3933,arene_3571,O=c1oncc2ccnnc12,aryne_3934,O=c1oncc2c#cnnc12
3934,arene_3572,c1cn2snnc2n1,aryne_3935,c1nc2nnsn2c#1
3935,arene_3573,O=c1cccc2cnon12,aryne_3936,O=c1c#ccc2cnon12
3936,arene_3574,O=c1sc(=O)n2sccn2c1=O,aryne_3937,O=c1sc(=O)n2sc#cn2c1=O
3937,arene_3575,O=c1sn2ccncn2c1=O,aryne_3938,O=c1sn2c#cncn2c1=O
3938,arene_3576,c1cn2cncc2o1,aryne_3939,c1oc2cncn2c#1
3939,arene_3577,O=c1sn2sccn2c(=O)c1=O,aryne_3940,O=c1sn2sc#cn2c(=O)c1=O
3940,arene_3578,c1nsn2ccsnc-2[nH]1,aryne_3941,c1snc2[nH]cnsn-2c#1
3941,arene_3579,O=c1[nH]ccn2onn[nH]n12,aryne_3942,O=c1[nH]c#cn2onn[nH]n12
3942,arene_3580,O=c1ccc2nnc(=O)sc2s1,aryne_3943,O=c1c#cc2nnc(=O)sc2s1
3943,arene_3581,O=c1[nH]ccc2nccn12,aryne_3944,O=c1[nH]c#cc2nccn12
3944,arene_3581,O=c1[nH]ccc2nccn12,aryne_3945,O=c1[nH]ccc2nc#cn12
3945,arene_3582,O=c1[nH]nnc2ccoc(=O)c12,aryne_3946,O=c1[nH]nnc2c#coc(=O)c12
3946,arene_3583,O=c1onc2nnccn12,aryne_3947,O=c1onc2nnc#cn12
3947,arene_3584,O=c1occ2[nH]ccn12,aryne_3948,O=c1occ2[nH]c#cn12
3948,arene_3585,O=c1nc2[nH]cc[nH]c-2n1,aryne_3949,O=c1nc2[nH]c#c[nH]c-2n1
3949,arene_3586,O=c1nc2c(=O)ccoc2c[nH]1,aryne_3950,O=c1nc2c(=O)c#coc2c[nH]1
3950,arene_3587,O=c1sncc2nccn12,aryne_3951,O=c1sncc2nc#cn12
3951,arene_3588,O=c1ncn2c(=O)[nH]ccc2n1,aryne_3952,O=c1ncn2c(=O)[nH]c#cc2n1
3952,arene_3591,O=c1cc2c(=O)cc[nH]n2nn1,aryne_3953,O=c1cc2c(=O)c#c[nH]n2nn1
3953,arene_3592,O=c1[nH]c(=O)c2nccc(=O)n2o1,aryne_3954,O=c1[nH]c(=O)c2nc#cc(=O)n2o1
3954,arene_3593,O=c1cnnc2nnccn12,aryne_3955,O=c1cnnc2nnc#cn12
3955,arene_3594,O=c1[nH]cnc2occc12,aryne_3956,O=c1[nH]cnc2oc#cc12
3956,arene_3595,O=c1ccc2occoc=2c1=O,aryne_3957,O=c1c#cc2occoc=2c1=O
3957,arene_3595,O=c1ccc2occoc=2c1=O,aryne_3958,O=c1ccc2oc#coc=2c1=O
3958,arene_3596,O=c1cnnc2ccccn12,aryne_3959,O=c1cnnc2c#cccn12
3959,arene_3596,O=c1cnnc2ccccn12,aryne_3960,O=c1cnnc2ccc#cn12
3960,arene_3597,O=c1snc2nnccn12,aryne_3961,O=c1snc2nnc#cn12
3961,arene_3598,O=c1ccn2[nH]cnon2o1,aryne_3962,O=c1c#cn2[nH]cnon2o1
3962,arene_3599,O=c1[nH]c(=O)c2cccn2s1,aryne_3963,O=c1[nH]c(=O)c2cc#cn2s1
3963,arene_3600,O=c1sncn2cccc12,aryne_3964,O=c1sncn2c#ccc12
3964,arene_3601,O=c1ccc2onnoc=2c1=O,aryne_3965,O=c1c#cc2onnoc=2c1=O
3965,arene_3602,O=c1ccn2nnccc2c1,aryne_3966,O=c1c#cn2nnccc2c1
3966,arene_3602,O=c1ccn2nnccc2c1,aryne_3967,O=c1ccn2nnc#cc2c1
3967,arene_3603,O=c1ccn2scnc(=O)c2n1,aryne_3968,O=c1c#cn2scnc(=O)c2n1
3968,arene_3604,O=c1ccn2sc(=O)oc2n1,aryne_3969,O=c1c#cn2sc(=O)oc2n1
3969,arene_3605,O=c1cnn2ccncc2c1,aryne_3970,O=c1cnn2c#cncc2c1
3970,arene_3606,O=c1ccn2sncn12,aryne_3971,O=c1c#cn2sncn12
3971,arene_3607,O=c1ccc(=O)c2onn[nH]c1=2,aryne_3972,O=c1c#cc(=O)c2onn[nH]c1=2
3972,arene_3608,O=c1nc2ccsc(=O)c2co1,aryne_3973,O=c1nc2c#csc(=O)c2co1
3973,arene_3609,O=c1ccc2sncoc1=2,aryne_3974,O=c1c#cc2sncoc1=2
3974,arene_3610,O=c1sncn2occon12,aryne_3975,O=c1sncn2oc#con12
3975,arene_3611,c1cc2occc2cn1,aryne_3976,c1ncc2ccoc2c#1
3976,arene_3611,c1cc2occc2cn1,aryne_3977,c1oc2ccncc2c#1
3977,arene_3612,O=c1nc2occc(=O)c2ns1,aryne_3978,O=c1nc2oc#cc(=O)c2ns1
3978,arene_3613,c1csc2noncn-2[nH]1,aryne_3979,c1[nH]n2cnonc-2sc#1
3979,arene_3614,O=c1ccsn2sncon12,aryne_3980,O=c1c#csn2sncon12
3980,arene_3615,O=c1[nH]n2ccnc2sc1=O,aryne_3981,O=c1[nH]n2c#cnc2sc1=O
3981,arene_3616,O=c1ncc2sc(=O)ccc2o1,aryne_3982,O=c1ncc2sc(=O)c#cc2o1
3982,arene_3617,O=c1on2cccc2s1,aryne_3983,O=c1on2c#ccc2s1
3983,arene_3618,O=c1cnn2c(=O)[nH]ccc2n1,aryne_3984,O=c1cnn2c(=O)[nH]c#cc2n1
3984,arene_3619,O=c1occc2ncncc12,aryne_3985,O=c1oc#cc2ncncc12
3985,arene_3620,O=c1nnc2sccc(=O)c2s1,aryne_3986,O=c1nnc2sc#cc(=O)c2s1
3986,arene_3622,c1cnc2snnc2n1,aryne_3987,c1nc2nnsc2nc#1
3987,arene_3623,O=c1cnsn2sccsn12,aryne_3988,O=c1cnsn2sc#csn12
3988,arene_3624,O=c1ccc2csccn1-2,aryne_3989,O=c1c#cc2csccn1-2
3989,arene_3624,O=c1ccc2csccn1-2,aryne_3990,O=c1ccc2csc#cn1-2
3990,arene_3625,O=c1ncn2sc(=O)ccc2n1,aryne_3991,O=c1ncn2sc(=O)c#cc2n1
3991,arene_3626,O=c1sccn2onn[nH]n12,aryne_3992,O=c1sc#cn2onn[nH]n12
3992,arene_3627,O=c1ccn2ncnnn2c1=O,aryne_3993,O=c1c#cn2ncnnn2c1=O
3993,arene_3628,O=c1on2sccsn2o1,aryne_3994,O=c1on2sc#csn2o1
3994,arene_3629,O=c1[nH]c2ccnnc2[nH]1,aryne_3995,O=c1[nH]c2c#cnnc2[nH]1
3995,arene_3630,O=c1ccc2nn[nH]c(=O)c2s1,aryne_3996,O=c1c#cc2nn[nH]c(=O)c2s1
3996,arene_3631,O=c1nnsn2[nH]cc[nH]n12,aryne_3997,O=c1nnsn2[nH]c#c[nH]n12
3997,arene_3632,O=c1ccc(=O)n2nccnn12,aryne_3998,O=c1c#cc(=O)n2nccnn12
3998,arene_3633,O=c1nnoc2ccoc(=O)c12,aryne_3999,O=c1nnoc2c#coc(=O)c12
3999,arene_3634,O=c1ccsc2n[nH]nc12,aryne_4000,O=c1c#csc2n[nH]nc12
4000,arene_3635,O=c1[nH]c2nccnc2s1,aryne_4001,O=c1[nH]c2nc#cnc2s1
4001,arene_3636,O=c1on2ncccn2c1=O,aryne_4002,O=c1on2ncc#cn2c1=O
4002,arene_3637,O=c1cnsc2ccnnc12,aryne_4003,O=c1cnsc2c#cnnc12
4003,arene_3638,O=c1ccc(=O)c2c(=O)oc(=O)c1=2,aryne_4004,O=c1c#cc(=O)c2c(=O)oc(=O)c1=2
4004,arene_3639,c1nsn2ccscc-2o1,aryne_4005,c1scc2ocnsn-2c#1
4005,arene_3640,O=c1ccsc2c(=O)cn[nH]c12,aryne_4006,O=c1c#csc2c(=O)cn[nH]c12
4006,arene_3641,O=c1nnc2cccn2s1,aryne_4007,O=c1nnc2cc#cn2s1
4007,arene_3642,O=c1[nH]cnn2ccnc12,aryne_4008,O=c1[nH]cnn2c#cnc12
4008,arene_3643,O=c1[nH]c(=O)c2ccsc2o1,aryne_4009,O=c1[nH]c(=O)c2c#csc2o1
4009,arene_3644,O=c1[nH]ccc2sccc12,aryne_4010,O=c1[nH]c#cc2sccc12
4010,arene_3644,O=c1[nH]ccc2sccc12,aryne_4011,O=c1[nH]ccc2sc#cc12
4011,arene_3645,O=c1ncn2sccc2n1,aryne_4012,O=c1ncn2sc#cc2n1
4012,arene_3646,O=c1nc2c(=O)sccc2no1,aryne_4013,O=c1nc2c(=O)sc#cc2no1
4013,arene_3647,O=c1sc(=O)n2ccocc-2c1=O,aryne_4014,O=c1sc(=O)n2c#cocc-2c1=O
4014,arene_3648,O=c1ccc2[nH]nc[nH]c1=2,aryne_4015,O=c1c#cc2[nH]nc[nH]c1=2
4015,arene_3649,O=c1occ2cccnn12,aryne_4016,O=c1occ2c#ccnn12
4016,arene_3650,O=c1ccnc2ncncn12,aryne_4017,O=c1c#cnc2ncncn12
4017,arene_3651,O=c1occn2ocnon12,aryne_4018,O=c1oc#cn2ocnon12
4018,arene_3652,O=c1sccc2ccoc12,aryne_4019,O=c1sc#cc2ccoc12
4019,arene_3652,O=c1sccc2ccoc12,aryne_4020,O=c1sccc2c#coc12
4020,arene_3653,O=c1[nH]nc2ccnnn2c1=O,aryne_4021,O=c1[nH]nc2c#cnnn2c1=O
4021,arene_3654,O=c1nnsc2c(=O)cc[nH]c12,aryne_4022,O=c1nnsc2c(=O)c#c[nH]c12
4022,arene_3655,O=c1occc2cnnn12,aryne_4023,O=c1oc#cc2cnnn12
4023,arene_3656,c1con2sccn2[nH]1,aryne_4024,c1[nH]n2ccsn2oc#1
4024,arene_3656,c1con2sccn2[nH]1,aryne_4025,c1sn2occ[nH]n2c#1
4025,arene_3657,O=c1on2ccnnn2c(=O)c1=O,aryne_4026,O=c1on2c#cnnn2c(=O)c1=O
4026,arene_3658,c1noc2nsccn-2o1,aryne_4027,c1snc2oncon-2c#1
4027,arene_3659,O=c1ccc2sc(=O)c(=O)oc2o1,aryne_4028,O=c1c#cc2sc(=O)c(=O)oc2o1
4028,arene_3661,c1cn2onnsn2[nH]1,aryne_4029,c1[nH]n2snnon2c#1
4029,arene_3662,c1cc2cnnn2s1,aryne_4030,c1sn2nncc2c#1
4030,arene_3664,O=c1ccn2oc(=O)cnc2n1,aryne_4031,O=c1c#cn2oc(=O)cnc2n1
4031,arene_3665,O=c1nc2ccncc2n[nH]1,aryne_4032,O=c1nc2c#cncc2n[nH]1
4032,arene_3666,O=c1nnc2c(=O)[nH]ccc2[nH]1,aryne_4033,O=c1nnc2c(=O)[nH]c#cc2[nH]1
4033,arene_3667,O=c1ccsc2ncsc(=O)c12,aryne_4034,O=c1c#csc2ncsc(=O)c12
4034,arene_3668,O=c1occc2nsc(=O)n12,aryne_4035,O=c1oc#cc2nsc(=O)n12
4035,arene_3669,O=c1ncsc2c(=O)cc[nH]c12,aryne_4036,O=c1ncsc2c(=O)c#c[nH]c12
4036,arene_3670,O=c1[nH]n2ccncn2c1=O,aryne_4037,O=c1[nH]n2c#cncn2c1=O
4037,arene_3671,O=c1cnc2csccn1-2,aryne_4038,O=c1cnc2csc#cn1-2
4038,arene_3672,O=c1scc2ccccn2c1=O,aryne_4039,O=c1scc2c#cccn2c1=O
4039,arene_3672,O=c1scc2ccccn2c1=O,aryne_4040,O=c1scc2ccc#cn2c1=O
4040,arene_3673,O=c1ccn2c(=O)c(=O)snc2[nH]1,aryne_4041,O=c1c#cn2c(=O)c(=O)snc2[nH]1
4041,arene_3674,c1csn2cn[nH]n2[nH]1,aryne_4042,c1[nH]n2[nH]ncn2sc#1
4042,arene_3675,O=c1[nH]c(=O)c2occ[nH]c1=2,aryne_4043,O=c1[nH]c(=O)c2oc#c[nH]c1=2
4043,arene_3676,O=c1ncc2sccsc=2c1=O,aryne_4044,O=c1ncc2sc#csc=2c1=O
4044,arene_3677,O=c1nnc2[nH]ccc2o1,aryne_4045,O=c1nnc2[nH]c#cc2o1
4045,arene_3678,O=c1[nH]c2ccsc2oc1=O,aryne_4046,O=c1[nH]c2c#csc2oc1=O
4046,arene_3679,c1coc2[nH]nnoc=2[nH]1,aryne_4047,c1[nH]c2onn[nH]c=2oc#1
4047,arene_3680,O=c1[nH]ccc2n[nH]cc12,aryne_4048,O=c1[nH]c#cc2n[nH]cc12
4048,arene_3681,c1cn2scnon2cn1,aryne_4049,c1ncn2oncsn2c#1
4049,arene_3682,O=c1cc2sccc2ns1,aryne_4050,O=c1cc2sc#cc2ns1
4050,arene_3683,O=c1nc2ccoc(=O)c2ns1,aryne_4051,O=c1nc2c#coc(=O)c2ns1
4051,arene_3684,O=c1nnn2ccccn2c1=O,aryne_4052,O=c1nnn2c#cccn2c1=O
4052,arene_3684,O=c1nnn2ccccn2c1=O,aryne_4053,O=c1nnn2ccc#cn2c1=O
4053,arene_3685,c1noc2sccsc=2[nH]1,aryne_4054,c1sc2[nH]cnoc=2sc#1
4054,arene_3686,O=c1cc2occsc-2n1,aryne_4055,O=c1cc2oc#csc-2n1
4055,arene_3687,O=c1cnon2sccon12,aryne_4056,O=c1cnon2sc#con12
4056,arene_3688,O=c1nnc2csccn-2c1=O,aryne_4057,O=c1nnc2csc#cn-2c1=O
4057,arene_3689,O=c1nc2ccon2c(=O)o1,aryne_4058,O=c1nc2c#con2c(=O)o1
4058,arene_3690,O=c1ccn2c(=O)nnn2o1,aryne_4059,O=c1c#cn2c(=O)nnn2o1
4059,arene_3692,O=c1scnn2occon12,aryne_4060,O=c1scnn2oc#con12
4060,arene_3693,O=c1[nH]c(=O)n2sccon2s1,aryne_4061,O=c1[nH]c(=O)n2sc#con2s1
4061,arene_3694,O=c1oc(=O)n2c(=O)ccsn12,aryne_4062,O=c1oc(=O)n2c(=O)c#csn12
4062,arene_3695,O=c1ncon2occon12,aryne_4063,O=c1ncon2oc#con12
4063,arene_3696,O=c1cnn2cnccc2c1,aryne_4064,O=c1cnn2cnc#cc2c1
4064,arene_3697,O=c1nc2sccsn-2c(=O)c1=O,aryne_4065,O=c1nc2sc#csn-2c(=O)c1=O
4065,arene_3698,c1nn2[nH]ccoc-2c[nH]1,aryne_4066,c1[nH]n2nc[nH]cc-2oc#1
4066,arene_3699,O=c1oncc2nnccc12,aryne_4067,O=c1oncc2nnc#cc12
4067,arene_3700,O=c1[nH]n2c(=O)ccc(=O)n2oc1=O,aryne_4068,O=c1[nH]n2c(=O)c#cc(=O)n2oc1=O
4068,arene_3701,c1con2cn[nH]n2[nH]1,aryne_4069,c1[nH]n2[nH]ncn2oc#1
4069,arene_3702,O=c1cnc2ccoc(=O)c2s1,aryne_4070,O=c1cnc2c#coc(=O)c2s1
4070,arene_3703,O=c1cn[nH]n2occsn12,aryne_4071,O=c1cn[nH]n2oc#csn12
4071,arene_3704,O=c1ccc2c[nH]c(=O)c(=O)n2[nH]1,aryne_4072,O=c1c#cc2c[nH]c(=O)c(=O)n2[nH]1
4072,arene_3705,c1c[nH]n2cnncn2[nH]1,aryne_4073,c1[nH]n2cnncn2[nH]c#1
4073,arene_3706,c1cn2[nH]ccsn2cn1,aryne_4074,c1ncn2scc[nH]n2c#1
4074,arene_3706,c1cn2[nH]ccsn2cn1,aryne_4075,c1[nH]n2ccncn2sc#1
4075,arene_3707,O=c1nnn2nnccn2c1=O,aryne_4076,O=c1nnn2nnc#cn2c1=O
4076,arene_3708,c1cc2nnsc2o1,aryne_4077,c1oc2snnc2c#1
4077,arene_3709,c1ncn2[nH]ccsn2n1,aryne_4078,c1[nH]n2cncnn2sc#1
4078,arene_3710,O=c1sc(=O)c(=O)c2occ[nH]c1=2,aryne_4079,O=c1sc(=O)c(=O)c2oc#c[nH]c1=2
4079,arene_3711,O=c1ccc2nsncn1-2,aryne_4080,O=c1c#cc2nsncn1-2
4080,arene_3712,O=c1ncon2scc[nH]n12,aryne_4081,O=c1ncon2sc#c[nH]n12
4081,arene_3713,O=c1[nH]c(=O)c2nnccc2o1,aryne_4082,O=c1[nH]c(=O)c2nnc#cc2o1
4082,arene_3714,O=c1[nH]c2c[nH]ccn-2c(=O)c1=O,aryne_4083,O=c1[nH]c2c[nH]c#cn-2c(=O)c1=O
4083,arene_3715,O=c1oc2cc[nH]c(=O)c2s1,aryne_4084,O=c1oc2c#c[nH]c(=O)c2s1
4084,arene_3716,O=c1ccc(=O)c2c(=O)c(=O)ncc1=2,aryne_4085,O=c1c#cc(=O)c2c(=O)c(=O)ncc1=2
4085,arene_3717,c1con2ccsn2[nH]1,aryne_4086,c1[nH]n2sccn2oc#1
4086,arene_3717,c1con2ccsn2[nH]1,aryne_4087,c1sn2[nH]ccon2c#1
4087,arene_3718,c1cnn2snc[nH]n2c1,aryne_4088,c1cnn2snc[nH]n2c#1
4088,arene_3719,O=c1cnoc2ccoc12,aryne_4089,O=c1cnoc2c#coc12
4089,arene_3720,c1cc2sccn2c1,aryne_4090,c1cc2sccn2c#1
4090,arene_3720,c1cc2sccn2c1,aryne_4091,c1sc2cccn2c#1
4091,arene_3721,O=c1sccc2cnnn12,aryne_4092,O=c1sc#cc2cnnn12
4092,arene_3722,O=c1ccn2ncncc2c1,aryne_4093,O=c1c#cn2ncncc2c1
4093,arene_3723,O=c1nnn2c(=O)ccnc2o1,aryne_4094,O=c1nnn2c(=O)c#cnc2o1
4094,arene_3724,O=c1cc2sccc(=O)c2ns1,aryne_4095,O=c1cc2sc#cc(=O)c2ns1
4095,arene_3725,O=c1ccn2[nH]ccn12,aryne_4096,O=c1c#cn2[nH]ccn12
4096,arene_3725,O=c1ccn2[nH]ccn12,aryne_4097,O=c1ccn2[nH]c#cn12
4097,arene_3726,O=c1cn[nH]n2cccc12,aryne_4098,O=c1cn[nH]n2c#ccc12
4098,arene_3727,O=c1[nH]nnc2cccn12,aryne_4099,O=c1[nH]nnc2cc#cn12
4099,arene_3728,c1cn2[nH]nnoc-2cs1,aryne_4100,c1scc2onn[nH]n-2c#1
4100,arene_3729,O=c1ccc2sc(=O)sc(=O)c2[nH]1,aryne_4101,O=c1c#cc2sc(=O)sc(=O)c2[nH]1
4101,arene_3730,O=c1nnn2c(=O)c(=O)ccn2[nH]1,aryne_4102,O=c1nnn2c(=O)c(=O)c#cn2[nH]1
4102,arene_3731,c1csn2cnscc-2[nH]1,aryne_4103,c1[nH]c2csncn-2sc#1
4103,arene_3732,O=c1[nH]ccc2ncsc12,aryne_4104,O=c1[nH]c#cc2ncsc12
4104,arene_3733,O=c1[nH]c2sccc2s1,aryne_4105,O=c1[nH]c2sc#cc2s1
4105,arene_3734,O=c1occc2ccsc12,aryne_4106,O=c1oc#cc2ccsc12
4106,arene_3734,O=c1occc2ccsc12,aryne_4107,O=c1occc2c#csc12
4107,arene_3735,O=c1ccc2nsncn-2c1=O,aryne_4108,O=c1c#cc2nsncn-2c1=O
4108,arene_3736,c1coc2onnoc=2o1,aryne_4109,c1oc2onnoc=2oc#1
4109,arene_3737,O=c1ccc2nnccc2s1,aryne_4110,O=c1c#cc2nnccc2s1
4110,arene_3737,O=c1ccc2nnccc2s1,aryne_4111,O=c1ccc2nnc#cc2s1
4111,arene_3738,O=c1ccn2nnc(=O)c(=O)n2[nH]1,aryne_4112,O=c1c#cn2nnc(=O)c(=O)n2[nH]1
4112,arene_3739,O=c1ncn2sccsn2s1,aryne_4113,O=c1ncn2sc#csn2s1
4113,arene_3740,O=c1nnoc2ccnnc12,aryne_4114,O=c1nnoc2c#cnnc12
4114,arene_3741,O=c1ccc2c(=O)cn[nH]c2s1,aryne_4115,O=c1c#cc2c(=O)cn[nH]c2s1
4115,arene_3742,O=c1ccc(=O)n2[nH]nnn12,aryne_4116,O=c1c#cc(=O)n2[nH]nnn12
4116,arene_3743,O=c1oc(=O)n2ccnc2s1,aryne_4117,O=c1oc(=O)n2c#cnc2s1
4117,arene_3744,O=c1cncc2ccncn12,aryne_4118,O=c1cncc2c#cncn12
4118,arene_3745,O=c1cccc2scnn12,aryne_4119,O=c1c#ccc2scnn12
4119,arene_3746,O=c1ccn2c(=O)cncc2o1,aryne_4120,O=c1c#cn2c(=O)cncc2o1
4120,arene_3747,O=c1onc2cnccn12,aryne_4121,O=c1onc2cnc#cn12
4121,arene_3748,c1nsc2occsc=2[nH]1,aryne_4122,c1oc2snc[nH]c=2sc#1
4122,arene_3749,O=c1cnn2[nH]ccon2s1,aryne_4123,O=c1cnn2[nH]c#con2s1
4123,arene_3750,O=c1ccsc2[nH]ncc(=O)c12,aryne_4124,O=c1c#csc2[nH]ncc(=O)c12
4124,arene_3751,O=c1sc2occc(=O)c2s1,aryne_4125,O=c1sc2oc#cc(=O)c2s1
4125,arene_3752,O=c1ocnn2occon12,aryne_4126,O=c1ocnn2oc#con12
4126,arene_3753,O=c1ccn2ccc(=O)sc2n1,aryne_4127,O=c1c#cn2ccc(=O)sc2n1
4127,arene_3753,O=c1ccn2ccc(=O)sc2n1,aryne_4128,O=c1ccn2c#cc(=O)sc2n1
4128,arene_3754,O=c1cnn2ccnc2[nH]1,aryne_4129,O=c1cnn2c#cnc2[nH]1
4129,arene_3755,c1csc2nscnn-2o1,aryne_4130,c1on2ncsnc-2sc#1
4130,arene_3756,c1csn2cnsn2o1,aryne_4131,c1on2sncn2sc#1
4131,arene_3757,c1cnc2[nH]ccc2n1,aryne_4132,c1nc2cc[nH]c2nc#1
4132,arene_3757,c1cnc2[nH]ccc2n1,aryne_4133,c1[nH]c2nccnc2c#1
4133,arene_3758,O=c1oc(=O)c2cc[nH]c(=O)c2o1,aryne_4134,O=c1oc(=O)c2c#c[nH]c(=O)c2o1
4134,arene_3759,O=c1c(=O)c(=O)n2[nH]cc[nH]n2c1=O,aryne_4135,O=c1c(=O)c(=O)n2[nH]c#c[nH]n2c1=O
4135,arene_3760,c1csn2cn[nH]cc-2s1,aryne_4136,c1sc2c[nH]ncn-2sc#1
4136,arene_3761,O=c1[nH]c(=O)c2cnccc2o1,aryne_4137,O=c1[nH]c(=O)c2cnc#cc2o1
4137,arene_3762,O=c1[nH]nc2ccsc(=O)n2c1=O,aryne_4138,O=c1[nH]nc2c#csc(=O)n2c1=O
4138,arene_3763,O=c1nc2ccnnc2c[nH]1,aryne_4139,O=c1nc2c#cnnc2c[nH]1
4139,arene_3764,O=c1cc2occn2c(=O)[nH]1,aryne_4140,O=c1cc2oc#cn2c(=O)[nH]1
4140,arene_3765,O=c1cc[nH]c2[nH]cnc(=O)c12,aryne_4141,O=c1c#c[nH]c2[nH]cnc(=O)c12
4141,arene_3766,O=c1[nH]nnc2c(=O)[nH]ccc12,aryne_4142,O=c1[nH]nnc2c(=O)[nH]c#cc12
4142,arene_3767,O=c1ccsc2nnncc12,aryne_4143,O=c1c#csc2nnncc12
4143,arene_3768,O=c1ccn2nnon2c1=O,aryne_4144,O=c1c#cn2nnon2c1=O
4144,arene_3769,O=c1cnc2occc(=O)c2[nH]1,aryne_4145,O=c1cnc2oc#cc(=O)c2[nH]1
4145,arene_3771,c1cn2ocnon2nn1,aryne_4146,c1nnn2oncon2c#1
4146,arene_3772,O=c1ccc(=O)n2c(=O)c(=O)c(=O)cc1-2,aryne_4147,O=c1c#cc(=O)n2c(=O)c(=O)c(=O)cc1-2
4147,arene_3774,O=c1ccc2c(=O)nnsc2[nH]1,aryne_4148,O=c1c#cc2c(=O)nnsc2[nH]1
4148,arene_3775,O=c1nnc2cc[nH]c2o1,aryne_4149,O=c1nnc2c#c[nH]c2o1
4149,arene_3776,O=c1cnsn2cccc12,aryne_4150,O=c1cnsn2c#ccc12
4150,arene_3777,O=c1sccn2ocn[nH]n12,aryne_4151,O=c1sc#cn2ocn[nH]n12
4151,arene_3778,O=c1ncn2c(=O)cc[nH]c2n1,aryne_4152,O=c1ncn2c(=O)c#c[nH]c2n1
4152,arene_3779,c1cc2[nH]ncc2s1,aryne_4153,c1sc2cn[nH]c2c#1
4153,arene_3780,O=c1oc2occc(=O)c2o1,aryne_4154,O=c1oc2oc#cc(=O)c2o1
4154,arene_3781,O=c1ccn2oc(=O)nnc2c1,aryne_4155,O=c1c#cn2oc(=O)nnc2c1
4155,arene_3782,O=c1ccocc1,aryne_4156,O=c1c#cocc1
4156,arene_3783,O=c1sccn2snnsn12,aryne_4157,O=c1sc#cn2snnsn12
4157,arene_3784,O=c1oc(=O)c2c(=O)ccoc2s1,aryne_4158,O=c1oc(=O)c2c(=O)c#coc2s1
4158,arene_3785,O=c1cnn2occ[nH]n2o1,aryne_4159,O=c1cnn2oc#c[nH]n2o1
4159,arene_3786,c1non2sccn2[nH]1,aryne_4160,c1sn2onc[nH]n2c#1
4160,arene_3787,c1csc2occoc=2[nH]1,aryne_4161,c1[nH]c2occoc=2sc#1
4161,arene_3787,c1csc2occoc=2[nH]1,aryne_4162,c1oc2[nH]ccsc=2oc#1
4162,arene_3788,O=c1[nH]ccc2c(=O)[nH]ccc12,aryne_4163,O=c1[nH]ccc2c(=O)[nH]c#cc12
4163,arene_3789,O=c1occn2snnsn12,aryne_4164,O=c1oc#cn2snnsn12
4164,arene_3790,O=c1[nH]c(=O)c2ccoc2[nH]1,aryne_4165,O=c1[nH]c(=O)c2c#coc2[nH]1
4165,arene_3791,O=c1ccn2c(=O)[nH]nc2o1,aryne_4166,O=c1c#cn2c(=O)[nH]nc2o1
4166,arene_3792,O=c1ccon2c(=O)nnnc12,aryne_4167,O=c1c#con2c(=O)nnnc12
4167,arene_3793,c1ncc2ccoc2n1,aryne_4168,c1oc2ncncc2c#1
4168,arene_3794,O=c1cc2c(=O)cc[nH]c2co1,aryne_4169,O=c1cc2c(=O)c#c[nH]c2co1
4169,arene_3795,c1coc2connn-2[nH]1,aryne_4170,c1[nH]n2nnocc-2oc#1
4170,arene_3796,O=c1sn2occc(=O)n2c1=O,aryne_4171,O=c1sn2oc#cc(=O)n2c1=O
4171,arene_3797,O=c1oc2sccoc=2c1=O,aryne_4172,O=c1oc2sc#coc=2c1=O
4172,arene_3798,O=c1ccc2nsc(=O)nc2[nH]1,aryne_4173,O=c1c#cc2nsc(=O)nc2[nH]1
4173,arene_3799,O=c1onnc2c(=O)sccc12,aryne_4174,O=c1onnc2c(=O)sc#cc12
4174,arene_3800,O=c1oc2nccn2sc1=O,aryne_4175,O=c1oc2nc#cn2sc1=O
4175,arene_3801,O=c1sc(=O)n2c(=O)ccn2s1,aryne_4176,O=c1sc(=O)n2c(=O)c#cn2s1
4176,arene_3802,O=c1ncc2ccncc2s1,aryne_4177,O=c1ncc2c#cncc2s1
4177,arene_3803,O=c1nc2ccnnc2co1,aryne_4178,O=c1nc2c#cnnc2co1
4178,arene_3804,c1cc2cc[nH]c2[nH]1,aryne_4179,c1[nH]c2[nH]ccc2c#1
4179,arene_3805,O=c1oc2occc(=O)c2c(=O)s1,aryne_4180,O=c1oc2oc#cc(=O)c2c(=O)s1
4180,arene_3806,O=c1sccc2ocnc12,aryne_4181,O=c1sc#cc2ocnc12
4181,arene_3807,O=c1ccoc(=O)s1,aryne_4182,O=c1c#coc(=O)s1
4182,arene_3808,O=c1ncc2cccnc2s1,aryne_4183,O=c1ncc2c#ccnc2s1
4183,arene_3808,O=c1ncc2cccnc2s1,aryne_4184,O=c1ncc2cc#cnc2s1
4184,arene_3809,c1csn2oncn2s1,aryne_4185,c1sn2cnon2sc#1
4185,arene_3810,c1ccc2nsnc2c1,aryne_4186,c1ccc2nsnc2c#1
4186,arene_3811,O=c1ccc(=O)n2nn[nH]cc1-2,aryne_4187,O=c1c#cc(=O)n2nn[nH]cc1-2
4187,arene_3812,O=c1ncn2c(=O)ccnc2[nH]1,aryne_4188,O=c1ncn2c(=O)c#cnc2[nH]1
4188,arene_3813,c1csc2csncn-2[nH]1,aryne_4189,c1[nH]n2cnscc-2sc#1
4189,arene_3814,c1coc2scnsc=2[nH]1,aryne_4190,c1[nH]c2sncsc=2oc#1
4190,arene_3815,O=c1ccc2onn[nH]c=2c1=O,aryne_4191,O=c1c#cc2onn[nH]c=2c1=O
4191,arene_3816,O=c1sc(=O)c2cccc(=O)n2s1,aryne_4192,O=c1sc(=O)c2cc#cc(=O)n2s1
4192,arene_3817,O=c1ccn2[nH]c(=O)c(=O)[nH]c2n1,aryne_4193,O=c1c#cn2[nH]c(=O)c(=O)[nH]c2n1
4193,arene_3818,O=c1cn[nH]c2cc[nH]c(=O)c12,aryne_4194,O=c1cn[nH]c2c#c[nH]c(=O)c12
4194,arene_3819,O=c1onnc2cccn12,aryne_4195,O=c1onnc2cc#cn12
4195,arene_3820,O=c1sn2cccnn2c1=O,aryne_4196,O=c1sn2c#ccnn2c1=O
4196,arene_3821,O=c1ccc2csnc2[nH]1,aryne_4197,O=c1c#cc2csnc2[nH]1
4197,arene_3822,O=c1cnn2[nH]cc[nH]n2o1,aryne_4198,O=c1cnn2[nH]c#c[nH]n2o1
4198,arene_3823,O=c1ncc2cc[nH]c2s1,aryne_4199,O=c1ncc2c#c[nH]c2s1
4199,arene_3824,O=c1nnn2occon2o1,aryne_4200,O=c1nnn2oc#con2o1
4200,arene_3825,O=c1ccn2[nH]nc[nH]n2s1,aryne_4201,O=c1c#cn2[nH]nc[nH]n2s1
4201,arene_3826,O=c1[nH]ncn2sccon12,aryne_4202,O=c1[nH]ncn2sc#con12
4202,arene_3827,O=c1ncc2cc[nH]c(=O)c2o1,aryne_4203,O=c1ncc2c#c[nH]c(=O)c2o1
4203,arene_3828,O=c1ccc2ncc(=O)c=2c1=O,aryne_4204,O=c1c#cc2ncc(=O)c=2c1=O
4204,arene_3829,O=c1ccc2nnoc(=O)c2o1,aryne_4205,O=c1c#cc2nnoc(=O)c2o1
4205,arene_3830,O=c1ncc2ccc(=O)sc2[nH]1,aryne_4206,O=c1ncc2c#cc(=O)sc2[nH]1
4206,arene_3831,O=c1ncn2ccncn12,aryne_4207,O=c1ncn2c#cncn12
4207,arene_3832,O=c1sccn2nccc12,aryne_4208,O=c1sc#cn2nccc12
4208,arene_3833,O=c1ncsn2ccnc12,aryne_4209,O=c1ncsn2c#cnc12
4209,arene_3834,O=c1oc(=O)c2c(=O)cc[nH]c2o1,aryne_4210,O=c1oc(=O)c2c(=O)c#c[nH]c2o1
4210,arene_3835,O=c1nnc2sccc(=O)c2o1,aryne_4211,O=c1nnc2sc#cc(=O)c2o1
4211,arene_3836,O=c1ccn2ncon2c1=O,aryne_4212,O=c1c#cn2ncon2c1=O
4212,arene_3837,O=c1ccc2cnnnc2o1,aryne_4213,O=c1c#cc2cnnnc2o1
4213,arene_3838,c1csc2[nH]ncoc=2o1,aryne_4214,c1oc2ocn[nH]c=2sc#1
4214,arene_3839,O=c1cnn2cccnc2c1,aryne_4215,O=c1cnn2c#ccnc2c1
4215,arene_3840,c1csc2scn[nH]c=2[nH]1,aryne_4216,c1[nH]c2[nH]ncsc=2sc#1
4216,arene_3841,O=c1cnc2ccc(=O)sc2o1,aryne_4217,O=c1cnc2c#cc(=O)sc2o1
4217,arene_3842,O=c1nc2[nH]ccoc-2n1,aryne_4218,O=c1nc2[nH]c#coc-2n1
4218,arene_3843,O=c1ccn2ncoc(=O)n2c1=O,aryne_4219,O=c1c#cn2ncoc(=O)n2c1=O
4219,arene_3844,O=c1sc(=O)n2[nH]ccn2c1=O,aryne_4220,O=c1sc(=O)n2[nH]c#cn2c1=O
4220,arene_3845,O=c1ccc2nnncc2[nH]1,aryne_4221,O=c1c#cc2nnncc2[nH]1
4221,arene_3846,O=c1[nH]n2occsn2o1,aryne_4222,O=c1[nH]n2oc#csn2o1
4222,arene_3847,O=c1[nH]cc2[nH]ccc(=O)n2c1=O,aryne_4223,O=c1[nH]cc2[nH]c#cc(=O)n2c1=O
4223,arene_3848,c1csc2snn[nH]c=2[nH]1,aryne_4224,c1[nH]c2[nH]nnsc=2sc#1
4224,arene_3849,c1csc2sccsc=2[nH]1,aryne_4225,c1[nH]c2sccsc=2sc#1
4225,arene_3849,c1csc2sccsc=2[nH]1,aryne_4226,c1sc2[nH]ccsc=2sc#1
4226,arene_3850,O=c1cccc[nH]1,aryne_4227,O=c1c#ccc[nH]1
4227,arene_3850,O=c1cccc[nH]1,aryne_4228,O=c1ccc#c[nH]1
4228,arene_3852,O=c1ccn2onc[nH]n2o1,aryne_4229,O=c1c#cn2onc[nH]n2o1
4229,arene_3853,O=c1ccc2nncnc2[nH]1,aryne_4230,O=c1c#cc2nncnc2[nH]1
4230,arene_3854,O=c1[nH]nc2ccncn12,aryne_4231,O=c1[nH]nc2c#cncn12
4231,arene_3855,O=c1[nH]ccc2nnnn12,aryne_4232,O=c1[nH]c#cc2nnnn12
4232,arene_3856,c1c[nH]n2ncscc-2[nH]1,aryne_4233,c1[nH]c2cscnn-2[nH]c#1
4233,arene_3857,O=c1nnnc2occn12,aryne_4234,O=c1nnnc2oc#cn12
4234,arene_3858,O=c1ccn2c(=O)c(=O)c(=O)c(=O)n2c1=O,aryne_4235,O=c1c#cn2c(=O)c(=O)c(=O)c(=O)n2c1=O
4235,arene_3859,O=c1[nH]n2occon2o1,aryne_4236,O=c1[nH]n2oc#con2o1
4236,arene_3860,O=c1ccc2sc(=O)oc2o1,aryne_4237,O=c1c#cc2sc(=O)oc2o1
4237,arene_3861,O=c1ccc2sncc2[nH]1,aryne_4238,O=c1c#cc2sncc2[nH]1
4238,arene_3862,O=c1ncn2c(=O)occn2c1=O,aryne_4239,O=c1ncn2c(=O)oc#cn2c1=O
4239,arene_3863,O=c1cc2c(=O)ccoc2n[nH]1,aryne_4240,O=c1cc2c(=O)c#coc2n[nH]1
4240,arene_3864,c1nn2sccsn2[nH]1,aryne_4241,c1sn2nc[nH]n2sc#1
4241,arene_3867,O=c1[nH]cnc2nnccc12,aryne_4242,O=c1[nH]cnc2nnc#cc12
4242,arene_3868,O=c1ccn2nc[nH]c2c1,aryne_4243,O=c1c#cn2nc[nH]c2c1
4243,arene_3869,O=c1ccn2snn[nH]n2s1,aryne_4244,O=c1c#cn2snn[nH]n2s1
4244,arene_3870,O=c1ccn2cncc2s1,aryne_4245,O=c1c#cn2cncc2s1
4245,arene_3871,O=c1nc2[nH]cc[nH]n-2c1=O,aryne_4246,O=c1nc2[nH]c#c[nH]n-2c1=O
4246,arene_3872,c1cnc2cnnn2c1,aryne_4247,c1cnc2cnnn2c#1
4247,arene_3873,O=c1ccon2[nH]ncon12,aryne_4248,O=c1c#con2[nH]ncon12
4248,arene_3874,O=c1ccn2cccnc2c1,aryne_4249,O=c1c#cn2cccnc2c1
4249,arene_3874,O=c1ccn2cccnc2c1,aryne_4250,O=c1ccn2c#ccnc2c1
4250,arene_3875,O=c1cnc2[nH]ccc2s1,aryne_4251,O=c1cnc2[nH]c#cc2s1
4251,arene_3877,O=c1cc[nH]c2csnc12,aryne_4252,O=c1c#c[nH]c2csnc12
4252,arene_3878,O=c1sc(=O)n2c(=O)[nH]ccn12,aryne_4253,O=c1sc(=O)n2c(=O)[nH]c#cn12
4253,arene_3879,O=c1ccsc2cnnn12,aryne_4254,O=c1c#csc2cnnn12
4254,arene_3880,O=c1[nH]ccc2n[nH]nc12,aryne_4255,O=c1[nH]c#cc2n[nH]nc12
4255,arene_3881,O=c1cnc2cccn2s1,aryne_4256,O=c1cnc2cc#cn2s1
4256,arene_3882,O=c1ccsn2onn[nH]n12,aryne_4257,O=c1c#csn2onn[nH]n12
4257,arene_3883,O=c1ncsc2c(=O)[nH]ccc12,aryne_4258,O=c1ncsc2c(=O)[nH]c#cc12
4258,arene_3884,O=c1ccn2onnn12,aryne_4259,O=c1c#cn2onnn12
4259,arene_3885,c1cn2onnon2o1,aryne_4260,c1on2onnon2c#1
4260,arene_3886,O=c1ccn2c(=O)c(=O)c(=O)on2[nH]1,aryne_4261,O=c1c#cn2c(=O)c(=O)c(=O)on2[nH]1
4261,arene_3887,O=c1cnn2ccoc2n1,aryne_4262,O=c1cnn2c#coc2n1
4262,arene_3888,O=c1[nH]cc2ccoc(=O)n2c1=O,aryne_4263,O=c1[nH]cc2c#coc(=O)n2c1=O
4263,arene_3889,O=c1ccc2c(=O)c(=O)nnc=2c1=O,aryne_4264,O=c1c#cc2c(=O)c(=O)nnc=2c1=O
4264,arene_3890,O=c1ccc(=O)n2c(=O)nc[nH]n12,aryne_4265,O=c1c#cc(=O)n2c(=O)nc[nH]n12
4265,arene_3891,O=c1nc2ccc(=O)sn2c(=O)o1,aryne_4266,O=c1nc2c#cc(=O)sn2c(=O)o1
4266,arene_3892,O=c1[nH]n2ccnc2c(=O)s1,aryne_4267,O=c1[nH]n2c#cnc2c(=O)s1
4267,arene_3893,O=c1ncnc2ccsc(=O)n12,aryne_4268,O=c1ncnc2c#csc(=O)n12
4268,arene_3894,O=c1ocnc2c(=O)[nH]ccc12,aryne_4269,O=c1ocnc2c(=O)[nH]c#cc12
4269,arene_3895,c1nc2occc2[nH]1,aryne_4270,c1oc2nc[nH]c2c#1
4270,arene_3896,O=c1nnn2ccsc2n1,aryne_4271,O=c1nnn2c#csc2n1
4271,arene_3897,O=c1oc(=O)n2nnccn12,aryne_4272,O=c1oc(=O)n2nnc#cn12
4272,arene_3898,O=c1cc2ccoc(=O)n2c(=O)s1,aryne_4273,O=c1cc2c#coc(=O)n2c(=O)s1
4273,arene_3899,O=c1ccn2c(=O)c(=O)[nH]cc2o1,aryne_4274,O=c1c#cn2c(=O)c(=O)[nH]cc2o1
4274,arene_3900,O=c1ccc2c(=O)ocnc2[nH]1,aryne_4275,O=c1c#cc2c(=O)ocnc2[nH]1
4275,arene_3901,c1ccc2ocnc2c1,aryne_4276,c1cc2ncoc2cc#1
4276,arene_3901,c1ccc2ocnc2c1,aryne_4277,c1ccc2ocnc2c#1
4277,arene_3901,c1ccc2ocnc2c1,aryne_4278,c1ccc2ncoc2c#1
4278,arene_3902,O=c1cc2c(=O)cc[nH]n2c(=O)[nH]1,aryne_4279,O=c1cc2c(=O)c#c[nH]n2c(=O)[nH]1
4279,arene_3903,O=c1ccc2c(=O)oncc2[nH]1,aryne_4280,O=c1c#cc2c(=O)oncc2[nH]1
4280,arene_3904,O=c1ccn2cncc2o1,aryne_4281,O=c1c#cn2cncc2o1
4281,arene_3905,O=c1cc2cc[nH]n2c(=O)o1,aryne_4282,O=c1cc2c#c[nH]n2c(=O)o1
4282,arene_3906,O=c1ccc2c(=O)ccsc2s1,aryne_4283,O=c1c#cc2c(=O)ccsc2s1
4283,arene_3906,O=c1ccc2c(=O)ccsc2s1,aryne_4284,O=c1ccc2c(=O)c#csc2s1
4284,arene_3907,O=c1oc(=O)c2nnccc2s1,aryne_4285,O=c1oc(=O)c2nnc#cc2s1
4285,arene_3908,O=c1ncc2occc(=O)c2s1,aryne_4286,O=c1ncc2oc#cc(=O)c2s1
4286,arene_3909,O=c1[nH]cc2cnccn2c1=O,aryne_4287,O=c1[nH]cc2cnc#cn2c1=O
4287,arene_3910,c1cn2cnnc2cn1,aryne_4288,c1ncc2nncn2c#1
4288,arene_3911,O=c1ccc2csncn-2c1=O,aryne_4289,O=c1c#cc2csncn-2c1=O
4289,arene_3912,O=c1ccc2coc(=O)nc2o1,aryne_4290,O=c1c#cc2coc(=O)nc2o1
4290,arene_3913,O=c1nc2ccon2c(=O)s1,aryne_4291,O=c1nc2c#con2c(=O)s1
4291,arene_3914,O=c1[nH]ccc2ncncc12,aryne_4292,O=c1[nH]c#cc2ncncc12
4292,arene_3915,O=c1ccon2nnnc12,aryne_4293,O=c1c#con2nnnc12
4293,arene_3916,O=c1[nH]n2cc[nH]nc-2c1=O,aryne_4294,O=c1[nH]n2c#c[nH]nc-2c1=O
4294,arene_3917,c1nnn2scc[nH]n2n1,aryne_4295,c1[nH]n2ncnnn2sc#1
4295,arene_3918,O=c1cccc2ncncn12,aryne_4296,O=c1c#ccc2ncncn12
4296,arene_3919,O=c1cc2ccc(=O)sn2c(=O)o1,aryne_4297,O=c1cc2c#cc(=O)sn2c(=O)o1
4297,arene_3920,O=c1nnsc2nnccc12,aryne_4298,O=c1nnsc2nnc#cc12
4298,arene_3921,c1cn2[nH]nc[nH]n2[nH]1,aryne_4299,c1[nH]n2[nH]cn[nH]n2c#1
4299,arene_3922,O=c1ccc2c(=O)[nH]cnc2[nH]1,aryne_4300,O=c1c#cc2c(=O)[nH]cnc2[nH]1
4300,arene_3923,O=c1nnsc2ccoc(=O)c12,aryne_4301,O=c1nnsc2c#coc(=O)c12
4301,arene_3924,O=c1cnn2nnccn12,aryne_4302,O=c1cnn2nnc#cn12
4302,arene_3925,c1non2ccon2[nH]1,aryne_4303,c1on2[nH]cnon2c#1
4303,arene_3926,O=c1ccn2scnc(=O)n12,aryne_4304,O=c1c#cn2scnc(=O)n12
4304,arene_3927,O=c1cc2c(=O)occc2n[nH]1,aryne_4305,O=c1cc2c(=O)oc#cc2n[nH]1
4305,arene_3928,c1con2ncon2[nH]1,aryne_4306,c1[nH]n2ocnn2oc#1
4306,arene_3929,c1cc2nonc2nn1,aryne_4307,c1nnc2nonc2c#1
4307,arene_3930,O=c1cc2ccc(=O)[nH]c2n[nH]1,aryne_4308,O=c1c#cc2cc(=O)[nH]nc2[nH]1
4308,arene_3931,O=c1nc2c(=O)ccsc2cs1,aryne_4309,O=c1nc2c(=O)c#csc2cs1
4309,arene_3932,O=c1ccc2sc(=O)c(=O)oc2[nH]1,aryne_4310,O=c1c#cc2sc(=O)c(=O)oc2[nH]1
4310,arene_3933,O=c1oc2c(=O)ccsc2sc1=O,aryne_4311,O=c1oc2c(=O)c#csc2sc1=O
4311,arene_3934,O=c1oc(=O)c2[nH]cc[nH]c1=2,aryne_4312,O=c1oc(=O)c2[nH]c#c[nH]c1=2
4312,arene_3935,O=c1sccn2ocnsn12,aryne_4313,O=c1sc#cn2ocnsn12
4313,arene_3936,O=c1cnn2ccsc(=O)c2n1,aryne_4314,O=c1cnn2c#csc(=O)c2n1
4314,arene_3938,c1cc2nnncc2cn1,aryne_4315,c1ncc2cnnnc2c#1
4315,arene_3939,O=c1ccn2sc(=O)[nH]c2n1,aryne_4316,O=c1c#cn2sc(=O)[nH]c2n1
4316,arene_3941,c1noc2noccn-2[nH]1,aryne_4317,c1onc2onc[nH]n-2c#1
4317,arene_3942,O=c1ccoc2cnccc12,aryne_4318,O=c1c#coc2cnccc12
4318,arene_3942,O=c1ccoc2cnccc12,aryne_4319,O=c1ccoc2cnc#cc12
4319,arene_3943,O=c1onnc2cccnc12,aryne_4320,O=c1onnc2c#ccnc12
4320,arene_3943,O=c1onnc2cccnc12,aryne_4321,O=c1onnc2cc#cnc12
4321,arene_3944,O=c1ccsc2nncnc12,aryne_4322,O=c1c#csc2nncnc12
4322,arene_3945,c1nn2occ[nH]c-2c[nH]1,aryne_4323,c1[nH]c2c[nH]cnn-2oc#1
4323,arene_3946,O=c1[nH]c2occc2c(=O)o1,aryne_4324,O=c1[nH]c2oc#cc2c(=O)o1
4324,arene_3947,O=c1ccsc2c(=O)nn[nH]c12,aryne_4325,O=c1c#csc2c(=O)nn[nH]c12
4325,arene_3948,O=c1ccn2[nH]c(=O)c(=O)c(=O)n2s1,aryne_4326,O=c1c#cn2[nH]c(=O)c(=O)c(=O)n2s1
4326,arene_3949,O=c1ccc2coc(=O)nc2[nH]1,aryne_4327,O=c1c#cc2coc(=O)nc2[nH]1
4327,arene_3950,O=c1ccn2ncoc(=O)c2n1,aryne_4328,O=c1c#cn2ncoc(=O)c2n1
4328,arene_3952,O=c1oc2nccnc2s1,aryne_4329,O=c1oc2nc#cnc2s1
4329,arene_3953,O=c1ncsc2c(=O)sccc12,aryne_4330,O=c1ncsc2c(=O)sc#cc12
4330,arene_3954,O=c1nc2ccccc2c[nH]1,aryne_4331,O=c1nc2c#cccc2c[nH]1
4331,arene_3954,O=c1nc2ccccc2c[nH]1,aryne_4332,O=c1nc2ccc#cc2c[nH]1
4332,arene_3955,O=c1[nH]cnc2[nH]ccc12,aryne_4333,O=c1[nH]cnc2[nH]c#cc12
4333,arene_3956,O=c1cc2ccc(=O)sn2nn1,aryne_4334,O=c1cc2c#cc(=O)sn2nn1
4334,arene_3957,O=c1nnc2nccnc2[nH]1,aryne_4335,O=c1nnc2nc#cnc2[nH]1
4335,arene_3958,O=c1ccn2c(=O)[nH]c(=O)n2[nH]1,aryne_4336,O=c1c#cn2c(=O)[nH]c(=O)n2[nH]1
4336,arene_3959,O=c1ccn2nconc1-2,aryne_4337,O=c1c#cn2nconc1-2
4337,arene_3960,O=c1ccoc2snnc(=O)c12,aryne_4338,O=c1c#coc2snnc(=O)c12
4338,arene_3961,O=c1cnc(=O)n2cnccn12,aryne_4339,O=c1cnc(=O)n2cnc#cn12
4339,arene_3962,O=c1ccc2sc(=O)c(=O)c1=2,aryne_4340,O=c1c#cc2sc(=O)c(=O)c1=2
4340,arene_3963,O=c1ccc2conc2[nH]1,aryne_4341,O=c1c#cc2conc2[nH]1
4341,arene_3964,O=c1[nH]c2nnccc2c(=O)o1,aryne_4342,O=c1[nH]c2nnc#cc2c(=O)o1
4342,arene_3965,O=c1ccn2[nH]cnc(=O)c2c1,aryne_4343,O=c1c#cn2[nH]cnc(=O)c2c1
4343,arene_3966,c1cnc2sncc2c1,aryne_4344,c1cc2cnsc2nc#1
4344,arene_3966,c1cnc2sncc2c1,aryne_4345,c1cnc2sncc2c#1
4345,arene_3967,O=c1cc2c(=O)occc2no1,aryne_4346,O=c1cc2c(=O)oc#cc2no1
4346,arene_3968,O=c1cc[nH]n2ccnc12,aryne_4347,O=c1c#c[nH]n2ccnc12
4347,arene_3968,O=c1cc[nH]n2ccnc12,aryne_4348,O=c1cc[nH]n2c#cnc12
4348,arene_3969,O=c1ccn2[nH]nnn12,aryne_4349,O=c1c#cn2[nH]nnn12
4349,arene_3970,O=c1ccnc2[nH]nnc(=O)n12,aryne_4350,O=c1c#cnc2[nH]nnc(=O)n12
4350,arene_3971,O=c1sccc2nsnc12,aryne_4351,O=c1sc#cc2nsnc12
4351,arene_3972,O=c1oc2nccc(=O)n2o1,aryne_4352,O=c1oc2nc#cc(=O)n2o1
4352,arene_3973,O=c1ccn2oc(=O)sc(=O)c2n1,aryne_4353,O=c1c#cn2oc(=O)sc(=O)c2n1
4353,arene_3974,O=c1ncn2ccnnn2c1=O,aryne_4354,O=c1ncn2c#cnnn2c1=O
4354,arene_3975,O=c1oc2[nH]ccoc=2c1=O,aryne_4355,O=c1oc2[nH]c#coc=2c1=O
4355,arene_3976,O=c1[nH]n2c(=O)ccnc2c(=O)s1,aryne_4356,O=c1[nH]n2c(=O)c#cnc2c(=O)s1
4356,arene_3977,O=c1cccc2ncsc(=O)n12,aryne_4357,O=c1c#ccc2ncsc(=O)n12
4357,arene_3978,O=c1on2sccsn2c(=O)s1,aryne_4358,O=c1on2sc#csn2c(=O)s1
4358,arene_3979,c1nn2[nH]cc[nH]c-2n[nH]1,aryne_4359,c1[nH]c2n[nH]cnn-2[nH]c#1
4359,arene_3980,O=c1ncoc2occc12,aryne_4360,O=c1ncoc2oc#cc12
4360,arene_3981,O=c1cnc2occc2s1,aryne_4361,O=c1cnc2oc#cc2s1
4361,arene_3982,O=c1[nH]ncn2[nH]ccon12,aryne_4362,O=c1[nH]ncn2[nH]c#con12
4362,arene_3983,O=c1ccn2nnnc2[nH]1,aryne_4363,O=c1c#cn2nnnc2[nH]1
4363,arene_3984,O=c1ccon2onnsn12,aryne_4364,O=c1c#con2onnsn12
4364,arene_3987,O=c1ccn2[nH]c(=O)ccc2n1,aryne_4365,O=c1c#cn2[nH]c(=O)ccc2n1
4365,arene_3987,O=c1ccn2[nH]c(=O)ccc2n1,aryne_4366,O=c1ccn2[nH]c(=O)c#cc2n1
4366,arene_3988,O=c1cnn2[nH]ccsn2o1,aryne_4367,O=c1cnn2[nH]c#csn2o1
4367,arene_3989,c1csc2csncn-2o1,aryne_4368,c1on2cnscc-2sc#1
4368,arene_3990,O=c1cc[nH]c2nnnnc12,aryne_4369,O=c1c#c[nH]c2nnnnc12
4369,arene_3991,c1cn2[nH]ncoc-2co1,aryne_4370,c1occ2ocn[nH]n-2c#1
4370,arene_3992,O=c1ccn2ncocc-2c1=O,aryne_4371,O=c1c#cn2ncocc-2c1=O
4371,arene_3993,O=c1onnn2occ[nH]n12,aryne_4372,O=c1onnn2oc#c[nH]n12
4372,arene_3994,O=c1cc2c(=O)cc[nH]n2c(=O)s1,aryne_4373,O=c1cc2c(=O)c#c[nH]n2c(=O)s1
4373,arene_3995,O=c1nc2ccccn2c(=O)s1,aryne_4374,O=c1nc2c#cccn2c(=O)s1
4374,arene_3995,O=c1nc2ccccn2c(=O)s1,aryne_4375,O=c1nc2ccc#cn2c(=O)s1
4375,arene_3996,O=c1ccnc2cccnn12,aryne_4376,O=c1c#cnc2cccnn12
4376,arene_3996,O=c1ccnc2cccnn12,aryne_4377,O=c1ccnc2c#ccnn12
4377,arene_3997,O=c1nc[nH]c2cccn12,aryne_4378,O=c1nc[nH]c2cc#cn12
4378,arene_3999,O=c1[nH]c2cc[nH]c(=O)c2sc1=O,aryne_4379,O=c1[nH]c2c#c[nH]c(=O)c2sc1=O
4379,arene_4000,O=c1[nH]n2c(=O)ccn2c(=O)s1,aryne_4380,O=c1[nH]n2c(=O)c#cn2c(=O)s1
4380,arene_4001,O=c1ccc2nc(=O)oc(=O)n2[nH]1,aryne_4381,O=c1c#cc2nc(=O)oc(=O)n2[nH]1
4381,arene_4002,c1nn2sccon2[nH]1,aryne_4382,c1on2[nH]cnn2sc#1
4382,arene_4003,O=c1ncn2ccsn2c1=O,aryne_4383,O=c1ncn2c#csn2c1=O
4383,arene_4004,O=c1[nH]cc2ccon12,aryne_4384,O=c1[nH]cc2c#con12
4384,arene_4005,O=c1ncn2[nH]ccon2o1,aryne_4385,O=c1ncn2[nH]c#con2o1
4385,arene_4006,O=c1[nH]c2cc[nH]c(=O)c2oc1=O,aryne_4386,O=c1[nH]c2c#c[nH]c(=O)c2oc1=O
4386,arene_4007,O=c1ncc2n[nH]ccn1-2,aryne_4387,O=c1ncc2n[nH]c#cn1-2
4387,arene_4008,O=c1oc(=O)c2c(=O)occc2o1,aryne_4388,O=c1oc(=O)c2c(=O)oc#cc2o1
4388,arene_4009,O=c1sccn2[nH]nnon12,aryne_4389,O=c1sc#cn2[nH]nnon12
4389,arene_4010,O=c1ncn2c(=O)cccc2s1,aryne_4390,O=c1ncn2c(=O)c#ccc2s1
4390,arene_4011,O=c1sn2ccc(=O)n2s1,aryne_4391,O=c1sn2c#cc(=O)n2s1
4391,arene_4012,O=c1occc2onnc12,aryne_4392,O=c1oc#cc2onnc12
4392,arene_4013,O=c1cc[nH]n2scnsn12,aryne_4393,O=c1c#c[nH]n2scnsn12
4393,arene_4014,O=c1ccc(=O)c2c(=O)nnc1=2,aryne_4394,O=c1c#cc(=O)c2c(=O)nnc1=2
4394,arene_4015,O=c1nnn2occc(=O)c2n1,aryne_4395,O=c1nnn2oc#cc(=O)c2n1
4395,arene_4016,O=c1cnon2occon12,aryne_4396,O=c1cnon2oc#con12
4396,arene_4017,O=c1nnn2cc[nH]n2c1=O,aryne_4397,O=c1nnn2c#c[nH]n2c1=O
4397,arene_4018,O=c1[nH]ccn2c(=O)cccc12,aryne_4398,O=c1[nH]c#cn2c(=O)cccc12
4398,arene_4018,O=c1[nH]ccn2c(=O)cccc12,aryne_4399,O=c1[nH]ccn2c(=O)c#ccc12
4399,arene_4019,O=c1cc2sc(=O)ccn2cn1,aryne_4400,O=c1cc2sc(=O)c#cn2cn1
4400,arene_4020,O=c1nc2cc[nH]c(=O)c2ns1,aryne_4401,O=c1nc2c#c[nH]c(=O)c2ns1
4401,arene_4021,O=c1nc[nH]c2[nH]ccc12,aryne_4402,O=c1nc[nH]c2[nH]c#cc12
4402,arene_4022,O=c1ccc2nnc(=O)c(=O)c1=2,aryne_4403,O=c1c#cc2nnc(=O)c(=O)c1=2
4403,arene_4023,O=c1cnc(=O)c2c(=O)c(=O)ccc1=2,aryne_4404,O=c1c#cc2c(=O)cnc(=O)c=2c1=O
4404,arene_4024,O=c1nnon2sccon12,aryne_4405,O=c1nnon2sc#con12
4405,arene_4025,O=c1[nH]c(=O)n2c(=O)ccn2o1,aryne_4406,O=c1[nH]c(=O)n2c(=O)c#cn2o1
4406,arene_4026,O=c1ccoc2nccnc12,aryne_4407,O=c1c#coc2nccnc12
4407,arene_4026,O=c1ccoc2nccnc12,aryne_4408,O=c1ccoc2nc#cnc12
4408,arene_4027,O=c1ccc(=O)n2c(=O)nn[nH]n12,aryne_4409,O=c1c#cc(=O)n2c(=O)nn[nH]n12
4409,arene_4028,O=c1ncc(=O)n2sccn12,aryne_4410,O=c1ncc(=O)n2sc#cn12
4410,arene_4029,O=c1ccsc2scnc(=O)c12,aryne_4411,O=c1c#csc2scnc(=O)c12
4411,arene_4030,c1cn2snn[nH]c-2no1,aryne_4412,c1onc2[nH]nnsn-2c#1
4412,arene_4031,O=c1ccn2occon2o1,aryne_4413,O=c1c#cn2occon2o1
4413,arene_4031,O=c1ccn2occon2o1,aryne_4414,O=c1ccn2oc#con2o1
4414,arene_4032,c1nc2[nH]ccn2n1,aryne_4415,c1[nH]c2ncnn2c#1
4415,arene_4033,c1cnn2scn[nH]n2c1,aryne_4416,c1cnn2scn[nH]n2c#1
4416,arene_4034,O=c1oncn2[nH]ccon12,aryne_4417,O=c1oncn2[nH]c#con12
4417,arene_4035,O=c1[nH]ccn2occsn12,aryne_4418,O=c1[nH]c#cn2occsn12
4418,arene_4035,O=c1[nH]ccn2occsn12,aryne_4419,O=c1[nH]ccn2oc#csn12
4419,arene_4036,O=c1ncn2ccsn12,aryne_4420,O=c1ncn2c#csn12
4420,arene_4037,c1cc2ccon2c1,aryne_4421,c1cc2ccon2c#1
4421,arene_4037,c1cc2ccon2c1,aryne_4422,c1on2cccc2c#1
4422,arene_4038,O=c1ccon2oncon12,aryne_4423,O=c1c#con2oncon12
4423,arene_4039,c1csc2oncsc=2[nH]1,aryne_4424,c1[nH]c2scnoc=2sc#1
4424,arene_4040,O=c1ccc2ncnnc2[nH]1,aryne_4425,O=c1c#cc2ncnnc2[nH]1
4425,arene_4041,O=c1[nH]n2sccon2c(=O)s1,aryne_4426,O=c1[nH]n2sc#con2c(=O)s1
4426,arene_4042,O=c1scc2ccccn12,aryne_4427,O=c1scc2c#cccn12
4427,arene_4042,O=c1scc2ccccn12,aryne_4428,O=c1scc2ccc#cn12
4428,arene_4043,O=c1ccsc2c(=O)cc[nH]c12,aryne_4429,O=c1c#csc2c(=O)cc[nH]c12
4429,arene_4043,O=c1ccsc2c(=O)cc[nH]c12,aryne_4430,O=c1ccsc2c(=O)c#c[nH]c12
4430,arene_4044,c1csc2scnsc=2[nH]1,aryne_4431,c1[nH]c2sncsc=2sc#1
4431,arene_4045,O=c1ncoc2c(=O)cc[nH]c12,aryne_4432,O=c1ncoc2c(=O)c#c[nH]c12
4432,arene_4046,O=c1[nH]n2c(=O)ccsn2c1=O,aryne_4433,O=c1[nH]n2c(=O)c#csn2c1=O
4433,arene_4047,O=c1cc[nH]c2ocnc12,aryne_4434,O=c1c#c[nH]c2ocnc12
4434,arene_4048,O=c1ccc(=O)c2c(=O)c(=O)[nH]c(=O)c1=2,aryne_4435,O=c1c#cc(=O)c2c(=O)c(=O)[nH]c(=O)c1=2
4435,arene_4049,O=c1ccc(=O)n2onnn12,aryne_4436,O=c1c#cc(=O)n2onnn12
4436,arene_4050,O=c1[nH]c(=O)c2sccc(=O)c2[nH]1,aryne_4437,O=c1[nH]c(=O)c2sc#cc(=O)c2[nH]1
4437,arene_4051,O=c1scc2cnccn12,aryne_4438,O=c1scc2cnc#cn12
4438,arene_4053,O=c1ocnn2c(=O)ccn12,aryne_4439,O=c1ocnn2c(=O)c#cn12
4439,arene_4054,O=c1ccsc2sccc(=O)c12,aryne_4440,O=c1c#csc2sccc(=O)c12
4440,arene_4055,O=c1cnn2[nH]cc[nH]n2[nH]1,aryne_4441,O=c1cnn2[nH]c#c[nH]n2[nH]1
4441,arene_4056,O=c1[nH]c2nccn2c(=O)s1,aryne_4442,O=c1[nH]c2nc#cn2c(=O)s1
4442,arene_4057,O=c1ccc2noc(=O)n2o1,aryne_4443,O=c1c#cc2noc(=O)n2o1
4443,arene_4058,O=c1ccn2nnscc1-2,aryne_4444,O=c1c#cn2nnscc1-2
4444,arene_4059,O=c1cnn2c(=O)occc2n1,aryne_4445,O=c1cnn2c(=O)oc#cc2n1
4445,arene_4061,O=c1cnc2c(=O)ccoc2s1,aryne_4446,O=c1cnc2c(=O)c#coc2s1
4446,arene_4062,O=c1ccn2[nH]ncn2c1=O,aryne_4447,O=c1c#cn2[nH]ncn2c1=O
4447,arene_4063,O=c1cn[nH]c2cccnc12,aryne_4448,O=c1cn[nH]c2c#ccnc12
4448,arene_4063,O=c1cn[nH]c2cccnc12,aryne_4449,O=c1cn[nH]c2cc#cnc12
4449,arene_4064,O=c1[nH]ncc2nnccc12,aryne_4450,O=c1[nH]ncc2nnc#cc12
4450,arene_4065,O=c1cnc(=O)n2c(=O)ccon12,aryne_4451,O=c1cnc(=O)n2c(=O)c#con12
4451,arene_4066,O=c1nc[nH]c2c(=O)occc12,aryne_4452,O=c1nc[nH]c2c(=O)oc#cc12
4452,arene_4067,O=c1sc(=O)c2[nH]ccc(=O)c2s1,aryne_4453,O=c1sc(=O)c2[nH]c#cc(=O)c2s1
4453,arene_4068,c1cn2onnsc-2c[nH]1,aryne_4454,c1[nH]cc2snnon-2c#1
4454,arene_4069,O=c1ccon2scc[nH]n12,aryne_4455,O=c1c#con2scc[nH]n12
4455,arene_4069,O=c1ccon2scc[nH]n12,aryne_4456,O=c1ccon2sc#c[nH]n12
4456,arene_4070,c1noc2occoc=2[nH]1,aryne_4457,c1oc2[nH]cnoc=2oc#1
4457,arene_4071,c1cn2ocnsc-2n[nH]1,aryne_4458,c1[nH]nc2sncon-2c#1
4458,arene_4072,O=c1ccn2snnc(=O)c2n1,aryne_4459,O=c1c#cn2snnc(=O)c2n1
4459,arene_4073,O=c1cc2cnccc2c[nH]1,aryne_4460,O=c1cc2cnc#cc2c[nH]1
4460,arene_4074,c1cn2scnoc-2n[nH]1,aryne_4461,c1[nH]nc2oncsn-2c#1
4461,arene_4075,O=c1[nH]n2c(=O)ccc(=O)n2s1,aryne_4462,O=c1[nH]n2c(=O)c#cc(=O)n2s1
4462,arene_4076,c1cc2scnc2[nH]1,aryne_4463,c1[nH]c2ncsc2c#1
4463,arene_4077,O=c1ccc2cncc(=O)n2s1,aryne_4464,O=c1c#cc2cncc(=O)n2s1
4464,arene_4078,O=c1ncoc2ccncc12,aryne_4465,O=c1ncoc2c#cncc12
4465,arene_4079,O=c1cccc2nnoc(=O)n12,aryne_4466,O=c1c#ccc2nnoc(=O)n12
4466,arene_4080,c1con2nnonc-2o1,aryne_4467,c1oc2nonnn-2oc#1
4467,arene_4081,O=c1[nH]c(=O)c2ncccc2[nH]1,aryne_4468,O=c1[nH]c(=O)c2nc#ccc2[nH]1
4468,arene_4081,O=c1[nH]c(=O)c2ncccc2[nH]1,aryne_4469,O=c1[nH]c(=O)c2ncc#cc2[nH]1
4469,arene_4082,O=c1scc2ccncn2c1=O,aryne_4470,O=c1scc2c#cncn2c1=O
4470,arene_4083,O=c1cc2cc[nH]c2ns1,aryne_4471,O=c1cc2c#c[nH]c2ns1
4471,arene_4084,O=c1oc2cccn2c(=O)s1,aryne_4472,O=c1oc2cc#cn2c(=O)s1
4472,arene_4085,O=c1ccc2nc[nH]c2[nH]1,aryne_4473,O=c1c#cc2nc[nH]c2[nH]1
4473,arene_4086,O=c1ccn2[nH]cnon2[nH]1,aryne_4474,O=c1c#cn2[nH]cnon2[nH]1
4474,arene_4087,O=c1[nH]c2c(=O)[nH]ccc2s1,aryne_4475,O=c1[nH]c2c(=O)[nH]c#cc2s1
4475,arene_4088,O=c1[nH]n2ccncn2c(=O)c1=O,aryne_4476,O=c1[nH]n2c#cncn2c(=O)c1=O
4476,arene_4090,O=c1ccn2oc(=O)c(=O)n2[nH]1,aryne_4477,O=c1c#cn2oc(=O)c(=O)n2[nH]1
4477,arene_4091,c1cc2nnccc2cn1,aryne_4478,c1ncc2ccnnc2c#1
4478,arene_4091,c1cc2nnccc2cn1,aryne_4479,c1nnc2ccncc2c#1
4479,arene_4092,O=c1scnn2occsn12,aryne_4480,O=c1scnn2oc#csn12
4480,arene_4093,O=c1[nH]c2cc[nH]c(=O)c2[nH]c1=O,aryne_4481,O=c1[nH]c2c#c[nH]c(=O)c2[nH]c1=O
4481,arene_4094,O=c1nn[nH]n2occsn12,aryne_4482,O=c1nn[nH]n2oc#csn12
4482,arene_4095,O=c1cccco1,aryne_4483,O=c1c#ccco1
4483,arene_4095,O=c1cccco1,aryne_4484,O=c1ccc#co1
4484,arene_4096,O=c1ccn2[nH]c(=O)nnc2c1,aryne_4485,O=c1c#cn2[nH]c(=O)nnc2c1
4485,arene_4097,O=c1sccc2cccn12,aryne_4486,O=c1sc#cc2cccn12
4486,arene_4097,O=c1sccc2cccn12,aryne_4487,O=c1sccc2cc#cn12
4487,arene_4098,O=c1ccc2ocnc2[nH]1,aryne_4488,O=c1c#cc2ocnc2[nH]1
4488,arene_4099,O=c1nc2c(=O)sccn2c(=O)s1,aryne_4489,O=c1nc2c(=O)sc#cn2c(=O)s1
4489,arene_4100,O=c1ccn2c(=O)sncc2c1,aryne_4490,O=c1c#cn2c(=O)sncc2c1
4490,arene_4101,O=c1ccc2sccoc1=2,aryne_4491,O=c1c#cc2sccoc1=2
4491,arene_4101,O=c1ccc2sccoc1=2,aryne_4492,O=c1ccc2sc#coc1=2
4492,arene_4102,O=c1ccn2cn[nH]cc-2c1=O,aryne_4493,O=c1c#cn2cn[nH]cc-2c1=O
4493,arene_4103,c1nn2occ[nH]c-2n[nH]1,aryne_4494,c1[nH]c2n[nH]cnn-2oc#1
4494,arene_4104,O=c1c(=O)c(=O)n2occ[nH]n2c1=O,aryne_4495,O=c1c(=O)c(=O)n2oc#c[nH]n2c1=O
4495,arene_4105,O=c1[nH]ccn2nnnc12,aryne_4496,O=c1[nH]c#cn2nnnc12
4496,arene_4106,O=c1ccon2ccc(=O)n12,aryne_4497,O=c1c#con2ccc(=O)n12
4497,arene_4106,O=c1ccon2ccc(=O)n12,aryne_4498,O=c1c#cn2occc(=O)n12
4498,arene_4107,O=c1[nH]c(=O)c2cc[nH]c2[nH]1,aryne_4499,O=c1[nH]c(=O)c2c#c[nH]c2[nH]1
4499,arene_4108,O=c1[nH]c(=O)n2cc[nH]nc-2c1=O,aryne_4500,O=c1[nH]c(=O)n2c#c[nH]nc-2c1=O
4500,arene_4109,O=c1occc2ccnnc12,aryne_4501,O=c1oc#cc2ccnnc12
4501,arene_4109,O=c1occc2ccnnc12,aryne_4502,O=c1occc2c#cnnc12
4502,arene_4110,O=c1ccn2ccc(=O)c(=O)n2s1,aryne_4503,O=c1c#cn2ccc(=O)c(=O)n2s1
4503,arene_4110,O=c1ccn2ccc(=O)c(=O)n2s1,aryne_4504,O=c1ccn2c#cc(=O)c(=O)n2s1
4504,arene_4111,O=c1nnc2n[nH]ccn-2c1=O,aryne_4505,O=c1nnc2n[nH]c#cn-2c1=O
4505,arene_4112,c1cn2occsc-2co1,aryne_4506,c1occ2sccon-2c#1
4506,arene_4112,c1cn2occsc-2co1,aryne_4507,c1on2ccocc-2sc#1
4507,arene_4113,O=c1[nH]c2c(=O)sccc2c(=O)s1,aryne_4508,O=c1[nH]c2c(=O)sc#cc2c(=O)s1
4508,arene_4114,O=c1[nH]c(=O)n2ccscc-2c1=O,aryne_4509,O=c1[nH]c(=O)n2c#cscc-2c1=O
4509,arene_4116,O=c1ccc2ncoc2o1,aryne_4510,O=c1c#cc2ncoc2o1
4510,arene_4117,O=c1cc[nH]c2ccoc(=O)c12,aryne_4511,O=c1c#c[nH]c2ccoc(=O)c12
4511,arene_4117,O=c1cc[nH]c2ccoc(=O)c12,aryne_4512,O=c1cc[nH]c2c#coc(=O)c12
4512,arene_4118,O=c1[nH]ccc2cnsc12,aryne_4513,O=c1[nH]c#cc2cnsc12
4513,arene_4119,O=c1ncn2occn2c1=O,aryne_4514,O=c1ncn2oc#cn2c1=O
4514,arene_4120,O=c1sc2coccn-2c(=O)c1=O,aryne_4515,O=c1sc2coc#cn-2c(=O)c1=O
4515,arene_4121,O=c1sc2ccsc(=O)c2sc1=O,aryne_4516,O=c1sc2c#csc(=O)c2sc1=O
4516,arene_4122,c1cn2sccsn2cn1,aryne_4517,c1ncn2sccsn2c#1
4517,arene_4122,c1cn2sccsn2cn1,aryne_4518,c1sn2ccncn2sc#1
4518,arene_4123,O=c1nnn2ccnc2[nH]1,aryne_4519,O=c1nnn2c#cnc2[nH]1
4519,arene_4124,O=c1nnsc2ccsc(=O)c12,aryne_4520,O=c1nnsc2c#csc(=O)c12
4520,arene_4125,O=c1[nH]c(=O)c2occc(=O)c2o1,aryne_4521,O=c1[nH]c(=O)c2oc#cc(=O)c2o1
4521,arene_4126,O=c1ccoc2cccnc12,aryne_4522,O=c1c#coc2cccnc12
4522,arene_4126,O=c1ccoc2cccnc12,aryne_4523,O=c1ccoc2c#ccnc12
4523,arene_4126,O=c1ccoc2cccnc12,aryne_4524,O=c1ccoc2cc#cnc12
4524,arene_4127,O=c1cc2cc[nH]n2cn1,aryne_4525,O=c1cc2c#c[nH]n2cn1
4525,arene_4128,O=c1occn2c(=O)nncc12,aryne_4526,O=c1oc#cn2c(=O)nncc12
4526,arene_4129,O=c1ccn2onnc(=O)c2n1,aryne_4527,O=c1c#cn2onnc(=O)c2n1
4527,arene_4130,O=c1ccn2c(=O)c(=O)nnn2[nH]1,aryne_4528,O=c1c#cn2c(=O)c(=O)nnn2[nH]1
4528,arene_4131,O=c1nnn2[nH]ccon2[nH]1,aryne_4529,O=c1nnn2[nH]c#con2[nH]1
4529,arene_4132,O=c1occn2c(=O)ncnc12,aryne_4530,O=c1oc#cn2c(=O)ncnc12
4530,arene_4133,O=c1nc2c(=O)cc[nH]n2c(=O)[nH]1,aryne_4531,O=c1nc2c(=O)c#c[nH]n2c(=O)[nH]1
4531,arene_4134,O=c1nnn2c(=O)sccc2n1,aryne_4532,O=c1nnn2c(=O)sc#cc2n1
4532,arene_4135,O=c1cc2cc[nH]n2c(=O)[nH]1,aryne_4533,O=c1cc2c#c[nH]n2c(=O)[nH]1
4533,arene_4136,O=c1ccn2scnc(=O)c2c1,aryne_4534,O=c1c#cn2scnc(=O)c2c1
4534,arene_4137,O=c1ccn2cnocc-2c1=O,aryne_4535,O=c1c#cn2cnocc-2c1=O
4535,arene_4138,O=c1nnc(=O)n2nnccn12,aryne_4536,O=c1nnc(=O)n2nnc#cn12
4536,arene_4139,O=c1[nH]nc2ccoc(=O)n2c1=O,aryne_4537,O=c1[nH]nc2c#coc(=O)n2c1=O
4537,arene_4140,O=c1ccc2onnoc1=2,aryne_4538,O=c1c#cc2onnoc1=2
4538,arene_4141,c1cc2[nH]ncc2nn1,aryne_4539,c1nnc2cn[nH]c2c#1
4539,arene_4142,O=c1ncsc2ncccc12,aryne_4540,O=c1ncsc2nc#ccc12
4540,arene_4142,O=c1ncsc2ncccc12,aryne_4541,O=c1ncsc2ncc#cc12
4541,arene_4143,O=c1ccn2ncsnc1-2,aryne_4542,O=c1c#cn2ncsnc1-2
4542,arene_4144,c1c[nH]c2scc[nH]c=2[nH]1,aryne_4543,c1[nH]c2[nH]ccsc=2[nH]c#1
4543,arene_4144,c1c[nH]c2scc[nH]c=2[nH]1,aryne_4544,c1[nH]c2[nH]cc[nH]c=2sc#1
4544,arene_4145,O=c1oc2nccc(=O)n2s1,aryne_4545,O=c1oc2nc#cc(=O)n2s1
4545,arene_4146,O=c1ccc2sc(=O)c(=O)[nH]c2s1,aryne_4546,O=c1c#cc2sc(=O)c(=O)[nH]c2s1
4546,arene_4147,O=c1ccn2c(=O)occn12,aryne_4547,O=c1occn2c(=O)c#cn12
4547,arene_4147,O=c1ccn2c(=O)occn12,aryne_4548,O=c1ccn2c(=O)oc#cn12
4548,arene_4148,O=c1ncsc2c(=O)ccoc12,aryne_4549,O=c1ncsc2c(=O)c#coc12
4549,arene_4149,O=c1oc2cnccc2c(=O)s1,aryne_4550,O=c1oc2cnc#cc2c(=O)s1
4550,arene_4150,O=c1ccc2ccoc(=O)c2s1,aryne_4551,O=c1c#cc2ccoc(=O)c2s1
4551,arene_4150,O=c1ccc2ccoc(=O)c2s1,aryne_4552,O=c1ccc2c#coc(=O)c2s1
4552,arene_4151,O=c1ccn2[nH]nnn2c1=O,aryne_4553,O=c1c#cn2[nH]nnn2c1=O
4553,arene_4152,O=c1cnc(=O)n2cconc1-2,aryne_4554,O=c1cnc(=O)n2c#conc1-2
4554,arene_4153,O=c1scc2ccoc(=O)n2c1=O,aryne_4555,O=c1scc2c#coc(=O)n2c1=O
4555,arene_4154,c1cc2nncn2o1,aryne_4556,c1on2cnnc2c#1
4556,arene_4155,O=c1ccc2[nH]cnc2[nH]1,aryne_4557,O=c1c#cc2[nH]cnc2[nH]1
4557,arene_4156,O=c1sc2sccoc=2c(=O)c1=O,aryne_4558,O=c1sc2sc#coc=2c(=O)c1=O
4558,arene_4157,O=c1[nH]n2c(=O)ccnc2c(=O)o1,aryne_4559,O=c1[nH]n2c(=O)c#cnc2c(=O)o1
4559,arene_4158,O=c1ncon2cccc12,aryne_4560,O=c1ncon2c#ccc12
4560,arene_4159,c1csn2snnn2o1,aryne_4561,c1on2nnsn2sc#1
4561,arene_4160,O=c1ocnc2occc12,aryne_4562,O=c1ocnc2oc#cc12
4562,arene_4161,O=c1ccc2n[nH]nc2[nH]1,aryne_4563,O=c1c#cc2n[nH]nc2[nH]1
4563,arene_4162,O=c1c(=O)n2occsn2c1=O,aryne_4564,O=c1c(=O)n2oc#csn2c1=O
4564,arene_4163,O=c1cnc(=O)n2ccsnc1-2,aryne_4565,O=c1cnc(=O)n2c#csnc1-2
4565,arene_4165,O=c1ccn2[nH]c(=O)c(=O)sc2c1,aryne_4566,O=c1c#cn2[nH]c(=O)c(=O)sc2c1
4566,arene_4166,O=c1ccn2[nH]c(=O)oc2n1,aryne_4567,O=c1c#cn2[nH]c(=O)oc2n1
4567,arene_4167,c1ccnnc1,aryne_4568,c1cnncc#1
4568,arene_4167,c1ccnnc1,aryne_4569,c1ccnnc#1
4569,arene_4168,O=c1cc[nH]n2c(=O)scc12,aryne_4570,O=c1c#c[nH]n2c(=O)scc12
4570,arene_4169,O=c1sc(=O)c2c(=O)[nH]ccc2s1,aryne_4571,O=c1sc(=O)c2c(=O)[nH]c#cc2s1
4571,arene_4170,O=c1cnn2ccc(=O)c(=O)n2[nH]1,aryne_4572,O=c1cnn2c#cc(=O)c(=O)n2[nH]1
4572,arene_4171,O=c1occc2coc(=O)n12,aryne_4573,O=c1oc#cc2coc(=O)n12
4573,arene_4172,O=c1snc2c(=O)cc[nH]n2c1=O,aryne_4574,O=c1snc2c(=O)c#c[nH]n2c1=O
4574,arene_4173,c1coc2sncsc=2[nH]1,aryne_4575,c1[nH]c2scnsc=2oc#1
4575,arene_4176,O=c1[nH]nc2c(=O)sccn2c1=O,aryne_4576,O=c1[nH]nc2c(=O)sc#cn2c1=O
4576,arene_4177,c1cnc2oncc2n1,aryne_4577,c1nc2cnoc2nc#1
4577,arene_4178,c1cnn2cncc2c1,aryne_4578,c1cnn2cncc2c#1
4578,arene_4179,O=c1[nH]c2ccncc2sc1=O,aryne_4579,O=c1[nH]c2c#cncc2sc1=O
4579,arene_4180,O=c1nc2[nH]ccc2no1,aryne_4580,O=c1nc2[nH]c#cc2no1
4580,arene_4181,O=c1ccn2[nH]c(=O)oc(=O)c2c1,aryne_4581,O=c1c#cn2[nH]c(=O)oc(=O)c2c1
4581,arene_4182,O=c1cnn2nnccn2c1=O,aryne_4582,O=c1cnn2nnc#cn2c1=O
4582,arene_4183,O=c1nc2ccoc(=O)n2c(=O)[nH]1,aryne_4583,O=c1nc2c#coc(=O)n2c(=O)[nH]1
4583,arene_4184,O=c1ccc(=O)n2cnonc1-2,aryne_4584,O=c1c#cc(=O)n2cnonc1-2
4584,arene_4185,O=c1nc2cc[nH]n2c(=O)[nH]1,aryne_4585,O=c1nc2c#c[nH]n2c(=O)[nH]1
4585,arene_4186,O=c1ccon2[nH]ccsn12,aryne_4586,O=c1c#con2[nH]ccsn12
4586,arene_4186,O=c1ccon2[nH]ccsn12,aryne_4587,O=c1ccon2[nH]c#csn12
4587,arene_4188,c1con2[nH]ccn2[nH]1,aryne_4588,c1[nH]n2cc[nH]n2oc#1
4588,arene_4188,c1con2[nH]ccn2[nH]1,aryne_4589,c1[nH]n2occ[nH]n2c#1
4589,arene_4189,O=c1[nH]c(=O)c2c(=O)sccc2[nH]1,aryne_4590,O=c1[nH]c(=O)c2c(=O)sc#cc2[nH]1
4590,arene_4190,O=c1ccn2c(=O)sc(=O)cc2[nH]1,aryne_4591,O=c1c#cn2c(=O)sc(=O)cc2[nH]1
4591,arene_4191,O=c1[nH]n2c(=O)ccn2sc1=O,aryne_4592,O=c1[nH]n2c(=O)c#cn2sc1=O
4592,arene_4192,c1n[nH]c2sccsc=2[nH]1,aryne_4593,c1sc2[nH]cn[nH]c=2sc#1
4593,arene_4193,O=c1ccn2[nH]nnc(=O)c2c1,aryne_4594,O=c1c#cn2[nH]nnc(=O)c2c1
4594,arene_4194,O=c1cc[nH]c2ncnc(=O)n12,aryne_4595,O=c1c#c[nH]c2ncnc(=O)n12
4595,arene_4195,O=c1ccn2cncnc2c1,aryne_4596,O=c1c#cn2cncnc2c1
4596,arene_4196,O=c1ccn2cnoc(=O)n12,aryne_4597,O=c1c#cn2cnoc(=O)n12
4597,arene_4197,O=c1sc(=O)c2ccncc2s1,aryne_4598,O=c1sc(=O)c2c#cncc2s1
4598,arene_4198,O=c1oc2sccc2sc1=O,aryne_4599,O=c1oc2sc#cc2sc1=O
4599,arene_4199,O=c1[nH]c2occoc=2c1=O,aryne_4600,O=c1[nH]c2oc#coc=2c1=O
4600,arene_4200,c1cn2nnnnc2n1,aryne_4601,c1nc2nnnnn2c#1
4601,arene_4201,O=c1ccc2sncc2o1,aryne_4602,O=c1c#cc2sncc2o1
4602,arene_4202,O=c1[nH]n2sccn2c1=O,aryne_4603,O=c1[nH]n2sc#cn2c1=O
4603,arene_4203,c1cn2ocnoc-2co1,aryne_4604,c1occ2oncon-2c#1
4604,arene_4204,O=c1cnoc2nccnc12,aryne_4605,O=c1cnoc2nc#cnc12
4605,arene_4205,O=c1ccn2c(=O)[nH]c(=O)sc2c1,aryne_4606,O=c1c#cn2c(=O)[nH]c(=O)sc2c1
4606,arene_4206,O=c1occc2ccoc12,aryne_4607,O=c1oc#cc2ccoc12
4607,arene_4206,O=c1occc2ccoc12,aryne_4608,O=c1occc2c#coc12
4608,arene_4207,O=c1on2ccnc2sc1=O,aryne_4609,O=c1on2c#cnc2sc1=O
4609,arene_4208,O=c1ccnc2[nH]ccn12,aryne_4610,O=c1c#cnc2[nH]ccn12
4610,arene_4208,O=c1ccnc2[nH]ccn12,aryne_4611,O=c1ccnc2[nH]c#cn12
4611,arene_4209,c1cn2[nH]nnon2[nH]1,aryne_4612,c1[nH]n2onn[nH]n2c#1
4612,arene_4210,O=c1[nH]c2nccnc2sc1=O,aryne_4613,O=c1[nH]c2nc#cnc2sc1=O
4613,arene_4211,O=c1ccn2nnonc1-2,aryne_4614,O=c1c#cn2nnonc1-2
4614,arene_4212,O=c1ncn2cnccc2n1,aryne_4615,O=c1ncn2cnc#cc2n1
4615,arene_4213,O=c1nc2sccc(=O)c2ns1,aryne_4616,O=c1nc2sc#cc(=O)c2ns1
4616,arene_4214,O=c1ncn2ccon2c1=O,aryne_4617,O=c1ncn2c#con2c1=O
4617,arene_4215,O=c1ccn2[nH]nnon2s1,aryne_4618,O=c1c#cn2[nH]nnon2s1
4618,arene_4216,O=c1cc2ccsc(=O)n2c(=O)[nH]1,aryne_4619,O=c1cc2c#csc(=O)n2c(=O)[nH]1
4619,arene_4217,O=c1[nH]ccn2c(=O)ccnc12,aryne_4620,O=c1[nH]c#cn2c(=O)ccnc12
4620,arene_4217,O=c1[nH]ccn2c(=O)ccnc12,aryne_4621,O=c1[nH]ccn2c(=O)c#cnc12
4621,arene_4218,c1cn2snnsn2cn1,aryne_4622,c1ncn2snnsn2c#1
4622,arene_4219,O=c1[nH]ccn2sncon12,aryne_4623,O=c1[nH]c#cn2sncon12
4623,arene_4220,O=c1[nH]ccn2cnnc12,aryne_4624,O=c1[nH]c#cn2cnnc12
4624,arene_4221,O=c1cnoc2c(=O)sccc12,aryne_4625,O=c1cnoc2c(=O)sc#cc12
4625,arene_4222,O=c1cncc2ncccn12,aryne_4626,O=c1cncc2ncc#cn12
4626,arene_4223,O=c1nc[nH]n2ccnc12,aryne_4627,O=c1nc[nH]n2c#cnc12
4627,arene_4224,c1con2cnnnn2[nH]1,aryne_4628,c1[nH]n2nnncn2oc#1
4628,arene_4225,O=c1ccc(=O)c2c(=O)[nH]c(=O)c1=2,aryne_4629,O=c1c#cc(=O)c2c(=O)[nH]c(=O)c1=2
4629,arene_4226,O=c1[nH]ccc2cnnnc12,aryne_4630,O=c1[nH]c#cc2cnnnc12
4630,arene_4228,O=c1[nH]c2c(=O)cc[nH]c2oc1=O,aryne_4631,O=c1[nH]c2c(=O)c#c[nH]c2oc1=O
4631,arene_4229,O=c1ccc2oc(=O)c(=O)[nH]c2o1,aryne_4632,O=c1c#cc2oc(=O)c(=O)[nH]c2o1
4632,arene_4230,O=c1[nH]ccc2cn[nH]c(=O)c12,aryne_4633,O=c1[nH]c#cc2cn[nH]c(=O)c12
4633,arene_4231,c1coc2[nH]nn[nH]c=2o1,aryne_4634,c1oc2[nH]nn[nH]c=2oc#1
4634,arene_4232,O=c1ccnc2occc(=O)n12,aryne_4635,O=c1c#cnc2occc(=O)n12
4635,arene_4232,O=c1ccnc2occc(=O)n12,aryne_4636,O=c1c#coc2nccc(=O)n12
4636,arene_4233,O=c1cc2ccc(=O)sn2c(=O)s1,aryne_4637,O=c1c#cc2cc(=O)sc(=O)n2s1
4637,arene_4234,O=c1ccc2cnc(=O)sc2s1,aryne_4638,O=c1c#cc2cnc(=O)sc2s1
4638,arene_4235,O=c1ccn2c(=O)oc(=O)sc2n1,aryne_4639,O=c1c#cn2c(=O)oc(=O)sc2n1
4639,arene_4236,O=c1cnc2occoc1=2,aryne_4640,O=c1cnc2oc#coc1=2
4640,arene_4237,c1nn2occoc-2co1,aryne_4641,c1oc2cocnn-2oc#1
4641,arene_4238,O=c1cc2ccncc2n[nH]1,aryne_4642,O=c1cc2c#cncc2n[nH]1
4642,arene_4239,O=c1[nH]c2c(=O)sccc2oc1=O,aryne_4643,O=c1[nH]c2c(=O)sc#cc2oc1=O
4643,arene_4240,O=c1ccc2c(=O)sncc2s1,aryne_4644,O=c1c#cc2c(=O)sncc2s1
4644,arene_4241,O=c1snc2nnccn2c1=O,aryne_4645,O=c1snc2nnc#cn2c1=O
4645,arene_4242,c1coc2onn[nH]c=2o1,aryne_4646,c1oc2[nH]nnoc=2oc#1
4646,arene_4243,c1cnn2[nH]ccon2c1,aryne_4647,c1cnn2[nH]ccon2c#1
4647,arene_4243,c1cnn2[nH]ccon2c1,aryne_4648,c1[nH]n2ncccn2oc#1
4648,arene_4244,O=c1ncsn2c(=O)cccc12,aryne_4649,O=c1ncsn2c(=O)c#ccc12
4649,arene_4245,O=c1ccn2ccnnc2c1,aryne_4650,O=c1c#cn2ccnnc2c1
4650,arene_4245,O=c1ccn2ccnnc2c1,aryne_4651,O=c1ccn2c#cnnc2c1
4651,arene_4246,O=c1ccc2ncnn2o1,aryne_4652,O=c1c#cc2ncnn2o1
4652,arene_4247,O=c1cc[nH]n2ccc(=O)n12,aryne_4653,O=c1c#c[nH]n2ccc(=O)n12
4653,arene_4247,O=c1cc[nH]n2ccc(=O)n12,aryne_4654,O=c1c#cn2[nH]ccc(=O)n12
4654,arene_4248,O=c1ccc2nnnnc2o1,aryne_4655,O=c1c#cc2nnnnc2o1
4655,arene_4249,c1cnc2ccncc2c1,aryne_4656,c1cc2cnccc2nc#1
4656,arene_4249,c1cnc2ccncc2c1,aryne_4657,c1cnc2ccncc2c#1
4657,arene_4249,c1cnc2ccncc2c1,aryne_4658,c1ncc2cccnc2c#1
4658,arene_4250,O=c1ncn2cccnn12,aryne_4659,O=c1ncn2c#ccnn12
4659,arene_4252,O=c1ccc2c(=O)nnoc2[nH]1,aryne_4660,O=c1c#cc2c(=O)nnoc2[nH]1
4660,arene_4253,O=c1[nH]c(=O)n2cconc1-2,aryne_4661,O=c1[nH]c(=O)n2c#conc1-2
4661,arene_4254,O=c1ccsc2nnoc(=O)c12,aryne_4662,O=c1c#csc2nnoc(=O)c12
4662,arene_4255,O=c1occc2nnnnc12,aryne_4663,O=c1oc#cc2nnnnc12
4663,arene_4256,O=c1ccc2ncc(=O)c1=2,aryne_4664,O=c1c#cc2ncc(=O)c1=2
4664,arene_4257,O=c1ccoc2n[nH]cc12,aryne_4665,O=c1c#coc2n[nH]cc12
4665,arene_4258,O=c1cn[nH]c2ccccc12,aryne_4666,O=c1cn[nH]c2c#cccc12
4666,arene_4258,O=c1cn[nH]c2ccccc12,aryne_4667,O=c1cn[nH]c2cc#ccc12
4667,arene_4258,O=c1cn[nH]c2ccccc12,aryne_4668,O=c1cn[nH]c2ccc#cc12
4668,arene_4259,O=c1nn[nH]n2[nH]cc[nH]n12,aryne_4669,O=c1nn[nH]n2[nH]c#c[nH]n12
4669,arene_4260,O=c1oc(=O)c2c(=O)[nH]ccc2o1,aryne_4670,O=c1oc(=O)c2c(=O)[nH]c#cc2o1
4670,arene_4261,O=c1nnc(=O)n2cc[nH]nc1-2,aryne_4671,O=c1nnc(=O)n2c#c[nH]nc1-2
4671,arene_4262,O=c1nnn2occc(=O)n2c1=O,aryne_4672,O=c1nnn2oc#cc(=O)n2c1=O
4672,arene_4263,O=c1ccc2csnc2s1,aryne_4673,O=c1c#cc2csnc2s1
4673,arene_4264,c1cn2[nH]cnsn2cn1,aryne_4674,c1ncn2snc[nH]n2c#1
4674,arene_4265,O=c1[nH]nc2sccc(=O)n2c1=O,aryne_4675,O=c1[nH]nc2sc#cc(=O)n2c1=O
4675,arene_4266,c1cc2snnc2nn1,aryne_4676,c1nnc2nnsc2c#1
4676,arene_4267,c1cc2ncoc2[nH]1,aryne_4677,c1[nH]c2ocnc2c#1
4677,arene_4268,O=c1[nH]n2occsn2[nH]1,aryne_4678,O=c1[nH]n2oc#csn2[nH]1
4678,arene_4269,c1csc2cscnn-2o1,aryne_4679,c1on2ncscc-2sc#1
4679,arene_4270,O=c1ccoc2onnc12,aryne_4680,O=c1c#coc2onnc12
4680,arene_4271,O=c1ccn2[nH]c(=O)[nH]c(=O)c2n1,aryne_4681,O=c1c#cn2[nH]c(=O)[nH]c(=O)c2n1
4681,arene_4272,O=c1[nH]c(=O)c2ccsc(=O)c2[nH]1,aryne_4682,O=c1[nH]c(=O)c2c#csc(=O)c2[nH]1
4682,arene_4273,O=c1ccn2c(=O)[nH]c(=O)sc2n1,aryne_4683,O=c1c#cn2c(=O)[nH]c(=O)sc2n1
4683,arene_4274,O=c1ccc2[nH]cnsc1=2,aryne_4684,O=c1c#cc2[nH]cnsc1=2
4684,arene_4275,O=c1ccc2nnoc(=O)c2[nH]1,aryne_4685,O=c1c#cc2nnoc(=O)c2[nH]1
4685,arene_4276,c1cn2scnsc-2n[nH]1,aryne_4686,c1[nH]nc2sncsn-2c#1
4686,arene_4277,O=c1cccc2nc[nH]c(=O)n12,aryne_4687,O=c1c#ccc2nc[nH]c(=O)n12
4687,arene_4279,O=c1cnn2sc(=O)ccc2n1,aryne_4688,O=c1cnn2sc(=O)c#cc2n1
4688,arene_4280,O=c1[nH]c2nccc(=O)n2[nH]1,aryne_4689,O=c1[nH]c2nc#cc(=O)n2[nH]1
4689,arene_4281,O=c1sccc2nccn12,aryne_4690,O=c1sc#cc2nccn12
4690,arene_4281,O=c1sccc2nccn12,aryne_4691,O=c1sccc2nc#cn12
4691,arene_4282,c1csn2cnonc-2[nH]1,aryne_4692,c1[nH]c2noncn-2sc#1
4692,arene_4283,O=c1ccc2cc(=O)c(=O)nc1-2,aryne_4693,O=c1c#cc2cc(=O)c(=O)nc1-2
4693,arene_4284,O=c1ccn2[nH]c(=O)sc(=O)c2n1,aryne_4694,O=c1c#cn2[nH]c(=O)sc(=O)c2n1
4694,arene_4285,O=c1[nH]cnn2[nH]cc[nH]n12,aryne_4695,O=c1[nH]cnn2[nH]c#c[nH]n12
4695,arene_4286,O=c1oc(=O)c(=O)n2ccscc1-2,aryne_4696,O=c1oc(=O)c(=O)n2c#cscc1-2
4696,arene_4287,c1cn2scnoc-2ns1,aryne_4697,c1snc2oncsn-2c#1
4697,arene_4288,O=c1cc2occc(=O)c2co1,aryne_4698,O=c1cc2oc#cc(=O)c2co1
4698,arene_4289,O=c1ccc2ccnnc2[nH]1,aryne_4699,O=c1c#cc2ccnnc2[nH]1
4699,arene_4289,O=c1ccc2ccnnc2[nH]1,aryne_4700,O=c1ccc2c#cnnc2[nH]1
4700,arene_4290,O=c1cncc2cnccn12,aryne_4701,O=c1cncc2cnc#cn12
4701,arene_4291,c1ccn2ocn[nH]n2c1,aryne_4702,c1ccn2ocn[nH]n2c#1
4702,arene_4291,c1ccn2ocn[nH]n2c1,aryne_4703,c1ccn2[nH]ncon2c#1
4703,arene_4292,O=c1nc2c(=O)[nH]ccc2no1,aryne_4704,O=c1nc2c(=O)[nH]c#cc2no1
4704,arene_4293,O=c1cnn2cc[nH]cc1-2,aryne_4705,O=c1cnn2c#c[nH]cc1-2
4705,arene_4294,O=c1ccc2scnc2[nH]1,aryne_4706,O=c1c#cc2scnc2[nH]1
4706,arene_4295,O=c1cnc2c(=O)occc2[nH]1,aryne_4707,O=c1cnc2c(=O)oc#cc2[nH]1
4707,arene_4296,O=c1ccc2n[nH]c(=O)c(=O)n2[nH]1,aryne_4708,O=c1c#cc2n[nH]c(=O)c(=O)n2[nH]1
4708,arene_4298,O=c1oc(=O)c2cccnc2s1,aryne_4709,O=c1oc(=O)c2c#ccnc2s1
4709,arene_4298,O=c1oc(=O)c2cccnc2s1,aryne_4710,O=c1oc(=O)c2cc#cnc2s1
4710,arene_4299,c1cn2ocnoc-2no1,aryne_4711,c1onc2oncon-2c#1
4711,arene_4300,O=c1ccc(=O)n2c(=O)oncn12,aryne_4712,O=c1c#cc(=O)n2c(=O)oncn12
4712,arene_4301,O=c1ccn2c(=O)[nH]c(=O)[nH]c2c1,aryne_4713,O=c1c#cn2c(=O)[nH]c(=O)[nH]c2c1
4713,arene_4302,O=c1oc(=O)c(=O)n2ccsnc1-2,aryne_4714,O=c1oc(=O)c(=O)n2c#csnc1-2
4714,arene_4303,O=c1cc2ccnnn2c(=O)o1,aryne_4715,O=c1cc2c#cnnn2c(=O)o1
4715,arene_4304,O=c1ccn2c(=O)oc(=O)nc2o1,aryne_4716,O=c1c#cn2c(=O)oc(=O)nc2o1
4716,arene_4305,O=c1cc[nH]c2c[nH]c(=O)n12,aryne_4717,O=c1c#c[nH]c2c[nH]c(=O)n12
4717,arene_4306,O=c1cc2ccc(=O)on2c(=O)[nH]1,aryne_4718,O=c1cc2c#cc(=O)on2c(=O)[nH]1
4718,arene_4307,O=c1ccn2snnsn2[nH]1,aryne_4719,O=c1c#cn2snnsn2[nH]1
4719,arene_4308,O=c1ncc2ccccc2[nH]1,aryne_4720,O=c1ncc2c#cccc2[nH]1
4720,arene_4308,O=c1ncc2ccccc2[nH]1,aryne_4721,O=c1ncc2cc#ccc2[nH]1
4721,arene_4308,O=c1ncc2ccccc2[nH]1,aryne_4722,O=c1ncc2ccc#cc2[nH]1
4722,arene_4309,c1nsc2occoc=2[nH]1,aryne_4723,c1oc2[nH]cnsc=2oc#1
4723,arene_4310,O=c1ccnc2ncsc(=O)n12,aryne_4724,O=c1c#cnc2ncsc(=O)n12
4724,arene_4311,O=c1ccn2c(=O)sc(=O)c(=O)n2[nH]1,aryne_4725,O=c1c#cn2c(=O)sc(=O)c(=O)n2[nH]1
4725,arene_4312,O=c1[nH]c(=O)c2ccccc2o1,aryne_4726,O=c1[nH]c(=O)c2c#cccc2o1
4726,arene_4312,O=c1[nH]c(=O)c2ccccc2o1,aryne_4727,O=c1[nH]c(=O)c2cc#ccc2o1
4727,arene_4312,O=c1[nH]c(=O)c2ccccc2o1,aryne_4728,O=c1[nH]c(=O)c2ccc#cc2o1
4728,arene_4313,c1cc2ccoc2cn1,aryne_4729,c1ncc2occc2c#1
4729,arene_4313,c1cc2ccoc2cn1,aryne_4730,c1oc2cnccc2c#1
4730,arene_4314,O=c1ccn2c(=O)c(=O)c(=O)on2s1,aryne_4731,O=c1c#cn2c(=O)c(=O)c(=O)on2s1
4731,arene_4315,O=c1sc2cccn2s1,aryne_4732,O=c1sc2cc#cn2s1
4732,arene_4316,O=c1ccoc2nncnc12,aryne_4733,O=c1c#coc2nncnc12
4733,arene_4317,c1ccc2c(c1)[nH]c1ccccc12,aryne_4734,c1cc2[nH]c3ccccc3c2cc#1
4734,arene_4317,c1ccc2c(c1)[nH]c1ccccc12,aryne_4735,c1ccc2c(c#1)[nH]c1ccccc12
4735,arene_4317,c1ccc2c(c1)[nH]c1ccccc12,aryne_4736,c1ccc2[nH]c3ccccc3c2c#1
4736,arene_4318,O=c1[nH]c(=O)c2[nH]ccc(=O)c2o1,aryne_4737,O=c1[nH]c(=O)c2[nH]c#cc(=O)c2o1
4737,arene_4319,c1cnn2[nH]cn[nH]n2c1,aryne_4738,c1cnn2[nH]cn[nH]n2c#1
4738,arene_4320,O=c1ccn2nnnnn2c1=O,aryne_4739,O=c1c#cn2nnnnn2c1=O
4739,arene_4321,O=c1ccoc2cocc12,aryne_4740,O=c1c#coc2cocc12
4740,arene_4322,O=c1ccn2sncn2c1=O,aryne_4741,O=c1c#cn2sncn2c1=O
4741,arene_4323,O=c1ncn2c(=O)sccn12,aryne_4742,O=c1ncn2c(=O)sc#cn12
4742,arene_4324,O=c1nc2cccnc2cs1,aryne_4743,O=c1nc2c#ccnc2cs1
4743,arene_4325,O=c1ccon2occon12,aryne_4744,O=c1c#con2occon12
4744,arene_4325,O=c1ccon2occon12,aryne_4745,O=c1ccon2oc#con12
4745,arene_4326,O=c1ccn2nnoc(=O)c2c1,aryne_4746,O=c1c#cn2nnoc(=O)c2c1
4746,arene_4327,O=c1cn[nH]c2ccsc12,aryne_4747,O=c1cn[nH]c2c#csc12
4747,arene_4328,c1cn2occon2nn1,aryne_4748,c1nnn2occon2c#1
4748,arene_4328,c1cn2occon2nn1,aryne_4749,c1on2ccnnn2oc#1
4749,arene_4329,c1csn2sccn2s1,aryne_4750,c1sn2ccsn2sc#1
4750,arene_4329,c1csn2sccn2s1,aryne_4751,c1sn2sccsn2c#1
4751,arene_4330,O=c1cc2ccnnc2c[nH]1,aryne_4752,O=c1cc2c#cnnc2c[nH]1
4752,arene_4331,O=c1oc2c(=O)sccc2c(=O)s1,aryne_4753,O=c1oc2c(=O)sc#cc2c(=O)s1
4753,arene_4332,O=c1cc[nH]c2nncc(=O)n12,aryne_4754,O=c1c#c[nH]c2nncc(=O)n12
4754,arene_4334,O=c1ccn2ncc(=O)c(=O)n2[nH]1,aryne_4755,O=c1c#cn2ncc(=O)c(=O)n2[nH]1
4755,arene_4335,O=c1ccc2cnnc(=O)n2[nH]1,aryne_4756,O=c1c#cc2cnnc(=O)n2[nH]1
4756,arene_4336,O=c1[nH]c2sccc(=O)c2[nH]1,aryne_4757,O=c1[nH]c2sc#cc(=O)c2[nH]1
4757,arene_4337,O=c1scc2nnccn2c1=O,aryne_4758,O=c1scc2nnc#cn2c1=O
4758,arene_4338,O=c1[nH]c(=O)c2ccnnc2s1,aryne_4759,O=c1[nH]c(=O)c2c#cnnc2s1
4759,arene_4339,O=c1cnn2cccnc2n1,aryne_4760,O=c1cnn2c#ccnc2n1
4760,arene_4340,O=c1oc2[nH]ccc(=O)c2c(=O)s1,aryne_4761,O=c1oc2[nH]c#cc(=O)c2c(=O)s1
4761,arene_4341,O=c1sc(=O)n2ccsn2c1=O,aryne_4762,O=c1sc(=O)n2c#csn2c1=O
4762,arene_4342,O=c1ocnn2c(=O)cccc12,aryne_4763,O=c1ocnn2c(=O)c#ccc12
4763,arene_4343,O=c1nnc2ncccc2o1,aryne_4764,O=c1nnc2nc#ccc2o1
4764,arene_4343,O=c1nnc2ncccc2o1,aryne_4765,O=c1nnc2ncc#cc2o1
4765,arene_4344,c1cn2ncsc2n1,aryne_4766,c1nc2scnn2c#1
4766,arene_4345,O=c1[nH]c(=O)c2ccc(=O)oc2[nH]1,aryne_4767,O=c1[nH]c(=O)c2c#cc(=O)oc2[nH]1
4767,arene_4347,O=c1ccon2c(=O)[nH]cc12,aryne_4768,O=c1c#con2c(=O)[nH]cc12
4768,arene_4348,O=c1ccn2sncc2n1,aryne_4769,O=c1c#cn2sncc2n1
4769,arene_4349,O=c1cncc2[nH]ccn12,aryne_4770,O=c1cncc2[nH]c#cn12
4770,arene_4350,O=c1on2occsn2c(=O)s1,aryne_4771,O=c1on2oc#csn2c(=O)s1
4771,arene_4351,O=c1onc2ccccn12,aryne_4772,O=c1onc2c#cccn12
4772,arene_4351,O=c1onc2ccccn12,aryne_4773,O=c1onc2ccc#cn12
4773,arene_4352,O=c1ccn2cn[nH]c2n1,aryne_4774,O=c1c#cn2cn[nH]c2n1
4774,arene_4353,O=c1cnc(=O)c2sccoc1=2,aryne_4775,O=c1cnc(=O)c2sc#coc1=2
4775,arene_4354,O=c1ccc2csc(=O)c(=O)n2o1,aryne_4776,O=c1c#cc2csc(=O)c(=O)n2o1
4776,arene_4355,O=c1ccc(=O)c2nc(=O)c(=O)nc1-2,aryne_4777,O=c1c#cc(=O)c2nc(=O)c(=O)nc1-2
4777,arene_4356,c1ccc2c(c1)sc1ccccc12,aryne_4778,c1cc2sc3ccccc3c2cc#1
4778,arene_4356,c1ccc2c(c1)sc1ccccc12,aryne_4779,c1ccc2c(c#1)sc1ccccc12
4779,arene_4356,c1ccc2c(c1)sc1ccccc12,aryne_4780,c1ccc2sc3ccccc3c2c#1
4780,arene_4357,c1ccc2[nH]ccc2c1,aryne_4781,c1cc2cc[nH]c2cc#1
4781,arene_4357,c1ccc2[nH]ccc2c1,aryne_4782,c1ccc2[nH]ccc2c#1
4782,arene_4357,c1ccc2[nH]ccc2c1,aryne_4783,c1ccc2cc[nH]c2c#1
4783,arene_4357,c1ccc2[nH]ccc2c1,aryne_4784,c1[nH]c2ccccc2c#1
4784,arene_4358,c1ccn2snnon2c1,aryne_4785,c1ccn2snnon2c#1
4785,arene_4358,c1ccn2snnon2c1,aryne_4786,c1ccn2onnsn2c#1
4786,arene_4359,O=c1ccn2cnscc-2c1=O,aryne_4787,O=c1c#cn2cnscc-2c1=O
4787,arene_4360,O=c1cc2ccc(=O)sc2c[nH]1,aryne_4788,O=c1cc2c#cc(=O)sc2c[nH]1
4788,arene_4361,O=c1cc2occn2c(=O)o1,aryne_4789,O=c1cc2oc#cn2c(=O)o1
4789,arene_4362,O=c1ccn2nnsc2n1,aryne_4790,O=c1c#cn2nnsc2n1
4790,arene_4363,c1coc2oncoc=2[nH]1,aryne_4791,c1[nH]c2ocnoc=2oc#1
4791,arene_4364,O=c1nc2ccnnn2c(=O)[nH]1,aryne_4792,O=c1nc2c#cnnn2c(=O)[nH]1
4792,arene_4365,O=c1ccc(=O)c(=O)c1=O,aryne_4793,O=c1c#cc(=O)c(=O)c1=O
4793,arene_4366,O=c1ncn2c(=O)cccc2[nH]1,aryne_4794,O=c1ncn2c(=O)c#ccc2[nH]1
4794,arene_4367,O=c1nn[nH]c2ccnnc12,aryne_4795,O=c1nn[nH]c2c#cnnc12
4795,arene_4368,O=c1ccc2ccnn2o1,aryne_4796,O=c1c#cc2ccnn2o1
4796,arene_4369,O=c1ccc2oncsc1=2,aryne_4797,O=c1c#cc2oncsc1=2
4797,arene_4370,O=c1cnn2ccnnn12,aryne_4798,O=c1cnn2c#cnnn12
4798,arene_4371,O=c1sc(=O)n2ccnnn2c1=O,aryne_4799,O=c1sc(=O)n2c#cnnn2c1=O
4799,arene_4372,O=c1cc2c(=O)ccon2c(=O)[nH]1,aryne_4800,O=c1cc2c(=O)c#con2c(=O)[nH]1
4800,arene_4373,O=c1[nH]c2ccoc2[nH]c1=O,aryne_4801,O=c1[nH]c2c#coc2[nH]c1=O
4801,arene_4374,O=c1nnc2ccc(=O)sc2o1,aryne_4802,O=c1nnc2c#cc(=O)sc2o1
4802,arene_4375,O=c1sn2ccccn2c1=O,aryne_4803,O=c1sn2c#cccn2c1=O
4803,arene_4375,O=c1sn2ccccn2c1=O,aryne_4804,O=c1sn2ccc#cn2c1=O
4804,arene_4376,O=c1[nH]c2ccnnc2[nH]c1=O,aryne_4805,O=c1[nH]c2c#cnnc2[nH]c1=O
4805,arene_4377,O=c1oc2cccc(=O)n2o1,aryne_4806,O=c1oc2cc#cc(=O)n2o1
4806,arene_4378,c1cn2snnon2nn1,aryne_4807,c1nnn2onnsn2c#1
4807,arene_4379,O=c1ccc2cnsc2o1,aryne_4808,O=c1c#cc2cnsc2o1
4808,arene_4380,O=c1[nH]n2cc[nH]c(=O)n2c1=O,aryne_4809,O=c1[nH]n2c#c[nH]c(=O)n2c1=O
4809,arene_4381,O=c1cnon2occsn12,aryne_4810,O=c1cnon2oc#csn12
4810,arene_4382,O=c1ccc(=O)n2c(=O)sncn12,aryne_4811,O=c1c#cc(=O)n2c(=O)sncn12
4811,arene_4383,O=c1ccc2[nH]c(=O)c(=O)[nH]c2[nH]1,aryne_4812,O=c1c#cc2[nH]c(=O)c(=O)[nH]c2[nH]1
4812,arene_4384,O=c1oc(=O)n2ccoc(=O)n2c1=O,aryne_4813,O=c1oc(=O)n2c#coc(=O)n2c1=O
4813,arene_4385,c1csn2ncsn2[nH]1,aryne_4814,c1[nH]n2scnn2sc#1
4814,arene_4386,O=c1[nH]c(=O)c2scc[nH]c1=2,aryne_4815,O=c1[nH]c(=O)c2sc#c[nH]c1=2
4815,arene_4387,O=c1cc2c(=O)cc[nH]c2n[nH]1,aryne_4816,O=c1cc2c(=O)c#c[nH]c2n[nH]1
4816,arene_4388,O=c1ccsc2ncncc12,aryne_4817,O=c1c#csc2ncncc12
4817,arene_4389,O=c1oncc2ccncc12,aryne_4818,O=c1oncc2c#cncc12
4818,arene_4390,O=c1occc2n[nH]cc12,aryne_4819,O=c1oc#cc2n[nH]cc12
4819,arene_4391,O=c1cc[nH]n2sccon12,aryne_4820,O=c1c#c[nH]n2sccon12
4820,arene_4391,O=c1cc[nH]n2sccon12,aryne_4821,O=c1cc[nH]n2sc#con12
4821,arene_4392,O=c1ccoc2occc(=O)c12,aryne_4822,O=c1c#coc2occc(=O)c12
4822,arene_4393,O=c1on2occ[nH]n2sc1=O,aryne_4823,O=c1on2oc#c[nH]n2sc1=O
4823,arene_4394,O=c1oc2occ[nH]c=2c1=O,aryne_4824,O=c1oc2oc#c[nH]c=2c1=O
4824,arene_4395,c1csn2nnnnn2s1,aryne_4825,c1sn2nnnnn2sc#1
4825,arene_4396,O=c1cnon2c(=O)ccnc12,aryne_4826,O=c1cnon2c(=O)c#cnc12
4826,arene_4397,c1cnc2cncnc2c1,aryne_4827,c1cc2ncncc2nc#1
4827,arene_4397,c1cnc2cncnc2c1,aryne_4828,c1cnc2cncnc2c#1
4828,arene_4398,O=c1cn[nH]n2ccnc12,aryne_4829,O=c1cn[nH]n2c#cnc12
4829,arene_4399,O=c1sn2ccon2c(=O)c1=O,aryne_4830,O=c1sn2c#con2c(=O)c1=O
4830,arene_4400,c1cnn2scnsn2c1,aryne_4831,c1cnn2scnsn2c#1
4831,arene_4401,O=c1[nH]n2[nH]ccn2c(=O)c1=O,aryne_4832,O=c1[nH]n2[nH]c#cn2c(=O)c1=O
4832,arene_4402,O=c1occn2sccsn12,aryne_4833,O=c1oc#cn2sccsn12
4833,arene_4402,O=c1occn2sccsn12,aryne_4834,O=c1occn2sc#csn12
4834,arene_4403,c1csc2snnoc=2[nH]1,aryne_4835,c1[nH]c2onnsc=2sc#1
4835,arene_4404,c1c[nH]c2scn[nH]c=2[nH]1,aryne_4836,c1[nH]c2[nH]ncsc=2[nH]c#1
4836,arene_4406,c1csn2nnocc-2[nH]1,aryne_4837,c1[nH]c2connn-2sc#1
4837,arene_4407,O=c1[nH]n2scc[nH]n2oc1=O,aryne_4838,O=c1[nH]n2sc#c[nH]n2oc1=O
4838,arene_4408,O=c1ccc2[nH]ccoc=2c1=O,aryne_4839,O=c1c#cc2[nH]ccoc=2c1=O
4839,arene_4408,O=c1ccc2[nH]ccoc=2c1=O,aryne_4840,O=c1ccc2[nH]c#coc=2c1=O
4840,arene_4409,O=c1cc2ccoc2no1,aryne_4841,O=c1cc2c#coc2no1
4841,arene_4410,O=c1cccc2cnsn12,aryne_4842,O=c1c#ccc2cnsn12
4842,arene_4411,O=c1cnc2ccsc(=O)c2s1,aryne_4843,O=c1cnc2c#csc(=O)c2s1
4843,arene_4412,O=c1nnc2c(=O)occc2o1,aryne_4844,O=c1nnc2c(=O)oc#cc2o1
4844,arene_4413,O=c1ccsc2cnoc12,aryne_4845,O=c1c#csc2cnoc12
4845,arene_4414,c1cc2scnn2c1,aryne_4846,c1cc2scnn2c#1
4846,arene_4415,O=c1nc2sccc(=O)n2c(=O)[nH]1,aryne_4847,O=c1nc2sc#cc(=O)n2c(=O)[nH]1
4847,arene_4416,c1cnc2nnnn2c1,aryne_4848,c1cnc2nnnn2c#1
4848,arene_4417,O=c1ncn2ccncn2c1=O,aryne_4849,O=c1ncn2c#cncn2c1=O
4849,arene_4418,O=c1ccc2c(=O)nnc1=2,aryne_4850,O=c1c#cc2c(=O)nnc1=2
4850,arene_4419,O=c1ccn2sc(=O)c(=O)oc2n1,aryne_4851,O=c1c#cn2sc(=O)c(=O)oc2n1
4851,arene_4420,O=c1[nH]n2ccsn2c1=O,aryne_4852,O=c1[nH]n2c#csn2c1=O
4852,arene_4422,O=c1ccsn2[nH]cnsn12,aryne_4853,O=c1c#csn2[nH]cnsn12
4853,arene_4423,O=c1ccn2cnccc2c1,aryne_4854,O=c1c#cn2cnccc2c1
4854,arene_4423,O=c1ccn2cnccc2c1,aryne_4855,O=c1ccn2cnc#cc2c1
4855,arene_4424,O=c1[nH]c2c(=O)[nH]ccc2oc1=O,aryne_4856,O=c1[nH]c2c(=O)[nH]c#cc2oc1=O
4856,arene_4425,O=c1nnon2sccsn12,aryne_4857,O=c1nnon2sc#csn12
4857,arene_4426,O=c1ncoc2c(=O)occc12,aryne_4858,O=c1ncoc2c(=O)oc#cc12
4858,arene_4427,O=c1cc[nH]c2nnoc12,aryne_4859,O=c1c#c[nH]c2nnoc12
4859,arene_4428,O=c1nnc2[nH]ccc(=O)c2[nH]1,aryne_4860,O=c1nnc2[nH]c#cc(=O)c2[nH]1
4860,arene_4429,O=c1sn2ccoc(=O)n2c(=O)c1=O,aryne_4861,O=c1sn2c#coc(=O)n2c(=O)c1=O
4861,arene_4431,O=c1ccc2cocc2[nH]1,aryne_4862,O=c1c#cc2cocc2[nH]1
4862,arene_4432,O=c1ccn2ncccc2n1,aryne_4863,O=c1c#cn2ncccc2n1
4863,arene_4432,O=c1ccn2ncccc2n1,aryne_4864,O=c1ccn2ncc#cc2n1
4864,arene_4433,O=c1ccn2ccc(=O)oc2n1,aryne_4865,O=c1c#cn2ccc(=O)oc2n1
4865,arene_4433,O=c1ccn2ccc(=O)oc2n1,aryne_4866,O=c1ccn2c#cc(=O)oc2n1
4866,arene_4434,O=c1oc(=O)c2nccc(=O)n2s1,aryne_4867,O=c1oc(=O)c2nc#cc(=O)n2s1
4867,arene_4435,O=c1ccnc2cnncn12,aryne_4868,O=c1c#cnc2cnncn12
4868,arene_4436,O=c1on2sccc(=O)n2c(=O)c1=O,aryne_4869,O=c1on2sc#cc(=O)n2c(=O)c1=O
4869,arene_4437,O=c1oc(=O)n2[nH]cc[nH]n2o1,aryne_4870,O=c1oc(=O)n2[nH]c#c[nH]n2o1
4870,arene_4438,O=c1ncoc2nnccc12,aryne_4871,O=c1ncoc2nnc#cc12
4871,arene_4439,O=c1sn2ccsnc-2c1=O,aryne_4872,O=c1sn2c#csnc-2c1=O
4872,arene_4440,O=c1ccn2c(=O)occ2[nH]1,aryne_4873,O=c1c#cn2c(=O)occ2[nH]1
4873,arene_4441,c1csn2[nH]nnn2o1,aryne_4874,c1on2nn[nH]n2sc#1
4874,arene_4442,O=c1ccsc2c(=O)ccoc12,aryne_4875,O=c1c#csc2c(=O)ccoc12
4875,arene_4442,O=c1ccsc2c(=O)ccoc12,aryne_4876,O=c1ccsc2c(=O)c#coc12
4876,arene_4443,c1coc2snc[nH]c=2[nH]1,aryne_4877,c1[nH]c2[nH]cnsc=2oc#1
4877,arene_4444,O=c1ccn2[nH]cc[nH]n2[nH]1,aryne_4878,O=c1c#cn2[nH]cc[nH]n2[nH]1
4878,arene_4444,O=c1ccn2[nH]cc[nH]n2[nH]1,aryne_4879,O=c1ccn2[nH]c#c[nH]n2[nH]1
4879,arene_4445,c1non2cconc-2[nH]1,aryne_4880,c1onc2[nH]cnon-2c#1
4880,arene_4446,O=c1ncc2cc[nH]c(=O)c2s1,aryne_4881,O=c1ncc2c#c[nH]c(=O)c2s1
4881,arene_4447,c1cc2[nH]nnc2o1,aryne_4882,c1oc2nn[nH]c2c#1
4882,arene_4448,O=c1cnc2nccn2[nH]1,aryne_4883,O=c1cnc2nc#cn2[nH]1
4883,arene_4449,O=c1[nH]c2cccn2o1,aryne_4884,O=c1[nH]c2cc#cn2o1
4884,arene_4450,O=c1ccc(=O)n2c(=O)nnsn12,aryne_4885,O=c1c#cc(=O)n2c(=O)nnsn12
4885,arene_4451,O=c1ccc(=O)n2occn12,aryne_4886,O=c1c#cc(=O)n2occn12
4886,arene_4451,O=c1ccc(=O)n2occn12,aryne_4887,O=c1ccc(=O)n2oc#cn12
4887,arene_4452,c1coc2concn-2[nH]1,aryne_4888,c1[nH]n2cnocc-2oc#1
4888,arene_4453,O=c1ncn2occc2n1,aryne_4889,O=c1ncn2oc#cc2n1
4889,arene_4454,O=c1ccc2ccccc2o1,aryne_4890,O=c1c#cc2ccccc2o1
4890,arene_4454,O=c1ccc2ccccc2o1,aryne_4891,O=c1ccc2c#cccc2o1
4891,arene_4454,O=c1ccc2ccccc2o1,aryne_4892,O=c1ccc2cc#ccc2o1
4892,arene_4454,O=c1ccc2ccccc2o1,aryne_4893,O=c1ccc2ccc#cc2o1
4893,arene_4455,c1cn2[nH]nnsn2s1,aryne_4894,c1sn2snn[nH]n2c#1
4894,arene_4456,c1cc2sccc2cn1,aryne_4895,c1ncc2ccsc2c#1
4895,arene_4456,c1cc2sccc2cn1,aryne_4896,c1sc2ccncc2c#1
4896,arene_4457,O=c1ccsn2ncc(=O)n12,aryne_4897,O=c1c#csn2ncc(=O)n12
4897,arene_4458,c1c[nH]c2occoc=2[nH]1,aryne_4898,c1[nH]c2occoc=2[nH]c#1
4898,arene_4458,c1c[nH]c2occoc=2[nH]1,aryne_4899,c1oc2[nH]cc[nH]c=2oc#1
4899,arene_4459,O=c1[nH]nnn2c(=O)cccc12,aryne_4900,O=c1[nH]nnn2c(=O)c#ccc12
4900,arene_4460,O=c1snnc2cc[nH]c12,aryne_4901,O=c1snnc2c#c[nH]c12
4901,arene_4461,O=c1ccn2nnsn12,aryne_4902,O=c1c#cn2nnsn12
4902,arene_4462,O=c1[nH]ccc2cocc12,aryne_4903,O=c1[nH]c#cc2cocc12
4903,arene_4463,O=c1ccc2ccc(=O)[nH]c2[nH]1,aryne_4904,O=c1c#cc2ccc(=O)[nH]c2[nH]1
4904,arene_4464,O=c1nnn2c(=O)sccn2c1=O,aryne_4905,O=c1nnn2c(=O)sc#cn2c1=O
4905,arene_4465,O=c1cnn2ccocc1-2,aryne_4906,O=c1cnn2c#cocc1-2
4906,arene_4466,O=c1ccc2[nH]nnc(=O)c2o1,aryne_4907,O=c1c#cc2[nH]nnc(=O)c2o1
4907,arene_4468,O=c1[nH]cnn2cccc12,aryne_4908,O=c1[nH]cnn2c#ccc12
4908,arene_4469,O=c1ccn2sc(=O)[nH]c(=O)c2c1,aryne_4909,O=c1c#cn2sc(=O)[nH]c(=O)c2c1
4909,arene_4470,O=c1oc(=O)c2occoc1=2,aryne_4910,O=c1oc(=O)c2oc#coc1=2
4910,arene_4471,O=c1ccn2[nH]nnon2[nH]1,aryne_4911,O=c1c#cn2[nH]nnon2[nH]1
4911,arene_4472,O=c1ccoc2c(=O)sccc12,aryne_4912,O=c1c#coc2c(=O)sccc12
4912,arene_4472,O=c1ccoc2c(=O)sccc12,aryne_4913,O=c1ccoc2c(=O)sc#cc12
4913,arene_4473,O=c1cccc2ccoc(=O)n12,aryne_4914,O=c1c#ccc2ccoc(=O)n12
4914,arene_4473,O=c1cccc2ccoc(=O)n12,aryne_4915,O=c1cccc2c#coc(=O)n12
4915,arene_4475,O=c1sc2sccc(=O)c2s1,aryne_4916,O=c1sc2sc#cc(=O)c2s1
4916,arene_4476,O=c1cc[nH]c2snnc(=O)c12,aryne_4917,O=c1c#c[nH]c2snnc(=O)c12
4917,arene_4477,O=c1ccc2onc[nH]c=2c1=O,aryne_4918,O=c1c#cc2onc[nH]c=2c1=O
4918,arene_4478,O=c1[nH]ncc2cc[nH]c12,aryne_4919,O=c1[nH]ncc2c#c[nH]c12
4919,arene_4479,O=c1cnn2cccnn12,aryne_4920,O=c1cnn2c#ccnn12
4920,arene_4480,O=c1ccc2ccsc(=O)c2o1,aryne_4921,O=c1c#cc2ccsc(=O)c2o1
4921,arene_4480,O=c1ccc2ccsc(=O)c2o1,aryne_4922,O=c1ccc2c#csc(=O)c2o1
4922,arene_4481,N=c1nc2ccccc2c[nH]1,aryne_4923,N=c1nc2c#cccc2c[nH]1
4923,arene_4481,N=c1nc2ccccc2c[nH]1,aryne_4924,N=c1nc2ccc#cc2c[nH]1
4924,arene_4482,O=c1ccsn2cccc12,aryne_4925,O=c1c#csn2cccc12
4925,arene_4482,O=c1ccsn2cccc12,aryne_4926,O=c1ccsn2c#ccc12
4926,arene_4483,O=c1ccn2nn[nH]nc-2c1=O,aryne_4927,O=c1c#cn2nn[nH]nc-2c1=O
4927,arene_4484,O=c1cccns1,aryne_4928,O=c1c#ccns1
4928,arene_4485,c1csn2cnncn2o1,aryne_4929,c1on2cnncn2sc#1
4929,arene_4486,O=c1[nH]cnc2c(=O)[nH]ccc12,aryne_4930,O=c1[nH]cnc2c(=O)[nH]c#cc12
4930,arene_4487,c1cn2nnnc2[nH]1,aryne_4931,c1[nH]c2nnnn2c#1
4931,arene_4488,c1cn2sccoc-2c[nH]1,aryne_4932,c1[nH]cc2occsn-2c#1
4932,arene_4488,c1cn2sccoc-2c[nH]1,aryne_4933,c1oc2c[nH]ccn-2sc#1
4933,arene_4489,O=c1scc2c(=O)ccsn2c1=O,aryne_4934,O=c1scc2c(=O)c#csn2c1=O
4934,arene_4490,O=c1ccn2c(=O)c(=O)[nH]nc2[nH]1,aryne_4935,O=c1c#cn2c(=O)c(=O)[nH]nc2[nH]1
4935,arene_4491,O=c1sccc2cc[nH]c12,aryne_4936,O=c1sc#cc2cc[nH]c12
4936,arene_4491,O=c1sccc2cc[nH]c12,aryne_4937,O=c1sccc2c#c[nH]c12
4937,arene_4492,O=c1nc2sccn2c(=O)[nH]1,aryne_4938,O=c1nc2sc#cn2c(=O)[nH]1
4938,arene_4493,O=c1cn[nH]c2c(=O)cc[nH]c12,aryne_4939,O=c1c#c[nH]c2c(=O)cn[nH]c12
4939,arene_4494,O=c1oc(=O)n2ccc(=O)n2s1,aryne_4940,O=c1oc(=O)n2c#cc(=O)n2s1
4940,arene_4495,O=c1ncc2ccoc(=O)c2s1,aryne_4941,O=c1ncc2c#coc(=O)c2s1
4941,arene_4496,O=c1scnn2scc[nH]n12,aryne_4942,O=c1scnn2sc#c[nH]n12
4942,arene_4497,O=c1ncc2ccsc(=O)c2[nH]1,aryne_4943,O=c1ncc2c#csc(=O)c2[nH]1
4943,arene_4498,O=c1nc2cc[nH]c(=O)c2co1,aryne_4944,O=c1nc2c#c[nH]c(=O)c2co1
4944,arene_4499,O=c1[nH]ccc2cnnn12,aryne_4945,O=c1[nH]c#cc2cnnn12
4945,arene_4500,O=c1ncc2c(=O)ccsc2s1,aryne_4946,O=c1ncc2c(=O)c#csc2s1
4946,arene_4501,O=c1nc2cnccc2co1,aryne_4947,O=c1nc2cnc#cc2co1
4947,arene_4502,O=c1ccn2scc[nH]n2[nH]1,aryne_4948,O=c1c#cn2scc[nH]n2[nH]1
4948,arene_4502,O=c1ccn2scc[nH]n2[nH]1,aryne_4949,O=c1ccn2sc#c[nH]n2[nH]1
4949,arene_4503,c1cnn2sncon2c1,aryne_4950,c1cnn2sncon2c#1
4950,arene_4504,O=c1sc(=O)c2occ[nH]c1=2,aryne_4951,O=c1sc(=O)c2oc#c[nH]c1=2
4951,arene_4505,c1cnc2ncnn2c1,aryne_4952,c1cnc2ncnn2c#1
4952,arene_4506,O=c1ccc2cnnnc2[nH]1,aryne_4953,O=c1c#cc2cnnnc2[nH]1
4953,arene_4507,O=c1ccn2cnsnc-2c1=O,aryne_4954,O=c1c#cn2cnsnc-2c1=O
4954,arene_4508,c1cn2[nH]cnoc-2n[nH]1,aryne_4955,c1[nH]nc2onc[nH]n-2c#1
4955,arene_4509,c1cn2snn[nH]c-2co1,aryne_4956,c1occ2[nH]nnsn-2c#1
4956,arene_4510,c1ccn2cncc2c1,aryne_4957,c1ccn2cncc2c#1
4957,arene_4510,c1ccn2cncc2c1,aryne_4958,c1ccc2cncn2c#1
4958,arene_4511,O=c1oc(=O)n2occsn2s1,aryne_4959,O=c1oc(=O)n2oc#csn2s1
4959,arene_4512,c1csn2ccocc-2[nH]1,aryne_4960,c1[nH]c2coccn-2sc#1
4960,arene_4512,c1csn2ccocc-2[nH]1,aryne_4961,c1occ2[nH]ccsn-2c#1
4961,arene_4513,O=c1cnnc2ncccn12,aryne_4962,O=c1cnnc2ncc#cn12
4962,arene_4514,O=c1ncn2ccsc(=O)n12,aryne_4963,O=c1ncn2c#csc(=O)n12
4963,arene_4515,c1cn2onnoc-2cs1,aryne_4964,c1scc2onnon-2c#1
4964,arene_4516,O=c1sn2[nH]cc[nH]n2sc1=O,aryne_4965,O=c1sn2[nH]c#c[nH]n2sc1=O
4965,arene_4517,O=c1ccn2oc(=O)[nH]c(=O)c2c1,aryne_4966,O=c1c#cn2oc(=O)[nH]c(=O)c2c1
4966,arene_4518,O=c1ncn2sccn2c1=O,aryne_4967,O=c1ncn2sc#cn2c1=O
4967,arene_4519,O=c1nc[nH]n2c(=O)cccc12,aryne_4968,O=c1nc[nH]n2c(=O)c#ccc12
4968,arene_4520,O=c1nncc2ccccn12,aryne_4969,O=c1nncc2c#cccn12
4969,arene_4520,O=c1nncc2ccccn12,aryne_4970,O=c1nncc2ccc#cn12
4970,arene_4521,c1cnc2nnoc2c1,aryne_4971,c1cc2onnc2nc#1
4971,arene_4521,c1cnc2nnoc2c1,aryne_4972,c1cnc2nnoc2c#1
4972,arene_4522,O=c1cnc2cnccc2s1,aryne_4973,O=c1cnc2cnc#cc2s1
4973,arene_4523,O=c1sc2occoc=2c(=O)c1=O,aryne_4974,O=c1sc2oc#coc=2c(=O)c1=O
4974,arene_4524,O=c1cc2ncccn2c(=O)s1,aryne_4975,O=c1cc2ncc#cn2c(=O)s1
4975,arene_4525,O=c1cc[nH]c2[nH]ccc(=O)c12,aryne_4976,O=c1c#c[nH]c2[nH]ccc(=O)c12
4976,arene_4526,O=c1[nH]c2sccsc=2c1=O,aryne_4977,O=c1[nH]c2sc#csc=2c1=O
4977,arene_4527,O=c1sccc2ccnnc12,aryne_4978,O=c1sc#cc2ccnnc12
4978,arene_4527,O=c1sccc2ccnnc12,aryne_4979,O=c1sccc2c#cnnc12
4979,arene_4528,O=c1ncc2ccoc2o1,aryne_4980,O=c1ncc2c#coc2o1
4980,arene_4529,O=c1ccn2c(=O)c(=O)occ2s1,aryne_4981,O=c1c#cn2c(=O)c(=O)occ2s1
4981,arene_4530,O=c1nnc2ccsc(=O)c2[nH]1,aryne_4982,O=c1nnc2c#csc(=O)c2[nH]1
4982,arene_4531,O=c1ccc2[nH]nnc(=O)c2s1,aryne_4983,O=c1c#cc2[nH]nnc(=O)c2s1
4983,arene_4532,O=c1scc2[nH]ccc(=O)n2c1=O,aryne_4984,O=c1scc2[nH]c#cc(=O)n2c1=O
4984,arene_4533,c1csn2nnonc-2[nH]1,aryne_4985,c1[nH]c2nonnn-2sc#1
4985,arene_4534,c1ccc2cnncc2c1,aryne_4986,c1cc2cnncc2cc#1
4986,arene_4534,c1ccc2cnncc2c1,aryne_4987,c1ccc2cnncc2c#1
4987,arene_4535,O=c1ncn2c(=O)ccsn2c1=O,aryne_4988,O=c1ncn2c(=O)c#csn2c1=O
4988,arene_4536,O=c1ncsn2occ[nH]n12,aryne_4989,O=c1ncsn2oc#c[nH]n12
4989,arene_4537,O=c1nnn2cc[nH]c2n1,aryne_4990,O=c1nnn2c#c[nH]c2n1
4990,arene_4538,O=c1cnc(=O)c2[nH]ccoc1=2,aryne_4991,O=c1cnc(=O)c2[nH]c#coc1=2
4991,arene_4539,c1csn2cnsnc-2[nH]1,aryne_4992,c1[nH]c2nsncn-2sc#1
4992,arene_4540,O=c1oc2[nH]cc[nH]c=2c(=O)c1=O,aryne_4993,O=c1oc2[nH]c#c[nH]c=2c(=O)c1=O
4993,arene_4541,c1cc2[nH]ccn2c1,aryne_4994,c1cc2[nH]ccn2c#1
4994,arene_4541,c1cc2[nH]ccn2c1,aryne_4995,c1[nH]c2cccn2c#1
4995,arene_4542,O=c1ccn2[nH]cnsn2s1,aryne_4996,O=c1c#cn2[nH]cnsn2s1
4996,arene_4543,O=c1[nH]c2nccc(=O)n2o1,aryne_4997,O=c1[nH]c2nc#cc(=O)n2o1
4997,arene_4544,O=c1oncc2sccc12,aryne_4998,O=c1oncc2sc#cc12
4998,arene_4545,O=c1cnn2cc[nH]nc-2c1=O,aryne_4999,O=c1cnn2c#c[nH]nc-2c1=O
4999,arene_4546,O=c1ccoc2[nH]ccc12,aryne_5000,O=c1c#coc2[nH]ccc12
5000,arene_4546,O=c1ccoc2[nH]ccc12,aryne_5001,O=c1ccoc2[nH]c#cc12
5001,arene_4547,O=c1sc2[nH]cc[nH]c=2c(=O)c1=O,aryne_5002,O=c1sc2[nH]c#c[nH]c=2c(=O)c1=O
5002,arene_4548,O=c1ccoc2nnoc(=O)c12,aryne_5003,O=c1c#coc2nnoc(=O)c12
5003,arene_4550,O=c1[nH]c2cccn2c(=O)o1,aryne_5004,O=c1[nH]c2cc#cn2c(=O)o1
5004,arene_4551,O=c1ccc2onc[nH]c1=2,aryne_5005,O=c1c#cc2onc[nH]c1=2
5005,arene_4552,O=c1ccn2ncc(=O)n2s1,aryne_5006,O=c1c#cn2ncc(=O)n2s1
5006,arene_4553,O=c1ccsc2ccoc12,aryne_5007,O=c1c#csc2ccoc12
5007,arene_4553,O=c1ccsc2ccoc12,aryne_5008,O=c1ccsc2c#coc12
5008,arene_4554,O=c1nc[nH]c2cccnc12,aryne_5009,O=c1nc[nH]c2c#ccnc12
5009,arene_4554,O=c1nc[nH]c2cccnc12,aryne_5010,O=c1nc[nH]c2cc#cnc12
5010,arene_4555,O=c1ccn2c(=O)c(=O)c(=O)n2c1=O,aryne_5011,O=c1c#cn2c(=O)c(=O)c(=O)n2c1=O
5011,arene_4556,O=c1ccn2cc[nH]nc1-2,aryne_5012,O=c1c#cn2cc[nH]nc1-2
5012,arene_4556,O=c1ccn2cc[nH]nc1-2,aryne_5013,O=c1ccn2c#c[nH]nc1-2
5013,arene_4557,O=c1ccn2nnnnn12,aryne_5014,O=c1c#cn2nnnnn12
5014,arene_4558,O=c1cc[nH]c2c(=O)scnc12,aryne_5015,O=c1c#c[nH]c2c(=O)scnc12
5015,arene_4559,O=c1ccc2nc[nH]c(=O)c2o1,aryne_5016,O=c1c#cc2nc[nH]c(=O)c2o1
5016,arene_4560,O=c1[nH]ccn2c(=O)nnnc12,aryne_5017,O=c1[nH]c#cn2c(=O)nnnc12
5017,arene_4561,O=c1oc2sccc(=O)c2o1,aryne_5018,O=c1oc2sc#cc(=O)c2o1
5018,arene_4562,O=c1[nH]c(=O)n2occ[nH]n2[nH]1,aryne_5019,O=c1[nH]c(=O)n2oc#c[nH]n2[nH]1
5019,arene_4563,O=c1c(=O)c2ccsc2c1=O,aryne_5020,O=c1c(=O)c2c#csc2c1=O
5020,arene_4564,O=c1cc2c(=O)cc[nH]n2c(=O)o1,aryne_5021,O=c1cc2c(=O)c#c[nH]n2c(=O)o1
5021,arene_4565,O=c1[nH]ccc2c(=O)[nH]ncc12,aryne_5022,O=c1[nH]ncc2c(=O)[nH]c#cc12
5022,arene_4566,O=c1oc2ccoc2oc1=O,aryne_5023,O=c1oc2c#coc2oc1=O
5023,arene_4567,c1con2nnocc-2o1,aryne_5024,c1oc2connn-2oc#1
5024,arene_4568,O=c1cc2sccc(=O)c2cs1,aryne_5025,O=c1cc2sc#cc(=O)c2cs1
5025,arene_4569,O=c1ccn2c(=O)snc2o1,aryne_5026,O=c1c#cn2c(=O)snc2o1
5026,arene_4570,O=c1nnn2c(=O)ccc(=O)n2o1,aryne_5027,O=c1nnn2c(=O)c#cc(=O)n2o1
5027,arene_4571,O=c1[nH]c2sccc(=O)c2o1,aryne_5028,O=c1[nH]c2sc#cc(=O)c2o1
5028,arene_4572,O=c1nnsc2ccoc12,aryne_5029,O=c1nnsc2c#coc12
5029,arene_4573,O=c1ccsn2[nH]nc[nH]n12,aryne_5030,O=c1c#csn2[nH]nc[nH]n12
5030,arene_4574,O=c1ccn2ccc(=O)c(=O)n2[nH]1,aryne_5031,O=c1c#cn2ccc(=O)c(=O)n2[nH]1
5031,arene_4574,O=c1ccn2ccc(=O)c(=O)n2[nH]1,aryne_5032,O=c1ccn2c#cc(=O)c(=O)n2[nH]1
5032,arene_4575,O=c1ccn2oc(=O)[nH]c2n1,aryne_5033,O=c1c#cn2oc(=O)[nH]c2n1
5033,arene_4578,O=c1oc(=O)n2c(=O)ccn2o1,aryne_5034,O=c1oc(=O)n2c(=O)c#cn2o1
5034,arene_4579,O=c1cc2c(=O)occn2c(=O)[nH]1,aryne_5035,O=c1cc2c(=O)oc#cn2c(=O)[nH]1
5035,arene_4580,O=c1ccn2[nH]ncsn2o1,aryne_5036,O=c1c#cn2[nH]ncsn2o1
5036,arene_4581,O=c1on2sccc(=O)n2c1=O,aryne_5037,O=c1on2sc#cc(=O)n2c1=O
5037,arene_4582,O=c1nccc2occn12,aryne_5038,O=c1nccc2oc#cn12
5038,arene_4583,O=c1cc2c(=O)sccn2cn1,aryne_5039,O=c1cc2c(=O)sc#cn2cn1
5039,arene_4584,O=c1on2ccnc2c(=O)s1,aryne_5040,O=c1on2c#cnc2c(=O)s1
5040,arene_4585,O=c1occc2[nH]cnc12,aryne_5041,O=c1oc#cc2[nH]cnc12
5041,arene_4586,c1csn2[nH]ncn2s1,aryne_5042,c1sn2cn[nH]n2sc#1
5042,arene_4587,O=c1cc2ccoc2c[nH]1,aryne_5043,O=c1cc2c#coc2c[nH]1
5043,arene_4588,O=c1ccoc2nnoc12,aryne_5044,O=c1c#coc2nnoc12
5044,arene_4589,O=c1cconc1,aryne_5045,O=c1c#conc1
5045,arene_4590,O=c1ncn2occ[nH]n2[nH]1,aryne_5046,O=c1ncn2oc#c[nH]n2[nH]1
5046,arene_4591,O=c1scnc2ccsc12,aryne_5047,O=c1scnc2c#csc12
5047,arene_4592,O=c1nccc2ccoc(=O)n12,aryne_5048,O=c1nccc2c#coc(=O)n12
5048,arene_4593,O=c1nc2sccsc-2nc1=O,aryne_5049,O=c1nc2sc#csc-2nc1=O
5049,arene_4594,c1csn2nconc-2[nH]1,aryne_5050,c1[nH]c2nocnn-2sc#1
5050,arene_4595,O=c1ccc2oc(=O)c(=O)sc2s1,aryne_5051,O=c1c#cc2oc(=O)c(=O)sc2s1
5051,arene_4596,O=c1nc2[nH]ccsc-2n1,aryne_5052,O=c1nc2[nH]c#csc-2n1
5052,arene_4597,O=c1c(=O)c(=O)n2cccc2c1=O,aryne_5053,O=c1c(=O)c(=O)n2c#ccc2c1=O
5053,arene_4598,c1cn2cc[nH]c2n1,aryne_5054,c1nc2[nH]ccn2c#1
5054,arene_4598,c1cn2cc[nH]c2n1,aryne_5055,c1[nH]c2nccn2c#1
5055,arene_4599,O=c1onnn2c(=O)ccnc12,aryne_5056,O=c1onnn2c(=O)c#cnc12
5056,arene_4601,O=c1ccc2sc(=O)nnc2[nH]1,aryne_5057,O=c1c#cc2sc(=O)nnc2[nH]1
5057,arene_4602,O=c1ccsc2nccnc12,aryne_5058,O=c1c#csc2nccnc12
5058,arene_4602,O=c1ccsc2nccnc12,aryne_5059,O=c1ccsc2nc#cnc12
5059,arene_4603,O=c1ccc2nnsc(=O)c2s1,aryne_5060,O=c1c#cc2nnsc(=O)c2s1
5060,arene_4604,c1cn2[nH]nnon2nn1,aryne_5061,c1nnn2onn[nH]n2c#1
5061,arene_4605,c1csn2cnon2o1,aryne_5062,c1on2oncn2sc#1
5062,arene_4606,O=c1nnn2ncccn2c1=O,aryne_5063,O=c1nnn2ncc#cn2c1=O
5063,arene_4607,O=c1sn2occn2c1=O,aryne_5064,O=c1sn2oc#cn2c1=O
5064,arene_4608,O=c1ccn2c(=O)c(=O)ccn2s1,aryne_5065,O=c1c#cn2c(=O)c(=O)ccn2s1
5065,arene_4608,O=c1ccn2c(=O)c(=O)ccn2s1,aryne_5066,O=c1ccn2c(=O)c(=O)c#cn2s1
5066,arene_4609,O=c1ccn2c(=O)c(=O)sc(=O)n2o1,aryne_5067,O=c1c#cn2c(=O)c(=O)sc(=O)n2o1
5067,arene_4610,O=c1nnc(=O)n2c(=O)[nH]ccn12,aryne_5068,O=c1nnc(=O)n2c(=O)[nH]c#cn12
5068,arene_4611,O=c1[nH]c(=O)c2ccoc2s1,aryne_5069,O=c1[nH]c(=O)c2c#coc2s1
5069,arene_4612,O=c1sc2sccoc=2c1=O,aryne_5070,O=c1sc2sc#coc=2c1=O
5070,arene_4613,O=c1nnc(=O)n2c(=O)ccon12,aryne_5071,O=c1nnc(=O)n2c(=O)c#con12
5071,arene_4614,O=c1nnn2ccon12,aryne_5072,O=c1nnn2c#con12
5072,arene_4615,O=c1ncn2occsn2s1,aryne_5073,O=c1ncn2oc#csn2s1
5073,arene_4616,c1con2nnnnn2[nH]1,aryne_5074,c1[nH]n2nnnnn2oc#1
5074,arene_4617,O=c1ccc2cnsc(=O)c2[nH]1,aryne_5075,O=c1c#cc2cnsc(=O)c2[nH]1
5075,arene_4618,O=c1sc(=O)c2cccnc2s1,aryne_5076,O=c1sc(=O)c2c#ccnc2s1
5076,arene_4618,O=c1sc(=O)c2cccnc2s1,aryne_5077,O=c1sc(=O)c2cc#cnc2s1
5077,arene_4619,O=c1ncn2ccnc2s1,aryne_5078,O=c1ncn2c#cnc2s1
5078,arene_4620,O=c1cccc2nccnn12,aryne_5079,O=c1c#ccc2nccnn12
5079,arene_4621,c1cn2sccoc-2n[nH]1,aryne_5080,c1[nH]nc2occsn-2c#1
5080,arene_4621,c1cn2sccoc-2n[nH]1,aryne_5081,c1oc2n[nH]ccn-2sc#1
5081,arene_4622,O=c1ccc(=O)c2c(=O)c(=O)c(=O)sc1=2,aryne_5082,O=c1c#cc(=O)c2c(=O)c(=O)c(=O)sc1=2
5082,arene_4623,O=c1ccn2cnsnc1-2,aryne_5083,O=c1c#cn2cnsnc1-2
5083,arene_4624,O=c1ccc2ncccc2[nH]1,aryne_5084,O=c1c#cc2ncccc2[nH]1
5084,arene_4624,O=c1ccc2ncccc2[nH]1,aryne_5085,O=c1ccc2nc#ccc2[nH]1
5085,arene_4624,O=c1ccc2ncccc2[nH]1,aryne_5086,O=c1ccc2ncc#cc2[nH]1
5086,arene_4625,O=c1cc[nH]c2nccn12,aryne_5087,O=c1c#c[nH]c2nccn12
5087,arene_4625,O=c1cc[nH]c2nccn12,aryne_5088,O=c1cc[nH]c2nc#cn12
5088,arene_4626,c1csn2cnocc-2o1,aryne_5089,c1oc2concn-2sc#1
5089,arene_4627,c1c[nH]n2[nH]cnn2[nH]1,aryne_5090,c1[nH]n2nc[nH]n2[nH]c#1
5090,arene_4629,O=c1ccn2ncnc2[nH]1,aryne_5091,O=c1c#cn2ncnc2[nH]1
5091,arene_4630,O=c1nnc2[nH]cc[nH]c1=2,aryne_5092,O=c1nnc2[nH]c#c[nH]c1=2
5092,arene_4631,O=c1nc2[nH]ccc2ns1,aryne_5093,O=c1nc2[nH]c#cc2ns1
5093,arene_4632,O=c1ccsc2c(=O)sncc12,aryne_5094,O=c1c#csc2c(=O)sncc12
5094,arene_4633,O=c1ccn2ccncn12,aryne_5095,O=c1c#cn2ccncn12
5095,arene_4633,O=c1ccn2ccncn12,aryne_5096,O=c1ccn2c#cncn12
5096,arene_4634,O=c1ccc2coc(=O)c(=O)n2o1,aryne_5097,O=c1c#cc2coc(=O)c(=O)n2o1
5097,arene_4635,O=c1cc[nH]n2[nH]cc[nH]n12,aryne_5098,O=c1c#c[nH]n2[nH]cc[nH]n12
5098,arene_4635,O=c1cc[nH]n2[nH]cc[nH]n12,aryne_5099,O=c1cc[nH]n2[nH]c#c[nH]n12
5099,arene_4636,O=c1ccn2oc(=O)c(=O)sc2c1,aryne_5100,O=c1c#cn2oc(=O)c(=O)sc2c1
5100,arene_4637,O=c1sc2nccc(=O)n2sc1=O,aryne_5101,O=c1sc2nc#cc(=O)n2sc1=O
5101,arene_4638,O=c1[nH]c(=O)c2cccnc2o1,aryne_5102,O=c1[nH]c(=O)c2c#ccnc2o1
5102,arene_4638,O=c1[nH]c(=O)c2cccnc2o1,aryne_5103,O=c1[nH]c(=O)c2cc#cnc2o1
5103,arene_4639,O=c1[nH]c2[nH]ccoc=2c1=O,aryne_5104,O=c1[nH]c2[nH]c#coc=2c1=O
5104,arene_4640,O=c1c(=O)n2ccc(=O)n2c1=O,aryne_5105,O=c1c(=O)n2c#cc(=O)n2c1=O
5105,arene_4641,O=c1nnn2[nH]cc[nH]n2[nH]1,aryne_5106,O=c1nnn2[nH]c#c[nH]n2[nH]1
5106,arene_4643,O=c1cc2cccnn2c(=O)s1,aryne_5107,O=c1cc2c#ccnn2c(=O)s1
5107,arene_4644,O=c1ccn2sccc(=O)n2c1=O,aryne_5108,O=c1c#cn2sccc(=O)n2c1=O
5108,arene_4644,O=c1ccn2sccc(=O)n2c1=O,aryne_5109,O=c1ccn2sc#cc(=O)n2c1=O
5109,arene_4645,c1csn2oncn2o1,aryne_5110,c1on2cnon2sc#1
5110,arene_4646,O=c1cnn2nnccc2c1,aryne_5111,O=c1cnn2nnc#cc2c1
5111,arene_4647,O=c1ccoc2snnc12,aryne_5112,O=c1c#coc2snnc12
5112,arene_4648,O=c1cnc2[nH]cc[nH]c1=2,aryne_5113,O=c1cnc2[nH]c#c[nH]c1=2
5113,arene_4649,O=c1ccc2sccc(=O)c2o1,aryne_5114,O=c1c#cc2sccc(=O)c2o1
5114,arene_4649,O=c1ccc2sccc(=O)c2o1,aryne_5115,O=c1ccc2sc#cc(=O)c2o1
5115,arene_4650,O=c1ccsc2[nH]ncc12,aryne_5116,O=c1c#csc2[nH]ncc12
5116,arene_4651,O=c1[nH]c(=O)c2cc[nH]c2s1,aryne_5117,O=c1[nH]c(=O)c2c#c[nH]c2s1
5117,arene_4652,O=c1oc2noccn-2c(=O)c1=O,aryne_5118,O=c1oc2noc#cn-2c(=O)c1=O
5118,arene_4653,O=c1cnc2[nH]ccc(=O)c2[nH]1,aryne_5119,O=c1cnc2[nH]c#cc(=O)c2[nH]1
5119,arene_4654,c1csn2cnscc-2s1,aryne_5120,c1sc2csncn-2sc#1
5120,arene_4655,O=c1nc2ccccc2ns1,aryne_5121,O=c1nc2c#cccc2ns1
5121,arene_4655,O=c1nc2ccccc2ns1,aryne_5122,O=c1nc2ccc#cc2ns1
5122,arene_4656,O=c1cc2occc2co1,aryne_5123,O=c1cc2oc#cc2co1
5123,arene_4657,O=c1[nH]ccc2ccsc(=O)c12,aryne_5124,O=c1[nH]c#cc2ccsc(=O)c12
5124,arene_4657,O=c1[nH]ccc2ccsc(=O)c12,aryne_5125,O=c1[nH]ccc2c#csc(=O)c12
5125,arene_4658,O=c1nnn2[nH]ccn2c1=O,aryne_5126,O=c1nnn2[nH]c#cn2c1=O
5126,arene_4659,O=c1on2ccnc2s1,aryne_5127,O=c1on2c#cnc2s1
5127,arene_4660,c1csc2snnsc=2[nH]1,aryne_5128,c1[nH]c2snnsc=2sc#1
5128,arene_4661,O=c1cc[nH]c2c(=O)ocnc12,aryne_5129,O=c1c#c[nH]c2c(=O)ocnc12
5129,arene_4662,O=c1nc2ccc(=O)sc2n[nH]1,aryne_5130,O=c1nc2c#cc(=O)sc2n[nH]1
5130,arene_4663,O=c1nc[nH]n2sccsn12,aryne_5131,O=c1nc[nH]n2sc#csn12
5131,arene_4664,O=c1oncc2nccnc12,aryne_5132,O=c1oncc2nc#cnc12
5132,arene_4665,O=c1[nH]ncc2[nH]ccc12,aryne_5133,O=c1[nH]ncc2[nH]c#cc12
5133,arene_4666,c1cc2cscc2s1,aryne_5134,c1sc2cscc2c#1
5134,arene_4667,c1cc2ocnc2[nH]1,aryne_5135,c1[nH]c2ncoc2c#1
5135,arene_4668,O=c1nnc2oc(=O)ccc2[nH]1,aryne_5136,O=c1nnc2oc(=O)c#cc2[nH]1
5136,arene_4669,O=c1ccc(=O)c2c(=O)nnc(=O)c1=2,aryne_5137,O=c1c#cc(=O)c2c(=O)nnc(=O)c1=2
5137,arene_4670,c1con2ccon2[nH]1,aryne_5138,c1[nH]n2occn2oc#1
5138,arene_4670,c1con2ccon2[nH]1,aryne_5139,c1on2[nH]ccon2c#1
5139,arene_4671,O=c1cc2scc[nH]c-2n1,aryne_5140,O=c1cc2sc#c[nH]c-2n1
5140,arene_4672,O=c1ccsn2c(=O)ncnc12,aryne_5141,O=c1c#csn2c(=O)ncnc12
5141,arene_4673,O=c1cccc2ccon12,aryne_5142,O=c1c#ccc2ccon12
5142,arene_4673,O=c1cccc2ccon12,aryne_5143,O=c1cccc2c#con12
5143,arene_4674,O=c1ccc2c(=O)c(=O)c(=O)sc=2c1=O,aryne_5144,O=c1c#cc2c(=O)c(=O)c(=O)sc=2c1=O
5144,arene_4675,O=c1ccc2cc(=O)c(=O)cc1-2,aryne_5145,O=c1c#cc2cc(=O)c(=O)cc1-2
5145,arene_4676,O=c1ccn2oc(=O)c(=O)n2o1,aryne_5146,O=c1c#cn2oc(=O)c(=O)n2o1
5146,arene_4678,O=c1cc2oc(=O)ccc2no1,aryne_5147,O=c1c#cc2noc(=O)cc2o1
5147,arene_4679,O=c1occc2c(=O)occc12,aryne_5148,O=c1occc2c(=O)oc#cc12
5148,arene_4680,O=c1ccc2nscc2o1,aryne_5149,O=c1c#cc2nscc2o1
5149,arene_4681,c1cnnnn1,aryne_5150,c1nnnnc#1
5150,arene_4682,c1cc2cncnc2nn1,aryne_5151,c1nnc2ncncc2c#1
5151,arene_4683,c1ccn2sncon2c1,aryne_5152,c1ccn2sncon2c#1
5152,arene_4683,c1ccn2sncon2c1,aryne_5153,c1ccn2ocnsn2c#1
5153,arene_4684,c1ccc2sccc2c1,aryne_5154,c1cc2ccsc2cc#1
5154,arene_4684,c1ccc2sccc2c1,aryne_5155,c1ccc2sccc2c#1
5155,arene_4684,c1ccc2sccc2c1,aryne_5156,c1ccc2ccsc2c#1
5156,arene_4684,c1ccc2sccc2c1,aryne_5157,c1sc2ccccc2c#1
5157,arene_4685,O=c1cc2[nH]cc[nH]c-2nc1=O,aryne_5158,O=c1cc2[nH]c#c[nH]c-2nc1=O
5158,arene_4686,c1cn2scnoc-2c[nH]1,aryne_5159,c1[nH]cc2oncsn-2c#1
5159,arene_4687,O=c1oncn2c(=O)ccnc12,aryne_5160,O=c1oncn2c(=O)c#cnc12
5160,arene_4688,O=c1ccn2c(=O)c(=O)c(=O)c2c1,aryne_5161,O=c1c#cn2c(=O)c(=O)c(=O)c2c1
5161,arene_4689,O=c1nnnc2ccncn12,aryne_5162,O=c1nnnc2c#cncn12
5162,arene_4690,O=c1sn2[nH]ccc(=O)n2c1=O,aryne_5163,O=c1sn2[nH]c#cc(=O)n2c1=O
5163,arene_4691,O=c1oc2ccccc2s1,aryne_5164,O=c1oc2c#cccc2s1
5164,arene_4691,O=c1oc2ccccc2s1,aryne_5165,O=c1oc2cc#ccc2s1
5165,arene_4691,O=c1oc2ccccc2s1,aryne_5166,O=c1oc2ccc#cc2s1
5166,arene_4692,c1cc2nnnn2nn1,aryne_5167,c1nnn2nnnc2c#1
5167,arene_4693,O=c1cc[nH]n2ocnsn12,aryne_5168,O=c1c#c[nH]n2ocnsn12
5168,arene_4694,O=c1occ2c(=O)ccon2c1=O,aryne_5169,O=c1occ2c(=O)c#con2c1=O
5169,arene_4695,O=c1[nH]n2c(=O)cccc2oc1=O,aryne_5170,O=c1[nH]n2c(=O)c#ccc2oc1=O
5170,arene_4696,O=c1ccn2c(=O)c(=O)snc2s1,aryne_5171,O=c1c#cn2c(=O)c(=O)snc2s1
5171,arene_4697,O=c1cc2cnccn2c(=O)s1,aryne_5172,O=c1cc2cnc#cn2c(=O)s1
5172,arene_4698,O=c1[nH]n2c(=O)occn2c1=O,aryne_5173,O=c1[nH]n2c(=O)oc#cn2c1=O
5173,arene_4699,O=c1cnn2ccsnc-2c1=O,aryne_5174,O=c1cnn2c#csnc-2c1=O
5174,arene_4700,O=c1cnc2ccnnc2s1,aryne_5175,O=c1cnc2c#cnnc2s1
5175,arene_4701,O=c1cnn2c(=O)[nH]ccn2c1=O,aryne_5176,O=c1cnn2c(=O)[nH]c#cn2c1=O
5176,arene_4703,O=c1nc2sccc2cs1,aryne_5177,O=c1nc2sc#cc2cs1
5177,arene_4704,O=c1ncsn2sccsn12,aryne_5178,O=c1ncsn2sc#csn12
5178,arene_4705,O=c1oc2occsc=2c(=O)c1=O,aryne_5179,O=c1oc2oc#csc=2c(=O)c1=O
5179,arene_4706,O=c1ccc2sncc(=O)c2s1,aryne_5180,O=c1c#cc2sncc(=O)c2s1
5180,arene_4707,O=c1ccc2c(=O)sc(=O)c(=O)c1=2,aryne_5181,O=c1c#cc2c(=O)sc(=O)c(=O)c1=2
5181,arene_4708,O=c1oc2nccnc2c(=O)s1,aryne_5182,O=c1oc2nc#cnc2c(=O)s1
5182,arene_4709,O=c1oc(=O)n2[nH]cc[nH]n2s1,aryne_5183,O=c1oc(=O)n2[nH]c#c[nH]n2s1
5183,arene_4710,O=c1ccc2csc(=O)nc2[nH]1,aryne_5184,O=c1c#cc2csc(=O)nc2[nH]1
5184,arene_4711,O=c1sc(=O)c2sccc2s1,aryne_5185,O=c1sc(=O)c2sc#cc2s1
5185,arene_4712,O=c1[nH]n2occon2c(=O)s1,aryne_5186,O=c1[nH]n2oc#con2c(=O)s1
5186,arene_4713,O=c1cc[nH]c2ccsc(=O)c12,aryne_5187,O=c1c#c[nH]c2ccsc(=O)c12
5187,arene_4713,O=c1cc[nH]c2ccsc(=O)c12,aryne_5188,O=c1cc[nH]c2c#csc(=O)c12
5188,arene_4714,O=c1ccc2nsnc2o1,aryne_5189,O=c1c#cc2nsnc2o1
5189,arene_4715,O=c1cc2cnccn2nn1,aryne_5190,O=c1cc2cnc#cn2nn1
5190,arene_4716,O=c1sccc2nsc(=O)n12,aryne_5191,O=c1sc#cc2nsc(=O)n12
5191,arene_4717,O=c1occc2nncnc12,aryne_5192,O=c1oc#cc2nncnc12
5192,arene_4718,O=c1ncsc2occc12,aryne_5193,O=c1ncsc2oc#cc12
5193,arene_4719,O=c1ncc2c(=O)ccsc2[nH]1,aryne_5194,O=c1ncc2c(=O)c#csc2[nH]1
5194,arene_4720,O=c1[nH]c2c(=O)cc[nH]c2s1,aryne_5195,O=c1[nH]c2c(=O)c#c[nH]c2s1
5195,arene_4721,O=c1ccsc2cn[nH]c12,aryne_5196,O=c1c#csc2cn[nH]c12
5196,arene_4722,O=c1ccc(=O)c2c(=O)c(=O)sc(=O)c1=2,aryne_5197,O=c1c#cc(=O)c2c(=O)c(=O)sc(=O)c1=2
5197,arene_4723,O=c1[nH]c(=O)n2ccccn12,aryne_5198,O=c1[nH]c(=O)n2ccc#cn12
5198,arene_4724,O=c1ccn2c(=O)ccnc2o1,aryne_5199,O=c1c#cn2c(=O)ccnc2o1
5199,arene_4724,O=c1ccn2c(=O)ccnc2o1,aryne_5200,O=c1ccn2c(=O)c#cnc2o1
5200,arene_4725,O=c1cnn2cc[nH]n2c1=O,aryne_5201,O=c1cnn2c#c[nH]n2c1=O
5201,arene_4726,c1cnn2nncc2c1,aryne_5202,c1cnn2nncc2c#1
5202,arene_4727,O=c1occ2cc[nH]n12,aryne_5203,O=c1occ2c#c[nH]n12
5203,arene_4728,O=c1ccn2[nH]c(=O)oc2c1,aryne_5204,O=c1c#cn2[nH]c(=O)oc2c1
5204,arene_4729,O=c1cnc2ccoc2o1,aryne_5205,O=c1cnc2c#coc2o1
5205,arene_4730,O=c1cc[nH]n2c(=O)snc12,aryne_5206,O=c1c#c[nH]n2c(=O)snc12
5206,arene_4732,c1cnn2scc[nH]n2n1,aryne_5207,c1[nH]n2nccnn2sc#1
5207,arene_4733,O=c1ccc2nc(=O)c(=O)cc1-2,aryne_5208,O=c1c#cc2nc(=O)c(=O)cc1-2
5208,arene_4734,O=c1cc2[nH]ccon-2c(=O)c1=O,aryne_5209,O=c1cc2[nH]c#con-2c(=O)c1=O
5209,arene_4735,O=c1nc2sccc(=O)n2c(=O)s1,aryne_5210,O=c1nc2sc#cc(=O)n2c(=O)s1
5210,arene_4736,O=c1cc[nH]n2[nH]cn[nH]n12,aryne_5211,O=c1c#c[nH]n2[nH]cn[nH]n12
5211,arene_4737,O=c1cc2ccnnn2nn1,aryne_5212,O=c1cc2c#cnnn2nn1
5212,arene_4738,O=c1oc(=O)c2cc[nH]c2o1,aryne_5213,O=c1oc(=O)c2c#c[nH]c2o1
5213,arene_4739,O=c1ncn2sccon2[nH]1,aryne_5214,O=c1ncn2sc#con2[nH]1
5214,arene_4740,O=c1[nH]c2ccoc(=O)c2o1,aryne_5215,O=c1[nH]c2c#coc(=O)c2o1
5215,arene_4741,O=c1ccn2c(=O)onc2o1,aryne_5216,O=c1c#cn2c(=O)onc2o1
5216,arene_4742,O=c1cnc2c[nH]ccn-2c1=O,aryne_5217,O=c1cnc2c[nH]c#cn-2c1=O
5217,arene_4743,O=c1ncc(=O)n2ncccn12,aryne_5218,O=c1ncc(=O)n2ncc#cn12
5218,arene_4744,c1cnn2occ[nH]n2c1,aryne_5219,c1cnn2occ[nH]n2c#1
5219,arene_4744,c1cnn2occ[nH]n2c1,aryne_5220,c1[nH]n2cccnn2oc#1
5220,arene_4745,O=c1occn2c(=O)occ12,aryne_5221,O=c1oc#cn2c(=O)occ12
5221,arene_4746,O=c1ncn2ccocc-2c1=O,aryne_5222,O=c1ncn2c#cocc-2c1=O
5222,arene_4747,O=c1[nH]c(=O)c2ccsc2s1,aryne_5223,O=c1[nH]c(=O)c2c#csc2s1
5223,arene_4748,O=c1nnn2cc[nH]cc1-2,aryne_5224,O=c1nnn2c#c[nH]cc1-2
5224,arene_4749,O=c1onc2sccc(=O)n2c1=O,aryne_5225,O=c1onc2sc#cc(=O)n2c1=O
5225,arene_4750,O=c1c(=O)c2ccncc2c1=O,aryne_5226,O=c1c(=O)c2c#cncc2c1=O
5226,arene_4751,O=c1ccon2onnon12,aryne_5227,O=c1c#con2onnon12
5227,arene_4752,c1cc2n[nH]cc2nn1,aryne_5228,c1nnc2c[nH]nc2c#1
5228,arene_4753,O=c1ccn2ccsn2c1=O,aryne_5229,O=c1c#cn2ccsn2c1=O
5229,arene_4753,O=c1ccn2ccsn2c1=O,aryne_5230,O=c1ccn2c#csn2c1=O
5230,arene_4754,c1con2[nH]nnn2[nH]1,aryne_5231,c1[nH]n2nn[nH]n2oc#1
5231,arene_4755,O=c1ccc2onnc(=O)c2[nH]1,aryne_5232,O=c1c#cc2onnc(=O)c2[nH]1
5232,arene_4756,O=c1ccsc2c(=O)ncsc12,aryne_5233,O=c1c#csc2c(=O)ncsc12
5233,arene_4757,c1cn2nnncc2n1,aryne_5234,c1nc2cnnnn2c#1
5234,arene_4758,O=c1oc(=O)c2cccc(=O)n2s1,aryne_5235,O=c1oc(=O)c2cc#cc(=O)n2s1
5235,arene_4759,c1coc2oncsc=2[nH]1,aryne_5236,c1[nH]c2scnoc=2oc#1
5236,arene_4760,O=c1ccn2c(=O)[nH]nnn2c1=O,aryne_5237,O=c1c#cn2c(=O)[nH]nnn2c1=O
5237,arene_4761,O=c1c(=O)c2ccccc2c1=O,aryne_5238,O=c1c(=O)c2c#cccc2c1=O
5238,arene_4761,O=c1c(=O)c2ccccc2c1=O,aryne_5239,O=c1c(=O)c2cc#ccc2c1=O
5239,arene_4762,c1cnc2oncc2c1,aryne_5240,c1cc2cnoc2nc#1
5240,arene_4762,c1cnc2oncc2c1,aryne_5241,c1cnc2oncc2c#1
5241,arene_4763,O=c1ccc2cncnc2[nH]1,aryne_5242,O=c1c#cc2cncnc2[nH]1
5242,arene_4764,O=c1[nH]cnc2ccncc12,aryne_5243,O=c1[nH]cnc2c#cncc12
5243,arene_4765,c1cn2nnnc2o1,aryne_5244,c1oc2nnnn2c#1
5244,arene_4766,O=c1occ2ccoc(=O)n2c1=O,aryne_5245,O=c1occ2c#coc(=O)n2c1=O
5245,arene_4767,O=c1occn2c(=O)cnnc12,aryne_5246,O=c1oc#cn2c(=O)cnnc12
5246,arene_4768,O=c1ncsc2c(=O)occc12,aryne_5247,O=c1ncsc2c(=O)oc#cc12
5247,arene_4769,O=c1cc2sc(=O)ccn2c(=O)[nH]1,aryne_5248,O=c1cc2sc(=O)c#cn2c(=O)[nH]1
5248,arene_4770,O=c1ccnc2nn[nH]n12,aryne_5249,O=c1c#cnc2nn[nH]n12
5249,arene_4771,O=c1sc(=O)n2ccsnc-2c1=O,aryne_5250,O=c1sc(=O)n2c#csnc-2c1=O
5250,arene_4772,O=c1nnc2[nH]ccc(=O)c2o1,aryne_5251,O=c1nnc2[nH]c#cc(=O)c2o1
5251,arene_4773,O=c1ncn2ccsnc-2c1=O,aryne_5252,O=c1ncn2c#csnc-2c1=O
5252,arene_4774,O=c1ccsn2[nH]nn[nH]n12,aryne_5253,O=c1c#csn2[nH]nn[nH]n12
5253,arene_4775,c1cn2[nH]nnon2cn1,aryne_5254,c1ncn2onn[nH]n2c#1
5254,arene_4776,O=c1[nH]n2ccoc(=O)n2c1=O,aryne_5255,O=c1[nH]n2c#coc(=O)n2c1=O
5255,arene_4778,O=c1cn[nH]c2sccc12,aryne_5256,O=c1cn[nH]c2sc#cc12
5256,arene_4779,O=c1oc(=O)c2[nH]ccc(=O)c2o1,aryne_5257,O=c1oc(=O)c2[nH]c#cc(=O)c2o1
5257,arene_4780,c1ccn2snn[nH]n2c1,aryne_5258,c1ccn2snn[nH]n2c#1
5258,arene_4780,c1ccn2snn[nH]n2c1,aryne_5259,c1ccn2[nH]nnsn2c#1
5259,arene_4781,O=c1ccn2ncnnc2c1,aryne_5260,O=c1c#cn2ncnnc2c1
5260,arene_4782,O=c1ccoc2c(=O)nnoc12,aryne_5261,O=c1c#coc2c(=O)nnoc12
5261,arene_4783,c1c[nH]n2oncn2[nH]1,aryne_5262,c1[nH]n2cnon2[nH]c#1
5262,arene_4784,O=c1ccc2nsc(=O)c(=O)n2o1,aryne_5263,O=c1c#cc2nsc(=O)c(=O)n2o1
5263,arene_4785,O=c1[nH]c(=O)n2occsn2[nH]1,aryne_5264,O=c1[nH]c(=O)n2oc#csn2[nH]1
5264,arene_4786,O=c1ccc(=O)n2sccn12,aryne_5265,O=c1c#cc(=O)n2sccn12
5265,arene_4786,O=c1ccc(=O)n2sccn12,aryne_5266,O=c1ccc(=O)n2sc#cn12
5266,arene_4787,c1non2ccsnc-2o1,aryne_5267,c1snc2ocnon-2c#1
5267,arene_4788,O=c1oc2occsc=2c1=O,aryne_5268,O=c1oc2oc#csc=2c1=O
5268,arene_4789,c1coc2ocn[nH]c=2[nH]1,aryne_5269,c1[nH]c2[nH]ncoc=2oc#1
5269,arene_4790,O=c1oncn2sccsn12,aryne_5270,O=c1oncn2sc#csn12
5270,arene_4791,O=c1ccoc2nncn12,aryne_5271,O=c1c#coc2nncn12
5271,arene_4792,O=c1ccc2sncc(=O)c2[nH]1,aryne_5272,O=c1c#cc2sncc(=O)c2[nH]1
5272,arene_4793,c1cn2oncsc-2co1,aryne_5273,c1occ2scnon-2c#1
5273,arene_4794,O=c1cc[nH]n2occ[nH]n12,aryne_5274,O=c1c#c[nH]n2occ[nH]n12
5274,arene_4794,O=c1cc[nH]n2occ[nH]n12,aryne_5275,O=c1cc[nH]n2oc#c[nH]n12
5275,arene_4795,O=c1ccn2cnon12,aryne_5276,O=c1c#cn2cnon12
5276,arene_4796,O=c1ccn2sccn2c1=O,aryne_5277,O=c1c#cn2sccn2c1=O
5277,arene_4796,O=c1ccn2sccn2c1=O,aryne_5278,O=c1ccn2sc#cn2c1=O
5278,arene_4797,O=c1ccn2cnonc1-2,aryne_5279,O=c1c#cn2cnonc1-2
5279,arene_4798,O=c1ccn2c(=O)onc2[nH]1,aryne_5280,O=c1c#cn2c(=O)onc2[nH]1
5280,arene_4799,O=c1sc(=O)n2c(=O)occn2c1=O,aryne_5281,O=c1sc(=O)n2c(=O)oc#cn2c1=O
5281,arene_4800,O=c1nnn2cc[nH]nc1-2,aryne_5282,O=c1nnn2c#c[nH]nc1-2
5282,arene_4801,O=c1cnn2ccccn2c1=O,aryne_5283,O=c1cnn2c#cccn2c1=O
5283,arene_4801,O=c1cnn2ccccn2c1=O,aryne_5284,O=c1cnn2ccc#cn2c1=O
5284,arene_4802,O=c1oc2cnccc2sc1=O,aryne_5285,O=c1oc2cnc#cc2sc1=O
5285,arene_4803,O=c1ccn2c(=O)scnn2c1=O,aryne_5286,O=c1c#cn2c(=O)scnn2c1=O
5286,arene_4804,O=c1[nH]cc2ccncn12,aryne_5287,O=c1[nH]cc2c#cncn12
5287,arene_4805,O=c1ccn2c(=O)nnon2c1=O,aryne_5288,O=c1c#cn2c(=O)nnon2c1=O
5288,arene_4806,O=c1on2ccsc(=O)n2c(=O)c1=O,aryne_5289,O=c1on2c#csc(=O)n2c(=O)c1=O
5289,arene_4807,O=c1ccn2[nH]cnc(=O)c2n1,aryne_5290,O=c1c#cn2[nH]cnc(=O)c2n1
5290,arene_4808,O=c1sccc2ncsc(=O)c12,aryne_5291,O=c1sc#cc2ncsc(=O)c12
5291,arene_4809,O=c1[nH]nc2ccccn12,aryne_5292,O=c1[nH]nc2c#cccn12
5292,arene_4809,O=c1[nH]nc2ccccn12,aryne_5293,O=c1[nH]nc2ccc#cn12
5293,arene_4810,c1cn2snc[nH]c-2n[nH]1,aryne_5294,c1[nH]nc2[nH]cnsn-2c#1
5294,arene_4811,O=c1ccn2nnsnc1-2,aryne_5295,O=c1c#cn2nnsnc1-2
5295,arene_4812,O=c1oncn2cccc12,aryne_5296,O=c1oncn2c#ccc12
5296,arene_4813,c1cc2[nH]cnn2c1,aryne_5297,c1cc2[nH]cnn2c#1
5297,arene_4814,c1cc2ncnnn2c1,aryne_5298,c1cc2ncnnn2c#1
5298,arene_4815,O=c1cnsn2ccnc12,aryne_5299,O=c1cnsn2c#cnc12
5299,arene_4816,O=c1[nH]n2ccc(=O)n2[nH]1,aryne_5300,O=c1[nH]n2c#cc(=O)n2[nH]1
5300,arene_4817,c1csc2sncoc=2o1,aryne_5301,c1oc2ocnsc=2sc#1
5301,arene_4818,O=c1ocnn2sccon12,aryne_5302,O=c1ocnn2sc#con12
5302,arene_4819,O=c1ccc2[nH]c(=O)oc(=O)c2[nH]1,aryne_5303,O=c1c#cc2[nH]c(=O)oc(=O)c2[nH]1
5303,arene_4820,O=c1ccc2cn[nH]c2o1,aryne_5304,O=c1c#cc2cn[nH]c2o1
5304,arene_4821,O=c1cc2occ[nH]c-2nc1=O,aryne_5305,O=c1cc2oc#c[nH]c-2nc1=O
5305,arene_4822,O=c1on2c(=O)ccnc2c(=O)s1,aryne_5306,O=c1on2c(=O)c#cnc2c(=O)s1
5306,arene_4823,O=c1occn2onnon12,aryne_5307,O=c1oc#cn2onnon12
5307,arene_4824,O=c1nc2c(=O)ccoc2no1,aryne_5308,O=c1nc2c(=O)c#coc2no1
5308,arene_4825,c1cc2nnoc2cn1,aryne_5309,c1ncc2onnc2c#1
5309,arene_4826,O=c1nnn2ccnc2o1,aryne_5310,O=c1nnn2c#cnc2o1
5310,arene_4827,O=c1nnnc2ccon12,aryne_5311,O=c1nnnc2c#con12
5311,arene_4828,O=c1ccn2scnc2c1,aryne_5312,O=c1c#cn2scnc2c1
5312,arene_4829,O=c1[nH]c2nccn2[nH]c1=O,aryne_5313,O=c1[nH]c2nc#cn2[nH]c1=O
5313,arene_4830,O=c1ccn2oc(=O)c(=O)[nH]c2c1,aryne_5314,O=c1c#cn2oc(=O)c(=O)[nH]c2c1
5314,arene_4831,O=c1cnn2ccccc2c1,aryne_5315,O=c1cnn2c#cccc2c1
5315,arene_4831,O=c1cnn2ccccc2c1,aryne_5316,O=c1cnn2ccc#cc2c1
5316,arene_4832,O=c1cc2ccnnn2cn1,aryne_5317,O=c1cc2c#cnnn2cn1
5317,arene_4833,c1c[nH]n2nnocc-2[nH]1,aryne_5318,c1[nH]c2connn-2[nH]c#1
5318,arene_4834,O=c1ccc2sc(=O)sc2[nH]1,aryne_5319,O=c1c#cc2sc(=O)sc2[nH]1
5319,arene_4835,O=c1sc(=O)c2ccsc(=O)c2s1,aryne_5320,O=c1sc(=O)c2c#csc(=O)c2s1
5320,arene_4836,O=c1ncn2ccsc(=O)n2c1=O,aryne_5321,O=c1ncn2c#csc(=O)n2c1=O
5321,arene_4837,O=c1nnoc2sccc12,aryne_5322,O=c1nnoc2sc#cc12
5322,arene_4838,O=c1ccn2c(=O)scnc2n1,aryne_5323,O=c1c#cn2c(=O)scnc2n1
5323,arene_4839,O=c1ccc2conc2s1,aryne_5324,O=c1c#cc2conc2s1
5324,arene_4840,O=c1sc(=O)c2[nH]ccc2s1,aryne_5325,O=c1sc(=O)c2[nH]c#cc2s1
5325,arene_4841,O=c1ccn2c(=O)oc(=O)[nH]c2n1,aryne_5326,O=c1c#cn2c(=O)oc(=O)[nH]c2n1
5326,arene_4842,O=c1ccsn2ocnsn12,aryne_5327,O=c1c#csn2ocnsn12
5327,arene_4843,O=c1nnsc2c(=O)occc12,aryne_5328,O=c1nnsc2c(=O)oc#cc12
5328,arene_4844,O=c1ncc2occc2s1,aryne_5329,O=c1ncc2oc#cc2s1
5329,arene_4845,O=c1ccn2ncon12,aryne_5330,O=c1c#cn2ncon12
5330,arene_4846,O=c1ccoc2[nH]ncc(=O)c12,aryne_5331,O=c1c#coc2[nH]ncc(=O)c12
5331,arene_4847,O=c1[nH]c2scc[nH]c=2c1=O,aryne_5332,O=c1[nH]c2sc#c[nH]c=2c1=O
5332,arene_4848,O=c1ccc2nc(=O)onc2o1,aryne_5333,O=c1c#cc2nc(=O)onc2o1
5333,arene_4849,c1coc2onn[nH]c=2[nH]1,aryne_5334,c1[nH]c2[nH]nnoc=2oc#1
5334,arene_4850,O=c1nnc(=O)n2c(=O)occn12,aryne_5335,O=c1nnc(=O)n2c(=O)oc#cn12
5335,arene_4851,O=c1ccn2oc(=O)oc(=O)c2c1,aryne_5336,O=c1c#cn2oc(=O)oc(=O)c2c1
5336,arene_4852,c1csc2snnoc=2s1,aryne_5337,c1sc2onnsc=2sc#1
5337,arene_4853,O=c1ccc2ncoc(=O)c2o1,aryne_5338,O=c1c#cc2ncoc(=O)c2o1
5338,arene_4854,c1cn2ocn[nH]c-2n[nH]1,aryne_5339,c1[nH]nc2[nH]ncon-2c#1
5339,arene_4855,O=c1ccn2cnc(=O)[nH]c2c1,aryne_5340,O=c1c#cn2cnc(=O)[nH]c2c1
5340,arene_4856,O=c1scc2sccn12,aryne_5341,O=c1scc2sc#cn12
5341,arene_4857,O=c1ccsc2csc(=O)n12,aryne_5342,O=c1c#csc2csc(=O)n12
5342,arene_4858,O=c1cnoc2cc[nH]c12,aryne_5343,O=c1cnoc2c#c[nH]c12
5343,arene_4859,O=c1[nH]c(=O)n2c(=O)ccc(=O)n2s1,aryne_5344,O=c1[nH]c(=O)n2c(=O)c#cc(=O)n2s1
5344,arene_4860,O=c1oc2ccccc2o1,aryne_5345,O=c1oc2c#cccc2o1
5345,arene_4860,O=c1oc2ccccc2o1,aryne_5346,O=c1oc2cc#ccc2o1
5346,arene_4861,O=c1ccn2c(=O)ccn2o1,aryne_5347,O=c1c#cn2c(=O)ccn2o1
5347,arene_4861,O=c1ccn2c(=O)ccn2o1,aryne_5348,O=c1ccn2c(=O)c#cn2o1
5348,arene_4862,O=c1cc[nH]n2c(=O)nnnc12,aryne_5349,O=c1c#c[nH]n2c(=O)nnnc12
5349,arene_4863,O=c1[nH]c2[nH]ccc(=O)c2c(=O)s1,aryne_5350,O=c1[nH]c2[nH]c#cc(=O)c2c(=O)s1
5350,arene_4864,O=c1ccc2nsccn-2c1=O,aryne_5351,O=c1c#cc2nsccn-2c1=O
5351,arene_4864,O=c1ccc2nsccn-2c1=O,aryne_5352,O=c1ccc2nsc#cn-2c1=O
5352,arene_4865,O=c1ncoc2ncccc12,aryne_5353,O=c1ncoc2nc#ccc12
5353,arene_4865,O=c1ncoc2ncccc12,aryne_5354,O=c1ncoc2ncc#cc12
5354,arene_4866,O=c1nc2occc(=O)c2c[nH]1,aryne_5355,O=c1nc2oc#cc(=O)c2c[nH]1
5355,arene_4867,O=c1sc2noccn-2c1=O,aryne_5356,O=c1sc2noc#cn-2c1=O
5356,arene_4868,c1cc2[nH]ncc2[nH]1,aryne_5357,c1[nH]c2cn[nH]c2c#1
5357,arene_4869,O=c1nnc2nccnc2s1,aryne_5358,O=c1nnc2nc#cnc2s1
5358,arene_4870,O=c1sc(=O)c(=O)n2cconc1-2,aryne_5359,O=c1sc(=O)c(=O)n2c#conc1-2
5359,arene_4871,O=c1cc2cnccc2no1,aryne_5360,O=c1cc2cnc#cc2no1
5360,arene_4872,O=c1nnn2ccoc(=O)n2c1=O,aryne_5361,O=c1nnn2c#coc(=O)n2c1=O
5361,arene_4873,c1cn2onc[nH]n2nn1,aryne_5362,c1nnn2[nH]cnon2c#1
5362,arene_4874,O=c1cccc2ncsn12,aryne_5363,O=c1c#ccc2ncsn12
5363,arene_4875,c1con2scnn2[nH]1,aryne_5364,c1[nH]n2ncsn2oc#1
5364,arene_4877,O=c1nc2cc[nH]n2c(=O)s1,aryne_5365,O=c1nc2c#c[nH]n2c(=O)s1
5365,arene_4878,O=c1[nH]n2sccsn2oc1=O,aryne_5366,O=c1[nH]n2sc#csn2oc1=O
5366,arene_4879,O=c1nc2ccc(=O)c(=O)c-2n1,aryne_5367,O=c1nc2c#cc(=O)c(=O)c-2n1
5367,arene_4880,O=c1ccn2c(=O)nn[nH]n2c1=O,aryne_5368,O=c1c#cn2c(=O)nn[nH]n2c1=O
5368,arene_4881,O=c1sncn2[nH]ccsn12,aryne_5369,O=c1sncn2[nH]c#csn12
5369,arene_4882,O=c1ccc2cnoc2s1,aryne_5370,O=c1c#cc2cnoc2s1
5370,arene_4883,O=c1nc2c(=O)occc2cs1,aryne_5371,O=c1nc2c(=O)oc#cc2cs1
5371,arene_4884,O=c1[nH]ncc2ccoc12,aryne_5372,O=c1[nH]ncc2c#coc12
5372,arene_4885,O=c1ccn2[nH]c(=O)c(=O)n2[nH]1,aryne_5373,O=c1c#cn2[nH]c(=O)c(=O)n2[nH]1
5373,arene_4886,O=c1ccn2ccoc2n1,aryne_5374,O=c1c#cn2ccoc2n1
5374,arene_4886,O=c1ccn2ccoc2n1,aryne_5375,O=c1ccn2c#coc2n1
5375,arene_4887,O=c1ncn2c(=O)ccsc2n1,aryne_5376,O=c1ncn2c(=O)c#csc2n1
5376,arene_4888,O=c1ccoc2ncnc(=O)n12,aryne_5377,O=c1c#coc2ncnc(=O)n12
5377,arene_4889,O=c1on2ccc(=O)c(=O)n2s1,aryne_5378,O=c1on2c#cc(=O)c(=O)n2s1
5378,arene_4890,O=c1cc[nH]c2cnnc(=O)n12,aryne_5379,O=c1c#c[nH]c2cnnc(=O)n12
5379,arene_4891,O=c1ccn2sncc2c1,aryne_5380,O=c1c#cn2sncc2c1
5380,arene_4892,O=c1[nH]c2cccnc2o1,aryne_5381,O=c1[nH]c2c#ccnc2o1
5381,arene_4892,O=c1[nH]c2cccnc2o1,aryne_5382,O=c1[nH]c2cc#cnc2o1
5382,arene_4893,O=c1oc2occc(=O)c2s1,aryne_5383,O=c1oc2oc#cc(=O)c2s1
5383,arene_4894,c1cn2[nH]cnon2cn1,aryne_5384,c1ncn2onc[nH]n2c#1
5384,arene_4895,O=c1on2occon2s1,aryne_5385,O=c1on2oc#con2s1
5385,arene_4896,c1cnc2occc2c1,aryne_5386,c1cc2ccoc2nc#1
5386,arene_4896,c1cnc2occc2c1,aryne_5387,c1cnc2occc2c#1
5387,arene_4896,c1cnc2occc2c1,aryne_5388,c1oc2ncccc2c#1
5388,arene_4897,O=c1nc2ccsc(=O)c2cs1,aryne_5389,O=c1nc2c#csc(=O)c2cs1
5389,arene_4898,c1cn[nH]c1,aryne_5390,c1cn[nH]c#1
5390,arene_4899,O=c1nnn2c(=O)occn2c1=O,aryne_5391,O=c1nnn2c(=O)oc#cn2c1=O
5391,arene_4900,O=c1sccn2c(=O)ccnc12,aryne_5392,O=c1sc#cn2c(=O)ccnc12
5392,arene_4900,O=c1sccn2c(=O)ccnc12,aryne_5393,O=c1sccn2c(=O)c#cnc12
5393,arene_4901,O=c1[nH]c(=O)c2[nH]cc[nH]c1=2,aryne_5394,O=c1[nH]c(=O)c2[nH]c#c[nH]c1=2
5394,arene_4902,O=c1cnc2c(=O)[nH]ccc2o1,aryne_5395,O=c1cnc2c(=O)[nH]c#cc2o1
5395,arene_4903,O=c1ccon2sccon12,aryne_5396,O=c1c#con2sccon12
5396,arene_4903,O=c1ccon2sccon12,aryne_5397,O=c1ccon2sc#con12
5397,arene_4904,O=c1[nH]c(=O)n2sccon2[nH]1,aryne_5398,O=c1[nH]c(=O)n2sc#con2[nH]1
5398,arene_4905,O=c1[nH]n2[nH]ccn2c1=O,aryne_5399,O=c1[nH]n2[nH]c#cn2c1=O
5399,arene_4906,O=c1oc2csccn-2c1=O,aryne_5400,O=c1oc2csc#cn-2c1=O
5400,arene_4907,O=c1ccnc2cnnnn12,aryne_5401,O=c1c#cnc2cnnnn12
5401,arene_4908,O=c1ccsc2cncnc12,aryne_5402,O=c1c#csc2cncnc12
5402,arene_4909,O=c1sc(=O)c(=O)n2ccsnc1-2,aryne_5403,O=c1sc(=O)c(=O)n2c#csnc1-2
5403,arene_4910,c1csn2ncsnc-2[nH]1,aryne_5404,c1[nH]c2nscnn-2sc#1
5404,arene_4911,O=c1cc2sc(=O)ccc2n[nH]1,aryne_5405,O=c1cc2sc(=O)c#cc2n[nH]1
5405,arene_4912,O=c1ccc2sc(=O)sc2s1,aryne_5406,O=c1c#cc2sc(=O)sc2s1
5406,arene_4913,O=c1sn2[nH]cc[nH]n2s1,aryne_5407,O=c1sn2[nH]c#c[nH]n2s1
5407,arene_4914,O=c1cnn2cnccn2c1=O,aryne_5408,O=c1cnn2cnc#cn2c1=O
5408,arene_4915,O=c1nc2c(=O)[nH]ccc2ns1,aryne_5409,O=c1nc2c(=O)[nH]c#cc2ns1
5409,arene_4916,O=c1c(=O)c2cccn2c1=O,aryne_5410,O=c1c(=O)c2cc#cn2c1=O
5410,arene_4917,c1cnc2n[nH]nc2c1,aryne_5411,c1cnc2n[nH]nc2c#1
5411,arene_4918,O=c1cnc2sccc(=O)c2o1,aryne_5412,O=c1cnc2sc#cc(=O)c2o1
5412,arene_4919,O=c1sc2nccn2sc1=O,aryne_5413,O=c1sc2nc#cn2sc1=O
5413,arene_4920,O=c1occc2nnsc12,aryne_5414,O=c1oc#cc2nnsc12
5414,arene_4921,O=c1cc2occ[nH]n-2c(=O)c1=O,aryne_5415,O=c1cc2oc#c[nH]n-2c(=O)c1=O
5415,arene_4922,O=c1ccnc2ocnc(=O)n12,aryne_5416,O=c1c#cnc2ocnc(=O)n12
5416,arene_4923,c1nc2occn2n1,aryne_5417,c1oc2ncnn2c#1
5417,arene_4924,O=c1ccsn2c(=O)ccn12,aryne_5418,O=c1c#csn2c(=O)ccn12
5418,arene_4924,O=c1ccsn2c(=O)ccn12,aryne_5419,O=c1ccsn2c(=O)c#cn12
5419,arene_4925,O=c1nnc2ccncc2o1,aryne_5420,O=c1nnc2c#cncc2o1
5420,arene_4926,O=c1occn2cccc12,aryne_5421,O=c1oc#cn2cccc12
5421,arene_4926,O=c1occn2cccc12,aryne_5422,O=c1occn2c#ccc12
5422,arene_4927,c1cnc2cnncc2c1,aryne_5423,c1cc2cnncc2nc#1
5423,arene_4927,c1cnc2cnncc2c1,aryne_5424,c1cnc2cnncc2c#1
5424,arene_4929,c1cn2[nH]ccsn2nn1,aryne_5425,c1nnn2scc[nH]n2c#1
5425,arene_4929,c1cn2[nH]ccsn2nn1,aryne_5426,c1[nH]n2ccnnn2sc#1
5426,arene_4930,O=c1ccnc2cnoc(=O)n12,aryne_5427,O=c1c#cnc2cnoc(=O)n12
5427,arene_4931,O=c1oc(=O)n2cc[nH]cc-2c1=O,aryne_5428,O=c1oc(=O)n2c#c[nH]cc-2c1=O
5428,arene_4932,O=c1ccsc2ocnc12,aryne_5429,O=c1c#csc2ocnc12
5429,arene_4933,O=c1ccn2c(=O)[nH]c(=O)oc2c1,aryne_5430,O=c1c#cn2c(=O)[nH]c(=O)oc2c1
5430,arene_4934,O=c1cc2c(=O)sccn2c(=O)o1,aryne_5431,O=c1cc2c(=O)sc#cn2c(=O)o1
5431,arene_4935,O=c1sn2[nH]ccon2sc1=O,aryne_5432,O=c1sn2[nH]c#con2sc1=O
5432,arene_4936,O=c1ccn2sc(=O)c(=O)c(=O)n2s1,aryne_5433,O=c1c#cn2sc(=O)c(=O)c(=O)n2s1
5433,arene_4937,c1c[nH]n2ccscc-2[nH]1,aryne_5434,c1[nH]c2csccn-2[nH]c#1
5434,arene_4937,c1c[nH]n2ccscc-2[nH]1,aryne_5435,c1scc2[nH]cc[nH]n-2c#1
5435,arene_4938,c1cc2nnon2c1,aryne_5436,c1cc2nnon2c#1
5436,arene_4939,c1csc2[nH]nc[nH]c=2[nH]1,aryne_5437,c1[nH]c2[nH]cn[nH]c=2sc#1
5437,arene_4940,O=c1[nH]c2cnccc2s1,aryne_5438,O=c1[nH]c2cnc#cc2s1
5438,arene_4941,c1cn2[nH]nc[nH]n2cn1,aryne_5439,c1ncn2[nH]cn[nH]n2c#1
5439,arene_4942,O=c1nnsc2c(=O)sccc12,aryne_5440,O=c1nnsc2c(=O)sc#cc12
5440,arene_4943,O=c1oc2ccc(=O)sc2o1,aryne_5441,O=c1oc2c#cc(=O)sc2o1
5441,arene_4944,O=c1[nH]ccc2nsc(=O)n12,aryne_5442,O=c1[nH]c#cc2nsc(=O)n12
5442,arene_4945,O=c1ccn2occc2c1,aryne_5443,O=c1c#cn2occc2c1
5443,arene_4945,O=c1ccn2occc2c1,aryne_5444,O=c1ccn2oc#cc2c1
5444,arene_4946,O=c1ccsc2c(=O)onnc12,aryne_5445,O=c1c#csc2c(=O)onnc12
5445,arene_4949,O=c1nnn2c(=O)ccn2[nH]1,aryne_5446,O=c1nnn2c(=O)c#cn2[nH]1
5446,arene_4950,O=c1c(=O)c(=O)n2c(=O)ccnc2c1=O,aryne_5447,O=c1c(=O)c(=O)n2c(=O)c#cnc2c1=O
5447,arene_4951,O=c1cnc(=O)c2occoc1=2,aryne_5448,O=c1cnc(=O)c2oc#coc1=2
5448,arene_4952,O=c1[nH]c2cccn2[nH]1,aryne_5449,O=c1[nH]c2cc#cn2[nH]1
5449,arene_4953,O=c1ccsc2c(=O)oncc12,aryne_5450,O=c1c#csc2c(=O)oncc12
5450,arene_4955,c1csn2nn[nH]n2[nH]1,aryne_5451,c1[nH]n2[nH]nnn2sc#1
5451,arene_4956,O=c1oc(=O)n2c(=O)sccn12,aryne_5452,O=c1oc(=O)n2c(=O)sc#cn12
5452,arene_4957,O=c1ccn2oncc2n1,aryne_5453,O=c1c#cn2oncc2n1
5453,arene_4958,c1cc2cnnn2o1,aryne_5454,c1on2nncc2c#1
5454,arene_4959,O=c1sc(=O)n2c(=O)cccc2s1,aryne_5455,O=c1sc(=O)n2c(=O)c#ccc2s1
5455,arene_4960,O=c1oc(=O)n2cccc2o1,aryne_5456,O=c1oc(=O)n2c#ccc2o1
5456,arene_4961,O=c1sc2[nH]ccc(=O)c2sc1=O,aryne_5457,O=c1sc2[nH]c#cc(=O)c2sc1=O
5457,arene_4962,O=c1[nH]n2[nH]ccsn2o1,aryne_5458,O=c1[nH]n2[nH]c#csn2o1
5458,arene_4963,c1cn2sccsn2[nH]1,aryne_5459,c1[nH]n2sccsn2c#1
5459,arene_4963,c1cn2sccsn2[nH]1,aryne_5460,c1sn2cc[nH]n2sc#1
5460,arene_4964,c1cn2snn[nH]n2cn1,aryne_5461,c1ncn2[nH]nnsn2c#1
5461,arene_4965,O=c1nnn2c(=O)ccnc2[nH]1,aryne_5462,O=c1nnn2c(=O)c#cnc2[nH]1
5462,arene_4966,O=c1ccc2onnc2[nH]1,aryne_5463,O=c1c#cc2onnc2[nH]1
5463,arene_4967,O=c1ccn2c(=O)onc2s1,aryne_5464,O=c1c#cn2c(=O)onc2s1
5464,arene_4968,O=c1cc2c(=O)ccsn2c(=O)[nH]1,aryne_5465,O=c1cc2c(=O)c#csn2c(=O)[nH]1
5465,arene_4969,O=c1ncn2occsn2o1,aryne_5466,O=c1ncn2oc#csn2o1
5466,arene_4970,O=c1sn2c(=O)ccon2c(=O)c1=O,aryne_5467,O=c1sn2c(=O)c#con2c(=O)c1=O
5467,arene_4971,O=c1ccn2c(=O)nnn2s1,aryne_5468,O=c1c#cn2c(=O)nnn2s1
5468,arene_4972,O=c1cnsn2occsn12,aryne_5469,O=c1cnsn2oc#csn12
5469,arene_4973,O=c1[nH]ccn2[nH]nc[nH]n12,aryne_5470,O=c1[nH]c#cn2[nH]nc[nH]n12
5470,arene_4974,c1cn2[nH]cc[nH]n2nn1,aryne_5471,c1nnn2[nH]cc[nH]n2c#1
5471,arene_4974,c1cn2[nH]cc[nH]n2nn1,aryne_5472,c1[nH]n2ccnnn2[nH]c#1
5472,arene_4975,O=c1[nH]nnc2ccsc(=O)c12,aryne_5473,O=c1[nH]nnc2c#csc(=O)c12
5473,arene_4976,c1cn2[nH]ccon2nn1,aryne_5474,c1nnn2occ[nH]n2c#1
5474,arene_4976,c1cn2[nH]ccon2nn1,aryne_5475,c1[nH]n2ccnnn2oc#1
5475,arene_4977,O=c1ccc(=O)n2cconc1-2,aryne_5476,O=c1c#cc(=O)n2cconc1-2
5476,arene_4977,O=c1ccc(=O)n2cconc1-2,aryne_5477,O=c1ccc(=O)n2c#conc1-2
5477,arene_4978,O=c1ccsn2c(=O)ccnc12,aryne_5478,O=c1c#csn2c(=O)ccnc12
5478,arene_4978,O=c1ccsn2c(=O)ccnc12,aryne_5479,O=c1ccsn2c(=O)c#cnc12
5479,arene_4979,O=c1ccc(=O)n2nnsnc1-2,aryne_5480,O=c1c#cc(=O)n2nnsnc1-2
5480,arene_4980,O=c1[nH]cnc2cc[nH]c12,aryne_5481,O=c1[nH]cnc2c#c[nH]c12
5481,arene_4981,O=c1ccn2cnnc2o1,aryne_5482,O=c1c#cn2cnnc2o1
5482,arene_4982,c1cn2ocnsc-2no1,aryne_5483,c1onc2sncon-2c#1
5483,arene_4983,O=c1ccc2ncc(=O)sc2s1,aryne_5484,O=c1c#cc2ncc(=O)sc2s1
5484,arene_4984,O=c1[nH]c2c(=O)ccoc2s1,aryne_5485,O=c1[nH]c2c(=O)c#coc2s1
5485,arene_4985,O=c1ncc2[nH]ccsc=2c1=O,aryne_5486,O=c1ncc2[nH]c#csc=2c1=O
5486,arene_4986,O=c1cnc2sccc(=O)c2[nH]1,aryne_5487,O=c1cnc2sc#cc(=O)c2[nH]1
5487,arene_4987,O=c1sc(=O)c2sccsc1=2,aryne_5488,O=c1sc(=O)c2sc#csc1=2
5488,arene_4988,c1cc2n[nH]nc2cn1,aryne_5489,c1ncc2n[nH]nc2c#1
5489,arene_4989,O=c1[nH]nnc2ccoc12,aryne_5490,O=c1[nH]nnc2c#coc12
5490,arene_4990,O=c1[nH]n2[nH]ccon2o1,aryne_5491,O=c1[nH]n2[nH]c#con2o1
5491,arene_4991,O=c1sccn2[nH]ncon12,aryne_5492,O=c1sc#cn2[nH]ncon12
5492,arene_4992,O=c1ccn2cccc2o1,aryne_5493,O=c1c#cn2cccc2o1
5493,arene_4992,O=c1ccn2cccc2o1,aryne_5494,O=c1ccn2c#ccc2o1
5494,arene_4993,c1cn2[nH]nnon2o1,aryne_5495,c1on2onn[nH]n2c#1
5495,arene_4994,O=c1ccc2[nH]nnc(=O)c2[nH]1,aryne_5496,O=c1c#cc2[nH]nnc(=O)c2[nH]1
5496,arene_4995,O=c1ccn2c(=O)sccc2c1,aryne_5497,O=c1c#cn2c(=O)sccc2c1
5497,arene_4995,O=c1ccn2c(=O)sccc2c1,aryne_5498,O=c1ccn2c(=O)sc#cc2c1
5498,arene_4996,O=c1oc(=O)n2ccocc1-2,aryne_5499,O=c1oc(=O)n2c#cocc1-2
5499,arene_4997,O=c1oc2occoc=2c1=O,aryne_5500,O=c1oc2oc#coc=2c1=O
5500,arene_4998,O=c1ccsc2nn[nH]c12,aryne_5501,O=c1c#csc2nn[nH]c12
5501,arene_4999,O=c1ccc2c(=O)[nH]c(=O)[nH]c2[nH]1,aryne_5502,O=c1c#cc2c(=O)[nH]c(=O)[nH]c2[nH]1
5502,arene_5000,c1csc2snn[nH]c=2s1,aryne_5503,c1sc2[nH]nnsc=2sc#1
5503,arene_5001,O=c1ccn2[nH]nn[nH]n2[nH]1,aryne_5504,O=c1c#cn2[nH]nn[nH]n2[nH]1
5504,arene_5002,O=c1scc2sccc(=O)n2c1=O,aryne_5505,O=c1scc2sc#cc(=O)n2c1=O
5505,arene_5003,O=c1cnnc2cc[nH]c(=O)n12,aryne_5506,O=c1cnnc2c#c[nH]c(=O)n12
5506,arene_5004,O=c1ccsc2c[nH]nc12,aryne_5507,O=c1c#csc2c[nH]nc12
5507,arene_5005,O=c1ccn2[nH]c(=O)c(=O)sn2c1=O,aryne_5508,O=c1c#cn2[nH]c(=O)c(=O)sn2c1=O
5508,arene_5006,O=c1ccc2n[nH]ncn1-2,aryne_5509,O=c1c#cc2n[nH]ncn1-2
5509,arene_5007,O=c1ccc2cnnn2s1,aryne_5510,O=c1c#cc2cnnn2s1
5510,arene_5008,c1cn2ocn[nH]c-2c[nH]1,aryne_5511,c1[nH]cc2[nH]ncon-2c#1
5511,arene_5009,O=c1cc2ccc(=O)oc2c[nH]1,aryne_5512,O=c1cc2c#cc(=O)oc2c[nH]1
5512,arene_5010,O=c1occ2c(=O)ccsn2c1=O,aryne_5513,O=c1occ2c(=O)c#csn2c1=O
5513,arene_5011,O=c1on2cc[nH]cc-2c(=O)c1=O,aryne_5514,O=c1on2c#c[nH]cc-2c(=O)c1=O
5514,arene_5012,O=c1sn2cc[nH]nc-2c1=O,aryne_5515,O=c1sn2c#c[nH]nc-2c1=O
5515,arene_5013,O=c1[nH]c2c(=O)sccc2sc1=O,aryne_5516,O=c1[nH]c2c(=O)sc#cc2sc1=O
5516,arene_5014,O=c1ccn2sccon2s1,aryne_5517,O=c1c#cn2sccon2s1
5517,arene_5014,O=c1ccn2sccon2s1,aryne_5518,O=c1ccn2sc#con2s1
5518,arene_5016,O=c1ncc2nccn2o1,aryne_5519,O=c1ncc2nc#cn2o1
5519,arene_5017,O=c1nnn2cconc1-2,aryne_5520,O=c1nnn2c#conc1-2
5520,arene_5018,O=c1ccn2ncc(=O)n2[nH]1,aryne_5521,O=c1c#cn2ncc(=O)n2[nH]1
5521,arene_5019,O=c1[nH]c2nccnc2[nH]c1=O,aryne_5522,O=c1[nH]c2nc#cnc2[nH]c1=O
5522,arene_5020,O=c1ccn2occ[nH]n2s1,aryne_5523,O=c1c#cn2occ[nH]n2s1
5523,arene_5020,O=c1ccn2occ[nH]n2s1,aryne_5524,O=c1ccn2oc#c[nH]n2s1
5524,arene_5021,O=c1cc[nH]n2onnsn12,aryne_5525,O=c1c#c[nH]n2onnsn12
5525,arene_5022,O=c1ccc(=O)n2c(=O)c(=O)nc1-2,aryne_5526,O=c1c#cc(=O)n2c(=O)c(=O)nc1-2
5526,arene_5023,O=c1[nH]n2ccnc2oc1=O,aryne_5527,O=c1[nH]n2c#cnc2oc1=O
5527,arene_5024,O=c1cccc2cnnnn12,aryne_5528,O=c1c#ccc2cnnnn12
5528,arene_5025,O=c1on2cc[nH]c(=O)n2c(=O)c1=O,aryne_5529,O=c1on2c#c[nH]c(=O)n2c(=O)c1=O
5529,arene_5026,O=c1occc2oncc12,aryne_5530,O=c1oc#cc2oncc12
5530,arene_5027,c1cn2occc2n1,aryne_5531,c1nc2ccon2c#1
5531,arene_5027,c1cn2occc2n1,aryne_5532,c1on2ccnc2c#1
5532,arene_5028,O=c1cnn2c(=O)c(=O)ccn2[nH]1,aryne_5533,O=c1cnn2c(=O)c(=O)c#cn2[nH]1
5533,arene_5029,O=c1ccn2ocnsn2[nH]1,aryne_5534,O=c1c#cn2ocnsn2[nH]1
5534,arene_5030,c1csn2ccscc-2o1,aryne_5535,c1oc2csccn-2sc#1
5535,arene_5030,c1csn2ccscc-2o1,aryne_5536,c1scc2occsn-2c#1
5536,arene_5031,O=c1ccn2c(=O)ccc(=O)n2[nH]1,aryne_5537,O=c1c#cn2c(=O)ccc(=O)n2[nH]1
5537,arene_5031,O=c1ccn2c(=O)ccc(=O)n2[nH]1,aryne_5538,O=c1ccn2c(=O)c#cc(=O)n2[nH]1
5538,arene_5032,O=c1nc2[nH]ccon-2c1=O,aryne_5539,O=c1nc2[nH]c#con-2c1=O
5539,arene_5033,O=c1sc(=O)n2cconc-2c1=O,aryne_5540,O=c1sc(=O)n2c#conc-2c1=O
5540,arene_5034,O=c1occc2ncsc(=O)c12,aryne_5541,O=c1oc#cc2ncsc(=O)c12
5541,arene_5035,O=c1nc2ccc(=O)sc2c[nH]1,aryne_5542,O=c1nc2c#cc(=O)sc2c[nH]1
5542,arene_5036,O=c1ccc2c[nH]ncn-2c1=O,aryne_5543,O=c1c#cc2c[nH]ncn-2c1=O
5543,arene_5038,O=c1cnsc2c(=O)[nH]ccc12,aryne_5544,O=c1cnsc2c(=O)[nH]c#cc12
5544,arene_5039,c1con2cnocc-2[nH]1,aryne_5545,c1[nH]c2concn-2oc#1
5545,arene_5040,c1coc2onnsc=2[nH]1,aryne_5546,c1[nH]c2snnoc=2oc#1
5546,arene_5041,O=c1ccon2snnsn12,aryne_5547,O=c1c#con2snnsn12
5547,arene_5042,O=c1ccn2[nH]ccn2c1=O,aryne_5548,O=c1c#cn2[nH]ccn2c1=O
5548,arene_5042,O=c1ccn2[nH]ccn2c1=O,aryne_5549,O=c1ccn2[nH]c#cn2c1=O
5549,arene_5043,O=c1nnc2c(=O)ccsc2o1,aryne_5550,O=c1nnc2c(=O)c#csc2o1
5550,arene_5045,O=c1ccc2ocnc(=O)c2s1,aryne_5551,O=c1c#cc2ocnc(=O)c2s1
5551,arene_5046,O=c1cc2nnccc2ns1,aryne_5552,O=c1cc2nnc#cc2ns1
5552,arene_5047,c1cnncn1,aryne_5553,c1ncnnc#1
5553,arene_5048,c1csc2nocnn-2[nH]1,aryne_5554,c1[nH]n2nconc-2sc#1
5554,arene_5049,c1cnn2[nH]nc[nH]n2c1,aryne_5555,c1cnn2[nH]nc[nH]n2c#1
5555,arene_5050,O=c1nc2sccsc-2n1,aryne_5556,O=c1nc2sc#csc-2n1
5556,arene_5051,O=c1ccsn2scn[nH]n12,aryne_5557,O=c1c#csn2scn[nH]n12
5557,arene_5052,O=c1[nH]c(=O)c2nnccc2s1,aryne_5558,O=c1[nH]c(=O)c2nnc#cc2s1
5558,arene_5053,O=c1nnc2c(=O)occc2[nH]1,aryne_5559,O=c1nnc2c(=O)oc#cc2[nH]1
5559,arene_5054,O=c1cc2c(=O)[nH]ccn2c(=O)[nH]1,aryne_5560,O=c1cc2c(=O)[nH]c#cn2c(=O)[nH]1
5560,arene_5055,c1cc2cnncc2o1,aryne_5561,c1oc2cnncc2c#1
5561,arene_5056,O=c1[nH]cnc2c(=O)sccc12,aryne_5562,O=c1[nH]cnc2c(=O)sc#cc12
5562,arene_5057,O=c1nnc2c(=O)cc[nH]c2o1,aryne_5563,O=c1nnc2c(=O)c#c[nH]c2o1
5563,arene_5058,c1nc2ccoc2[nH]1,aryne_5564,c1oc2[nH]cnc2c#1
5564,arene_5059,O=c1ccn2[nH]c(=O)ncc2c1,aryne_5565,O=c1c#cn2[nH]c(=O)ncc2c1
5565,arene_5061,O=c1[nH]c(=O)c2occc2o1,aryne_5566,O=c1[nH]c(=O)c2oc#cc2o1
5566,arene_5062,O=c1ccc2[nH]ccc(=O)c2[nH]1,aryne_5567,O=c1c#cc2[nH]ccc(=O)c2[nH]1
5567,arene_5062,O=c1ccc2[nH]ccc(=O)c2[nH]1,aryne_5568,O=c1ccc2[nH]c#cc(=O)c2[nH]1
5568,arene_5063,O=c1ccn2ncc(=O)n2o1,aryne_5569,O=c1c#cn2ncc(=O)n2o1
5569,arene_5064,c1con2cn[nH]nc-2o1,aryne_5570,c1oc2n[nH]ncn-2oc#1
5570,arene_5065,O=c1cc2ccsn2c(=O)[nH]1,aryne_5571,O=c1cc2c#csn2c(=O)[nH]1
5571,arene_5066,O=c1nc2ncccn2c(=O)o1,aryne_5572,O=c1nc2ncc#cn2c(=O)o1
5572,arene_5067,O=c1oc(=O)n2cc[nH]c(=O)n2c1=O,aryne_5573,O=c1oc(=O)n2c#c[nH]c(=O)n2c1=O
5573,arene_5068,O=c1oc2[nH]ccc(=O)c2oc1=O,aryne_5574,O=c1oc2[nH]c#cc(=O)c2oc1=O
5574,arene_5069,c1c[nH]c2oncoc=2[nH]1,aryne_5575,c1[nH]c2ocnoc=2[nH]c#1
5575,arene_5070,O=c1cnc2nccnc2[nH]1,aryne_5576,O=c1cnc2nc#cnc2[nH]1
5576,arene_5072,O=c1ccc2csnnn1-2,aryne_5577,O=c1c#cc2csnnn1-2
5577,arene_5073,O=c1sn2ccocc-2c1=O,aryne_5578,O=c1sn2c#cocc-2c1=O
5578,arene_5074,O=c1[nH]c(=O)n2cconc-2c1=O,aryne_5579,O=c1[nH]c(=O)n2c#conc-2c1=O
5579,arene_5075,c1cc2sncc2cn1,aryne_5580,c1ncc2cnsc2c#1
5580,arene_5076,O=c1ccn2nnc(=O)sc2n1,aryne_5581,O=c1c#cn2nnc(=O)sc2n1
5581,arene_5077,O=c1on2occon2sc1=O,aryne_5582,O=c1on2oc#con2sc1=O
5582,arene_5078,O=c1ccc2ccsc2[nH]1,aryne_5583,O=c1c#cc2ccsc2[nH]1
5583,arene_5078,O=c1ccc2ccsc2[nH]1,aryne_5584,O=c1ccc2c#csc2[nH]1
5584,arene_5079,c1csc2nsncn-2[nH]1,aryne_5585,c1[nH]n2cnsnc-2sc#1
5585,arene_5080,O=c1cnn2c(=O)cc[nH]c2n1,aryne_5586,O=c1cnn2c(=O)c#c[nH]c2n1
5586,arene_5081,O=c1[nH]n2occ[nH]n2o1,aryne_5587,O=c1[nH]n2oc#c[nH]n2o1
5587,arene_5082,O=c1ccc2cnsc(=O)c2o1,aryne_5588,O=c1c#cc2cnsc(=O)c2o1
5588,arene_5083,O=c1ccsn2[nH]nnsn12,aryne_5589,O=c1c#csn2[nH]nnsn12
5589,arene_5084,c1cn2oncsn2s1,aryne_5590,c1sn2scnon2c#1
5590,arene_5085,O=c1[nH]ccc2cncnc12,aryne_5591,O=c1[nH]c#cc2cncnc12
5591,arene_5086,O=c1nnsc2cc[nH]c12,aryne_5592,O=c1nnsc2c#c[nH]c12
5592,arene_5087,c1ccc2nscc2c1,aryne_5593,c1ccc2nscc2c#1
5593,arene_5087,c1ccc2nscc2c1,aryne_5594,c1ccc2csnc2c#1
5594,arene_5088,c1cn2snnsc-2cs1,aryne_5595,c1scc2snnsn-2c#1
5595,arene_5089,O=c1ncc2oc(=O)ccc2[nH]1,aryne_5596,O=c1ncc2oc(=O)c#cc2[nH]1
5596,arene_5090,O=c1ccoc2cnncc12,aryne_5597,O=c1c#coc2cnncc12
5597,arene_5091,O=c1sc(=O)n2cc[nH]n2c1=O,aryne_5598,O=c1sc(=O)n2c#c[nH]n2c1=O
5598,arene_5092,O=c1ccc2c(=O)[nH]c(=O)c(=O)c1=2,aryne_5599,O=c1c#cc2c(=O)[nH]c(=O)c(=O)c1=2
5599,arene_5093,O=c1ccn2occc(=O)n2c1=O,aryne_5600,O=c1c#cn2occc(=O)n2c1=O
5600,arene_5093,O=c1ccn2occc(=O)n2c1=O,aryne_5601,O=c1ccn2oc#cc(=O)n2c1=O
5601,arene_5094,c1ccc2c(c1)ccc1ccccc12,aryne_5602,c1cc2ccc3ccccc3c2cc#1
5602,arene_5094,c1ccc2c(c1)ccc1ccccc12,aryne_5603,c1ccc2c(c#1)ccc1ccccc12
5603,arene_5094,c1ccc2c(c1)ccc1ccccc12,aryne_5604,c1ccc2ccc3ccccc3c2c#1
5604,arene_5094,c1ccc2c(c1)ccc1ccccc12,aryne_5605,c1c2ccccc2c2ccccc2c#1
5605,arene_5095,O=c1sccn2snc[nH]n12,aryne_5606,O=c1sc#cn2snc[nH]n12
5606,arene_5096,O=c1cc2oc(=O)ccn2nn1,aryne_5607,O=c1cc2oc(=O)c#cn2nn1
5607,arene_5097,O=c1oc(=O)n2c(=O)ccc(=O)n2s1,aryne_5608,O=c1oc(=O)n2c(=O)c#cc(=O)n2s1
5608,arene_5098,O=c1ccc2[nH]nn[nH]c1=2,aryne_5609,O=c1c#cc2[nH]nn[nH]c1=2
5609,arene_5099,O=c1ccn2ccoc(=O)c2c1,aryne_5610,O=c1c#cn2ccoc(=O)c2c1
5610,arene_5099,O=c1ccn2ccoc(=O)c2c1,aryne_5611,O=c1ccn2c#coc(=O)c2c1
5611,arene_5100,O=c1nnc2occoc1=2,aryne_5612,O=c1nnc2oc#coc1=2
5612,arene_5101,O=c1[nH]nc2ccon12,aryne_5613,O=c1[nH]nc2c#con12
5613,arene_5102,O=c1cnc2cc[nH]c2[nH]1,aryne_5614,O=c1cnc2c#c[nH]c2[nH]1
5614,arene_5103,O=c1ccn2nnc(=O)[nH]c2c1,aryne_5615,O=c1c#cn2nnc(=O)[nH]c2c1
5615,arene_5104,O=c1ccsc2cnoc(=O)c12,aryne_5616,O=c1c#csc2cnoc(=O)c12
5616,arene_5105,O=c1on2cc[nH]c(=O)n2c1=O,aryne_5617,O=c1on2c#c[nH]c(=O)n2c1=O
5617,arene_5106,O=c1occ2ccon12,aryne_5618,O=c1occ2c#con12
5618,arene_5107,O=c1[nH]ccn2sccon12,aryne_5619,O=c1[nH]c#cn2sccon12
5619,arene_5107,O=c1[nH]ccn2sccon12,aryne_5620,O=c1[nH]ccn2sc#con12
5620,arene_5109,c1cn2snnsn2o1,aryne_5621,c1on2snnsn2c#1
5621,arene_5110,O=c1ccsc2cccn12,aryne_5622,O=c1c#csc2cccn12
5622,arene_5110,O=c1ccsc2cccn12,aryne_5623,O=c1ccsc2cc#cn12
5623,arene_5111,c1cn2ocnsc-2co1,aryne_5624,c1occ2sncon-2c#1
5624,arene_5112,c1n[nH]n2[nH]ccn2[nH]1,aryne_5625,c1[nH]n2[nH]nc[nH]n2c#1
5625,arene_5113,O=c1onc2ccccn2c1=O,aryne_5626,O=c1onc2c#cccn2c1=O
5626,arene_5113,O=c1onc2ccccn2c1=O,aryne_5627,O=c1onc2ccc#cn2c1=O
5627,arene_5114,c1coc2c[nH]ncn-2[nH]1,aryne_5628,c1[nH]n2cn[nH]cc-2oc#1
5628,arene_5115,O=c1cnn2ncccn12,aryne_5629,O=c1cnn2ncc#cn12
5629,arene_5116,O=c1ccn2c(=O)ncnc2s1,aryne_5630,O=c1c#cn2c(=O)ncnc2s1
5630,arene_5117,O=c1nnn2c(=O)sccn12,aryne_5631,O=c1nnn2c(=O)sc#cn12
5631,arene_5118,O=c1oc(=O)n2cc[nH]nc-2c1=O,aryne_5632,O=c1oc(=O)n2c#c[nH]nc-2c1=O
5632,arene_5119,O=c1[nH]ccc2ncnn12,aryne_5633,O=c1[nH]c#cc2ncnn12
5633,arene_5120,O=c1[nH]c2sccc2oc1=O,aryne_5634,O=c1[nH]c2sc#cc2oc1=O
5634,arene_5121,O=c1oc2cnccc2s1,aryne_5635,O=c1oc2cnc#cc2s1
5635,arene_5122,O=c1sccc2nc[nH]c12,aryne_5636,O=c1sc#cc2nc[nH]c12
5636,arene_5124,O=c1ccn2c(=O)c(=O)cnn2o1,aryne_5637,O=c1c#cn2c(=O)c(=O)cnn2o1
5637,arene_5126,O=c1nc2ccnnc2ns1,aryne_5638,O=c1nc2c#cnnc2ns1
5638,arene_5127,O=c1[nH]n2sccc(=O)n2c1=O,aryne_5639,O=c1[nH]n2sc#cc(=O)n2c1=O
5639,arene_5128,O=c1oc(=O)n2sccon2s1,aryne_5640,O=c1oc(=O)n2sc#con2s1
5640,arene_5129,O=c1[nH]c(=O)c2[nH]ccc(=O)c2[nH]1,aryne_5641,O=c1[nH]c(=O)c2[nH]c#cc(=O)c2[nH]1
5641,arene_5130,O=c1nc2cccnn2c(=O)s1,aryne_5642,O=c1nc2c#ccnn2c(=O)s1
5642,arene_5131,O=c1occc2cn[nH]c12,aryne_5643,O=c1oc#cc2cn[nH]c12
5643,arene_5132,c1coc2scnoc=2[nH]1,aryne_5644,c1[nH]c2oncsc=2oc#1
5644,arene_5133,O=c1occn2ocnsn12,aryne_5645,O=c1oc#cn2ocnsn12
5645,arene_5135,c1csc2onc[nH]c=2[nH]1,aryne_5646,c1[nH]c2[nH]cnoc=2sc#1
5646,arene_5136,O=c1[nH]c(=O)n2c(=O)cccc2s1,aryne_5647,O=c1[nH]c(=O)n2c(=O)c#ccc2s1
5647,arene_5137,c1csc2nsccn-2o1,aryne_5648,c1on2ccsnc-2sc#1
5648,arene_5137,c1csc2nsccn-2o1,aryne_5649,c1snc2sccon-2c#1
5649,arene_5138,O=c1[nH]c(=O)n2occon2[nH]1,aryne_5650,O=c1[nH]c(=O)n2oc#con2[nH]1
5650,arene_5139,O=c1cc[nH]n2sncon12,aryne_5651,O=c1c#c[nH]n2sncon12
5651,arene_5140,O=c1cnc2sc(=O)ccc2o1,aryne_5652,O=c1cnc2sc(=O)c#cc2o1
5652,arene_5141,O=c1ccc2c[nH]ncn1-2,aryne_5653,O=c1c#cc2c[nH]ncn1-2
5653,arene_5142,c1cn2[nH]nn[nH]c-2no1,aryne_5654,c1onc2[nH]nn[nH]n-2c#1
5654,arene_5143,O=c1nc[nH]n2[nH]ccsn12,aryne_5655,O=c1nc[nH]n2[nH]c#csn12
5655,arene_5144,O=c1ccc2oc(=O)sc2o1,aryne_5656,O=c1c#cc2oc(=O)sc2o1
5656,arene_5145,O=c1ccn2c(=O)cnnc2[nH]1,aryne_5657,O=c1c#cn2c(=O)cnnc2[nH]1
5657,arene_5146,O=c1ccc2snnoc=2c1=O,aryne_5658,O=c1c#cc2snnoc=2c1=O
5658,arene_5147,O=c1ncn2cc[nH]c(=O)c2n1,aryne_5659,O=c1ncn2c#c[nH]c(=O)c2n1
5659,arene_5148,O=c1cc2ncccn2c(=O)o1,aryne_5660,O=c1cc2ncc#cn2c(=O)o1
5660,arene_5149,O=c1oc2ccncc2c(=O)s1,aryne_5661,O=c1oc2c#cncc2c(=O)s1
5661,arene_5150,O=c1ccc2c(=O)c(=O)c(=O)[nH]c=2c1=O,aryne_5662,O=c1c#cc2c(=O)c(=O)c(=O)[nH]c=2c1=O
5662,arene_5151,O=c1ccc2c(=O)[nH]cnc2o1,aryne_5663,O=c1c#cc2c(=O)[nH]cnc2o1
5663,arene_5152,c1cc2cncn2o1,aryne_5664,c1on2cncc2c#1
5664,arene_5153,O=c1cc2ccc(=O)[nH]c2c[nH]1,aryne_5665,O=c1c#cc2cc(=O)[nH]cc2[nH]1
5665,arene_5154,O=c1cc2sccon-2c(=O)c1=O,aryne_5666,O=c1cc2sc#con-2c(=O)c1=O
5666,arene_5155,O=c1cc[nH]n2oncsn12,aryne_5667,O=c1c#c[nH]n2oncsn12
5667,arene_5156,c1cn2sccsc-2n[nH]1,aryne_5668,c1[nH]nc2sccsn-2c#1
5668,arene_5156,c1cn2sccsc-2n[nH]1,aryne_5669,c1sc2n[nH]ccn-2sc#1
5669,arene_5158,O=c1nnc2sc(=O)ccc2o1,aryne_5670,O=c1nnc2sc(=O)c#cc2o1
5670,arene_5159,O=c1ncn2sccsn2[nH]1,aryne_5671,O=c1ncn2sc#csn2[nH]1
5671,arene_5160,O=c1ccc(=O)c2c(=O)sc(=O)c1=2,aryne_5672,O=c1c#cc(=O)c2c(=O)sc(=O)c1=2
5672,arene_5161,O=c1ccoc2ncccc12,aryne_5673,O=c1c#coc2ncccc12
5673,arene_5161,O=c1ccoc2ncccc12,aryne_5674,O=c1ccoc2nc#ccc12
5674,arene_5161,O=c1ccoc2ncccc12,aryne_5675,O=c1ccoc2ncc#cc12
5675,arene_5162,O=c1ccc(=O)n2nc[nH]cc1-2,aryne_5676,O=c1c#cc(=O)n2nc[nH]cc1-2
5676,arene_5163,c1cc2cnsc2cn1,aryne_5677,c1ncc2sncc2c#1
5677,arene_5164,O=c1cc2c(=O)cc[nH]c2cs1,aryne_5678,O=c1cc2c(=O)c#c[nH]c2cs1
5678,arene_5165,O=c1ccn2c(=O)c(=O)on2o1,aryne_5679,O=c1c#cn2c(=O)c(=O)on2o1
5679,arene_5166,O=c1scnc2ccccc12,aryne_5680,O=c1scnc2c#cccc12
5680,arene_5166,O=c1scnc2ccccc12,aryne_5681,O=c1scnc2cc#ccc12
5681,arene_5166,O=c1scnc2ccccc12,aryne_5682,O=c1scnc2ccc#cc12
5682,arene_5167,O=c1ccn2ccnc2[nH]1,aryne_5683,O=c1c#cn2ccnc2[nH]1
5683,arene_5167,O=c1ccn2ccnc2[nH]1,aryne_5684,O=c1ccn2c#cnc2[nH]1
5684,arene_5168,O=c1occc2conc12,aryne_5685,O=c1oc#cc2conc12
5685,arene_5169,O=c1cc2sccsc-2nc1=O,aryne_5686,O=c1cc2sc#csc-2nc1=O
5686,arene_5170,O=c1oc(=O)n2cconc-2c1=O,aryne_5687,O=c1oc(=O)n2c#conc-2c1=O
5687,arene_5171,O=c1ccc2csc(=O)nc2o1,aryne_5688,O=c1c#cc2csc(=O)nc2o1
5688,arene_5172,O=c1[nH]ccn2[nH]cnsn12,aryne_5689,O=c1[nH]c#cn2[nH]cnsn12
5689,arene_5173,O=c1ccc2[nH]c(=O)sc(=O)c2s1,aryne_5690,O=c1c#cc2[nH]c(=O)sc(=O)c2s1
5690,arene_5174,c1ccn2ccnc2c1,aryne_5691,c1ccn2ccnc2c#1
5691,arene_5174,c1ccn2ccnc2c1,aryne_5692,c1ccc2nccn2c#1
5692,arene_5174,c1ccn2ccnc2c1,aryne_5693,c1nc2ccccn2c#1
5693,arene_5175,O=c1nnn2c(=O)ccsc2n1,aryne_5694,O=c1nnn2c(=O)c#csc2n1
5694,arene_5176,O=c1nncc2cc[nH]n12,aryne_5695,O=c1nncc2c#c[nH]n12
5695,arene_5177,O=c1ccc(=O)c2c(=O)c(=O)c(=O)oc1=2,aryne_5696,O=c1c#cc(=O)c2c(=O)c(=O)c(=O)oc1=2
5696,arene_5178,O=c1ccc(=O)n2c(=O)ncon12,aryne_5697,O=c1c#cc(=O)n2c(=O)ncon12
5697,arene_5179,O=c1[nH]c2occc2oc1=O,aryne_5698,O=c1[nH]c2oc#cc2oc1=O
5698,arene_5180,O=c1sccc2ccccc12,aryne_5699,O=c1sc#cc2ccccc12
5699,arene_5180,O=c1sccc2ccccc12,aryne_5700,O=c1sccc2c#cccc12
5700,arene_5180,O=c1sccc2ccccc12,aryne_5701,O=c1sccc2cc#ccc12
5701,arene_5180,O=c1sccc2ccccc12,aryne_5702,O=c1sccc2ccc#cc12
5702,arene_5181,O=c1cc2[nH]ccc(=O)c2ns1,aryne_5703,O=c1cc2[nH]c#cc(=O)c2ns1
5703,arene_5182,O=c1ccn2cc[nH]cc1-2,aryne_5704,O=c1c#cn2cc[nH]cc1-2
5704,arene_5182,O=c1ccn2cc[nH]cc1-2,aryne_5705,O=c1ccn2c#c[nH]cc1-2
5705,arene_5183,O=c1ncc2cccnc2o1,aryne_5706,O=c1ncc2c#ccnc2o1
5706,arene_5183,O=c1ncc2cccnc2o1,aryne_5707,O=c1ncc2cc#cnc2o1
5707,arene_5184,O=c1nc2cnccc2ns1,aryne_5708,O=c1nc2cnc#cc2ns1
5708,arene_5185,O=c1occ2[nH]ccn2c1=O,aryne_5709,O=c1occ2[nH]c#cn2c1=O
5709,arene_5186,O=c1ncn2cccc2o1,aryne_5710,O=c1ncn2c#ccc2o1
5710,arene_5187,c1cc2nnsc2cn1,aryne_5711,c1ncc2snnc2c#1
5711,arene_5188,O=c1cnc(=O)c2c(=O)ccc1=2,aryne_5712,O=c1c#cc2c(=O)cnc(=O)c1=2
5712,arene_5189,O=c1ccn2cnsc(=O)c2n1,aryne_5713,O=c1c#cn2cnsc(=O)c2n1
5713,arene_5190,O=c1ccn2oc(=O)nnc2n1,aryne_5714,O=c1c#cn2oc(=O)nnc2n1
5714,arene_5191,O=c1cc2c(=O)ccsc2no1,aryne_5715,O=c1cc2c(=O)c#csc2no1
5715,arene_5192,O=c1occc2scnc12,aryne_5716,O=c1oc#cc2scnc12
5716,arene_5193,c1cn2cnsc2n1,aryne_5717,c1nc2sncn2c#1
5717,arene_5194,c1csc2[nH]nn[nH]c=2[nH]1,aryne_5718,c1[nH]c2[nH]nn[nH]c=2sc#1
5718,arene_5195,c1c[nH]c2ocn[nH]c=2[nH]1,aryne_5719,c1[nH]c2[nH]ncoc=2[nH]c#1
5719,arene_5196,O=c1ccc2c(=O)sc(=O)oc2o1,aryne_5720,O=c1c#cc2c(=O)sc(=O)oc2o1
5720,arene_5197,O=c1oc2cccn2o1,aryne_5721,O=c1oc2cc#cn2o1
5721,arene_5198,O=c1nc2c(=O)sccn2c(=O)[nH]1,aryne_5722,O=c1nc2c(=O)sc#cn2c(=O)[nH]1
5722,arene_5199,c1c[nH]c2occ[nH]c=2[nH]1,aryne_5723,c1[nH]c2[nH]ccoc=2[nH]c#1
5723,arene_5199,c1c[nH]c2occ[nH]c=2[nH]1,aryne_5724,c1[nH]c2[nH]cc[nH]c=2oc#1
5724,arene_5200,O=c1nc2[nH]ccc2n[nH]1,aryne_5725,O=c1nc2[nH]c#cc2n[nH]1
5725,arene_5201,O=c1snnc2nccn12,aryne_5726,O=c1snnc2nc#cn12
5726,arene_5203,O=c1ccn2sc(=O)sc2n1,aryne_5727,O=c1c#cn2sc(=O)sc2n1
5727,arene_5204,O=c1occc2cnsc(=O)c12,aryne_5728,O=c1oc#cc2cnsc(=O)c12
5728,arene_5205,O=c1snnn2[nH]ccon12,aryne_5729,O=c1snnn2[nH]c#con12
5729,arene_5206,O=c1ccn2cnon2c1=O,aryne_5730,O=c1c#cn2cnon2c1=O
5730,arene_5207,O=c1[nH]ccc2ccccc12,aryne_5731,O=c1[nH]c#cc2ccccc12
5731,arene_5207,O=c1[nH]ccc2ccccc12,aryne_5732,O=c1[nH]ccc2c#cccc12
5732,arene_5207,O=c1[nH]ccc2ccccc12,aryne_5733,O=c1[nH]ccc2cc#ccc12
5733,arene_5207,O=c1[nH]ccc2ccccc12,aryne_5734,O=c1[nH]ccc2ccc#cc12
5734,arene_5208,O=c1oc2nccc(=O)n2sc1=O,aryne_5735,O=c1oc2nc#cc(=O)n2sc1=O
5735,arene_5209,c1cc2nccn2nn1,aryne_5736,c1nnn2ccnc2c#1
5736,arene_5209,c1cc2nccn2nn1,aryne_5737,c1nc2ccnnn2c#1
5737,arene_5210,O=c1on2[nH]ccsn2sc1=O,aryne_5738,O=c1on2[nH]c#csn2sc1=O
5738,arene_5211,O=c1cnn2occon2s1,aryne_5739,O=c1cnn2oc#con2s1
5739,arene_5213,O=c1nc2oc(=O)ccc2c[nH]1,aryne_5740,O=c1nc2oc(=O)c#cc2c[nH]1
5740,arene_5214,O=c1ccnc2ccncn12,aryne_5741,O=c1c#cnc2ccncn12
5741,arene_5214,O=c1ccnc2ccncn12,aryne_5742,O=c1ccnc2c#cncn12
5742,arene_5215,O=c1ccn2ccc(=O)n2o1,aryne_5743,O=c1c#cn2ccc(=O)n2o1
5743,arene_5215,O=c1ccn2ccc(=O)n2o1,aryne_5744,O=c1ccn2c#cc(=O)n2o1
5744,arene_5216,O=c1nn[nH]c2nccnc12,aryne_5745,O=c1nn[nH]c2nc#cnc12
5745,arene_5217,c1cc2cnsc2s1,aryne_5746,c1sc2sncc2c#1
5746,arene_5218,c1cn2[nH]ncsc-2ns1,aryne_5747,c1snc2scn[nH]n-2c#1
5747,arene_5219,O=c1ccc2[nH]c(=O)c(=O)sc2[nH]1,aryne_5748,O=c1c#cc2[nH]c(=O)c(=O)sc2[nH]1
5748,arene_5220,O=c1oncc2cc[nH]c12,aryne_5749,O=c1oncc2c#c[nH]c12
5749,arene_5221,O=c1[nH]ncc2ccccc12,aryne_5750,O=c1[nH]ncc2c#cccc12
5750,arene_5221,O=c1[nH]ncc2ccccc12,aryne_5751,O=c1[nH]ncc2cc#ccc12
5751,arene_5221,O=c1[nH]ncc2ccccc12,aryne_5752,O=c1[nH]ncc2ccc#cc12
5752,arene_5222,O=c1[nH]ccn2[nH]cc[nH]n12,aryne_5753,O=c1[nH]c#cn2[nH]cc[nH]n12
5753,arene_5222,O=c1[nH]ccn2[nH]cc[nH]n12,aryne_5754,O=c1[nH]ccn2[nH]c#c[nH]n12
5754,arene_5223,O=c1cnn2ccocc-2c1=O,aryne_5755,O=c1cnn2c#cocc-2c1=O
5755,arene_5224,O=c1onc2[nH]ccc(=O)n2c1=O,aryne_5756,O=c1onc2[nH]c#cc(=O)n2c1=O
5756,arene_5225,O=c1oc2cc[nH]c2sc1=O,aryne_5757,O=c1oc2c#c[nH]c2sc1=O
5757,arene_5226,c1coc2sccsc=2o1,aryne_5758,c1oc2sccsc=2oc#1
5758,arene_5226,c1coc2sccsc=2o1,aryne_5759,c1sc2occoc=2sc#1
5759,arene_5227,O=c1ccn2cc[nH]n2c1=O,aryne_5760,O=c1c#cn2cc[nH]n2c1=O
5760,arene_5227,O=c1ccn2cc[nH]n2c1=O,aryne_5761,O=c1ccn2c#c[nH]n2c1=O
5761,arene_5228,O=c1cnc2[nH]ccc(=O)c2o1,aryne_5762,O=c1cnc2[nH]c#cc(=O)c2o1
5762,arene_5229,O=c1[nH]c(=O)c2ccc(=O)sc2[nH]1,aryne_5763,O=c1[nH]c(=O)c2c#cc(=O)sc2[nH]1
5763,arene_5230,O=c1[nH]c2[nH]ccc(=O)c2oc1=O,aryne_5764,O=c1[nH]c2[nH]c#cc(=O)c2oc1=O
5764,arene_5231,O=c1[nH]n2ccc(=O)n2c(=O)o1,aryne_5765,O=c1[nH]n2c#cc(=O)n2c(=O)o1
5765,arene_5232,O=c1ncc2c(=O)ccoc2s1,aryne_5766,O=c1ncc2c(=O)c#coc2s1
5766,arene_5233,O=c1cnsc2ccncc12,aryne_5767,O=c1cnsc2c#cncc12
5767,arene_5234,O=c1scc2nnccn12,aryne_5768,O=c1scc2nnc#cn12
5768,arene_5236,c1cc2occc2[nH]1,aryne_5769,c1[nH]c2ccoc2c#1
5769,arene_5236,c1cc2occc2[nH]1,aryne_5770,c1oc2cc[nH]c2c#1
5770,arene_5237,O=c1ccn2sc(=O)cnc2n1,aryne_5771,O=c1c#cn2sc(=O)cnc2n1
5771,arene_5238,c1ccc2cc3ccccc3cc2c1,aryne_5772,c1cc2cc3ccccc3cc2cc#1
5772,arene_5238,c1ccc2cc3ccccc3cc2c1,aryne_5773,c1ccc2cc3ccccc3cc2c#1
5773,arene_5239,O=c1occ2ccsn12,aryne_5774,O=c1occ2c#csn12
5774,arene_5240,O=c1[nH]ccn2c(=O)scc12,aryne_5775,O=c1[nH]c#cn2c(=O)scc12
5775,arene_5241,c1csc2oncsc=2o1,aryne_5776,c1oc2scnoc=2sc#1
5776,arene_5242,O=c1occ2ccccn2c1=O,aryne_5777,O=c1occ2c#cccn2c1=O
5777,arene_5242,O=c1occ2ccccn2c1=O,aryne_5778,O=c1occ2ccc#cn2c1=O
5778,arene_5244,O=c1nnn2c(=O)ccn2o1,aryne_5779,O=c1nnn2c(=O)c#cn2o1
5779,arene_5245,c1cn2scnsn2nn1,aryne_5780,c1nnn2sncsn2c#1
5780,arene_5246,O=c1nnc2ccsc2[nH]1,aryne_5781,O=c1nnc2c#csc2[nH]1
5781,arene_5247,c1c[nH]n2nconc-2[nH]1,aryne_5782,c1[nH]c2nocnn-2[nH]c#1
5782,arene_5248,O=c1ccc2c[nH]cnn1-2,aryne_5783,O=c1c#cc2c[nH]cnn1-2
5783,arene_5249,O=c1ccc(=O)c2c(=O)c(=O)oc1=2,aryne_5784,O=c1c#cc(=O)c2c(=O)c(=O)oc1=2
5784,arene_5250,O=c1ccn2oc(=O)c(=O)oc2n1,aryne_5785,O=c1c#cn2oc(=O)c(=O)oc2n1
5785,arene_5251,O=c1ccn2[nH]ncc(=O)n12,aryne_5786,O=c1c#cn2[nH]ncc(=O)n12
5786,arene_5252,O=c1ccc2c(=O)ncc1=2,aryne_5787,O=c1c#cc2c(=O)ncc1=2
5787,arene_5253,O=c1[nH]ccc2cc[nH]c12,aryne_5788,O=c1[nH]c#cc2cc[nH]c12
5788,arene_5253,O=c1[nH]ccc2cc[nH]c12,aryne_5789,O=c1[nH]ccc2c#c[nH]c12
5789,arene_5254,O=c1nnc(=O)n2ccsnc1-2,aryne_5790,O=c1nnc(=O)n2c#csnc1-2
5790,arene_5255,O=c1on2[nH]cc[nH]n2sc1=O,aryne_5791,O=c1on2[nH]c#c[nH]n2sc1=O
5791,arene_5256,O=c1sn2c(=O)occn2c1=O,aryne_5792,O=c1sn2c(=O)oc#cn2c1=O
5792,arene_5257,O=c1nnon2[nH]ccon12,aryne_5793,O=c1nnon2[nH]c#con12
5793,arene_5259,O=c1snnc2cnccc12,aryne_5794,O=c1snnc2cnc#cc12
5794,arene_5260,c1nn2[nH]ccsc-2c[nH]1,aryne_5795,c1[nH]n2nc[nH]cc-2sc#1
5795,arene_5262,c1cnn2[nH]cnon2c1,aryne_5796,c1cnn2[nH]cnon2c#1
5796,arene_5263,O=c1ccnno1,aryne_5797,O=c1c#cnno1
5797,arene_5264,c1ccn2nccc2c1,aryne_5798,c1ccn2nccc2c#1
5798,arene_5264,c1ccn2nccc2c1,aryne_5799,c1ccc2ccnn2c#1
5799,arene_5265,O=c1ccc2conc2o1,aryne_5800,O=c1c#cc2conc2o1
5800,arene_5266,O=c1[nH]c2ccnnc2s1,aryne_5801,O=c1[nH]c2c#cnnc2s1
5801,arene_5267,O=c1ccoc2nsnc12,aryne_5802,O=c1c#coc2nsnc12
5802,arene_5268,O=c1nc2ccncn2c(=O)[nH]1,aryne_5803,O=c1nc2c#cncn2c(=O)[nH]1
5803,arene_5269,c1ccn2cccc2c1,aryne_5804,c1ccn2cccc2c#1
5804,arene_5269,c1ccn2cccc2c1,aryne_5805,c1ccc2cccn2c#1
5805,arene_5269,c1ccn2cccc2c1,aryne_5806,c1cc2ccccn2c#1
5806,arene_5271,O=c1on2occc(=O)n2c1=O,aryne_5807,O=c1on2oc#cc(=O)n2c1=O
5807,arene_5272,O=c1sccn2nncc12,aryne_5808,O=c1sc#cn2nncc12
5808,arene_5273,c1csn2cnncn2[nH]1,aryne_5809,c1[nH]n2cnncn2sc#1
5809,arene_5274,O=c1[nH]c(=O)c(=O)n2cc[nH]cc1-2,aryne_5810,O=c1[nH]c(=O)c(=O)n2c#c[nH]cc1-2
5810,arene_5275,O=c1on2[nH]ccon2sc1=O,aryne_5811,O=c1on2[nH]c#con2sc1=O
5811,arene_5276,O=c1nnon2cccc12,aryne_5812,O=c1nnon2c#ccc12
5812,arene_5277,O=c1nc2ccoc(=O)c2c[nH]1,aryne_5813,O=c1nc2c#coc(=O)c2c[nH]1
5813,arene_5278,c1cn2[nH]nnsn2o1,aryne_5814,c1on2snn[nH]n2c#1
5814,arene_5279,O=c1onc2cccnn2c1=O,aryne_5815,O=c1onc2c#ccnn2c1=O
5815,arene_5280,O=c1oc2n[nH]ccn-2c1=O,aryne_5816,O=c1oc2n[nH]c#cn-2c1=O
5816,arene_5281,O=c1ccc2c(=O)ccc1=2,aryne_5817,O=c1c#cc2c(=O)ccc1=2
5817,arene_5282,O=c1ccn2c(=O)c(=O)cc-2c1=O,aryne_5818,O=c1c#cn2c(=O)c(=O)cc-2c1=O
5818,arene_5283,O=c1cc2[nH]ccc(=O)c2c[nH]1,aryne_5819,O=c1cc2[nH]c#cc(=O)c2c[nH]1
5819,arene_5284,O=c1nnc2sccsc=2c1=O,aryne_5820,O=c1nnc2sc#csc=2c1=O
5820,arene_5285,O=c1scc2cccnn12,aryne_5821,O=c1scc2c#ccnn12
5821,arene_5286,c1cnn2[nH]cc[nH]n2c1,aryne_5822,c1cnn2[nH]cc[nH]n2c#1
5822,arene_5286,c1cnn2[nH]cc[nH]n2c1,aryne_5823,c1[nH]n2cccnn2[nH]c#1
5823,arene_5287,O=c1cnn2ccc(=O)n2[nH]1,aryne_5824,O=c1cnn2c#cc(=O)n2[nH]1
5824,arene_5288,O=c1nn[nH]c2ccsc12,aryne_5825,O=c1nn[nH]c2c#csc12
5825,arene_5289,O=c1ncn2[nH]ccc(=O)n2c1=O,aryne_5826,O=c1ncn2[nH]c#cc(=O)n2c1=O
5826,arene_5290,O=c1cc2ccncn2c(=O)s1,aryne_5827,O=c1cc2c#cncn2c(=O)s1
5827,arene_5291,O=c1[nH]c2nnccc2o1,aryne_5828,O=c1[nH]c2nnc#cc2o1
5828,arene_5292,O=c1[nH]nc2ccon2c1=O,aryne_5829,O=c1[nH]nc2c#con2c1=O
5829,arene_5293,O=c1nnon2c(=O)cccc12,aryne_5830,O=c1nnon2c(=O)c#ccc12
5830,arene_5294,O=c1ccc2ccc(=O)sc2o1,aryne_5831,O=c1c#cc2ccc(=O)sc2o1
5831,arene_5294,O=c1ccc2ccc(=O)sc2o1,aryne_5832,O=c1ccc2c#cc(=O)sc2o1
5832,arene_5296,O=c1ccc2oncc2[nH]1,aryne_5833,O=c1c#cc2oncc2[nH]1
5833,arene_5297,O=c1ccn2nc[nH]cc1-2,aryne_5834,O=c1c#cn2nc[nH]cc1-2
5834,arene_5298,O=c1[nH]ccc2c[nH]cc12,aryne_5835,O=c1[nH]c#cc2c[nH]cc12
5835,arene_5299,O=c1cccc2ccsc(=O)n12,aryne_5836,O=c1c#ccc2ccsc(=O)n12
5836,arene_5299,O=c1cccc2ccsc(=O)n12,aryne_5837,O=c1cccc2c#csc(=O)n12
5837,arene_5300,O=c1ccsn2c(=O)occ12,aryne_5838,O=c1c#csn2c(=O)occ12
5838,arene_5301,O=c1onnn2sccsn12,aryne_5839,O=c1onnn2sc#csn12
5839,arene_5302,O=c1ccon2c(=O)cncc12,aryne_5840,O=c1c#con2c(=O)cncc12
5840,arene_5303,O=c1ccon2c(=O)ncnc12,aryne_5841,O=c1c#con2c(=O)ncnc12
5841,arene_5304,O=c1ncc(=O)n2c(=O)ccon12,aryne_5842,O=c1ncc(=O)n2c(=O)c#con12
5842,arene_5305,O=c1ccn2c(=O)nnoc2c1,aryne_5843,O=c1c#cn2c(=O)nnoc2c1
5843,arene_5306,O=c1ccc2c[nH]c(=O)c(=O)n2o1,aryne_5844,O=c1c#cc2c[nH]c(=O)c(=O)n2o1
5844,arene_5307,O=c1[nH]ccc2nsnc12,aryne_5845,O=c1[nH]c#cc2nsnc12
5845,arene_5308,O=c1cnn2ccc(=O)sc2c1,aryne_5846,O=c1cnn2c#cc(=O)sc2c1
5846,arene_5309,O=c1ccn2cnsc(=O)n2c1=O,aryne_5847,O=c1c#cn2cnsc(=O)n2c1=O
5847,arene_5310,O=c1cnn2ccncn12,aryne_5848,O=c1cnn2c#cncn12
5848,arene_5311,O=c1ccn2nc[nH]n2c1=O,aryne_5849,O=c1c#cn2nc[nH]n2c1=O
5849,arene_5312,O=c1nn[nH]c2cc[nH]c(=O)c12,aryne_5850,O=c1nn[nH]c2c#c[nH]c(=O)c12
5850,arene_5313,c1cn2cn[nH]c2n1,aryne_5851,c1nc2[nH]ncn2c#1
5851,arene_5314,O=c1ccoc2ccoc(=O)c12,aryne_5852,O=c1c#coc2ccoc(=O)c12
5852,arene_5314,O=c1ccoc2ccoc(=O)c12,aryne_5853,O=c1ccoc2c#coc(=O)c12
5853,arene_5315,O=c1nnc2sccoc=2c1=O,aryne_5854,O=c1nnc2sc#coc=2c1=O
5854,arene_5316,O=c1[nH]c(=O)n2ccnc2o1,aryne_5855,O=c1[nH]c(=O)n2c#cnc2o1
5855,arene_5317,O=c1ccc2c(=O)c(=O)c(=O)c2s1,aryne_5856,O=c1c#cc2c(=O)c(=O)c(=O)c2s1
5856,arene_5318,O=c1ccc(=O)c2cc(=O)c(=O)cc1-2,aryne_5857,O=c1c#cc(=O)c2cc(=O)c(=O)cc1-2
5857,arene_5319,O=c1cnn2ccon12,aryne_5858,O=c1cnn2c#con12
5858,arene_5320,O=c1ccn2oc(=O)sc2n1,aryne_5859,O=c1c#cn2oc(=O)sc2n1
5859,arene_5321,O=c1ccc2nnsc2s1,aryne_5860,O=c1c#cc2nnsc2s1
5860,arene_5322,O=c1ncoc2nccn12,aryne_5861,O=c1ncoc2nc#cn12
5861,arene_5323,O=c1ccc2ncoc2s1,aryne_5862,O=c1c#cc2ncoc2s1
5862,arene_5324,O=c1sc(=O)n2nnccn12,aryne_5863,O=c1sc(=O)n2nnc#cn12
5863,arene_5325,O=c1nc2c(=O)occc2ns1,aryne_5864,O=c1nc2c(=O)oc#cc2ns1
5864,arene_5326,O=c1nn[nH]n2c(=O)ccn12,aryne_5865,O=c1nn[nH]n2c(=O)c#cn12
5865,arene_5327,O=c1cnn2[nH]ccon2[nH]1,aryne_5866,O=c1cnn2[nH]c#con2[nH]1
5866,arene_5328,O=c1cc[nH]n2cnnc12,aryne_5867,O=c1c#c[nH]n2cnnc12
5867,arene_5329,O=c1ncnc2ccncn12,aryne_5868,O=c1ncnc2c#cncn12
5868,arene_5330,O=c1sc(=O)n2cc[nH]c(=O)n2c1=O,aryne_5869,O=c1sc(=O)n2c#c[nH]c(=O)n2c1=O
5869,arene_5331,O=c1ccc2nsc(=O)nc2s1,aryne_5870,O=c1c#cc2nsc(=O)nc2s1
5870,arene_5332,O=c1[nH]nnc2nccnc12,aryne_5871,O=c1[nH]nnc2nc#cnc12
5871,arene_5334,O=c1nc2c(=O)cc[nH]c2c[nH]1,aryne_5872,O=c1nc2c(=O)c#c[nH]c2c[nH]1
5872,arene_5335,O=c1ccc(=O)n2[nH]cnn12,aryne_5873,O=c1c#cc(=O)n2[nH]cnn12
5873,arene_5336,O=c1cc2c(=O)sccc2co1,aryne_5874,O=c1cc2c(=O)sc#cc2co1
5874,arene_5337,c1con2ncocc-2[nH]1,aryne_5875,c1[nH]c2cocnn-2oc#1
5875,arene_5338,O=c1oc2c(=O)cc[nH]c2c(=O)s1,aryne_5876,O=c1oc2c(=O)c#c[nH]c2c(=O)s1
5876,arene_5339,O=c1onc2c(=O)sccn2c1=O,aryne_5877,O=c1onc2c(=O)sc#cn2c1=O
5877,arene_5340,O=c1ccc2sncoc=2c1=O,aryne_5878,O=c1c#cc2sncoc=2c1=O
5878,arene_5341,O=c1occc2snnc12,aryne_5879,O=c1oc#cc2snnc12
5879,arene_5342,c1cn2occsn2cn1,aryne_5880,c1ncn2sccon2c#1
5880,arene_5342,c1cn2occsn2cn1,aryne_5881,c1on2ccncn2sc#1
5881,arene_5344,O=c1nnnc2ccnnn12,aryne_5882,O=c1nnnc2c#cnnn12
5882,arene_5345,O=c1ccn2ccc(=O)[nH]c2n1,aryne_5883,O=c1c#cn2ccc(=O)[nH]c2n1
5883,arene_5345,O=c1ccn2ccc(=O)[nH]c2n1,aryne_5884,O=c1ccn2c#cc(=O)[nH]c2n1
5884,arene_5346,O=c1cnn2c(=O)ccc(=O)n2s1,aryne_5885,O=c1cnn2c(=O)c#cc(=O)n2s1
5885,arene_5347,O=c1ncc2noccn1-2,aryne_5886,O=c1ncc2noc#cn1-2
5886,arene_5348,O=c1c(=O)c2cc[nH]c2c1=O,aryne_5887,O=c1c(=O)c2c#c[nH]c2c1=O
5887,arene_5349,O=c1nn[nH]c2cnccc12,aryne_5888,O=c1nn[nH]c2cnc#cc12
5888,arene_5350,O=c1cc2c(=O)[nH]ccn2c(=O)o1,aryne_5889,O=c1cc2c(=O)[nH]c#cn2c(=O)o1
5889,arene_5351,O=c1cnn2c(=O)c(=O)ccn2o1,aryne_5890,O=c1cnn2c(=O)c(=O)c#cn2o1
5890,arene_5352,O=c1ccc2ocnoc=2c1=O,aryne_5891,O=c1c#cc2ocnoc=2c1=O
5891,arene_5353,O=c1ccsc2cnccc12,aryne_5892,O=c1c#csc2cnccc12
5892,arene_5353,O=c1ccsc2cnccc12,aryne_5893,O=c1ccsc2cnc#cc12
5893,arene_5354,O=c1ccc2c(=O)nc[nH]c2s1,aryne_5894,O=c1c#cc2c(=O)nc[nH]c2s1
5894,arene_5355,c1ccc2cc3c(ccc4ccccc43)cc2c1,aryne_5895,c1cc2cc3ccc4ccccc4c3cc2cc#1
5895,arene_5355,c1ccc2cc3c(ccc4ccccc43)cc2c1,aryne_5896,c1ccc2cc3c(ccc4ccccc43)cc2c#1
5896,arene_5355,c1ccc2cc3c(ccc4ccccc43)cc2c1,aryne_5897,c1ccc2cc3ccc4ccccc4c3cc2c#1
5897,arene_5355,c1ccc2cc3c(ccc4ccccc43)cc2c1,aryne_5898,c1c2ccccc2c2cc3ccccc3cc2c#1
5898,arene_5355,c1ccc2cc3c(ccc4ccccc43)cc2c1,aryne_5899,c1ccc2c(c#1)ccc1cc3ccccc3cc12
5899,arene_5355,c1ccc2cc3c(ccc4ccccc43)cc2c1,aryne_5900,c1cc2ccc3cc4ccccc4cc3c2cc#1
5900,arene_5355,c1ccc2cc3c(ccc4ccccc43)cc2c1,aryne_5901,c1ccc2ccc3cc4ccccc4cc3c2c#1
5901,arene_5356,O=c1[nH]c(=O)c(=O)c2[nH]ccoc1=2,aryne_5902,O=c1[nH]c(=O)c(=O)c2[nH]c#coc1=2
5902,arene_5357,O=c1sc2noccn-2c(=O)c1=O,aryne_5903,O=c1sc2noc#cn-2c(=O)c1=O
5903,arene_5358,O=c1cnsc2ccsc12,aryne_5904,O=c1cnsc2c#csc12
5904,arene_5359,O=c1occc2nncn12,aryne_5905,O=c1oc#cc2nncn12
5905,arene_5360,O=c1[nH]n2sccsn2c(=O)o1,aryne_5906,O=c1[nH]n2sc#csn2c(=O)o1
5906,arene_5361,c1coc2scn[nH]c=2o1,aryne_5907,c1oc2[nH]ncsc=2oc#1
5907,arene_5362,c1cc2c[nH]nc2nn1,aryne_5908,c1nnc2n[nH]cc2c#1
5908,arene_5363,O=c1[nH]c2ccncc2c(=O)s1,aryne_5909,O=c1[nH]c2c#cncc2c(=O)s1
5909,arene_5364,O=c1cccc2cnncn12,aryne_5910,O=c1c#ccc2cnncn12
5910,arene_5365,O=c1ccocn1,aryne_5911,O=c1c#cocn1
5911,arene_5366,c1csn2[nH]nnn2[nH]1,aryne_5912,c1[nH]n2nn[nH]n2sc#1
5912,arene_5367,O=c1cc2ccncn2cn1,aryne_5913,O=c1cc2c#cncn2cn1
5913,arene_5368,c1csc2csccn-2o1,aryne_5914,c1on2ccscc-2sc#1
5914,arene_5368,c1csc2csccn-2o1,aryne_5915,c1scc2sccon-2c#1
5915,arene_5369,O=c1on2ccnnn2c1=O,aryne_5916,O=c1on2c#cnnn2c1=O
5916,arene_5370,O=c1oc(=O)n2c(=O)cccc2o1,aryne_5917,O=c1oc(=O)n2c(=O)c#ccc2o1
5917,arene_5371,O=c1cnn2c(=O)cc[nH]n2c1=O,aryne_5918,O=c1cnn2c(=O)c#c[nH]n2c1=O
5918,arene_5372,O=c1oc(=O)c(=O)c2[nH]ccoc1=2,aryne_5919,O=c1oc(=O)c(=O)c2[nH]c#coc1=2
5919,arene_5373,O=c1ccoc2nnnnc12,aryne_5920,O=c1c#coc2nnnnc12
5920,arene_5374,O=c1ccc2nnnn2o1,aryne_5921,O=c1c#cc2nnnn2o1
5921,arene_5375,O=c1cc2ncccc2ns1,aryne_5922,O=c1cc2ncc#cc2ns1
5922,arene_5376,O=c1occn2[nH]cnon12,aryne_5923,O=c1oc#cn2[nH]cnon12
5923,arene_5377,c1cnn2onn[nH]n2c1,aryne_5924,c1cnn2onn[nH]n2c#1
5924,arene_5378,c1cc2nccn2cn1,aryne_5925,c1ncn2ccnc2c#1
5925,arene_5378,c1cc2nccn2cn1,aryne_5926,c1nc2ccncn2c#1
5926,arene_5379,O=c1nnc2c(=O)occc2s1,aryne_5927,O=c1nnc2c(=O)oc#cc2s1
5927,arene_5380,O=c1on2[nH]ccsn2c(=O)s1,aryne_5928,O=c1on2[nH]c#csn2c(=O)s1
5928,arene_5381,O=c1oc(=O)n2c(=O)ccsn2c1=O,aryne_5929,O=c1oc(=O)n2c(=O)c#csn2c1=O
5929,arene_5382,O=c1ccncs1,aryne_5930,O=c1c#cncs1
5930,arene_5383,O=c1cnn2[nH]c(=O)ccc2n1,aryne_5931,O=c1cnn2[nH]c(=O)c#cc2n1
5931,arene_5384,c1cc2nscc2s1,aryne_5932,c1sc2csnc2c#1
5932,arene_5385,O=c1cc2ccc(=O)c(=O)c-2nc1=O,aryne_5933,O=c1c#cc2cc(=O)c(=O)nc-2c1=O
5933,arene_5386,c1coc2onnoc=2[nH]1,aryne_5934,c1[nH]c2onnoc=2oc#1
5934,arene_5387,O=c1cc2c(=O)occc2c[nH]1,aryne_5935,O=c1cc2c(=O)oc#cc2c[nH]1
5935,arene_5389,O=c1cnn2[nH]ccc(=O)n2c1=O,aryne_5936,O=c1cnn2[nH]c#cc(=O)n2c1=O
5936,arene_5390,O=c1ccn2nnc(=O)n2s1,aryne_5937,O=c1c#cn2nnc(=O)n2s1
5937,arene_5391,c1cnn2scc[nH]n2c1,aryne_5938,c1cnn2scc[nH]n2c#1
5938,arene_5391,c1cnn2scc[nH]n2c1,aryne_5939,c1[nH]n2cccnn2sc#1
5939,arene_5392,O=c1snc2sccn12,aryne_5940,O=c1snc2sc#cn12
5940,arene_5393,O=c1on2occon2o1,aryne_5941,O=c1on2oc#con2o1
5941,arene_5394,O=c1nnn2cccc2s1,aryne_5942,O=c1nnn2c#ccc2s1
5942,arene_5395,O=c1cc[nH]n2snn[nH]n12,aryne_5943,O=c1c#c[nH]n2snn[nH]n12
5943,arene_5396,c1con2nnscc-2o1,aryne_5944,c1oc2csnnn-2oc#1
5944,arene_5397,O=c1[nH]c2c(=O)cc[nH]c2c(=O)s1,aryne_5945,O=c1[nH]c2c(=O)c#c[nH]c2c(=O)s1
5945,arene_5398,O=c1oc2ccsc(=O)c2sc1=O,aryne_5946,O=c1oc2c#csc(=O)c2sc1=O
5946,arene_5400,O=c1sccn2[nH]nn[nH]n12,aryne_5947,O=c1sc#cn2[nH]nn[nH]n12
5947,arene_5401,c1cn2sccoc-2co1,aryne_5948,c1occ2occsn-2c#1
5948,arene_5401,c1cn2sccoc-2co1,aryne_5949,c1oc2coccn-2sc#1
5949,arene_5402,O=c1ccc2cnccc2[nH]1,aryne_5950,O=c1c#cc2cnccc2[nH]1
5950,arene_5402,O=c1ccc2cnccc2[nH]1,aryne_5951,O=c1ccc2cnc#cc2[nH]1
5951,arene_5403,O=c1occn2cncc12,aryne_5952,O=c1oc#cn2cncc12
5952,arene_5404,O=c1[nH]c2ccccc2[nH]c1=O,aryne_5953,O=c1[nH]c2c#cccc2[nH]c1=O
5953,arene_5404,O=c1[nH]c2ccccc2[nH]c1=O,aryne_5954,O=c1[nH]c2cc#ccc2[nH]c1=O
5954,arene_5405,O=c1scnn2cccc12,aryne_5955,O=c1scnn2c#ccc12
5955,arene_5406,O=c1[nH]nnn2c(=O)ccnc12,aryne_5956,O=c1[nH]nnn2c(=O)c#cnc12
5956,arene_5407,O=c1oncn2[nH]ccsn12,aryne_5957,O=c1oncn2[nH]c#csn12
5957,arene_5408,c1coc2sncoc=2o1,aryne_5958,c1oc2ocnsc=2oc#1
5958,arene_5409,c1con2snnn2[nH]1,aryne_5959,c1[nH]n2nnsn2oc#1
5959,arene_5410,O=c1onnc2ccsc12,aryne_5960,O=c1onnc2c#csc12
5960,arene_5411,O=c1ncn2occ[nH]n2s1,aryne_5961,O=c1ncn2oc#c[nH]n2s1
5961,arene_5413,O=c1scc2occn12,aryne_5962,O=c1scc2oc#cn12
5962,arene_5414,c1cn2[nH]nn[nH]c-2co1,aryne_5963,c1occ2[nH]nn[nH]n-2c#1
5963,arene_5415,c1csc2[nH]cnoc=2[nH]1,aryne_5964,c1[nH]c2onc[nH]c=2sc#1
5964,arene_5416,O=c1on2ccon2c1=O,aryne_5965,O=c1on2c#con2c1=O
5965,arene_5417,O=c1ccoc2cncnc12,aryne_5966,O=c1c#coc2cncnc12
5966,arene_5418,O=c1[nH]n2ccc(=O)c(=O)n2o1,aryne_5967,O=c1[nH]n2c#cc(=O)c(=O)n2o1
5967,arene_5419,O=c1nnc(=O)n2ncccn12,aryne_5968,O=c1nnc(=O)n2ncc#cn12
5968,arene_5420,O=c1ccn2onn[nH]n2[nH]1,aryne_5969,O=c1c#cn2onn[nH]n2[nH]1
5969,arene_5421,O=c1[nH]c2c(=O)ccsc2c(=O)s1,aryne_5970,O=c1[nH]c2c(=O)c#csc2c(=O)s1
5970,arene_5422,O=c1cc[nH]n2[nH]nnsn12,aryne_5971,O=c1c#c[nH]n2[nH]nnsn12
5971,arene_5423,O=c1ccc2snnc(=O)c2[nH]1,aryne_5972,O=c1c#cc2snnc(=O)c2[nH]1
5972,arene_5424,O=c1ccn2[nH]c(=O)c(=O)oc2n1,aryne_5973,O=c1c#cn2[nH]c(=O)c(=O)oc2n1
5973,arene_5425,c1cn2snn[nH]n2o1,aryne_5974,c1on2[nH]nnsn2c#1
5974,arene_5426,O=c1sn2[nH]ccsn2sc1=O,aryne_5975,O=c1sn2[nH]c#csn2sc1=O
5975,arene_5427,O=c1nnn2c(=O)cc[nH]n2c1=O,aryne_5976,O=c1nnn2c(=O)c#c[nH]n2c1=O
5976,arene_5428,O=c1[nH]n2c(=O)ccc(=O)n2c(=O)o1,aryne_5977,O=c1[nH]n2c(=O)c#cc(=O)n2c(=O)o1
5977,arene_5429,O=c1ccc2nccc(=O)n2[nH]1,aryne_5978,O=c1c#cc2nccc(=O)n2[nH]1
5978,arene_5429,O=c1ccc2nccc(=O)n2[nH]1,aryne_5979,O=c1ccc2nc#cc(=O)n2[nH]1
5979,arene_5431,O=c1[nH]c2sccc(=O)c2[nH]c1=O,aryne_5980,O=c1[nH]c2sc#cc(=O)c2[nH]c1=O
5980,arene_5432,O=c1[nH]ccc2nnoc(=O)c12,aryne_5981,O=c1[nH]c#cc2nnoc(=O)c12
5981,arene_5433,O=c1ccc2nnoc(=O)c2s1,aryne_5982,O=c1c#cc2nnoc(=O)c2s1
5982,arene_5434,O=c1oc2c(=O)ccoc2s1,aryne_5983,O=c1oc2c(=O)c#coc2s1
5983,arene_5435,O=c1cnoc2nnccc12,aryne_5984,O=c1cnoc2nnc#cc12
5984,arene_5436,O=c1ccc2c(=O)ncc(=O)c=2c1=O,aryne_5985,O=c1c#cc2c(=O)ncc(=O)c=2c1=O
5985,arene_5437,O=c1[nH]ccc2coc(=O)n12,aryne_5986,O=c1[nH]c#cc2coc(=O)n12
5986,arene_5438,O=c1cnc2[nH]c(=O)ccc2[nH]1,aryne_5987,O=c1c#cc2[nH]c(=O)cnc2[nH]1
5987,arene_5439,O=c1oc2ccnnc2oc1=O,aryne_5988,O=c1oc2c#cnnc2oc1=O
5988,arene_5440,O=c1sc(=O)c2sccoc1=2,aryne_5989,O=c1sc(=O)c2sc#coc1=2
5989,arene_5441,c1cc2nnnn2cn1,aryne_5990,c1ncn2nnnc2c#1
5990,arene_5442,O=c1sccn2c(=O)nccc12,aryne_5991,O=c1sc#cn2c(=O)nccc12
5991,arene_5443,O=c1cnn2c(=O)occc2c1,aryne_5992,O=c1cnn2c(=O)oc#cc2c1
5992,arene_5444,O=c1cc2ccnnc2n[nH]1,aryne_5993,O=c1cc2c#cnnc2n[nH]1
5993,arene_5445,O=c1nc2ccsn2c(=O)o1,aryne_5994,O=c1nc2c#csn2c(=O)o1
5994,arene_5446,O=c1ncsn2cccc12,aryne_5995,O=c1ncsn2c#ccc12
5995,arene_5447,O=c1ccc2ncccc2s1,aryne_5996,O=c1c#cc2ncccc2s1
5996,arene_5447,O=c1ccc2ncccc2s1,aryne_5997,O=c1ccc2nc#ccc2s1
5997,arene_5447,O=c1ccc2ncccc2s1,aryne_5998,O=c1ccc2ncc#cc2s1
5998,arene_5448,O=c1[nH]c2cccc(=O)n2[nH]c1=O,aryne_5999,O=c1[nH]c2cc#cc(=O)n2[nH]c1=O
5999,arene_5449,c1cc2cnnn2[nH]1,aryne_6000,c1[nH]n2nncc2c#1
6000,arene_5450,O=c1cnn2cconc-2c1=O,aryne_6001,O=c1cnn2c#conc-2c1=O
6001,arene_5451,O=c1ccc2noc(=O)nc2o1,aryne_6002,O=c1c#cc2noc(=O)nc2o1
6002,arene_5452,O=c1sn2cc[nH]c(=O)n2c(=O)c1=O,aryne_6003,O=c1sn2c#c[nH]c(=O)n2c(=O)c1=O
6003,arene_5453,O=c1[nH]c(=O)c2c(=O)[nH]ccc2[nH]1,aryne_6004,O=c1[nH]c(=O)c2c(=O)[nH]c#cc2[nH]1
6004,arene_5454,O=c1ncc2sccc2[nH]1,aryne_6005,O=c1ncc2sc#cc2[nH]1
6005,arene_5455,O=c1[nH]c2ccc(=O)sc2o1,aryne_6006,O=c1[nH]c2c#cc(=O)sc2o1
6006,arene_5456,O=c1ccn2nn[nH]c(=O)c2c1,aryne_6007,O=c1c#cn2nn[nH]c(=O)c2c1
6007,arene_5457,O=c1sc(=O)c(=O)n2cc[nH]nc1-2,aryne_6008,O=c1sc(=O)c(=O)n2c#c[nH]nc1-2
6008,arene_5458,O=c1[nH]ccn2[nH]ncon12,aryne_6009,O=c1[nH]c#cn2[nH]ncon12
6009,arene_5460,O=c1ncc2cc[nH]c(=O)c2[nH]1,aryne_6010,O=c1ncc2c#c[nH]c(=O)c2[nH]1
6010,arene_5461,O=c1nnsn2ccnc12,aryne_6011,O=c1nnsn2c#cnc12
6011,arene_5462,O=c1ncc2[nH]cc[nH]c1=2,aryne_6012,O=c1ncc2[nH]c#c[nH]c1=2
6012,arene_5463,O=c1ccn2oncc2c1,aryne_6013,O=c1c#cn2oncc2c1
6013,arene_5464,O=c1ccn2snnc(=O)c2c1,aryne_6014,O=c1c#cn2snnc(=O)c2c1
6014,arene_5465,c1cnc2c(c1)ccc1cccnc12,aryne_6015,c1cc2ccc3cccnc3c2nc#1
6015,arene_5465,c1cnc2c(c1)ccc1cccnc12,aryne_6016,c1cnc2c(c#1)ccc1cccnc12
6016,arene_5465,c1cnc2c(c1)ccc1cccnc12,aryne_6017,c1c2cccnc2c2ncccc2c#1
6017,arene_5466,O=c1[nH]n2c(=O)cc[nH]n2c(=O)c1=O,aryne_6018,O=c1[nH]n2c(=O)c#c[nH]n2c(=O)c1=O
6018,arene_5467,O=c1nc2c(=O)[nH]ccn2c(=O)o1,aryne_6019,O=c1nc2c(=O)[nH]c#cn2c(=O)o1
6019,arene_5468,O=c1nc2oc(=O)ccc2n[nH]1,aryne_6020,O=c1nc2oc(=O)c#cc2n[nH]1
6020,arene_5469,O=c1nc2occc2ns1,aryne_6021,O=c1nc2oc#cc2ns1
6021,arene_5470,O=c1sn2occsn2s1,aryne_6022,O=c1sn2oc#csn2s1
6022,arene_5472,O=c1sc2nccn2s1,aryne_6023,O=c1sc2nc#cn2s1
6023,arene_5474,c1cn2[nH]nnoc-2no1,aryne_6024,c1onc2onn[nH]n-2c#1
6024,arene_5475,O=c1snc2ccsn2c1=O,aryne_6025,O=c1snc2c#csn2c1=O
6025,arene_5476,c1cn2sncc2n1,aryne_6026,c1nc2cnsn2c#1
6026,arene_5477,O=c1ccc2oc(=O)sc2[nH]1,aryne_6027,O=c1c#cc2oc(=O)sc2[nH]1
6027,arene_5478,c1cc2occn2c1,aryne_6028,c1cc2occn2c#1
6028,arene_5478,c1cc2occn2c1,aryne_6029,c1oc2cccn2c#1
6029,arene_5479,O=c1onc2ccncn2c1=O,aryne_6030,O=c1onc2c#cncn2c1=O
6030,arene_5480,O=c1[nH]c(=O)c(=O)c2scc[nH]c1=2,aryne_6031,O=c1[nH]c(=O)c(=O)c2sc#c[nH]c1=2
6031,arene_5481,O=c1ccc2nc[nH]c2s1,aryne_6032,O=c1c#cc2nc[nH]c2s1
6032,arene_5482,O=c1cc2[nH]cc[nH]n-2c1=O,aryne_6033,O=c1cc2[nH]c#c[nH]n-2c1=O
6033,arene_5483,O=c1[nH]ccn2cncc12,aryne_6034,O=c1[nH]c#cn2cncc12
6034,arene_5484,O=c1[nH]c2cccc(=O)n2[nH]1,aryne_6035,O=c1[nH]c2cc#cc(=O)n2[nH]1
6035,arene_5485,O=c1ccc2ncsc2s1,aryne_6036,O=c1c#cc2ncsc2s1
6036,arene_5486,O=c1onc2[nH]ccn12,aryne_6037,O=c1onc2[nH]c#cn12
6037,arene_5487,O=c1nc2ccoc2cs1,aryne_6038,O=c1nc2c#coc2cs1
6038,arene_5488,O=c1nc2occoc-2n1,aryne_6039,O=c1nc2oc#coc-2n1
6039,arene_5489,O=c1cncc2ccccn12,aryne_6040,O=c1cncc2c#cccn12
6040,arene_5489,O=c1cncc2ccccn12,aryne_6041,O=c1cncc2ccc#cn12
6041,arene_5490,O=c1oncc2occc12,aryne_6042,O=c1oncc2oc#cc12
6042,arene_5491,O=c1cc[nH]c2ncnnc12,aryne_6043,O=c1c#c[nH]c2ncnnc12
6043,arene_5492,O=c1on2ccscc-2c(=O)c1=O,aryne_6044,O=c1on2c#cscc-2c(=O)c1=O
6044,arene_5493,c1csn2cconc-2[nH]1,aryne_6045,c1[nH]c2noccn-2sc#1
6045,arene_5493,c1csn2cconc-2[nH]1,aryne_6046,c1onc2[nH]ccsn-2c#1
6046,arene_5494,O=c1ccsn2[nH]ncsn12,aryne_6047,O=c1c#csn2[nH]ncsn12
6047,arene_5495,O=c1oc2n[nH]ccn-2c(=O)c1=O,aryne_6048,O=c1oc2n[nH]c#cn-2c(=O)c1=O
6048,arene_5496,O=c1ccn2cn[nH]c(=O)c2n1,aryne_6049,O=c1c#cn2cn[nH]c(=O)c2n1
6049,arene_5497,O=c1ccc2sncc(=O)c2o1,aryne_6050,O=c1c#cc2sncc(=O)c2o1
6050,arene_5498,O=c1c(=O)c(=O)n2c(=O)cccc2c1=O,aryne_6051,O=c1c(=O)c(=O)n2c(=O)c#ccc2c1=O
6051,arene_5499,O=c1[nH]c2c(=O)[nH]ccc2o1,aryne_6052,O=c1[nH]c2c(=O)[nH]c#cc2o1
6052,arene_5500,O=c1cc[nH]c2nnoc(=O)c12,aryne_6053,O=c1c#c[nH]c2nnoc(=O)c12
6053,arene_5502,O=c1snc2ccncn2c1=O,aryne_6054,O=c1snc2c#cncn2c1=O
6054,arene_5503,O=c1ccc2oc(=O)oc(=O)c2o1,aryne_6055,O=c1c#cc2oc(=O)oc(=O)c2o1
6055,arene_5504,c1cc2n[nH]nc2o1,aryne_6056,c1oc2n[nH]nc2c#1
6056,arene_5506,O=c1ccoc2ccsc(=O)c12,aryne_6057,O=c1c#coc2ccsc(=O)c12
6057,arene_5506,O=c1ccoc2ccsc(=O)c12,aryne_6058,O=c1ccoc2c#csc(=O)c12
6058,arene_5507,c1cn2nnsc2n1,aryne_6059,c1nc2snnn2c#1
6059,arene_5508,O=c1nn[nH]c2cccn12,aryne_6060,O=c1nn[nH]c2cc#cn12
6060,arene_5509,O=c1cnn2[nH]ccn12,aryne_6061,O=c1cnn2[nH]c#cn12
6061,arene_5510,O=c1ccn2nnncn2c1=O,aryne_6062,O=c1c#cn2nnncn2c1=O
6062,arene_5511,O=c1nc2occc2n[nH]1,aryne_6063,O=c1nc2oc#cc2n[nH]1
6063,arene_5512,O=c1[nH]c2sccc(=O)c2c(=O)s1,aryne_6064,O=c1[nH]c2sc#cc(=O)c2c(=O)s1
6064,arene_5513,O=c1ccn2c(=O)nc[nH]c2n1,aryne_6065,O=c1c#cn2c(=O)nc[nH]c2n1
6065,arene_5514,O=c1[nH]n2[nH]cc[nH]n2c(=O)s1,aryne_6066,O=c1[nH]n2[nH]c#c[nH]n2c(=O)s1
6066,arene_5515,O=c1cc[nH]c2snnc12,aryne_6067,O=c1c#c[nH]c2snnc12
6067,arene_5516,O=c1cc2ccc(=O)c(=O)c-2c1,aryne_6068,O=c1cc2c#cc(=O)c(=O)c-2c1
6068,arene_5517,O=c1ccsn2cnc(=O)n12,aryne_6069,O=c1c#csn2cnc(=O)n12
6069,arene_5518,O=c1cnc2sccsc=2c1=O,aryne_6070,O=c1cnc2sc#csc=2c1=O
6070,arene_5519,O=c1cc2[nH]ccsn-2c(=O)c1=O,aryne_6071,O=c1cc2[nH]c#csn-2c(=O)c1=O
6071,arene_5520,O=c1ccn2nc[nH]nc1-2,aryne_6072,O=c1c#cn2nc[nH]nc1-2
6072,arene_5521,O=c1ncc2occc(=O)c2o1,aryne_6073,O=c1ncc2oc#cc(=O)c2o1
6073,arene_5522,O=c1ccsn2[nH]cnon12,aryne_6074,O=c1c#csn2[nH]cnon12
6074,arene_5524,O=c1cnc2[nH]ccc2o1,aryne_6075,O=c1cnc2[nH]c#cc2o1
6075,arene_5525,O=c1sn2[nH]ccsn2s1,aryne_6076,O=c1sn2[nH]c#csn2s1
6076,arene_5526,O=c1nnn2ccocc1-2,aryne_6077,O=c1nnn2c#cocc1-2
6077,arene_5528,O=c1nnoc2cc[nH]c(=O)c12,aryne_6078,O=c1nnoc2c#c[nH]c(=O)c12
6078,arene_5529,O=c1ccoc2c(=O)cn[nH]c12,aryne_6079,O=c1c#coc2c(=O)cn[nH]c12
6079,arene_5530,O=c1ncoc2c(=O)sccc12,aryne_6080,O=c1ncoc2c(=O)sc#cc12
6080,arene_5531,O=c1[nH]ccn2c(=O)snc12,aryne_6081,O=c1[nH]c#cn2c(=O)snc12
6081,arene_5532,O=c1scc2c(=O)ccon2c1=O,aryne_6082,O=c1scc2c(=O)c#con2c1=O
6082,arene_5533,c1cn2[nH]cn[nH]c-2c[nH]1,aryne_6083,c1[nH]cc2[nH]nc[nH]n-2c#1
6083,arene_5534,O=c1cc2c(=O)[nH]ccn2nn1,aryne_6084,O=c1cc2c(=O)[nH]c#cn2nn1
6084,arene_5535,O=c1cc[nH]n2ocnon12,aryne_6085,O=c1c#c[nH]n2ocnon12
6085,arene_5536,O=c1cc2nnccc2no1,aryne_6086,O=c1cc2nnc#cc2no1
6086,arene_5537,O=c1ncc2nccnc2[nH]1,aryne_6087,O=c1ncc2nc#cnc2[nH]1
6087,arene_5538,O=c1sccc2ncnn12,aryne_6088,O=c1sc#cc2ncnn12
6088,arene_5539,O=c1[nH]c2ccoc(=O)c2[nH]c1=O,aryne_6089,O=c1[nH]c2c#coc(=O)c2[nH]c1=O
6089,arene_5540,O=c1ccc2cnc(=O)sc2[nH]1,aryne_6090,O=c1c#cc2cnc(=O)sc2[nH]1
6090,arene_5541,O=c1ccn2cnc(=O)[nH]c2n1,aryne_6091,O=c1c#cn2cnc(=O)[nH]c2n1
6091,arene_5542,O=c1[nH]c(=O)c2c(=O)sccc2s1,aryne_6092,O=c1[nH]c(=O)c2c(=O)sc#cc2s1
6092,arene_5543,c1csn2nnscc-2s1,aryne_6093,c1sc2csnnn-2sc#1
6093,arene_5545,O=c1ccc2nnncc2o1,aryne_6094,O=c1c#cc2nnncc2o1
6094,arene_5546,O=c1[nH]c(=O)c2occc2s1,aryne_6095,O=c1[nH]c(=O)c2oc#cc2s1
6095,arene_5547,O=c1ccn2ncoc(=O)c2c1,aryne_6096,O=c1c#cn2ncoc(=O)c2c1
6096,arene_5549,O=c1cc2ccnnc2no1,aryne_6097,O=c1cc2c#cnnc2no1
6097,arene_5550,O=c1cnn2[nH]ccc2n1,aryne_6098,O=c1cnn2[nH]c#cc2n1
6098,arene_5551,O=c1sc(=O)n2c(=O)cc[nH]n12,aryne_6099,O=c1sc(=O)n2c(=O)c#c[nH]n12
6099,arene_5552,O=c1sc(=O)n2ccocc1-2,aryne_6100,O=c1sc(=O)n2c#cocc1-2
6100,arene_5553,O=c1on2occon2c(=O)s1,aryne_6101,O=c1on2oc#con2c(=O)s1
6101,arene_5554,O=c1[nH]nc2cnccn2c1=O,aryne_6102,O=c1[nH]nc2cnc#cn2c1=O
6102,arene_5555,O=c1ccc2cnnn2o1,aryne_6103,O=c1c#cc2cnnn2o1
6103,arene_5556,O=c1oc(=O)n2cc[nH]n2c1=O,aryne_6104,O=c1oc(=O)n2c#c[nH]n2c1=O
6104,arene_5557,O=c1ccsc2conc12,aryne_6105,O=c1c#csc2conc12
6105,arene_5558,O=c1cnc2[nH]ccoc=2c1=O,aryne_6106,O=c1cnc2[nH]c#coc=2c1=O
6106,arene_5559,O=c1nnn2ccnnn2c1=O,aryne_6107,O=c1nnn2c#cnnn2c1=O
6107,arene_5560,O=c1cnon2[nH]ccon12,aryne_6108,O=c1cnon2[nH]c#con12
6108,arene_5561,O=c1ccc2c(=O)sncc2[nH]1,aryne_6109,O=c1c#cc2c(=O)sncc2[nH]1
6109,arene_5562,O=c1ccc(=O)c2c(=O)ccc(=O)c1=2,aryne_6110,O=c1c#cc(=O)c2c(=O)ccc(=O)c1=2
6110,arene_5563,O=c1[nH]c(=O)c2cccc(=O)n2[nH]1,aryne_6111,O=c1[nH]c(=O)c2cc#cc(=O)n2[nH]1
6111,arene_5564,O=c1ccc2nocnn1-2,aryne_6112,O=c1c#cc2nocnn1-2
6112,arene_5565,O=c1ccc2csc(=O)c(=O)n2[nH]1,aryne_6113,O=c1c#cc2csc(=O)c(=O)n2[nH]1
6113,arene_5566,O=c1ccc2scnc2s1,aryne_6114,O=c1c#cc2scnc2s1
6114,arene_5567,O=c1oc(=O)n2ccsn2c1=O,aryne_6115,O=c1oc(=O)n2c#csn2c1=O
6115,arene_5568,O=c1occc2nccn12,aryne_6116,O=c1oc#cc2nccn12
6116,arene_5568,O=c1occc2nccn12,aryne_6117,O=c1occc2nc#cn12
6117,arene_5569,O=c1[nH]n2[nH]ccc(=O)n2c1=O,aryne_6118,O=c1[nH]n2[nH]c#cc(=O)n2c1=O
6118,arene_5570,O=c1ccc2nocnn-2c1=O,aryne_6119,O=c1c#cc2nocnn-2c1=O
6119,arene_5571,O=c1ccn2c(=O)c(=O)oc(=O)n2[nH]1,aryne_6120,O=c1c#cn2c(=O)c(=O)oc(=O)n2[nH]1
6120,arene_5572,c1ccn2ncnc2c1,aryne_6121,c1ccn2ncnc2c#1
6121,arene_5572,c1ccn2ncnc2c1,aryne_6122,c1ccc2ncnn2c#1
6122,arene_5574,O=c1[nH]ncn2sccsn12,aryne_6123,O=c1[nH]ncn2sc#csn12
6123,arene_5575,O=c1ncc(=O)n2c(=O)occn12,aryne_6124,O=c1ncc(=O)n2c(=O)oc#cn12
6124,arene_5576,O=c1cc2ccccc2ns1,aryne_6125,O=c1cc2c#cccc2ns1
6125,arene_5576,O=c1cc2ccccc2ns1,aryne_6126,O=c1cc2ccc#cc2ns1
6126,arene_5577,O=c1cc[nH]n2scc[nH]n12,aryne_6127,O=c1c#c[nH]n2scc[nH]n12
6127,arene_5577,O=c1cc[nH]n2scc[nH]n12,aryne_6128,O=c1cc[nH]n2sc#c[nH]n12
6128,arene_5578,O=c1ccn2c(=O)c(=O)occ2[nH]1,aryne_6129,O=c1c#cn2c(=O)c(=O)occ2[nH]1
6129,arene_5579,O=c1ccc(=O)n2c(=O)cc[nH]n12,aryne_6130,O=c1c#cc(=O)n2c(=O)cc[nH]n12
6130,arene_5579,O=c1ccc(=O)n2c(=O)cc[nH]n12,aryne_6131,O=c1ccc(=O)n2c(=O)c#c[nH]n12
6131,arene_5580,c1con2cc[nH]n2[nH]1,aryne_6132,c1[nH]n2[nH]ccn2oc#1
6132,arene_5580,c1con2cc[nH]n2[nH]1,aryne_6133,c1[nH]n2[nH]ccon2c#1
6133,arene_5581,O=c1ncc2nnccc2[nH]1,aryne_6134,O=c1ncc2nnc#cc2[nH]1
6134,arene_5583,O=c1nc2ccncc2ns1,aryne_6135,O=c1nc2c#cncc2ns1
6135,arene_5585,c1nsn2occn2[nH]1,aryne_6136,c1on2snc[nH]n2c#1
6136,arene_5586,O=c1[nH]c(=O)c2ccc(=O)sc2o1,aryne_6137,O=c1[nH]c(=O)c2c#cc(=O)sc2o1
6137,arene_5587,O=c1snc2ccoc(=O)n2c1=O,aryne_6138,O=c1snc2c#coc(=O)n2c1=O
6138,arene_5588,O=c1ccc2csnnn-2c1=O,aryne_6139,O=c1c#cc2csnnn-2c1=O
6139,arene_5589,O=c1ccoc2nnnn12,aryne_6140,O=c1c#coc2nnnn12
6140,arene_5590,O=c1ncsn2occsn12,aryne_6141,O=c1ncsn2oc#csn12
6141,arene_5591,O=c1ccnc2[nH]ncc(=O)n12,aryne_6142,O=c1c#cnc2[nH]ncc(=O)n12
6142,arene_5592,c1cn2[nH]cc[nH]c-2n[nH]1,aryne_6143,c1[nH]nc2[nH]cc[nH]n-2c#1
6143,arene_5592,c1cn2[nH]cc[nH]c-2n[nH]1,aryne_6144,c1[nH]c2n[nH]ccn-2[nH]c#1
6144,arene_5593,O=c1[nH]c(=O)n2sccon2o1,aryne_6145,O=c1[nH]c(=O)n2sc#con2o1
6145,arene_5594,O=c1nnccs1,aryne_6146,O=c1nnc#cs1
6146,arene_5595,c1cc2ncsc2[nH]1,aryne_6147,c1[nH]c2scnc2c#1
6147,arene_5596,O=c1nnn2[nH]ccc(=O)n2c1=O,aryne_6148,O=c1nnn2[nH]c#cc(=O)n2c1=O
6148,arene_5597,O=c1on2sccon2c(=O)s1,aryne_6149,O=c1on2sc#con2c(=O)s1
6149,arene_5598,O=c1nc2occsc-2n1,aryne_6150,O=c1nc2oc#csc-2n1
6150,arene_5599,O=c1c(=O)c2nccc(=O)n2c1=O,aryne_6151,O=c1c(=O)c2nc#cc(=O)n2c1=O
6151,arene_5600,O=c1ccc2nccn2o1,aryne_6152,O=c1c#cc2nccn2o1
6152,arene_5600,O=c1ccc2nccn2o1,aryne_6153,O=c1ccc2nc#cn2o1
6153,arene_5601,O=c1ccc2oc(=O)c(=O)oc2o1,aryne_6154,O=c1c#cc2oc(=O)c(=O)oc2o1
6154,arene_5602,O=c1ccc(=O)n2nc[nH]nc1-2,aryne_6155,O=c1c#cc(=O)n2nc[nH]nc1-2
6155,arene_5603,O=c1c(=O)c2sccc(=O)c2c1=O,aryne_6156,O=c1c(=O)c2sc#cc(=O)c2c1=O
6156,arene_5604,O=c1cccc2[nH]ncn12,aryne_6157,O=c1c#ccc2[nH]ncn12
6157,arene_5605,O=c1ccsc2cc[nH]c12,aryne_6158,O=c1c#csc2cc[nH]c12
6158,arene_5605,O=c1ccsc2cc[nH]c12,aryne_6159,O=c1ccsc2c#c[nH]c12
6159,arene_5606,O=c1ncn2[nH]ccc(=O)c2n1,aryne_6160,O=c1ncn2[nH]c#cc(=O)c2n1
6160,arene_5607,O=c1onnn2c(=O)ccn12,aryne_6161,O=c1onnn2c(=O)c#cn12
6161,arene_5608,c1ccc2nnccc2c1,aryne_6162,c1cc2ccnnc2cc#1
6162,arene_5608,c1ccc2nnccc2c1,aryne_6163,c1ccc2nnccc2c#1
6163,arene_5608,c1ccc2nnccc2c1,aryne_6164,c1ccc2ccnnc2c#1
6164,arene_5608,c1ccc2nnccc2c1,aryne_6165,c1nnc2ccccc2c#1
6165,arene_5609,O=c1ccc2c(=O)oncc2s1,aryne_6166,O=c1c#cc2c(=O)oncc2s1
6166,arene_5610,O=c1nncc2cc[nH]c(=O)n12,aryne_6167,O=c1nncc2c#c[nH]c(=O)n12
6167,arene_5611,O=c1cc2ccnnn2c(=O)[nH]1,aryne_6168,O=c1cc2c#cnnn2c(=O)[nH]1
6168,arene_5612,c1nn2sccsc-2n[nH]1,aryne_6169,c1sc2n[nH]cnn-2sc#1
6169,arene_5613,O=c1ccn2scn[nH]n2s1,aryne_6170,O=c1c#cn2scn[nH]n2s1
6170,arene_5614,O=c1on2occon2oc1=O,aryne_6171,O=c1on2oc#con2oc1=O
6171,arene_5615,O=c1occc2nonc12,aryne_6172,O=c1oc#cc2nonc12
6172,arene_5616,O=c1nc[nH]c2ccsc12,aryne_6173,O=c1nc[nH]c2c#csc12
6173,arene_5617,c1cc2ncoc2nn1,aryne_6174,c1nnc2ocnc2c#1
6174,arene_5618,O=c1ccc2n[nH]ncn-2c1=O,aryne_6175,O=c1c#cc2n[nH]ncn-2c1=O
6175,arene_5619,c1cc2nnoc2nn1,aryne_6176,c1nnc2onnc2c#1
6176,arene_5620,O=c1ccn2c(=O)c(=O)c(=O)[nH]n2[nH]1,aryne_6177,O=c1c#cn2c(=O)c(=O)c(=O)[nH]n2[nH]1
6177,arene_5621,O=c1c(=O)c(=O)n2ccnc2c1=O,aryne_6178,O=c1c(=O)c(=O)n2c#cnc2c1=O
6178,arene_5622,O=c1[nH]c(=O)c2nnccc2[nH]1,aryne_6179,O=c1[nH]c(=O)c2nnc#cc2[nH]1
6179,arene_5623,O=c1sc(=O)n2c(=O)occn12,aryne_6180,O=c1sc(=O)n2c(=O)oc#cn12
6180,arene_5624,O=c1cc2ccsc(=O)c2cs1,aryne_6181,O=c1cc2c#csc(=O)c2cs1
6181,arene_5625,O=c1[nH]c2occ[nH]c=2c1=O,aryne_6182,O=c1[nH]c2oc#c[nH]c=2c1=O
6182,arene_5626,O=c1[nH]n2sccon2c(=O)o1,aryne_6183,O=c1[nH]n2sc#con2c(=O)o1
6183,arene_5627,c1csn2cnsn2[nH]1,aryne_6184,c1[nH]n2sncn2sc#1
6184,arene_5628,O=c1cn[nH]c2ccoc(=O)c12,aryne_6185,O=c1cn[nH]c2c#coc(=O)c12
6185,arene_5629,O=c1ccc2[nH]cc[nH]c1=2,aryne_6186,O=c1c#cc2[nH]cc[nH]c1=2
6186,arene_5629,O=c1ccc2[nH]cc[nH]c1=2,aryne_6187,O=c1ccc2[nH]c#c[nH]c1=2
6187,arene_5630,O=c1ccn2cc[nH]c(=O)c2n1,aryne_6188,O=c1c#cn2cc[nH]c(=O)c2n1
6188,arene_5630,O=c1ccn2cc[nH]c(=O)c2n1,aryne_6189,O=c1ccn2c#c[nH]c(=O)c2n1
6189,arene_5631,O=c1ccc2ocnc(=O)c2[nH]1,aryne_6190,O=c1c#cc2ocnc(=O)c2[nH]1
6190,arene_5632,O=c1ccsc2c(=O)scnc12,aryne_6191,O=c1c#csc2c(=O)scnc12
6191,arene_5633,O=c1ncc2ccoc(=O)c2o1,aryne_6192,O=c1ncc2c#coc(=O)c2o1
6192,arene_5634,O=c1[nH]c(=O)c(=O)c2[nH]cc[nH]c1=2,aryne_6193,O=c1[nH]c(=O)c(=O)c2[nH]c#c[nH]c1=2
6193,arene_5635,O=c1ncnc2cc[nH]c(=O)n12,aryne_6194,O=c1ncnc2c#c[nH]c(=O)n12
6194,arene_5636,O=c1snc2c(=O)[nH]ccn2c1=O,aryne_6195,O=c1snc2c(=O)[nH]c#cn2c1=O
6195,arene_5637,O=c1oc2cccc(=O)n2c(=O)s1,aryne_6196,O=c1oc2cc#cc(=O)n2c(=O)s1
6196,arene_5638,O=c1sc(=O)c2ccnnc2s1,aryne_6197,O=c1sc(=O)c2c#cnnc2s1
6197,arene_5639,O=c1ccn2oncc(=O)n2c1=O,aryne_6198,O=c1c#cn2oncc(=O)n2c1=O
6198,arene_5640,O=c1ccn2c(=O)c(=O)c(=O)nc-2c1=O,aryne_6199,O=c1c#cn2c(=O)c(=O)c(=O)nc-2c1=O
6199,arene_5641,O=c1scnn2ccnc12,aryne_6200,O=c1scnn2c#cnc12
6200,arene_5642,O=c1ccsn2ccnc12,aryne_6201,O=c1c#csn2ccnc12
6201,arene_5642,O=c1ccsn2ccnc12,aryne_6202,O=c1ccsn2c#cnc12
6202,arene_5643,O=c1oc(=O)c2occc2s1,aryne_6203,O=c1oc(=O)c2oc#cc2s1
6203,arene_5644,O=c1sccn2occsn12,aryne_6204,O=c1sc#cn2occsn12
6204,arene_5644,O=c1sccn2occsn12,aryne_6205,O=c1sccn2oc#csn12
6205,arene_5645,O=c1[nH]ncn2scc[nH]n12,aryne_6206,O=c1[nH]ncn2sc#c[nH]n12
6206,arene_5646,c1cc2cc[nH]c2nn1,aryne_6207,c1nnc2[nH]ccc2c#1
6207,arene_5646,c1cc2cc[nH]c2nn1,aryne_6208,c1[nH]c2nnccc2c#1
6208,arene_5647,O=c1cnc2sccc2[nH]1,aryne_6209,O=c1cnc2sc#cc2[nH]1
6209,arene_5648,O=c1ccoc2sncc12,aryne_6210,O=c1c#coc2sncc12
6210,arene_5649,O=c1nc2ccoc2co1,aryne_6211,O=c1nc2c#coc2co1
6211,arene_5650,O=c1cn[nH]n2sccsn12,aryne_6212,O=c1cn[nH]n2sc#csn12
6212,arene_5651,O=c1ncnc2cccnn12,aryne_6213,O=c1ncnc2c#ccnn12
6213,arene_5652,O=c1nnn2nnccc2n1,aryne_6214,O=c1nnn2nnc#cc2n1
6214,arene_5653,O=c1scnc2cnccc12,aryne_6215,O=c1scnc2cnc#cc12
6215,arene_5654,O=c1sc(=O)c2nnccc2s1,aryne_6216,O=c1sc(=O)c2nnc#cc2s1
6216,arene_5655,c1cn2[nH]cnoc-2c[nH]1,aryne_6217,c1[nH]cc2onc[nH]n-2c#1
6217,arene_5656,O=c1sccn2oncon12,aryne_6218,O=c1sc#cn2oncon12
6218,arene_5657,O=c1ccn2nnc(=O)sc2c1,aryne_6219,O=c1c#cn2nnc(=O)sc2c1
6219,arene_5658,O=c1onc2c(=O)ccsn2c1=O,aryne_6220,O=c1onc2c(=O)c#csn2c1=O
6220,arene_5659,O=c1ccc2sc(=O)oc(=O)c2o1,aryne_6221,O=c1c#cc2sc(=O)oc(=O)c2o1
6221,arene_5661,O=c1ccc2nnnc(=O)n2s1,aryne_6222,O=c1c#cc2nnnc(=O)n2s1
6222,arene_5662,c1c[nH]c2[nH]cc[nH]c=2[nH]1,aryne_6223,c1[nH]c2[nH]cc[nH]c=2[nH]c#1
6223,arene_5663,O=c1nnc(=O)n2cconc1-2,aryne_6224,O=c1nnc(=O)n2c#conc1-2
6224,arene_5664,O=c1scnc2ccncc12,aryne_6225,O=c1scnc2c#cncc12
6225,arene_5665,O=c1oc(=O)n2ncccn2c1=O,aryne_6226,O=c1oc(=O)n2ncc#cn2c1=O
6226,arene_5666,O=c1ccn2cn[nH]nc-2c1=O,aryne_6227,O=c1c#cn2cn[nH]nc-2c1=O
6227,arene_5667,O=c1sn2sccsn2s1,aryne_6228,O=c1sn2sc#csn2s1
6228,arene_5668,O=c1ccn2c(=O)c(=O)[nH]c(=O)n2[nH]1,aryne_6229,O=c1c#cn2c(=O)c(=O)[nH]c(=O)n2[nH]1
6229,arene_5669,O=c1ccoc2ncnnc12,aryne_6230,O=c1c#coc2ncnnc12
6230,arene_5670,O=c1ccc2nnnnc2[nH]1,aryne_6231,O=c1c#cc2nnnnc2[nH]1
6231,arene_5671,O=c1[nH]n2ccc(=O)c(=O)n2[nH]1,aryne_6232,O=c1[nH]n2c#cc(=O)c(=O)n2[nH]1
6232,arene_5672,O=c1[nH]c(=O)n2c(=O)c(=O)ccn2o1,aryne_6233,O=c1[nH]c(=O)n2c(=O)c(=O)c#cn2o1
6233,arene_5673,O=c1[nH]c2cc[nH]c2sc1=O,aryne_6234,O=c1[nH]c2c#c[nH]c2sc1=O
6234,arene_5674,O=c1nnn2sccsn2[nH]1,aryne_6235,O=c1nnn2sc#csn2[nH]1
6235,arene_5675,O=c1[nH]c(=O)n2ccsnc1-2,aryne_6236,O=c1[nH]c(=O)n2c#csnc1-2
6236,arene_5676,O=c1cnn2cc[nH]c2c1,aryne_6237,O=c1cnn2c#c[nH]c2c1
6237,arene_5677,O=c1ccn2c(=O)sc(=O)sc2n1,aryne_6238,O=c1c#cn2c(=O)sc(=O)sc2n1
6238,arene_5678,c1cc2cnccc2cn1,aryne_6239,c1ncc2ccncc2c#1
6239,arene_5679,O=c1nnn2ccscc-2c1=O,aryne_6240,O=c1nnn2c#cscc-2c1=O
6240,arene_5680,O=c1cnn2ccsc2c1,aryne_6241,O=c1cnn2c#csc2c1
6241,arene_5681,c1csc2[nH]cn[nH]c=2[nH]1,aryne_6242,c1[nH]c2[nH]nc[nH]c=2sc#1
6242,arene_5682,O=c1ccn2ncoc2c1,aryne_6243,O=c1c#cn2ncoc2c1
6243,arene_5683,O=c1ncn2occsn2[nH]1,aryne_6244,O=c1ncn2oc#csn2[nH]1
6244,arene_5684,O=c1ccon2ocn[nH]n12,aryne_6245,O=c1c#con2ocn[nH]n12
6245,arene_5685,O=c1oc(=O)c2ccsc(=O)c2o1,aryne_6246,O=c1oc(=O)c2c#csc(=O)c2o1
6246,arene_5686,c1n[nH]c2noccn-2[nH]1,aryne_6247,c1onc2[nH]nc[nH]n-2c#1
6247,arene_5687,O=c1nnn2occ[nH]n2s1,aryne_6248,O=c1nnn2oc#c[nH]n2s1
6248,arene_5688,O=c1nnc2occsc1=2,aryne_6249,O=c1nnc2oc#csc1=2
6249,arene_5689,O=c1oc(=O)c2ccnnc2o1,aryne_6250,O=c1oc(=O)c2c#cnnc2o1
6250,arene_5690,O=c1cnn2ccc(=O)n2s1,aryne_6251,O=c1cnn2c#cc(=O)n2s1
6251,arene_5691,O=c1ccn2occsn2[nH]1,aryne_6252,O=c1c#cn2occsn2[nH]1
6252,arene_5691,O=c1ccn2occsn2[nH]1,aryne_6253,O=c1ccn2oc#csn2[nH]1
6253,arene_5692,O=c1cncc[nH]1,aryne_6254,O=c1cnc#c[nH]1
6254,arene_5693,O=c1onc2cc[nH]n2c1=O,aryne_6255,O=c1onc2c#c[nH]n2c1=O
6255,arene_5694,O=c1[nH]n2ccsn2c(=O)c1=O,aryne_6256,O=c1[nH]n2c#csn2c(=O)c1=O
6256,arene_5695,c1con2sccn2o1,aryne_6257,c1on2ccsn2oc#1
6257,arene_5695,c1con2sccn2o1,aryne_6258,c1sn2occon2c#1
6258,arene_5696,O=c1[nH]nc2ccnnn12,aryne_6259,O=c1[nH]nc2c#cnnn12
6259,arene_5697,O=c1nc2sccn2c(=O)o1,aryne_6260,O=c1nc2sc#cn2c(=O)o1
6260,arene_5698,O=c1cccc2ncccn12,aryne_6261,O=c1c#ccc2ncccn12
6261,arene_5698,O=c1cccc2ncccn12,aryne_6262,O=c1cccc2ncc#cn12
6262,arene_5699,O=c1c(=O)c(=O)c2c(=O)ccsc2c1=O,aryne_6263,O=c1c(=O)c(=O)c2c(=O)c#csc2c1=O
6263,arene_5700,O=c1[nH]ncc2c(=O)occc12,aryne_6264,O=c1[nH]ncc2c(=O)oc#cc12
6264,arene_5701,O=c1[nH]c(=O)n2c(=O)ccc(=O)n2[nH]1,aryne_6265,O=c1[nH]c(=O)n2c(=O)c#cc(=O)n2[nH]1
6265,arene_5702,O=c1ncc2ccsc(=O)c2s1,aryne_6266,O=c1ncc2c#csc(=O)c2s1
6266,arene_5703,O=c1cc2occsc-2cc1=O,aryne_6267,O=c1cc2oc#csc-2cc1=O
6267,arene_5704,O=c1ccn2c(=O)sc(=O)c(=O)n2s1,aryne_6268,O=c1c#cn2c(=O)sc(=O)c(=O)n2s1
6268,arene_5705,O=c1cnn2occsn2s1,aryne_6269,O=c1cnn2oc#csn2s1
6269,arene_5706,O=c1nnc2cc[nH]c(=O)c2o1,aryne_6270,O=c1nnc2c#c[nH]c(=O)c2o1
6270,arene_5707,O=c1[nH]c(=O)n2[nH]ccc(=O)n2c1=O,aryne_6271,O=c1[nH]c(=O)n2[nH]c#cc(=O)n2c1=O
6271,arene_5708,c1cnn2[nH]nnsn2c1,aryne_6272,c1cnn2[nH]nnsn2c#1
6272,arene_5709,O=c1onc2ccsc(=O)n12,aryne_6273,O=c1onc2c#csc(=O)n12
6273,arene_5710,O=c1ccsn2nnnc12,aryne_6274,O=c1c#csn2nnnc12
6274,arene_5711,c1csc2csccn-2[nH]1,aryne_6275,c1[nH]n2ccscc-2sc#1
6275,arene_5711,c1csc2csccn-2[nH]1,aryne_6276,c1scc2scc[nH]n-2c#1
6276,arene_5712,O=c1ccc2[nH]nnsc=2c1=O,aryne_6277,O=c1c#cc2[nH]nnsc=2c1=O
6277,arene_5713,O=c1ocnn2[nH]cc[nH]n12,aryne_6278,O=c1ocnn2[nH]c#c[nH]n12
6278,arene_5714,O=c1oc(=O)c2occ[nH]c1=2,aryne_6279,O=c1oc(=O)c2oc#c[nH]c1=2
6279,arene_5715,O=c1nc2sccc(=O)c2no1,aryne_6280,O=c1nc2sc#cc(=O)c2no1
6280,arene_5716,O=c1ccc2c(=O)nnc=2c1=O,aryne_6281,O=c1c#cc2c(=O)nnc=2c1=O
6281,arene_5717,O=c1cnn2c(=O)cccc2[nH]1,aryne_6282,O=c1cnn2c(=O)c#ccc2[nH]1
6282,arene_5718,O=c1[nH]n2ccocc-2c1=O,aryne_6283,O=c1[nH]n2c#cocc-2c1=O
6283,arene_5719,O=c1sc2nsccn-2c(=O)c1=O,aryne_6284,O=c1sc2nsc#cn-2c(=O)c1=O
6284,arene_5720,O=c1ncn2c(=O)ccon2c1=O,aryne_6285,O=c1ncn2c(=O)c#con2c1=O
6285,arene_5721,O=c1ccc2[nH]cn[nH]c=2c1=O,aryne_6286,O=c1c#cc2[nH]cn[nH]c=2c1=O
6286,arene_5722,O=c1scnc2cccnc12,aryne_6287,O=c1scnc2c#ccnc12
6287,arene_5722,O=c1scnc2cccnc12,aryne_6288,O=c1scnc2cc#cnc12
6288,arene_5723,c1cnccn1,aryne_6289,c1nccnc#1
6289,arene_5724,O=c1nc2nnccn2c(=O)s1,aryne_6290,O=c1nc2nnc#cn2c(=O)s1
6290,arene_5725,c1cn2scn[nH]n2cn1,aryne_6291,c1ncn2[nH]ncsn2c#1
6291,arene_5726,O=c1cc2ccccc2no1,aryne_6292,O=c1cc2c#cccc2no1
6292,arene_5726,O=c1cc2ccccc2no1,aryne_6293,O=c1cc2ccc#cc2no1
6293,arene_5727,O=c1sccn2c(=O)scc12,aryne_6294,O=c1sc#cn2c(=O)scc12
6294,arene_5728,O=c1ccc(=O)c2nc(=O)c(=O)cc1-2,aryne_6295,O=c1c#cc(=O)c2nc(=O)c(=O)cc1-2
6295,arene_5729,O=c1cnc2sccc(=O)c2s1,aryne_6296,O=c1cnc2sc#cc(=O)c2s1
6296,arene_5730,O=c1occn2[nH]nnon12,aryne_6297,O=c1oc#cn2[nH]nnon12
6297,arene_5731,O=c1[nH]c2c(=O)ccsc2c(=O)o1,aryne_6298,O=c1[nH]c2c(=O)c#csc2c(=O)o1
6298,arene_5732,O=c1nc2ccsn2c(=O)s1,aryne_6299,O=c1nc2c#csn2c(=O)s1
6299,arene_5733,O=c1ccc2[nH]c(=O)[nH]c2[nH]1,aryne_6300,O=c1c#cc2[nH]c(=O)[nH]c2[nH]1
6300,arene_5734,O=c1c(=O)c2[nH]ccc(=O)c2c1=O,aryne_6301,O=c1c(=O)c2[nH]c#cc(=O)c2c1=O
6301,arene_5735,O=c1nn[nH]n2occon12,aryne_6302,O=c1nn[nH]n2oc#con12
6302,arene_5736,O=c1on2cc[nH]nc-2c(=O)c1=O,aryne_6303,O=c1on2c#c[nH]nc-2c(=O)c1=O
6303,arene_5737,O=c1ccc2oncc2o1,aryne_6304,O=c1c#cc2oncc2o1
6304,arene_5738,O=c1[nH]c(=O)n2occsn2s1,aryne_6305,O=c1[nH]c(=O)n2oc#csn2s1
6305,arene_5739,O=c1ccc2noc(=O)nc2[nH]1,aryne_6306,O=c1c#cc2noc(=O)nc2[nH]1
6306,arene_5740,O=c1oc(=O)n2sccsn2o1,aryne_6307,O=c1oc(=O)n2sc#csn2o1
6307,arene_5741,O=c1nnoc2nccn12,aryne_6308,O=c1nnoc2nc#cn12
6308,arene_5742,O=c1sccc2snnc12,aryne_6309,O=c1sc#cc2snnc12
6309,arene_5743,O=c1[nH]ncn2[nH]cc[nH]n12,aryne_6310,O=c1[nH]ncn2[nH]c#c[nH]n12
6310,arene_5744,O=c1ccc2[nH]c(=O)sc2o1,aryne_6311,O=c1c#cc2[nH]c(=O)sc2o1
6311,arene_5745,O=c1nc2cc[nH]c(=O)n2c(=O)s1,aryne_6312,O=c1nc2c#c[nH]c(=O)n2c(=O)s1
6312,arene_5746,c1c[nH]nn1,aryne_6313,c1nn[nH]c#1
6313,arene_5747,O=c1[nH]ccn2[nH]ccsn12,aryne_6314,O=c1[nH]c#cn2[nH]ccsn12
6314,arene_5747,O=c1[nH]ccn2[nH]ccsn12,aryne_6315,O=c1[nH]ccn2[nH]c#csn12
6315,arene_5749,O=c1[nH]c2occc(=O)c2oc1=O,aryne_6316,O=c1[nH]c2oc#cc(=O)c2oc1=O
6316,arene_5750,O=c1ccc(=O)n2nnocc1-2,aryne_6317,O=c1c#cc(=O)n2nnocc1-2
6317,arene_5751,O=c1nnc2c(=O)ccoc2o1,aryne_6318,O=c1nnc2c(=O)c#coc2o1
6318,arene_5752,O=c1oc(=O)c(=O)c2[nH]cc[nH]c1=2,aryne_6319,O=c1oc(=O)c(=O)c2[nH]c#c[nH]c1=2
6319,arene_5754,O=c1ccn2onnc(=O)c2c1,aryne_6320,O=c1c#cn2onnc(=O)c2c1
6320,arene_5755,O=c1[nH]cnn2[nH]ccsn12,aryne_6321,O=c1[nH]cnn2[nH]c#csn12
6321,arene_5756,O=c1ccn2cn[nH]n12,aryne_6322,O=c1c#cn2cn[nH]n12
6322,arene_5757,c1cn2scnsn2o1,aryne_6323,c1on2sncsn2c#1
6323,arene_5758,O=c1ccsc2coc(=O)n12,aryne_6324,O=c1c#csc2coc(=O)n12
6324,arene_5759,O=c1oc(=O)c2cc[nH]c(=O)c2s1,aryne_6325,O=c1oc(=O)c2c#c[nH]c(=O)c2s1
6325,arene_5760,O=c1ccsc2csnc12,aryne_6326,O=c1c#csc2csnc12
6326,arene_5761,c1c[nH]n2nnnnn2[nH]1,aryne_6327,c1[nH]n2nnnnn2[nH]c#1
6327,arene_5762,O=c1ccn2[nH]ncc(=O)c2c1,aryne_6328,O=c1c#cn2[nH]ncc(=O)c2c1
6328,arene_5763,O=c1ccc(=O)n2scnn12,aryne_6329,O=c1c#cc(=O)n2scnn12
6329,arene_5764,O=c1cnn2c(=O)cc[nH]c2c1,aryne_6330,O=c1cnn2c(=O)c#c[nH]c2c1
6330,arene_5765,O=c1cn[nH]c2c(=O)occc12,aryne_6331,O=c1cn[nH]c2c(=O)oc#cc12
6331,arene_5766,O=c1oc2ccoc2c(=O)s1,aryne_6332,O=c1oc2c#coc2c(=O)s1
6332,arene_5767,O=c1oc2sccsc=2c(=O)c1=O,aryne_6333,O=c1oc2sc#csc=2c(=O)c1=O
6333,arene_5768,O=c1sc2cccnc2sc1=O,aryne_6334,O=c1sc2c#ccnc2sc1=O
6334,arene_5768,O=c1sc2cccnc2sc1=O,aryne_6335,O=c1sc2cc#cnc2sc1=O
6335,arene_5769,O=c1oc(=O)n2ccnc2o1,aryne_6336,O=c1oc(=O)n2c#cnc2o1
6336,arene_5770,O=c1[nH]cc2c(=O)ccon2c1=O,aryne_6337,O=c1[nH]cc2c(=O)c#con2c1=O
6337,arene_5771,c1cn2ocnoc-2c[nH]1,aryne_6338,c1[nH]cc2oncon-2c#1
6338,arene_5772,O=c1ccoc2c(=O)ccoc12,aryne_6339,O=c1c#coc2c(=O)ccoc12
6339,arene_5773,O=c1oncn2[nH]cc[nH]n12,aryne_6340,O=c1oncn2[nH]c#c[nH]n12
6340,arene_5774,c1n[nH]n2ccsnc-2[nH]1,aryne_6341,c1snc2[nH]cn[nH]n-2c#1
6341,arene_5775,O=c1[nH]ccn2ocnsn12,aryne_6342,O=c1[nH]c#cn2ocnsn12
6342,arene_5776,O=c1nnc(=O)c2sccsc1=2,aryne_6343,O=c1nnc(=O)c2sc#csc1=2
6343,arene_5777,c1cc2nnoc2[nH]1,aryne_6344,c1[nH]c2onnc2c#1
6344,arene_5778,O=c1nnsn2sccsn12,aryne_6345,O=c1nnsn2sc#csn12
6345,arene_5779,O=c1ccc2c(=O)oc(=O)sc2o1,aryne_6346,O=c1c#cc2c(=O)oc(=O)sc2o1
6346,arene_5780,O=c1oc2noccn-2c1=O,aryne_6347,O=c1oc2noc#cn-2c1=O
6347,arene_5781,O=c1snc2[nH]ccn12,aryne_6348,O=c1snc2[nH]c#cn12
6348,arene_5782,O=c1ncn2c(=O)cccc2o1,aryne_6349,O=c1ncn2c(=O)c#ccc2o1
6349,arene_5783,c1cn2[nH]nnoc-2co1,aryne_6350,c1occ2onn[nH]n-2c#1
6350,arene_5784,O=c1sccc2nscc12,aryne_6351,O=c1sc#cc2nscc12
6351,arene_5785,O=c1ccnc2[nH]nnn12,aryne_6352,O=c1c#cnc2[nH]nnn12
6352,arene_5786,O=c1sncc2cccn12,aryne_6353,O=c1sncc2cc#cn12
6353,arene_5787,O=c1ccc2c(=O)c(=O)c(=O)c(=O)c2s1,aryne_6354,O=c1c#cc2c(=O)c(=O)c(=O)c(=O)c2s1
6354,arene_5788,O=c1cc2ccncn2c(=O)o1,aryne_6355,O=c1cc2c#cncn2c(=O)o1
6355,arene_5789,O=c1[nH]c2ccccc2o1,aryne_6356,O=c1[nH]c2c#cccc2o1
6356,arene_5789,O=c1[nH]c2ccccc2o1,aryne_6357,O=c1[nH]c2cc#ccc2o1
6357,arene_5789,O=c1[nH]c2ccccc2o1,aryne_6358,O=c1[nH]c2ccc#cc2o1
6358,arene_5790,O=c1ccc2ncoc2[nH]1,aryne_6359,O=c1c#cc2ncoc2[nH]1
6359,arene_5791,O=c1occc2c[nH]nc12,aryne_6360,O=c1oc#cc2c[nH]nc12
6360,arene_5792,c1cn2scn[nH]c-2c[nH]1,aryne_6361,c1[nH]cc2[nH]ncsn-2c#1
6361,arene_5793,O=c1oc(=O)c2cccc(=O)n2o1,aryne_6362,O=c1oc(=O)c2cc#cc(=O)n2o1
6362,arene_5794,c1conn1,aryne_6363,c1nnoc#1
6363,arene_5795,O=c1nc2c(=O)occn2c(=O)s1,aryne_6364,O=c1nc2c(=O)oc#cn2c(=O)s1
6364,arene_5796,O=c1ccnc2cnsn12,aryne_6365,O=c1c#cnc2cnsn12
6365,arene_5797,O=c1cc2sccn2cn1,aryne_6366,O=c1cc2sc#cn2cn1
6366,arene_5798,c1csc2sccoc=2o1,aryne_6367,c1oc2occsc=2sc#1
6367,arene_5799,O=c1[nH]ccc2c(=O)occc12,aryne_6368,O=c1occc2c(=O)[nH]c#cc12
6368,arene_5799,O=c1[nH]ccc2c(=O)occc12,aryne_6369,O=c1[nH]ccc2c(=O)oc#cc12
6369,arene_5800,c1nsc2sccsc=2[nH]1,aryne_6370,c1sc2[nH]cnsc=2sc#1
6370,arene_5801,O=c1ncsn2scc[nH]n12,aryne_6371,O=c1ncsn2sc#c[nH]n12
6371,arene_5802,c1noc2sccsc=2o1,aryne_6372,c1sc2ocnoc=2sc#1
6372,arene_5803,O=c1occc2nn[nH]c12,aryne_6373,O=c1oc#cc2nn[nH]c12
6373,arene_5804,O=c1onc2[nH]ccn2c1=O,aryne_6374,O=c1onc2[nH]c#cn2c1=O
6374,arene_5805,O=c1cc2ccsc2no1,aryne_6375,O=c1cc2c#csc2no1
6375,arene_5806,O=c1ccsn2[nH]nnon12,aryne_6376,O=c1c#csn2[nH]nnon12
6376,arene_5807,O=c1[nH]c(=O)c2ccoc(=O)c2o1,aryne_6377,O=c1[nH]c(=O)c2c#coc(=O)c2o1
6377,arene_5808,O=c1ncsc2nnccc12,aryne_6378,O=c1ncsc2nnc#cc12
6378,arene_5809,O=c1c(=O)c2ccnnc2c1=O,aryne_6379,O=c1c(=O)c2c#cnnc2c1=O
6379,arene_5810,O=c1ccc2[nH]c(=O)oc2[nH]1,aryne_6380,O=c1c#cc2[nH]c(=O)oc2[nH]1
6380,arene_5811,O=c1ncsc2ccsc(=O)c12,aryne_6381,O=c1ncsc2c#csc(=O)c12
6381,arene_5812,O=c1sccn2nnnc12,aryne_6382,O=c1sc#cn2nnnc12
6382,arene_5813,O=c1sccn2c(=O)nnnc12,aryne_6383,O=c1sc#cn2c(=O)nnnc12
6383,arene_5814,O=c1[nH]nc2cccnn2c1=O,aryne_6384,O=c1[nH]nc2c#ccnn2c1=O
6384,arene_5815,O=c1cnnc2[nH]ccn12,aryne_6385,O=c1cnnc2[nH]c#cn12
6385,arene_5816,c1nn2occoc-2no1,aryne_6386,c1oc2nocnn-2oc#1
6386,arene_5817,O=c1ccc2nonnn1-2,aryne_6387,O=c1c#cc2nonnn1-2
6387,arene_5818,O=c1ccn2ocnon2[nH]1,aryne_6388,O=c1c#cn2ocnon2[nH]1
6388,arene_5819,O=c1cc2ccc(=O)sc2n[nH]1,aryne_6389,O=c1cc2c#cc(=O)sc2n[nH]1
6389,arene_5820,O=c1nn[nH]c2cccnc12,aryne_6390,O=c1nn[nH]c2c#ccnc12
6390,arene_5820,O=c1nn[nH]c2cccnc12,aryne_6391,O=c1nn[nH]c2cc#cnc12
6391,arene_5821,O=c1nnc(=O)n2ccocc1-2,aryne_6392,O=c1nnc(=O)n2c#cocc1-2
6392,arene_5822,O=c1cnnc2ccncn12,aryne_6393,O=c1cnnc2c#cncn12
6393,arene_5823,O=c1ccc2nc[nH]c(=O)c2[nH]1,aryne_6394,O=c1c#cc2nc[nH]c(=O)c2[nH]1
6394,arene_5824,O=c1scnc2nccnc12,aryne_6395,O=c1scnc2nc#cnc12
6395,arene_5825,O=c1cncc2ccsc(=O)n12,aryne_6396,O=c1cncc2c#csc(=O)n12
6396,arene_5826,c1cn2snnon2o1,aryne_6397,c1on2onnsn2c#1
6397,arene_5827,O=c1oc2nnccc2s1,aryne_6398,O=c1oc2nnc#cc2s1
6398,arene_5828,O=c1[nH]cc2ccsc(=O)n2c1=O,aryne_6399,O=c1[nH]cc2c#csc(=O)n2c1=O
6399,arene_5829,O=c1oc(=O)c2ccc(=O)sc2o1,aryne_6400,O=c1oc(=O)c2c#cc(=O)sc2o1
6400,arene_5830,O=c1[nH]c(=O)c(=O)n2cc[nH]nc1-2,aryne_6401,O=c1[nH]c(=O)c(=O)n2c#c[nH]nc1-2
6401,arene_5831,c1ccn2onnon2c1,aryne_6402,c1ccn2onnon2c#1
6402,arene_5832,O=c1ccc2c[nH]nc2s1,aryne_6403,O=c1c#cc2c[nH]nc2s1
6403,arene_5833,O=c1ccc2[nH]ncsc=2c1=O,aryne_6404,O=c1c#cc2[nH]ncsc=2c1=O
6404,arene_5834,O=c1oc2[nH]ccsc=2c1=O,aryne_6405,O=c1oc2[nH]c#csc=2c1=O
6405,arene_5835,O=c1nnoc2c(=O)sccc12,aryne_6406,O=c1nnoc2c(=O)sc#cc12
6406,arene_5836,c1cc2ncsc2s1,aryne_6407,c1sc2scnc2c#1
6407,arene_5837,c1con2oncn2o1,aryne_6408,c1on2cnon2oc#1
6408,arene_5838,O=c1ccc2cnc(=O)c(=O)c1=2,aryne_6409,O=c1c#cc2cnc(=O)c(=O)c1=2
6409,arene_5839,O=c1nnc2scc[nH]c1=2,aryne_6410,O=c1nnc2sc#c[nH]c1=2
6410,arene_5840,O=c1ccn2c(=O)ccsn2c1=O,aryne_6411,O=c1c#cn2c(=O)ccsn2c1=O
6411,arene_5840,O=c1ccn2c(=O)ccsn2c1=O,aryne_6412,O=c1ccn2c(=O)c#csn2c1=O
6412,arene_5841,O=c1ccn2[nH]c(=O)c(=O)n2s1,aryne_6413,O=c1c#cn2[nH]c(=O)c(=O)n2s1
6413,arene_5842,O=c1snnn2sccsn12,aryne_6414,O=c1snnn2sc#csn12
6414,arene_5843,O=c1nnn2ccoc(=O)n12,aryne_6415,O=c1nnn2c#coc(=O)n12
6415,arene_5844,O=c1[nH]n2cccc2sc1=O,aryne_6416,O=c1[nH]n2c#ccc2sc1=O
6416,arene_5845,O=c1cc2occon-2c(=O)c1=O,aryne_6417,O=c1cc2oc#con-2c(=O)c1=O
6417,arene_5846,O=c1oncc2cnccc12,aryne_6418,O=c1oncc2cnc#cc12
6418,arene_5847,O=c1sc(=O)n2c(=O)ccsn12,aryne_6419,O=c1sc(=O)n2c(=O)c#csn12
6419,arene_5848,O=c1cc2cc[nH]c(=O)c2co1,aryne_6420,O=c1cc2c#c[nH]c(=O)c2co1
6420,arene_5849,O=c1ccn2occ[nH]n2o1,aryne_6421,O=c1c#cn2occ[nH]n2o1
6421,arene_5849,O=c1ccn2occ[nH]n2o1,aryne_6422,O=c1ccn2oc#c[nH]n2o1
6422,arene_5850,c1cn2sccsc-2c[nH]1,aryne_6423,c1[nH]cc2sccsn-2c#1
6423,arene_5850,c1cn2sccsc-2c[nH]1,aryne_6424,c1sc2c[nH]ccn-2sc#1
6424,arene_5852,O=c1ccc2n[nH]ccn-2c1=O,aryne_6425,O=c1c#cc2n[nH]ccn-2c1=O
6425,arene_5852,O=c1ccc2n[nH]ccn-2c1=O,aryne_6426,O=c1ccc2n[nH]c#cn-2c1=O
6426,arene_5853,c1c[nH]n2onnn2[nH]1,aryne_6427,c1[nH]n2nnon2[nH]c#1
6427,arene_5854,c1cc2ccnn2cn1,aryne_6428,c1ncn2nccc2c#1
6428,arene_5855,O=c1cccc2cc[nH]n12,aryne_6429,O=c1c#ccc2cc[nH]n12
6429,arene_5855,O=c1cccc2cc[nH]n12,aryne_6430,O=c1cccc2c#c[nH]n12
6430,arene_5856,O=c1cn[nH]c2ccnnc12,aryne_6431,O=c1cn[nH]c2c#cnnc12
6431,arene_5857,O=c1sc2scc[nH]c=2c1=O,aryne_6432,O=c1sc2sc#c[nH]c=2c1=O
6432,arene_5858,O=c1ccc2cocc2s1,aryne_6433,O=c1c#cc2cocc2s1
6433,arene_5859,O=c1[nH]ccn2[nH]cnon12,aryne_6434,O=c1[nH]c#cn2[nH]cnon12
6434,arene_5860,O=c1ccsn2ocnon12,aryne_6435,O=c1c#csn2ocnon12
6435,arene_5861,O=c1ccc2c(=O)[nH]c(=O)oc2o1,aryne_6436,O=c1c#cc2c(=O)[nH]c(=O)oc2o1
6436,arene_5862,O=c1scnc2c(=O)sccc12,aryne_6437,O=c1scnc2c(=O)sc#cc12
6437,arene_5863,O=c1ccc2c(=O)ocnc2o1,aryne_6438,O=c1c#cc2c(=O)ocnc2o1
6438,arene_5864,O=c1cnsn2c(=O)ccnc12,aryne_6439,O=c1cnsn2c(=O)c#cnc12
6439,arene_5865,O=c1sccc2c[nH]nc12,aryne_6440,O=c1sc#cc2c[nH]nc12
6440,arene_5866,O=c1ncc2cnccc2s1,aryne_6441,O=c1ncc2cnc#cc2s1
6441,arene_5867,O=c1nnc2n[nH]ccn1-2,aryne_6442,O=c1nnc2n[nH]c#cn1-2
6442,arene_5868,O=c1nc2ccccn2c(=O)o1,aryne_6443,O=c1nc2c#cccn2c(=O)o1
6443,arene_5868,O=c1nc2ccccn2c(=O)o1,aryne_6444,O=c1nc2ccc#cn2c(=O)o1
6444,arene_5869,O=c1ccc2[nH]c(=O)c(=O)c(=O)c1=2,aryne_6445,O=c1c#cc2[nH]c(=O)c(=O)c(=O)c1=2
6445,arene_5870,O=c1[nH]c2occsc=2c1=O,aryne_6446,O=c1[nH]c2oc#csc=2c1=O
6446,arene_5871,O=c1ccc2csncn1-2,aryne_6447,O=c1c#cc2csncn1-2
6447,arene_5872,O=c1nnc2ccsc2s1,aryne_6448,O=c1nnc2c#csc2s1
6448,arene_5873,O=c1nc2ccoc2ns1,aryne_6449,O=c1nc2c#coc2ns1
6449,arene_5874,O=c1on2[nH]ccn2c(=O)c1=O,aryne_6450,O=c1on2[nH]c#cn2c(=O)c1=O
6450,arene_5875,c1coc2[nH]nn[nH]c=2[nH]1,aryne_6451,c1[nH]c2[nH]nn[nH]c=2oc#1
6451,arene_5876,O=c1nc2[nH]ccn2c(=O)o1,aryne_6452,O=c1nc2[nH]c#cn2c(=O)o1
6452,arene_5877,c1cc2ncnn2cn1,aryne_6453,c1ncn2ncnc2c#1
6453,arene_5878,O=c1cc[nH]c2nc[nH]c12,aryne_6454,O=c1c#c[nH]c2nc[nH]c12
6454,arene_5879,O=c1ccoc2csnc12,aryne_6455,O=c1c#coc2csnc12
6455,arene_5880,c1cn2oncsc-2n[nH]1,aryne_6456,c1[nH]nc2scnon-2c#1
6456,arene_5881,c1cnn2ocnsn2c1,aryne_6457,c1cnn2ocnsn2c#1
6457,arene_5883,O=c1[nH]n2ccccn2c1=O,aryne_6458,O=c1[nH]n2c#cccn2c1=O
6458,arene_5883,O=c1[nH]n2ccccn2c1=O,aryne_6459,O=c1[nH]n2ccc#cn2c1=O
6459,arene_5884,O=c1[nH]c(=O)n2cnccn12,aryne_6460,O=c1[nH]c(=O)n2cnc#cn12
6460,arene_5885,O=c1sccc2ccsc(=O)c12,aryne_6461,O=c1sc#cc2ccsc(=O)c12
6461,arene_5886,c1ccc2nccnc2c1,aryne_6462,c1cc2nccnc2cc#1
6462,arene_5886,c1ccc2nccnc2c1,aryne_6463,c1ccc2nccnc2c#1
6463,arene_5886,c1ccc2nccnc2c1,aryne_6464,c1nc2ccccc2nc#1
6464,arene_5887,O=c1ccn2oncn12,aryne_6465,O=c1c#cn2oncn12
6465,arene_5888,O=c1nnc(=O)n2occn12,aryne_6466,O=c1nnc(=O)n2oc#cn12
6466,arene_5889,O=c1scnc2cc[nH]c12,aryne_6467,O=c1scnc2c#c[nH]c12
6467,arene_5890,O=c1cc[nH]c2c(=O)snnc12,aryne_6468,O=c1c#c[nH]c2c(=O)snnc12
6468,arene_5891,O=c1ccn2c(=O)ccoc2n1,aryne_6469,O=c1c#cn2c(=O)ccoc2n1
6469,arene_5891,O=c1ccn2c(=O)ccoc2n1,aryne_6470,O=c1ccn2c(=O)c#coc2n1
6470,arene_5892,O=c1ccn2[nH]c(=O)cnc2c1,aryne_6471,O=c1c#cn2[nH]c(=O)cnc2c1
6471,arene_5893,O=c1oc(=O)c2c(=O)occc2s1,aryne_6472,O=c1oc(=O)c2c(=O)oc#cc2s1
6472,arene_5894,O=c1nccc2cc[nH]c(=O)n12,aryne_6473,O=c1nccc2c#c[nH]c(=O)n12
6473,arene_5895,O=c1cnn2sccon2s1,aryne_6474,O=c1cnn2sc#con2s1
6474,arene_5896,O=c1cnc2coccn1-2,aryne_6475,O=c1cnc2coc#cn1-2
6475,arene_5897,O=c1ccn2nnoc(=O)c2n1,aryne_6476,O=c1c#cn2nnoc(=O)c2n1
6476,arene_5898,c1non2occn2o1,aryne_6477,c1on2oncon2c#1
6477,arene_5899,O=c1nnc2[nH]ccc2[nH]1,aryne_6478,O=c1nnc2[nH]c#cc2[nH]1
6478,arene_5900,O=c1cc2occoc-2c1,aryne_6479,O=c1cc2oc#coc-2c1
6479,arene_5901,O=c1nc2sccc(=O)n2c(=O)o1,aryne_6480,O=c1nc2sc#cc(=O)n2c(=O)o1
6480,arene_5902,c1con2[nH]ncn2[nH]1,aryne_6481,c1[nH]n2cn[nH]n2oc#1
6481,arene_5903,c1csn2ccsn2[nH]1,aryne_6482,c1[nH]n2sccn2sc#1
6482,arene_5903,c1csn2ccsn2[nH]1,aryne_6483,c1sn2[nH]ccsn2c#1
6483,arene_5904,O=c1[nH]c(=O)n2sccn2c1=O,aryne_6484,O=c1[nH]c(=O)n2sc#cn2c1=O
6484,arene_5905,O=c1oc2nnccc2sc1=O,aryne_6485,O=c1oc2nnc#cc2sc1=O
6485,arene_5907,O=c1ccc2cccn2[nH]1,aryne_6486,O=c1c#cc2cccn2[nH]1
6486,arene_5907,O=c1ccc2cccn2[nH]1,aryne_6487,O=c1ccc2cc#cn2[nH]1
6487,arene_5908,O=c1ccn2c(=O)oc(=O)c(=O)n2s1,aryne_6488,O=c1c#cn2c(=O)oc(=O)c(=O)n2s1
6488,arene_5909,c1cn2scnoc-2co1,aryne_6489,c1occ2oncsn-2c#1
6489,arene_5910,O=c1cnc2occsc=2c1=O,aryne_6490,O=c1cnc2oc#csc=2c1=O
6490,arene_5911,O=c1cnc2nccc(=O)n2s1,aryne_6491,O=c1cnc2nc#cc(=O)n2s1
6491,arene_5912,c1nsn2ccon2[nH]1,aryne_6492,c1on2[nH]cnsn2c#1
6492,arene_5913,c1cn2sccc2n1,aryne_6493,c1nc2ccsn2c#1
6493,arene_5913,c1cn2sccc2n1,aryne_6494,c1sn2ccnc2c#1
6494,arene_5914,c1con2ncsn2[nH]1,aryne_6495,c1[nH]n2scnn2oc#1
6495,arene_5915,c1cn2snnsn2nn1,aryne_6496,c1nnn2snnsn2c#1
6496,arene_5916,c1csn2nnnnn2o1,aryne_6497,c1on2nnnnn2sc#1
6497,arene_5917,O=c1[nH]n2[nH]ccon2c(=O)s1,aryne_6498,O=c1[nH]n2[nH]c#con2c(=O)s1
6498,arene_5918,O=c1ccn2c(=O)ocnc2c1,aryne_6499,O=c1c#cn2c(=O)ocnc2c1
6499,arene_5919,O=c1nc2ncccc2c[nH]1,aryne_6500,O=c1nc2ncc#cc2c[nH]1
6500,arene_5920,O=c1nc2occc(=O)c2no1,aryne_6501,O=c1nc2oc#cc(=O)c2no1
6501,arene_5921,O=c1nnoc2c(=O)cc[nH]c12,aryne_6502,O=c1nnoc2c(=O)c#c[nH]c12
6502,arene_5922,O=c1nnoc2ccsc12,aryne_6503,O=c1nnoc2c#csc12
6503,arene_5923,O=c1sc2[nH]ccc(=O)c2s1,aryne_6504,O=c1sc2[nH]c#cc(=O)c2s1
6504,arene_5924,O=c1ccc2cnsc2s1,aryne_6505,O=c1c#cc2cnsc2s1
6505,arene_5925,O=c1[nH]c(=O)c(=O)c2occoc1=2,aryne_6506,O=c1[nH]c(=O)c(=O)c2oc#coc1=2
6506,arene_5926,O=c1ccn2c(=O)nnc(=O)n2s1,aryne_6507,O=c1c#cn2c(=O)nnc(=O)n2s1
6507,arene_5927,O=c1cnn2c(=O)ccsn2c1=O,aryne_6508,O=c1cnn2c(=O)c#csn2c1=O
6508,arene_5928,O=c1sn2[nH]ccc(=O)n2c(=O)c1=O,aryne_6509,O=c1sn2[nH]c#cc(=O)n2c(=O)c1=O
6509,arene_5929,O=c1[nH]nc2[nH]ccn12,aryne_6510,O=c1[nH]nc2[nH]c#cn12
6510,arene_5930,O=c1ccoc2ccnc(=O)n12,aryne_6511,O=c1c#coc2ccnc(=O)n12
6511,arene_5932,c1cc2ccoc2nn1,aryne_6512,c1nnc2occc2c#1
6512,arene_5932,c1cc2ccoc2nn1,aryne_6513,c1oc2nnccc2c#1
6513,arene_5933,O=c1ccn2ncsn2c1=O,aryne_6514,O=c1c#cn2ncsn2c1=O
6514,arene_5934,O=c1cnn2ccoc(=O)c2c1,aryne_6515,O=c1cnn2c#coc(=O)c2c1
6515,arene_5935,O=c1ccnc2nn[nH]c(=O)n12,aryne_6516,O=c1c#cnc2nn[nH]c(=O)n12
6516,arene_5936,O=c1sc(=O)n2ccncn2c1=O,aryne_6517,O=c1sc(=O)n2c#cncn2c1=O
6517,arene_5937,O=c1ccon2snnon12,aryne_6518,O=c1c#con2snnon12
6518,arene_5938,O=c1[nH]ccc2ncnnc12,aryne_6519,O=c1[nH]c#cc2ncnnc12
6519,arene_5939,O=c1ccsn2c(=O)onc12,aryne_6520,O=c1c#csn2c(=O)onc12
6520,arene_5940,O=c1nnn2cnccc2n1,aryne_6521,O=c1nnn2cnc#cc2n1
6521,arene_5941,O=c1ncn2ccon12,aryne_6522,O=c1ncn2c#con12
6522,arene_5942,O=c1[nH]c2cccc(=O)n2c(=O)o1,aryne_6523,O=c1[nH]c2cc#cc(=O)n2c(=O)o1
6523,arene_5943,O=c1cnsn2occ[nH]n12,aryne_6524,O=c1cnsn2oc#c[nH]n12
6524,arene_5944,O=c1ccon2sccsn12,aryne_6525,O=c1c#con2sccsn12
6525,arene_5944,O=c1ccon2sccsn12,aryne_6526,O=c1ccon2sc#csn12
6526,arene_5945,O=c1ccc2nonnn-2c1=O,aryne_6527,O=c1c#cc2nonnn-2c1=O
6527,arene_5946,O=c1[nH]ccc2[nH]ncc12,aryne_6528,O=c1[nH]c#cc2[nH]ncc12
6528,arene_5947,O=c1[nH]nc2occn12,aryne_6529,O=c1[nH]nc2oc#cn12
6529,arene_5949,O=c1ccc2snnsc1=2,aryne_6530,O=c1c#cc2snnsc1=2
6530,arene_5950,O=c1cnc(=O)n2sccn12,aryne_6531,O=c1cnc(=O)n2sc#cn12
6531,arene_5951,c1ccc2snnc2c1,aryne_6532,c1cc2nnsc2cc#1
6532,arene_5951,c1ccc2snnc2c1,aryne_6533,c1ccc2snnc2c#1
6533,arene_5951,c1ccc2snnc2c1,aryne_6534,c1ccc2nnsc2c#1
6534,arene_5953,c1cn2cnnnc2n1,aryne_6535,c1nc2nnncn2c#1
6535,arene_5954,O=c1oc2c(=O)sccc2s1,aryne_6536,O=c1oc2c(=O)sc#cc2s1
6536,arene_5955,O=c1oc2ccoc(=O)c2s1,aryne_6537,O=c1oc2c#coc(=O)c2s1
6537,arene_5956,O=c1cccc2ccsn12,aryne_6538,O=c1c#ccc2ccsn12
6538,arene_5956,O=c1cccc2ccsn12,aryne_6539,O=c1cccc2c#csn12
6539,arene_5957,O=c1snnn2ccnc12,aryne_6540,O=c1snnn2c#cnc12
6540,arene_5958,O=c1ccoc2cc[nH]c(=O)c12,aryne_6541,O=c1c#coc2cc[nH]c(=O)c12
6541,arene_5958,O=c1ccoc2cc[nH]c(=O)c12,aryne_6542,O=c1ccoc2c#c[nH]c(=O)c12
6542,arene_5959,O=c1nnc2c(=O)[nH]ccc2s1,aryne_6543,O=c1nnc2c(=O)[nH]c#cc2s1
6543,arene_5960,O=c1ccn2cc[nH]c(=O)c2c1,aryne_6544,O=c1c#cn2cc[nH]c(=O)c2c1
6544,arene_5960,O=c1ccn2cc[nH]c(=O)c2c1,aryne_6545,O=c1ccn2c#c[nH]c(=O)c2c1
6545,arene_5961,O=c1cc[nH]c2cscc12,aryne_6546,O=c1c#c[nH]c2cscc12
6546,arene_5962,c1csc2[nH]nnoc=2o1,aryne_6547,c1oc2onn[nH]c=2sc#1
6547,arene_5963,O=c1occc2cnccc12,aryne_6548,O=c1oc#cc2cnccc12
6548,arene_5963,O=c1occc2cnccc12,aryne_6549,O=c1occc2cnc#cc12
6549,arene_5964,O=c1ccn2ocnc(=O)c2n1,aryne_6550,O=c1c#cn2ocnc(=O)c2n1
6550,arene_5965,O=c1on2ccscc-2c1=O,aryne_6551,O=c1on2c#cscc-2c1=O
6551,arene_5966,O=c1sccc2nonc12,aryne_6552,O=c1sc#cc2nonc12
6552,arene_5967,O=c1nnc2[nH]cc[nH]c=2c1=O,aryne_6553,O=c1nnc2[nH]c#c[nH]c=2c1=O
6553,arene_5968,O=c1ccccs1,aryne_6554,O=c1c#cccs1
6554,arene_5968,O=c1ccccs1,aryne_6555,O=c1ccc#cs1
6555,arene_5969,O=c1ccn2ccocc-2c1=O,aryne_6556,O=c1c#cn2ccocc-2c1=O
6556,arene_5969,O=c1ccn2ccocc-2c1=O,aryne_6557,O=c1ccn2c#cocc-2c1=O
6557,arene_5970,O=c1[nH]c(=O)c2c(=O)[nH]ccc2s1,aryne_6558,O=c1[nH]c(=O)c2c(=O)[nH]c#cc2s1
6558,arene_5971,O=c1oc(=O)n2cnccn12,aryne_6559,O=c1oc(=O)n2cnc#cn12
6559,arene_5972,O=c1cnn2occc2c1,aryne_6560,O=c1cnn2oc#cc2c1
6560,arene_5973,O=c1[nH]nnc2ncccc12,aryne_6561,O=c1[nH]nnc2nc#ccc12
6561,arene_5973,O=c1[nH]nnc2ncccc12,aryne_6562,O=c1[nH]nnc2ncc#cc12
6562,arene_5974,O=c1ccn2sc(=O)ccc2c1,aryne_6563,O=c1c#cn2sc(=O)ccc2c1
6563,arene_5974,O=c1ccn2sc(=O)ccc2c1,aryne_6564,O=c1ccn2sc(=O)c#cc2c1
6564,arene_5975,O=c1sccn2onnsn12,aryne_6565,O=c1sc#cn2onnsn12
6565,arene_5976,O=c1cc2[nH]ccc2n[nH]1,aryne_6566,O=c1cc2[nH]c#cc2n[nH]1
6566,arene_5977,O=c1ccsn2onnon12,aryne_6567,O=c1c#csn2onnon12
6567,arene_5978,O=c1[nH]n2cnccn2c1=O,aryne_6568,O=c1[nH]n2cnc#cn2c1=O
6568,arene_5979,c1csc2onn[nH]c=2s1,aryne_6569,c1sc2[nH]nnoc=2sc#1
6569,arene_5980,O=c1ccn2c(=O)c(=O)[nH]n2[nH]1,aryne_6570,O=c1c#cn2c(=O)c(=O)[nH]n2[nH]1
6570,arene_5981,O=c1[nH]ncc2ccnnc12,aryne_6571,O=c1[nH]ncc2c#cnnc12
6571,arene_5982,O=c1cc2oc(=O)ccn2c(=O)[nH]1,aryne_6572,O=c1cc2oc(=O)c#cn2c(=O)[nH]1
6572,arene_5983,O=c1cccc2nnnnn12,aryne_6573,O=c1c#ccc2nnnnn12
6573,arene_5984,O=c1cc2ccc(=O)[nH]n2nn1,aryne_6574,O=c1cc2c#cc(=O)[nH]n2nn1
6574,arene_5985,O=c1ccc2sccc(=O)c2[nH]1,aryne_6575,O=c1c#cc2sccc(=O)c2[nH]1
6575,arene_5985,O=c1ccc2sccc(=O)c2[nH]1,aryne_6576,O=c1ccc2sc#cc(=O)c2[nH]1
6576,arene_5986,O=c1nccc2[nH]ccn12,aryne_6577,O=c1nccc2[nH]c#cn12
6577,arene_5987,O=c1cnc2sccsc1=2,aryne_6578,O=c1cnc2sc#csc1=2
6578,arene_5988,O=c1nc2ccoc2n[nH]1,aryne_6579,O=c1nc2c#coc2n[nH]1
6579,arene_5989,O=c1cncc2ccnnn12,aryne_6580,O=c1cncc2c#cnnn12
6580,arene_5990,O=c1[nH]cc2sccn12,aryne_6581,O=c1[nH]cc2sc#cn12
6581,arene_5991,O=c1nc2cc[nH]c2co1,aryne_6582,O=c1nc2c#c[nH]c2co1
6582,arene_5992,c1csn2nnscc-2[nH]1,aryne_6583,c1[nH]c2csnnn-2sc#1
6583,arene_5993,c1cn2nnnc2nn1,aryne_6584,c1nnc2nnnn2c#1
6584,arene_5994,O=c1ncc2c[nH]ccn1-2,aryne_6585,O=c1ncc2c[nH]c#cn1-2
6585,arene_5995,O=c1nc2ccoc(=O)c2cs1,aryne_6586,O=c1nc2c#coc(=O)c2cs1
6586,arene_5996,O=c1ccn2cncnc2n1,aryne_6587,O=c1c#cn2cncnc2n1
6587,arene_5997,O=c1ccnc2sncc(=O)n12,aryne_6588,O=c1c#cnc2sncc(=O)n12
6588,arene_5998,O=c1[nH]c2cccn2oc1=O,aryne_6589,O=c1[nH]c2cc#cn2oc1=O
6589,arene_5999,O=c1nnn2nnccn12,aryne_6590,O=c1nnn2nnc#cn12
6590,arene_6000,c1cnn2cccc2c1,aryne_6591,c1cnn2cccc2c#1
6591,arene_6000,c1cnn2cccc2c1,aryne_6592,c1cc2cccnn2c#1
6592,arene_6001,c1con2nnscc-2[nH]1,aryne_6593,c1[nH]c2csnnn-2oc#1
6593,arene_6002,O=c1on2ccc(=O)n2sc1=O,aryne_6594,O=c1on2c#cc(=O)n2sc1=O
6594,arene_6003,O=c1[nH]c2ncccc2c(=O)s1,aryne_6595,O=c1[nH]c2nc#ccc2c(=O)s1
6595,arene_6003,O=c1[nH]c2ncccc2c(=O)s1,aryne_6596,O=c1[nH]c2ncc#cc2c(=O)s1
6596,arene_6004,O=c1ccsc2ccncc12,aryne_6597,O=c1c#csc2ccncc12
6597,arene_6004,O=c1ccsc2ccncc12,aryne_6598,O=c1ccsc2c#cncc12
6598,arene_6005,c1c[nH]n2sncn2[nH]1,aryne_6599,c1[nH]n2cnsn2[nH]c#1
6599,arene_6006,O=c1ncc2nccc(=O)n2o1,aryne_6600,O=c1ncc2nc#cc(=O)n2o1
6600,arene_6007,O=c1nnn2[nH]ccc(=O)c2n1,aryne_6601,O=c1nnn2[nH]c#cc(=O)c2n1
6601,arene_6008,c1cc2ccnnc2nn1,aryne_6602,c1nnc2nnccc2c#1
6602,arene_6009,O=c1cc2c(=O)occn2cn1,aryne_6603,O=c1cc2c(=O)oc#cn2cn1
6603,arene_6010,O=c1ccc2nn[nH]c2[nH]1,aryne_6604,O=c1c#cc2nn[nH]c2[nH]1
6604,arene_6011,O=c1[nH]c2ccsc2[nH]1,aryne_6605,O=c1[nH]c2c#csc2[nH]1
6605,arene_6013,c1c[nH]n2ccocc-2[nH]1,aryne_6606,c1[nH]c2coccn-2[nH]c#1
6606,arene_6013,c1c[nH]n2ccocc-2[nH]1,aryne_6607,c1occ2[nH]cc[nH]n-2c#1
6607,arene_6014,O=c1ccc2coccn-2c1=O,aryne_6608,O=c1c#cc2coccn-2c1=O
6608,arene_6014,O=c1ccc2coccn-2c1=O,aryne_6609,O=c1ccc2coc#cn-2c1=O
6609,arene_6015,c1csc2scnoc=2o1,aryne_6610,c1oc2oncsc=2sc#1
6610,arene_6016,O=c1ccc2nc(=O)occ2o1,aryne_6611,O=c1c#cc2nc(=O)occ2o1
6611,arene_6017,O=c1cnon2ccnc12,aryne_6612,O=c1cnon2c#cnc12
6612,arene_6018,O=c1[nH]n2cccc2s1,aryne_6613,O=c1[nH]n2c#ccc2s1
6613,arene_6019,O=c1[nH]c2ccnnc2sc1=O,aryne_6614,O=c1[nH]c2c#cnnc2sc1=O
6614,arene_6020,O=c1[nH]c(=O)n2ccocc-2c1=O,aryne_6615,O=c1[nH]c(=O)n2c#cocc-2c1=O
6615,arene_6021,O=c1[nH]n2ccc(=O)c(=O)n2c(=O)o1,aryne_6616,O=c1[nH]n2c#cc(=O)c(=O)n2c(=O)o1
6616,arene_6022,O=c1ccn2[nH]cnsn2[nH]1,aryne_6617,O=c1c#cn2[nH]cnsn2[nH]1
6617,arene_6024,O=c1oc(=O)c(=O)c2occ[nH]c1=2,aryne_6618,O=c1oc(=O)c(=O)c2oc#c[nH]c1=2
6618,arene_6025,O=c1c(=O)n2c(=O)ccc(=O)n2c1=O,aryne_6619,O=c1c(=O)n2c(=O)c#cc(=O)n2c1=O
6619,arene_6026,O=c1nc2nnccc2n[nH]1,aryne_6620,O=c1nc2nnc#cc2n[nH]1
6620,arene_6027,O=c1ccsc2ccsc(=O)c12,aryne_6621,O=c1c#csc2ccsc(=O)c12
6621,arene_6027,O=c1ccsc2ccsc(=O)c12,aryne_6622,O=c1ccsc2c#csc(=O)c12
6622,arene_6029,O=c1ccn2[nH]c(=O)oc(=O)c2n1,aryne_6623,O=c1c#cn2[nH]c(=O)oc(=O)c2n1
6623,arene_6030,O=c1ccc2snnoc1=2,aryne_6624,O=c1c#cc2snnoc1=2
6624,arene_6031,O=c1ccn2[nH]c(=O)[nH]c(=O)c2c1,aryne_6625,O=c1c#cn2[nH]c(=O)[nH]c(=O)c2c1
6625,arene_6032,O=c1oc2c(=O)occc2sc1=O,aryne_6626,O=c1oc2c(=O)oc#cc2sc1=O
6626,arene_6034,O=c1nc2[nH]ccc(=O)c2co1,aryne_6627,O=c1nc2[nH]c#cc(=O)c2co1
6627,arene_6035,O=c1occn2scnsn12,aryne_6628,O=c1oc#cn2scnsn12
6628,arene_6036,O=c1ccn2c(=O)nnsn2c1=O,aryne_6629,O=c1c#cn2c(=O)nnsn2c1=O
6629,arene_6037,c1cnn2[nH]cc[nH]n2n1,aryne_6630,c1[nH]n2nccnn2[nH]c#1
6630,arene_6038,O=c1cnn2ccscc-2c1=O,aryne_6631,O=c1cnn2c#cscc-2c1=O
6631,arene_6039,O=c1oc(=O)c2c(=O)ccoc2o1,aryne_6632,O=c1oc(=O)c2c(=O)c#coc2o1
6632,arene_6040,O=c1sccn2cncc12,aryne_6633,O=c1sc#cn2cncc12
6633,arene_6041,O=c1ccc(=O)c2scnoc1=2,aryne_6634,O=c1c#cc(=O)c2scnoc1=2
6634,arene_6042,c1cn2sccsn2nn1,aryne_6635,c1nnn2sccsn2c#1
6635,arene_6042,c1cn2sccsn2nn1,aryne_6636,c1sn2ccnnn2sc#1
6636,arene_6043,c1cn2[nH]nnsc-2cs1,aryne_6637,c1scc2snn[nH]n-2c#1
6637,arene_6044,O=c1nc2occon-2c(=O)c1=O,aryne_6638,O=c1nc2oc#con-2c(=O)c1=O
6638,arene_6045,O=c1c(=O)c(=O)n2sccsn2c1=O,aryne_6639,O=c1c(=O)c(=O)n2sc#csn2c1=O
6639,arene_6046,O=c1ccc2[nH]nnc2o1,aryne_6640,O=c1c#cc2[nH]nnc2o1
6640,arene_6047,O=c1oc(=O)c2ccnnc2s1,aryne_6641,O=c1oc(=O)c2c#cnnc2s1
6641,arene_6048,O=c1[nH]n2sccsn2c(=O)s1,aryne_6642,O=c1[nH]n2sc#csn2c(=O)s1
6642,arene_6049,c1cn2occsn2[nH]1,aryne_6643,c1[nH]n2sccon2c#1
6643,arene_6049,c1cn2occsn2[nH]1,aryne_6644,c1on2cc[nH]n2sc#1
6644,arene_6050,O=c1[nH]c2c(=O)occc2o1,aryne_6645,O=c1[nH]c2c(=O)oc#cc2o1
6645,arene_6051,O=c1nc2[nH]ccsn-2c1=O,aryne_6646,O=c1nc2[nH]c#csn-2c1=O
6646,arene_6052,c1nsn2ccsn2o1,aryne_6647,c1sn2ocnsn2c#1
6647,arene_6053,O=c1ccc2nc[nH]c(=O)c2s1,aryne_6648,O=c1c#cc2nc[nH]c(=O)c2s1
6648,arene_6054,O=c1ccsn2c(=O)scc12,aryne_6649,O=c1c#csn2c(=O)scc12
6649,arene_6055,O=c1[nH]c(=O)c2ccoc(=O)c2[nH]1,aryne_6650,O=c1[nH]c(=O)c2c#coc(=O)c2[nH]1
6650,arene_6056,O=c1ccsc2nccn12,aryne_6651,O=c1c#csc2nccn12
6651,arene_6056,O=c1ccsc2nccn12,aryne_6652,O=c1ccsc2nc#cn12
6652,arene_6057,O=c1[nH]c2occc(=O)c2[nH]c1=O,aryne_6653,O=c1[nH]c2oc#cc(=O)c2[nH]c1=O
6653,arene_6058,c1cc2[nH]nnc2cn1,aryne_6654,c1ncc2nn[nH]c2c#1
6654,arene_6059,O=c1ncc2ccsc2s1,aryne_6655,O=c1ncc2c#csc2s1
6655,arene_6060,O=c1ncc2noccn-2c1=O,aryne_6656,O=c1ncc2noc#cn-2c1=O
6656,arene_6061,O=c1ccn2c(=O)c(=O)[nH]n2o1,aryne_6657,O=c1c#cn2c(=O)c(=O)[nH]n2o1
6657,arene_6062,O=c1[nH]c2c(=O)ccsc2s1,aryne_6658,O=c1[nH]c2c(=O)c#csc2s1
6658,arene_6063,O=c1nc[nH]n2occsn12,aryne_6659,O=c1nc[nH]n2oc#csn12
6659,arene_6064,O=c1cnn2ccsnc1-2,aryne_6660,O=c1cnn2c#csnc1-2
6660,arene_6067,O=c1ccn2ncc(=O)oc2c1,aryne_6661,O=c1c#cn2ncc(=O)oc2c1
6661,arene_6069,O=c1[nH]c2nccn2sc1=O,aryne_6662,O=c1[nH]c2nc#cn2sc1=O
6662,arene_6070,O=c1ccn2c(=O)oc(=O)oc2c1,aryne_6663,O=c1c#cn2c(=O)oc(=O)oc2c1
6663,arene_6071,O=c1ccn2onnsn2[nH]1,aryne_6664,O=c1c#cn2onnsn2[nH]1
6664,arene_6072,c1ccn2[nH]nn[nH]n2c1,aryne_6665,c1ccn2[nH]nn[nH]n2c#1
6665,arene_6073,O=c1nc2ccc(=O)n-2c(=O)c1=O,aryne_6666,O=c1nc2c#cc(=O)n-2c(=O)c1=O
6666,arene_6074,O=c1[nH]c(=O)n2ccc(=O)n2[nH]1,aryne_6667,O=c1[nH]c(=O)n2c#cc(=O)n2[nH]1
6667,arene_6075,O=c1ccnc2nc[nH]c(=O)n12,aryne_6668,O=c1c#cnc2nc[nH]c(=O)n12
6668,arene_6076,c1cc2c[nH]cc2nn1,aryne_6669,c1nnc2c[nH]cc2c#1
6669,arene_6077,O=c1cc2ccoc2co1,aryne_6670,O=c1cc2c#coc2co1
6670,arene_6078,O=c1cc2occn2c(=O)s1,aryne_6671,O=c1cc2oc#cn2c(=O)s1
6671,arene_6079,O=c1[nH]c(=O)c2occoc1=2,aryne_6672,O=c1[nH]c(=O)c2oc#coc1=2
6672,arene_6080,c1coc2csnnn-2[nH]1,aryne_6673,c1[nH]n2nnscc-2oc#1
6673,arene_6081,O=c1ccc2cc[nH]c2o1,aryne_6674,O=c1c#cc2cc[nH]c2o1
6674,arene_6081,O=c1ccc2cc[nH]c2o1,aryne_6675,O=c1ccc2c#c[nH]c2o1
6675,arene_6082,O=c1ccc2ncc(=O)sc2[nH]1,aryne_6676,O=c1c#cc2ncc(=O)sc2[nH]1
6676,arene_6083,O=c1ccc2c(=O)ncoc2o1,aryne_6677,O=c1c#cc2c(=O)ncoc2o1
6677,arene_6084,c1cn2onnsn2cn1,aryne_6678,c1ncn2snnon2c#1
6678,arene_6085,O=c1ccn2ncsc2n1,aryne_6679,O=c1c#cn2ncsc2n1
6679,arene_6086,O=c1nnc2c(=O)sccc2o1,aryne_6680,O=c1nnc2c(=O)sc#cc2o1
6680,arene_6087,O=c1ccc2c(=O)cc[nH]c2[nH]1,aryne_6681,O=c1c#cc2c(=O)cc[nH]c2[nH]1
6681,arene_6087,O=c1ccc2c(=O)cc[nH]c2[nH]1,aryne_6682,O=c1ccc2c(=O)c#c[nH]c2[nH]1
6682,arene_6089,c1n[nH]c2nsccn-2o1,aryne_6683,c1snc2[nH]ncon-2c#1
6683,arene_6090,O=c1[nH]ccc2ccoc12,aryne_6684,O=c1[nH]c#cc2ccoc12
6684,arene_6090,O=c1[nH]ccc2ccoc12,aryne_6685,O=c1[nH]ccc2c#coc12
6685,arene_6091,O=c1ccon2nnc(=O)n12,aryne_6686,O=c1c#con2nnc(=O)n12
6686,arene_6092,O=c1ccn2c(=O)[nH]cnn2c1=O,aryne_6687,O=c1c#cn2c(=O)[nH]cnn2c1=O
6687,arene_6093,O=c1ccc2ccc(=O)c=2c1=O,aryne_6688,O=c1c#cc2ccc(=O)c=2c1=O
6688,arene_6093,O=c1ccc2ccc(=O)c=2c1=O,aryne_6689,O=c1c#cc2ccc(=O)c(=O)c1=2
6689,arene_6094,c1cc2ccon2n1,aryne_6690,c1on2nccc2c#1
6690,arene_6095,O=c1nnc(=O)n2ccccn12,aryne_6691,O=c1nnc(=O)n2ccc#cn12
6691,arene_6096,c1csc2concn-2o1,aryne_6692,c1on2cnocc-2sc#1
6692,arene_6097,O=c1ccc2cnc(=O)oc2o1,aryne_6693,O=c1c#cc2cnc(=O)oc2o1
6693,arene_6098,O=c1ccsn2nnc(=O)n12,aryne_6694,O=c1c#csn2nnc(=O)n12
6694,arene_6100,O=c1on2cc[nH]cc-2c1=O,aryne_6695,O=c1on2c#c[nH]cc-2c1=O
6695,arene_6101,O=c1ncc2nccn2[nH]1,aryne_6696,O=c1ncc2nc#cn2[nH]1
6696,arene_6102,O=c1ccon2ocnsn12,aryne_6697,O=c1c#con2ocnsn12
6697,arene_6103,c1con2ncscc-2[nH]1,aryne_6698,c1[nH]c2cscnn-2oc#1
6698,arene_6104,O=c1ccoc2c(=O)oncc12,aryne_6699,O=c1c#coc2c(=O)oncc12
6699,arene_6105,O=c1[nH]n2[nH]cc[nH]n2s1,aryne_6700,O=c1[nH]n2[nH]c#c[nH]n2s1
6700,arene_6106,O=c1cnc2oc(=O)ccc2[nH]1,aryne_6701,O=c1cnc2oc(=O)c#cc2[nH]1
6701,arene_6107,O=c1onnc2cc[nH]c12,aryne_6702,O=c1onnc2c#c[nH]c12
6702,arene_6108,c1csn2cnsnc-2o1,aryne_6703,c1oc2nsncn-2sc#1
6703,arene_6109,O=c1cc2oc(=O)ccc2n[nH]1,aryne_6704,O=c1cc2oc(=O)c#cc2n[nH]1
6704,arene_6110,O=c1ccon2ncc(=O)n12,aryne_6705,O=c1c#con2ncc(=O)n12
6705,arene_6111,O=c1[nH]c(=O)c2nccc(=O)n2s1,aryne_6706,O=c1[nH]c(=O)c2nc#cc(=O)n2s1
6706,arene_6112,O=c1ccsn2cnnc12,aryne_6707,O=c1c#csn2cnnc12
6707,arene_6113,O=c1ccn2c(=O)snnc2n1,aryne_6708,O=c1c#cn2c(=O)snnc2n1
6708,arene_6114,O=c1onnn2occsn12,aryne_6709,O=c1onnn2oc#csn12
6709,arene_6115,O=c1ccsc2cc[nH]c(=O)c12,aryne_6710,O=c1c#csc2cc[nH]c(=O)c12
6710,arene_6115,O=c1ccsc2cc[nH]c(=O)c12,aryne_6711,O=c1ccsc2c#c[nH]c(=O)c12
6711,arene_6116,c1ccn2[nH]nc[nH]n2c1,aryne_6712,c1ccn2[nH]nc[nH]n2c#1
6712,arene_6116,c1ccn2[nH]nc[nH]n2c1,aryne_6713,c1ccn2[nH]cn[nH]n2c#1
6713,arene_6117,O=c1[nH]n2occon2[nH]c1=O,aryne_6714,O=c1[nH]n2oc#con2[nH]c1=O
6714,arene_6118,O=c1ncn2occc(=O)n2c1=O,aryne_6715,O=c1ncn2oc#cc(=O)n2c1=O
6715,arene_6119,O=c1snc2cccnn2c1=O,aryne_6716,O=c1snc2c#ccnn2c1=O
6716,arene_6120,O=c1sc(=O)n2[nH]ccon2s1,aryne_6717,O=c1sc(=O)n2[nH]c#con2s1
6717,arene_6121,O=c1sc2ccsc2sc1=O,aryne_6718,O=c1sc2c#csc2sc1=O
6718,arene_6122,O=c1[nH]c(=O)c2cc[nH]c(=O)c2s1,aryne_6719,O=c1[nH]c(=O)c2c#c[nH]c(=O)c2s1
6719,arene_6123,c1c[nH]c2[nH]nn[nH]c=2[nH]1,aryne_6720,c1[nH]c2[nH]nn[nH]c=2[nH]c#1
6720,arene_6124,O=c1cc[nH]n2ncnc12,aryne_6721,O=c1c#c[nH]n2ncnc12
6721,arene_6125,O=c1onnc2ccncc12,aryne_6722,O=c1onnc2c#cncc12
6722,arene_6126,O=c1[nH]c2c(=O)ccoc2oc1=O,aryne_6723,O=c1[nH]c2c(=O)c#coc2oc1=O
6723,arene_6127,O=c1cc2occon-2c1=O,aryne_6724,O=c1cc2oc#con-2c1=O
6724,arene_6128,c1con2ccscc-2o1,aryne_6725,c1oc2csccn-2oc#1
6725,arene_6128,c1con2ccscc-2o1,aryne_6726,c1scc2occon-2c#1
6726,arene_6129,O=c1cccc2cnsc(=O)n12,aryne_6727,O=c1c#ccc2cnsc(=O)n12
6727,arene_6130,O=c1ccoc2c(=O)snnc12,aryne_6728,O=c1c#coc2c(=O)snnc12
6728,arene_6131,O=c1cnn2ccon2c1=O,aryne_6729,O=c1cnn2c#con2c1=O
6729,arene_6132,O=c1[nH]cc2c(=O)ccsn2c1=O,aryne_6730,O=c1[nH]cc2c(=O)c#csn2c1=O
6730,arene_6134,O=c1nc2occn2c(=O)[nH]1,aryne_6731,O=c1nc2oc#cn2c(=O)[nH]1
6731,arene_6135,O=c1nnn2sccon2o1,aryne_6732,O=c1nnn2sc#con2o1
6732,arene_6136,O=c1onc2ccncn12,aryne_6733,O=c1onc2c#cncn12
6733,arene_6137,O=c1nc2c(=O)ccon2c(=O)[nH]1,aryne_6734,O=c1nc2c(=O)c#con2c(=O)[nH]1
6734,arene_6138,O=c1ncn2cconc-2c1=O,aryne_6735,O=c1ncn2c#conc-2c1=O
6735,arene_6139,O=c1ccn2sc(=O)c(=O)sc2c1,aryne_6736,O=c1c#cn2sc(=O)c(=O)sc2c1
6736,arene_6140,O=c1ccn2oncn2c1=O,aryne_6737,O=c1c#cn2oncn2c1=O
6737,arene_6141,O=c1ccsc2cccnc12,aryne_6738,O=c1c#csc2cccnc12
6738,arene_6141,O=c1ccsc2cccnc12,aryne_6739,O=c1ccsc2c#ccnc12
6739,arene_6141,O=c1ccsc2cccnc12,aryne_6740,O=c1ccsc2cc#cnc12
6740,arene_6142,O=c1[nH]cnc2nccnc12,aryne_6741,O=c1[nH]cnc2nc#cnc12
6741,arene_6143,O=c1cc2c(=O)[nH]ccc2co1,aryne_6742,O=c1cc2c(=O)[nH]c#cc2co1
6742,arene_6144,O=c1cc2sc(=O)ccc2ns1,aryne_6743,O=c1c#cc2nsc(=O)cc2s1
6743,arene_6145,c1cn2scc[nH]c-2n[nH]1,aryne_6744,c1[nH]nc2[nH]ccsn-2c#1
6744,arene_6145,c1cn2scc[nH]c-2n[nH]1,aryne_6745,c1[nH]c2n[nH]ccn-2sc#1
6745,arene_6146,c1cn2snc[nH]n2[nH]1,aryne_6746,c1[nH]n2[nH]cnsn2c#1
6746,arene_6147,O=c1nncc2ccon12,aryne_6747,O=c1nncc2c#con12
6747,arene_6148,c1cn2nccc2cn1,aryne_6748,c1ncc2ccnn2c#1
6748,arene_6150,O=c1nc2cc[nH]c(=O)c2cs1,aryne_6749,O=c1nc2c#c[nH]c(=O)c2cs1
6749,arene_6151,O=c1cc[nH]c2cn[nH]c12,aryne_6750,O=c1c#c[nH]c2cn[nH]c12
6750,arene_6152,c1cc2cncn2cn1,aryne_6751,c1ncn2cncc2c#1
6751,arene_6153,O=c1nnc2nnccc2[nH]1,aryne_6752,O=c1nnc2nnc#cc2[nH]1
6752,arene_6154,c1cn2ocnsc-2c[nH]1,aryne_6753,c1[nH]cc2sncon-2c#1
6753,arene_6155,c1nnc2ccsc2n1,aryne_6754,c1sc2ncnnc2c#1
6754,arene_6157,O=c1ccc2sc(=O)[nH]c(=O)c2[nH]1,aryne_6755,O=c1c#cc2sc(=O)[nH]c(=O)c2[nH]1
6755,arene_6158,O=c1cnn2ccc(=O)c(=O)n2s1,aryne_6756,O=c1cnn2c#cc(=O)c(=O)n2s1
6756,arene_6159,O=c1ccn2c(=O)sncn2c1=O,aryne_6757,O=c1c#cn2c(=O)sncn2c1=O
6757,arene_6160,c1cn2onn[nH]c-2c[nH]1,aryne_6758,c1[nH]cc2[nH]nnon-2c#1
6758,arene_6162,O=c1ccc2cc(=O)onc2[nH]1,aryne_6759,O=c1c#cc2cc(=O)onc2[nH]1
6759,arene_6163,O=c1[nH]ccc2sncc12,aryne_6760,O=c1[nH]c#cc2sncc12
6760,arene_6164,O=c1ccon2[nH]nn[nH]n12,aryne_6761,O=c1c#con2[nH]nn[nH]n12
6761,arene_6165,O=c1on2ccncn2c1=O,aryne_6762,O=c1on2c#cncn2c1=O
6762,arene_6166,O=c1nnc2c(=O)ccoc2s1,aryne_6763,O=c1nnc2c(=O)c#coc2s1
6763,arene_6167,O=c1cc2ccsn2cn1,aryne_6764,O=c1cc2c#csn2cn1
6764,arene_6168,O=c1ccnc2sncn12,aryne_6765,O=c1c#cnc2sncn12
6765,arene_6169,O=c1[nH]c2nccnc2oc1=O,aryne_6766,O=c1[nH]c2nc#cnc2oc1=O
6766,arene_6170,O=c1ccc2c(=O)c(=O)c(=O)c2o1,aryne_6767,O=c1c#cc2c(=O)c(=O)c(=O)c2o1
6767,arene_6171,O=c1cc[nH]c2ccncc12,aryne_6768,O=c1c#c[nH]c2ccncc12
6768,arene_6171,O=c1cc[nH]c2ccncc12,aryne_6769,O=c1cc[nH]c2c#cncc12
6769,arene_6172,O=c1[nH]ccn2ncnc12,aryne_6770,O=c1[nH]c#cn2ncnc12
6770,arene_6173,O=c1ccn2[nH]cn[nH]n2o1,aryne_6771,O=c1c#cn2[nH]cn[nH]n2o1
6771,arene_6174,c1cnc2cnsc2c1,aryne_6772,c1cc2sncc2nc#1
6772,arene_6174,c1cnc2cnsc2c1,aryne_6773,c1cnc2cnsc2c#1
6773,arene_6175,c1cn2[nH]nc[nH]c-2c[nH]1,aryne_6774,c1[nH]cc2[nH]cn[nH]n-2c#1
6774,arene_6176,N=c1[nH][nH]c2ccccc12,aryne_6775,N=c1[nH][nH]c2c#cccc12
6775,arene_6176,N=c1[nH][nH]c2ccccc12,aryne_6776,N=c1[nH][nH]c2cc#ccc12
6776,arene_6176,N=c1[nH][nH]c2ccccc12,aryne_6777,N=c1[nH][nH]c2ccc#cc12
6777,arene_6177,O=c1on2cccnn2c1=O,aryne_6778,O=c1on2c#ccnn2c1=O
6778,arene_6178,O=c1sn2c(=O)ccsn2c(=O)c1=O,aryne_6779,O=c1sn2c(=O)c#csn2c(=O)c1=O
6779,arene_6179,O=c1ccn2[nH]c(=O)[nH]c2n1,aryne_6780,O=c1c#cn2[nH]c(=O)[nH]c2n1
6780,arene_6180,O=c1sn2c(=O)cc[nH]n2c(=O)c1=O,aryne_6781,O=c1sn2c(=O)c#c[nH]n2c(=O)c1=O
6781,arene_6181,O=c1sccc2nnoc12,aryne_6782,O=c1sc#cc2nnoc12
6782,arene_6182,c1con2cnscc-2o1,aryne_6783,c1oc2csncn-2oc#1
6783,arene_6183,O=c1cc2ccnnn2c(=O)s1,aryne_6784,O=c1cc2c#cnnn2c(=O)s1
6784,arene_6185,c1cc2cn[nH]n2c1,aryne_6785,c1cc2cn[nH]n2c#1
6785,arene_6186,O=c1sc2cccnc2s1,aryne_6786,O=c1sc2c#ccnc2s1
6786,arene_6186,O=c1sc2cccnc2s1,aryne_6787,O=c1sc2cc#cnc2s1
6787,arene_6187,c1cn2nccc2nn1,aryne_6788,c1nnc2ccnn2c#1
6788,arene_6188,O=c1snnn2[nH]ccsn12,aryne_6789,O=c1snnn2[nH]c#csn12
6789,arene_6189,c1cn2[nH]ncon2[nH]1,aryne_6790,c1[nH]n2ocn[nH]n2c#1
6790,arene_6190,c1cc2nocc2s1,aryne_6791,c1sc2conc2c#1
6791,arene_6191,O=c1cnc2sc(=O)ccc2[nH]1,aryne_6792,O=c1cnc2sc(=O)c#cc2[nH]1
6792,arene_6192,c1nnc2sccc2n1,aryne_6793,c1sc2nncnc2c#1
6793,arene_6193,O=c1cc2c(=O)ccc-2n1,aryne_6794,O=c1cc2c(=O)c#cc-2n1
6794,arene_6194,O=c1ccc2sc(=O)sc(=O)c2s1,aryne_6795,O=c1c#cc2sc(=O)sc(=O)c2s1
6795,arene_6195,O=c1snnc2c(=O)occc12,aryne_6796,O=c1snnc2c(=O)oc#cc12
6796,arene_6196,O=c1[nH]c2n[nH]ccn-2c(=O)c1=O,aryne_6797,O=c1[nH]c2n[nH]c#cn-2c(=O)c1=O
6797,arene_6197,O=c1on2ncccn2c(=O)c1=O,aryne_6798,O=c1on2ncc#cn2c(=O)c1=O
6798,arene_6198,O=c1sn2c(=O)occn2c(=O)c1=O,aryne_6799,O=c1sn2c(=O)oc#cn2c(=O)c1=O
6799,arene_6199,O=c1[nH]c(=O)n2c(=O)cc[nH]n12,aryne_6800,O=c1[nH]c(=O)n2c(=O)c#c[nH]n12
6800,arene_6200,c1csc2snn[nH]c=2o1,aryne_6801,c1oc2[nH]nnsc=2sc#1
6801,arene_6201,c1cn2[nH]cnsc-2n[nH]1,aryne_6802,c1[nH]nc2snc[nH]n-2c#1
6802,arene_6202,O=c1nn[nH]c2[nH]ccc12,aryne_6803,O=c1nn[nH]c2[nH]c#cc12
6803,arene_6203,O=c1ccn2c(=O)c(=O)ncn2o1,aryne_6804,O=c1c#cn2c(=O)c(=O)ncn2o1
6804,arene_6204,O=c1cnn2c(=O)ccn2s1,aryne_6805,O=c1cnn2c(=O)c#cn2s1
6805,arene_6205,O=c1[nH]ccc2nonc12,aryne_6806,O=c1[nH]c#cc2nonc12
6806,arene_6206,O=c1[nH]nnn2[nH]ccon12,aryne_6807,O=c1[nH]nnn2[nH]c#con12
6807,arene_6207,O=c1ccc(=O)n2[nH]ncn12,aryne_6808,O=c1c#cc(=O)n2[nH]ncn12
6808,arene_6208,c1con2cnonc-2o1,aryne_6809,c1oc2noncn-2oc#1
6809,arene_6209,O=c1cc2[nH]cc[nH]c-2cc1=O,aryne_6810,O=c1cc2[nH]c#c[nH]c-2cc1=O
6810,arene_6210,O=c1ccc2c[nH]cc2s1,aryne_6811,O=c1c#cc2c[nH]cc2s1
6811,arene_6211,O=c1scc2sccn2c1=O,aryne_6812,O=c1scc2sc#cn2c1=O
6812,arene_6212,O=c1ccc(=O)c2sncsc1=2,aryne_6813,O=c1c#cc(=O)c2sncsc1=2
6813,arene_6213,O=c1[nH]ccn2[nH]nnon12,aryne_6814,O=c1[nH]c#cn2[nH]nnon12
6814,arene_6215,O=c1onc2cc[nH]n12,aryne_6815,O=c1onc2c#c[nH]n12
6815,arene_6218,O=c1[nH]n2ccnnn2c(=O)c1=O,aryne_6816,O=c1[nH]n2c#cnnn2c(=O)c1=O
6816,arene_6219,O=c1ccoc2cn[nH]c12,aryne_6817,O=c1c#coc2cn[nH]c12
6817,arene_6220,O=c1cc2cccnc2c[nH]1,aryne_6818,O=c1cc2c#ccnc2c[nH]1
6818,arene_6221,O=c1nc2sccc(=O)c2co1,aryne_6819,O=c1nc2sc#cc(=O)c2co1
6819,arene_6222,O=c1oc2occc(=O)c2oc1=O,aryne_6820,O=c1oc2oc#cc(=O)c2oc1=O
6820,arene_6223,O=c1cc[nH]n2[nH]ccsn12,aryne_6821,O=c1c#c[nH]n2[nH]ccsn12
6821,arene_6223,O=c1cc[nH]n2[nH]ccsn12,aryne_6822,O=c1cc[nH]n2[nH]c#csn12
6822,arene_6224,O=c1c(=O)c(=O)c2c(=O)cc[nH]c2c1=O,aryne_6823,O=c1c(=O)c(=O)c2c(=O)c#c[nH]c2c1=O
6823,arene_6225,O=c1scc2cnccn2c1=O,aryne_6824,O=c1scc2cnc#cn2c1=O
6824,arene_6226,O=c1cnn2ccoc2c1,aryne_6825,O=c1cnn2c#coc2c1
6825,arene_6227,O=c1sc(=O)c(=O)n2cc[nH]cc1-2,aryne_6826,O=c1sc(=O)c(=O)n2c#c[nH]cc1-2
6826,arene_6228,O=c1cc[nH]n2snc[nH]n12,aryne_6827,O=c1c#c[nH]n2snc[nH]n12
6827,arene_6229,O=c1[nH]c(=O)n2occc(=O)n2c1=O,aryne_6828,O=c1[nH]c(=O)n2oc#cc(=O)n2c1=O
6828,arene_6230,O=c1ccc(=O)n2cnocc1-2,aryne_6829,O=c1c#cc(=O)n2cnocc1-2
6829,arene_6231,O=c1ccc2[nH]ccsc=2c1=O,aryne_6830,O=c1c#cc2[nH]ccsc=2c1=O
6830,arene_6231,O=c1ccc2[nH]ccsc=2c1=O,aryne_6831,O=c1ccc2[nH]c#csc=2c1=O
6831,arene_6232,O=c1ccc(=O)n2nnscc1-2,aryne_6832,O=c1c#cc(=O)n2nnscc1-2
6832,arene_6233,O=c1ccsc2ccccc12,aryne_6833,O=c1c#csc2ccccc12
6833,arene_6233,O=c1ccsc2ccccc12,aryne_6834,O=c1ccsc2c#cccc12
6834,arene_6233,O=c1ccsc2ccccc12,aryne_6835,O=c1ccsc2cc#ccc12
6835,arene_6233,O=c1ccsc2ccccc12,aryne_6836,O=c1ccsc2ccc#cc12
6836,arene_6234,c1csc2csnnn-2[nH]1,aryne_6837,c1[nH]n2nnscc-2sc#1
6837,arene_6235,O=c1ccoc2ccnnc12,aryne_6838,O=c1c#coc2ccnnc12
6838,arene_6235,O=c1ccoc2ccnnc12,aryne_6839,O=c1ccoc2c#cnnc12
6839,arene_6236,O=c1sccc2nocc12,aryne_6840,O=c1sc#cc2nocc12
6840,arene_6237,O=c1[nH]c2sccc2sc1=O,aryne_6841,O=c1[nH]c2sc#cc2sc1=O
6841,arene_6238,O=c1ccn2sncc(=O)n12,aryne_6842,O=c1c#cn2sncc(=O)n12
6842,arene_6239,O=c1ccoc2nccn12,aryne_6843,O=c1c#coc2nccn12
6843,arene_6239,O=c1ccoc2nccn12,aryne_6844,O=c1ccoc2nc#cn12
6844,arene_6240,O=c1cnn2ncccn2c1=O,aryne_6845,O=c1cnn2ncc#cn2c1=O
6845,arene_6241,O=c1ncnc2cnccn12,aryne_6846,O=c1ncnc2cnc#cn12
6846,arene_6242,O=c1cc[nH]c2nnsc12,aryne_6847,O=c1c#c[nH]c2nnsc12
6847,arene_6243,O=c1ccn2nn[nH]c(=O)c2n1,aryne_6848,O=c1c#cn2nn[nH]c(=O)c2n1
6848,arene_6244,O=c1cn[nH]c2c(=O)sccc12,aryne_6849,O=c1cn[nH]c2c(=O)sc#cc12
6849,arene_6245,O=c1[nH]c2occc2o1,aryne_6850,O=c1[nH]c2oc#cc2o1
6850,arene_6246,O=c1ccc(=O)c2onnoc1=2,aryne_6851,O=c1c#cc(=O)c2onnoc1=2
6851,arene_6247,O=c1ccn2[nH]cnc2n1,aryne_6852,O=c1c#cn2[nH]cnc2n1
6852,arene_6248,O=c1[nH]c2occc2c(=O)s1,aryne_6853,O=c1[nH]c2oc#cc2c(=O)s1
6853,arene_6249,c1nn2[nH]ccsc-2n[nH]1,aryne_6854,c1[nH]n2nc[nH]nc-2sc#1
6854,arene_6250,O=c1[nH]ncc2ccsc12,aryne_6855,O=c1[nH]ncc2c#csc12
6855,arene_6251,O=c1nnc2sccc2o1,aryne_6856,O=c1nnc2sc#cc2o1
6856,arene_6252,O=c1oc2coccn-2c(=O)c1=O,aryne_6857,O=c1oc2coc#cn-2c(=O)c1=O
6857,arene_6253,O=c1occc2nnccc12,aryne_6858,O=c1oc#cc2nnccc12
6858,arene_6253,O=c1occc2nnccc12,aryne_6859,O=c1occc2nnc#cc12
6859,arene_6254,O=c1oc2c(=O)ccsc2s1,aryne_6860,O=c1oc2c(=O)c#csc2s1
6860,arene_6255,O=c1ccn2c(=O)[nH]c(=O)n2o1,aryne_6861,O=c1c#cn2c(=O)[nH]c(=O)n2o1
6861,arene_6256,O=c1ccn2c(=O)[nH]nnc2c1,aryne_6862,O=c1c#cn2c(=O)[nH]nnc2c1
6862,arene_6257,O=c1cc2c(=O)ccon2nn1,aryne_6863,O=c1cc2c(=O)c#con2nn1
6863,arene_6258,O=c1occ2cc[nH]n2c1=O,aryne_6864,O=c1occ2c#c[nH]n2c1=O
6864,arene_6259,O=c1ccnc2ocnn12,aryne_6865,O=c1c#cnc2ocnn12
6865,arene_6260,O=c1sccc2cn[nH]c12,aryne_6866,O=c1sc#cc2cn[nH]c12
6866,arene_6261,O=c1ccoc2nnccc12,aryne_6867,O=c1c#coc2nnccc12
6867,arene_6261,O=c1ccoc2nnccc12,aryne_6868,O=c1ccoc2nnc#cc12
6868,arene_6262,O=c1[nH]c(=O)c2[nH]ccc(=O)c2s1,aryne_6869,O=c1[nH]c(=O)c2[nH]c#cc(=O)c2s1
6869,arene_6264,O=c1ccnc2nnsn12,aryne_6870,O=c1c#cnc2nnsn12
6870,arene_6265,O=c1nn[nH]c2ccccc12,aryne_6871,O=c1nn[nH]c2c#cccc12
6871,arene_6265,O=c1nn[nH]c2ccccc12,aryne_6872,O=c1nn[nH]c2cc#ccc12
6872,arene_6265,O=c1nn[nH]c2ccccc12,aryne_6873,O=c1nn[nH]c2ccc#cc12
6873,arene_6266,O=c1ccn2ncsc(=O)c2c1,aryne_6874,O=c1c#cn2ncsc(=O)c2c1
6874,arene_6267,c1cn2sncoc-2co1,aryne_6875,c1occ2ocnsn-2c#1
6875,arene_6268,O=c1oc2ccoc(=O)c2sc1=O,aryne_6876,O=c1oc2c#coc(=O)c2sc1=O
6876,arene_6269,O=c1[nH]nc2ccoc(=O)n12,aryne_6877,O=c1[nH]nc2c#coc(=O)n12
6877,arene_6270,c1csnn1,aryne_6878,c1nnsc#1
6878,arene_6271,c1cc2cocc2[nH]1,aryne_6879,c1[nH]c2cocc2c#1
6879,arene_6272,O=c1ncn2occon2s1,aryne_6880,O=c1ncn2oc#con2s1
6880,arene_6273,O=c1ccn2oc(=O)sc2c1,aryne_6881,O=c1c#cn2oc(=O)sc2c1
6881,arene_6274,O=c1cccc2cncnn12,aryne_6882,O=c1c#ccc2cncnn12
6882,arene_6275,O=c1ccc2[nH]c(=O)c(=O)oc2[nH]1,aryne_6883,O=c1c#cc2[nH]c(=O)c(=O)oc2[nH]1
6883,arene_6276,O=c1cnsc2c(=O)sccc12,aryne_6884,O=c1cnsc2c(=O)sc#cc12
6884,arene_6278,O=c1cc2ccc(=O)c(=O)c-2cc1=O,aryne_6885,O=c1c#cc2cc(=O)c(=O)cc-2c1=O
6885,arene_6279,O=c1ccc2oc(=O)cnc2[nH]1,aryne_6886,O=c1c#cc2oc(=O)cnc2[nH]1
6886,arene_6280,O=c1cc[nH]n2c(=O)cnn12,aryne_6887,O=c1c#c[nH]n2c(=O)cnn12
6887,arene_6281,c1csc2connn-2[nH]1,aryne_6888,c1[nH]n2nnocc-2sc#1
6888,arene_6282,O=c1cnn2c(=O)ccsc2n1,aryne_6889,O=c1cnn2c(=O)c#csc2n1
6889,arene_6283,O=c1ccsc2c(=O)[nH]nnc12,aryne_6890,O=c1c#csc2c(=O)[nH]nnc12
6890,arene_6284,O=c1[nH]c(=O)n2c(=O)occn12,aryne_6891,O=c1[nH]c(=O)n2c(=O)oc#cn12
6891,arene_6285,O=c1ccoc2cncn12,aryne_6892,O=c1c#coc2cncn12
6892,arene_6286,O=c1sncc2occc12,aryne_6893,O=c1sncc2oc#cc12
6893,arene_6287,O=c1nnn2c(=O)[nH]ccc2n1,aryne_6894,O=c1nnn2c(=O)[nH]c#cc2n1
6894,arene_6288,O=c1cc2[nH]ccc(=O)n2nn1,aryne_6895,O=c1cc2[nH]c#cc(=O)n2nn1
6895,arene_6289,O=c1oc(=O)n2[nH]ccc(=O)n2c1=O,aryne_6896,O=c1oc(=O)n2[nH]c#cc(=O)n2c1=O
6896,arene_6290,c1csn2cc[nH]n2[nH]1,aryne_6897,c1[nH]n2[nH]ccn2sc#1
6897,arene_6290,c1csn2cc[nH]n2[nH]1,aryne_6898,c1[nH]n2[nH]ccsn2c#1
6898,arene_6291,O=c1ocnc2cccnc12,aryne_6899,O=c1ocnc2c#ccnc12
6899,arene_6291,O=c1ocnc2cccnc12,aryne_6900,O=c1ocnc2cc#cnc12
6900,arene_6292,O=c1sccn2cccc12,aryne_6901,O=c1sc#cn2cccc12
6901,arene_6292,O=c1sccn2cccc12,aryne_6902,O=c1sccn2c#ccc12
6902,arene_6293,O=c1nnn2c(=O)ccn2s1,aryne_6903,O=c1nnn2c(=O)c#cn2s1
6903,arene_6294,c1n[nH]c2nsccn-2[nH]1,aryne_6904,c1snc2[nH]nc[nH]n-2c#1
6904,arene_6295,O=c1oc(=O)n2c(=O)occn12,aryne_6905,O=c1oc(=O)n2c(=O)oc#cn12
6905,arene_6296,O=c1cc2cnccc2ns1,aryne_6906,O=c1cc2cnc#cc2ns1
6906,arene_6297,O=c1nc2occn2c(=O)s1,aryne_6907,O=c1nc2oc#cn2c(=O)s1
6907,arene_6298,O=c1cc[nH]c2nscc12,aryne_6908,O=c1c#c[nH]c2nscc12
6908,arene_6299,O=c1cncc2ccsn12,aryne_6909,O=c1cncc2c#csn12
6909,arene_6300,O=c1sn2nnccn2c1=O,aryne_6910,O=c1sn2nnc#cn2c1=O
6910,arene_6301,O=c1cc[nH]c2ccnnc12,aryne_6911,O=c1c#c[nH]c2ccnnc12
6911,arene_6301,O=c1cc[nH]c2ccnnc12,aryne_6912,O=c1cc[nH]c2c#cnnc12
6912,arene_6302,c1cnc2occc2n1,aryne_6913,c1nc2ccoc2nc#1
6913,arene_6302,c1cnc2occc2n1,aryne_6914,c1oc2nccnc2c#1
6914,arene_6303,O=c1[nH]cc2c(=O)occn2c1=O,aryne_6915,O=c1[nH]cc2c(=O)oc#cn2c1=O
6915,arene_6304,O=c1cc[nH]c2onnc(=O)c12,aryne_6916,O=c1c#c[nH]c2onnc(=O)c12
6916,arene_6305,O=c1[nH]c2cccnc2[nH]1,aryne_6917,O=c1[nH]c2c#ccnc2[nH]1
6917,arene_6305,O=c1[nH]c2cccnc2[nH]1,aryne_6918,O=c1[nH]c2cc#cnc2[nH]1
6918,arene_6306,O=c1sc(=O)c(=O)c2occoc1=2,aryne_6919,O=c1sc(=O)c(=O)c2oc#coc1=2
6919,arene_6307,O=c1nc2ccccc2co1,aryne_6920,O=c1nc2c#cccc2co1
6920,arene_6307,O=c1nc2ccccc2co1,aryne_6921,O=c1nc2ccc#cc2co1
6921,arene_6308,c1coc2c[nH]nnn-2[nH]1,aryne_6922,c1[nH]n2nn[nH]cc-2oc#1
6922,arene_6309,O=c1ccoc2sccc12,aryne_6923,O=c1c#coc2sccc12
6923,arene_6309,O=c1ccoc2sccc12,aryne_6924,O=c1ccoc2sc#cc12
6924,arene_6310,O=c1ncn2c(=O)ccoc2n1,aryne_6925,O=c1ncn2c(=O)c#coc2n1
6925,arene_6312,O=c1ccc2nncc(=O)n2o1,aryne_6926,O=c1c#cc2nncc(=O)n2o1
6926,arene_6313,O=c1[nH]c(=O)n2[nH]ccn12,aryne_6927,O=c1[nH]c(=O)n2[nH]c#cn12
6927,arene_6314,O=c1ccn2[nH]ncon2o1,aryne_6928,O=c1c#cn2[nH]ncon2o1
6928,arene_6315,O=c1ccsn2c(=O)cncc12,aryne_6929,O=c1c#csn2c(=O)cncc12
6929,arene_6316,O=c1cccc2onnc(=O)n12,aryne_6930,O=c1c#ccc2onnc(=O)n12
6930,arene_6317,O=c1[nH]cnc2ccoc(=O)c12,aryne_6931,O=c1[nH]cnc2c#coc(=O)c12
6931,arene_6318,c1cc2nncnc2cn1,aryne_6932,c1ncc2ncnnc2c#1
6932,arene_6319,O=c1ccc2c(=O)nnsc2s1,aryne_6933,O=c1c#cc2c(=O)nnsc2s1
6933,arene_6320,O=c1ccn2cc[nH]cc-2c1=O,aryne_6934,O=c1c#cn2cc[nH]cc-2c1=O
6934,arene_6320,O=c1ccn2cc[nH]cc-2c1=O,aryne_6935,O=c1ccn2c#c[nH]cc-2c1=O
6935,arene_6321,O=c1occn2occsn12,aryne_6936,O=c1oc#cn2occsn12
6936,arene_6321,O=c1occn2occsn12,aryne_6937,O=c1occn2oc#csn12
6937,arene_6322,O=c1cnn2occc(=O)c2c1,aryne_6938,O=c1cnn2oc#cc(=O)c2c1
6938,arene_6323,O=c1ccc2oc(=O)ncc2o1,aryne_6939,O=c1c#cc2oc(=O)ncc2o1
6939,arene_6325,c1csn2cn[nH]cc-2[nH]1,aryne_6940,c1[nH]c2c[nH]ncn-2sc#1
6940,arene_6326,O=c1ccn2ocnc(=O)c2c1,aryne_6941,O=c1c#cn2ocnc(=O)c2c1
6941,arene_6327,c1cn2onnsc-2cs1,aryne_6942,c1scc2snnon-2c#1
6942,arene_6328,O=c1snc2ccsc(=O)n2c1=O,aryne_6943,O=c1snc2c#csc(=O)n2c1=O
6943,arene_6329,O=c1cnc(=O)n2ccocc1-2,aryne_6944,O=c1cnc(=O)n2c#cocc1-2
6944,arene_6330,O=c1ccc(=O)c2snc[nH]c1=2,aryne_6945,O=c1c#cc(=O)c2snc[nH]c1=2
6945,arene_6331,O=c1c(=O)n2[nH]ccon2c1=O,aryne_6946,O=c1c(=O)n2[nH]c#con2c1=O
6946,arene_6332,c1csc2onn[nH]c=2o1,aryne_6947,c1oc2[nH]nnoc=2sc#1
6947,arene_6333,O=c1ncc2occoc=2c1=O,aryne_6948,O=c1ncc2oc#coc=2c1=O
6948,arene_6334,O=c1cnsc2sccc12,aryne_6949,O=c1cnsc2sc#cc12
6949,arene_6335,O=c1cc2c(=O)occn2nn1,aryne_6950,O=c1cc2c(=O)oc#cn2nn1
6950,arene_6336,O=c1nc2occ[nH]n-2c1=O,aryne_6951,O=c1nc2oc#c[nH]n-2c1=O
6951,arene_6337,c1cnc2c[nH]nc2c1,aryne_6952,c1cnc2c[nH]nc2c#1
6952,arene_6338,O=c1oc2ncccc2sc1=O,aryne_6953,O=c1oc2nc#ccc2sc1=O
6953,arene_6338,O=c1oc2ncccc2sc1=O,aryne_6954,O=c1oc2ncc#cc2sc1=O
6954,arene_6339,O=c1ccc2scnoc=2c1=O,aryne_6955,O=c1c#cc2scnoc=2c1=O
6955,arene_6340,O=c1ccn2[nH]nnsn2s1,aryne_6956,O=c1c#cn2[nH]nnsn2s1
6956,arene_6341,O=c1cc2ccncn2nn1,aryne_6957,O=c1cc2c#cncn2nn1
6957,arene_6342,O=c1ccon2[nH]cn[nH]n12,aryne_6958,O=c1c#con2[nH]cn[nH]n12
6958,arene_6343,O=c1ncc2c(=O)cc[nH]c2s1,aryne_6959,O=c1ncc2c(=O)c#c[nH]c2s1
6959,arene_6344,O=c1cnsn2[nH]cc[nH]n12,aryne_6960,O=c1cnsn2[nH]c#c[nH]n12
6960,arene_6345,O=c1ccc2c(=O)[nH]nnc2s1,aryne_6961,O=c1c#cc2c(=O)[nH]nnc2s1
6961,arene_6346,O=c1ccn2nccnc2c1,aryne_6962,O=c1c#cn2nccnc2c1
6962,arene_6347,O=c1occ2nnccn2c1=O,aryne_6963,O=c1occ2nnc#cn2c1=O
6963,arene_6348,O=c1cnoc2ccncc12,aryne_6964,O=c1cnoc2c#cncc12
6964,arene_6349,O=c1ccc2nncc(=O)n2[nH]1,aryne_6965,O=c1c#cc2nncc(=O)n2[nH]1
6965,arene_6350,O=c1snc2ccncn12,aryne_6966,O=c1snc2c#cncn12
6966,arene_6352,O=c1cnc2scc[nH]c=2c1=O,aryne_6967,O=c1cnc2sc#c[nH]c=2c1=O
6967,arene_6353,O=c1cnon2scc[nH]n12,aryne_6968,O=c1cnon2sc#c[nH]n12
6968,arene_6354,O=c1nc[nH]n2occon12,aryne_6969,O=c1nc[nH]n2oc#con12
6969,arene_6355,O=c1[nH]c(=O)n2sccsn2s1,aryne_6970,O=c1[nH]c(=O)n2sc#csn2s1
6970,arene_6356,c1csc2sncsc=2o1,aryne_6971,c1oc2scnsc=2sc#1
6971,arene_6358,O=c1occn2onc[nH]n12,aryne_6972,O=c1oc#cn2onc[nH]n12
6972,arene_6359,O=c1cc2c(=O)[nH]ccc2n[nH]1,aryne_6973,O=c1cc2c(=O)[nH]c#cc2n[nH]1
6973,arene_6360,O=c1cn[nH]c2nccnc12,aryne_6974,O=c1cn[nH]c2nc#cnc12
6974,arene_6361,O=c1cnn2cnccn12,aryne_6975,O=c1cnn2cnc#cn12
6975,arene_6362,O=c1[nH]ccn2snn[nH]n12,aryne_6976,O=c1[nH]c#cn2snn[nH]n12
6976,arene_6363,c1coc2nsccn-2[nH]1,aryne_6977,c1[nH]n2ccsnc-2oc#1
6977,arene_6363,c1coc2nsccn-2[nH]1,aryne_6978,c1snc2occ[nH]n-2c#1
6978,arene_6364,O=c1ccn2c(=O)c(=O)nc-2c1=O,aryne_6979,O=c1c#cn2c(=O)c(=O)nc-2c1=O
6979,arene_6365,O=c1ccsc2ncnnc12,aryne_6980,O=c1c#csc2ncnnc12
6980,arene_6366,O=c1nn[nH]c2c(=O)occc12,aryne_6981,O=c1nn[nH]c2c(=O)oc#cc12
6981,arene_6367,O=c1[nH]ccn2scc[nH]n12,aryne_6982,O=c1[nH]c#cn2scc[nH]n12
6982,arene_6367,O=c1[nH]ccn2scc[nH]n12,aryne_6983,O=c1[nH]ccn2sc#c[nH]n12
6983,arene_6368,O=c1cnc(=O)n2c(=O)ccsn12,aryne_6984,O=c1cnc(=O)n2c(=O)c#csn12
6984,arene_6369,O=c1nc2c(=O)sccc2ns1,aryne_6985,O=c1nc2c(=O)sc#cc2ns1
6985,arene_6370,O=c1ccc2cncnc2s1,aryne_6986,O=c1c#cc2cncnc2s1
6986,arene_6371,O=c1ccn2c(=O)nnoc2n1,aryne_6987,O=c1c#cn2c(=O)nnoc2n1
6987,arene_6372,O=c1cc2nnccc2co1,aryne_6988,O=c1cc2nnc#cc2co1
6988,arene_6373,O=c1cc2sccc2n[nH]1,aryne_6989,O=c1cc2sc#cc2n[nH]1
6989,arene_6374,O=c1ccc2oc(=O)sc(=O)c2o1,aryne_6990,O=c1c#cc2oc(=O)sc(=O)c2o1
6990,arene_6376,O=c1ccc2c(=O)ncoc2s1,aryne_6991,O=c1c#cc2c(=O)ncoc2s1
6991,arene_6377,O=c1cccc2[nH]ccc(=O)n12,aryne_6992,O=c1c#ccc2[nH]ccc(=O)n12
6992,arene_6377,O=c1cccc2[nH]ccc(=O)n12,aryne_6993,O=c1c#c[nH]c2cccc(=O)n12
6993,arene_6378,O=c1ccn2c(=O)oncn2c1=O,aryne_6994,O=c1c#cn2c(=O)oncn2c1=O
6994,arene_6379,O=c1[nH]c(=O)c2[nH]ccc2s1,aryne_6995,O=c1[nH]c(=O)c2[nH]c#cc2s1
6995,arene_6380,c1ccc2scnc2c1,aryne_6996,c1cc2ncsc2cc#1
6996,arene_6380,c1ccc2scnc2c1,aryne_6997,c1ccc2scnc2c#1
6997,arene_6380,c1ccc2scnc2c1,aryne_6998,c1ccc2ncsc2c#1
6998,arene_6381,O=c1sncc2ccncc12,aryne_6999,O=c1sncc2c#cncc12
6999,arene_6382,O=c1[nH]cnc2cccn12,aryne_7000,O=c1[nH]cnc2cc#cn12
7000,arene_6383,O=c1cc2c(=O)occc2ns1,aryne_7001,O=c1cc2c(=O)oc#cc2ns1
7001,arene_6384,c1cnn2occ[nH]n2n1,aryne_7002,c1[nH]n2nccnn2oc#1
7002,arene_6385,O=c1ccc2n[nH]c(=O)nc2[nH]1,aryne_7003,O=c1c#cc2n[nH]c(=O)nc2[nH]1
7003,arene_6386,O=c1nnc2sccsc1=2,aryne_7004,O=c1nnc2sc#csc1=2
7004,arene_6387,O=c1ccc2sc(=O)ccc2[nH]1,aryne_7005,O=c1c#cc2sc(=O)ccc2[nH]1
7005,arene_6387,O=c1ccc2sc(=O)ccc2[nH]1,aryne_7006,O=c1ccc2sc(=O)c#cc2[nH]1
7006,arene_6388,O=c1oc2sccoc=2c(=O)c1=O,aryne_7007,O=c1oc2sc#coc=2c(=O)c1=O
7007,arene_6389,O=c1ccn2cccc2[nH]1,aryne_7008,O=c1c#cn2cccc2[nH]1
7008,arene_6389,O=c1ccn2cccc2[nH]1,aryne_7009,O=c1ccn2c#ccc2[nH]1
7009,arene_6390,O=c1ccn2c(=O)c(=O)on2[nH]1,aryne_7010,O=c1c#cn2c(=O)c(=O)on2[nH]1
7010,arene_6391,c1nnc2[nH]ccc2n1,aryne_7011,c1[nH]c2nncnc2c#1
7011,arene_6392,O=c1[nH]c(=O)c2c(=O)cc[nH]c2s1,aryne_7012,O=c1[nH]c(=O)c2c(=O)c#c[nH]c2s1
7012,arene_6393,O=c1ccn2cccc2s1,aryne_7013,O=c1c#cn2cccc2s1
7013,arene_6393,O=c1ccn2cccc2s1,aryne_7014,O=c1ccn2c#ccc2s1
7014,arene_6394,O=c1cc2cc[nH]c(=O)c2n[nH]1,aryne_7015,O=c1cc2c#c[nH]c(=O)c2n[nH]1
7015,arene_6395,O=c1nnoc2nnccc12,aryne_7016,O=c1nnoc2nnc#cc12
7016,arene_6396,O=c1ccsc2c(=O)nc[nH]c12,aryne_7017,O=c1c#csc2c(=O)nc[nH]c12
7017,arene_6397,O=c1[nH]c2cnccc2sc1=O,aryne_7018,O=c1[nH]c2cnc#cc2sc1=O
7018,arene_6398,c1cc2nccnn2c1,aryne_7019,c1cc2nccnn2c#1
7019,arene_6399,O=c1cnoc2ccsc(=O)c12,aryne_7020,O=c1cnoc2c#csc(=O)c12
7020,arene_6400,O=c1[nH]c(=O)c2ccsc(=O)c2s1,aryne_7021,O=c1[nH]c(=O)c2c#csc(=O)c2s1
7021,arene_6401,O=c1ccc(=O)c2snnsc1=2,aryne_7022,O=c1c#cc(=O)c2snnsc1=2
7022,arene_6402,O=c1ncn2ccsc(=O)c2n1,aryne_7023,O=c1ncn2c#csc(=O)c2n1
7023,arene_6403,O=c1ccn2[nH]c(=O)c(=O)n2o1,aryne_7024,O=c1c#cn2[nH]c(=O)c(=O)n2o1
7024,arene_6404,O=c1on2occsn2s1,aryne_7025,O=c1on2oc#csn2s1
7025,arene_6405,O=c1ccoc2cccn12,aryne_7026,O=c1c#coc2cccn12
7026,arene_6405,O=c1ccoc2cccn12,aryne_7027,O=c1ccoc2cc#cn12
7027,arene_6406,O=c1ccc2c(=O)ccoc2[nH]1,aryne_7028,O=c1c#cc2c(=O)ccoc2[nH]1
7028,arene_6406,O=c1ccc2c(=O)ccoc2[nH]1,aryne_7029,O=c1ccc2c(=O)c#coc2[nH]1
7029,arene_6407,O=c1ccn2c(=O)[nH]cc2[nH]1,aryne_7030,O=c1c#cn2c(=O)[nH]cc2[nH]1
7030,arene_6408,O=c1ncc2ccc(=O)oc2[nH]1,aryne_7031,O=c1ncc2c#cc(=O)oc2[nH]1
7031,arene_6409,c1cc2ccsn2c1,aryne_7032,c1cc2ccsn2c#1
7032,arene_6409,c1cc2ccsn2c1,aryne_7033,c1sn2cccc2c#1
7033,arene_6410,O=c1ccn2occc(=O)c2c1,aryne_7034,O=c1c#cn2occc(=O)c2c1
7034,arene_6410,O=c1ccn2occc(=O)c2c1,aryne_7035,O=c1ccn2oc#cc(=O)c2c1
7035,arene_6411,O=c1nnc2ccncc2[nH]1,aryne_7036,O=c1nnc2c#cncc2[nH]1
7036,arene_6412,O=c1[nH]c(=O)c2sc(=O)ccc2[nH]1,aryne_7037,O=c1[nH]c(=O)c2sc(=O)c#cc2[nH]1
7037,arene_6413,O=c1nc2ccsc2c[nH]1,aryne_7038,O=c1nc2c#csc2c[nH]1
7038,arene_6414,O=c1nn[nH]n2ccnc12,aryne_7039,O=c1nn[nH]n2c#cnc12
7039,arene_6416,c1cnn2scnon2c1,aryne_7040,c1cnn2scnon2c#1
7040,arene_6417,O=c1ccc2c(=O)[nH]nnc2[nH]1,aryne_7041,O=c1c#cc2c(=O)[nH]nnc2[nH]1
7041,arene_6418,O=c1cnnc2cnccn12,aryne_7042,O=c1cnnc2cnc#cn12
7042,arene_6419,O=c1cnn2ccccn12,aryne_7043,O=c1cnn2c#cccn12
7043,arene_6419,O=c1cnn2ccccn12,aryne_7044,O=c1cnn2ccc#cn12
7044,arene_6420,O=c1cc2sccc(=O)c2c[nH]1,aryne_7045,O=c1cc2sc#cc(=O)c2c[nH]1
7045,arene_6421,O=c1[nH]c(=O)n2sccsn2[nH]1,aryne_7046,O=c1[nH]c(=O)n2sc#csn2[nH]1
7046,arene_6422,O=c1cc2[nH]ccc(=O)n2cn1,aryne_7047,O=c1cc2[nH]c#cc(=O)n2cn1
7047,arene_6423,O=c1ccnc2ccon12,aryne_7048,O=c1c#cnc2ccon12
7048,arene_6423,O=c1ccnc2ccon12,aryne_7049,O=c1ccnc2c#con12
7049,arene_6424,c1n[nH]n2sccn2o1,aryne_7050,c1sn2[nH]ncon2c#1
7050,arene_6425,O=c1ccc2sccc2o1,aryne_7051,O=c1c#cc2sccc2o1
7051,arene_6425,O=c1ccc2sccc2o1,aryne_7052,O=c1ccc2sc#cc2o1
7052,arene_6426,O=c1ccc2c(=O)oncc2o1,aryne_7053,O=c1c#cc2c(=O)oncc2o1
7053,arene_6427,O=c1snc2ccon2c1=O,aryne_7054,O=c1snc2c#con2c1=O
7054,arene_6428,O=c1ccsc2cscc12,aryne_7055,O=c1c#csc2cscc12
7055,arene_6429,O=c1ccn2snnsn2o1,aryne_7056,O=c1c#cn2snnsn2o1
7056,arene_6430,O=c1[nH]nnc2cccnc12,aryne_7057,O=c1[nH]nnc2c#ccnc12
7057,arene_6430,O=c1[nH]nnc2cccnc12,aryne_7058,O=c1[nH]nnc2cc#cnc12
7058,arene_6431,O=c1on2ccc(=O)c(=O)n2o1,aryne_7059,O=c1on2c#cc(=O)c(=O)n2o1
7059,arene_6432,O=c1ccc(=O)n2c(=O)scnn12,aryne_7060,O=c1c#cc(=O)n2c(=O)scnn12
7060,arene_6433,O=c1oc(=O)c2cccnc2o1,aryne_7061,O=c1oc(=O)c2c#ccnc2o1
7061,arene_6433,O=c1oc(=O)c2cccnc2o1,aryne_7062,O=c1oc(=O)c2cc#cnc2o1
7062,arene_6434,O=c1ccc2sc(=O)sc2o1,aryne_7063,O=c1c#cc2sc(=O)sc2o1
7063,arene_6435,c1ccn2nnnc2c1,aryne_7064,c1ccn2nnnc2c#1
7064,arene_6435,c1ccn2nnnc2c1,aryne_7065,c1ccc2nnnn2c#1
7065,arene_6436,O=c1ccsn2nncc12,aryne_7066,O=c1c#csn2nncc12
7066,arene_6437,O=c1[nH]cc2ncccn2c1=O,aryne_7067,O=c1[nH]cc2ncc#cn2c1=O
7067,arene_6438,O=c1occn2sncon12,aryne_7068,O=c1oc#cn2sncon12
7068,arene_6439,O=c1cnc2ncccc2o1,aryne_7069,O=c1cnc2nc#ccc2o1
7069,arene_6439,O=c1cnc2ncccc2o1,aryne_7070,O=c1cnc2ncc#cc2o1
7070,arene_6440,O=c1ccn2nnoc2c1,aryne_7071,O=c1c#cn2nnoc2c1
7071,arene_6441,O=c1sc(=O)c(=O)c2scc[nH]c1=2,aryne_7072,O=c1sc(=O)c(=O)c2sc#c[nH]c1=2
7072,arene_6442,c1c[nH]c2onc[nH]c=2[nH]1,aryne_7073,c1[nH]c2[nH]cnoc=2[nH]c#1
7073,arene_6443,O=c1nccc[nH]1,aryne_7074,O=c1ncc#c[nH]1
7074,arene_6444,O=c1[nH]n2sccon2oc1=O,aryne_7075,O=c1[nH]n2sc#con2oc1=O
7075,arene_6445,c1cc2ccsc2[nH]1,aryne_7076,c1[nH]c2sccc2c#1
7076,arene_6445,c1cc2ccsc2[nH]1,aryne_7077,c1sc2[nH]ccc2c#1
7077,arene_6446,O=c1ccn2[nH]c(=O)c(=O)[nH]n2c1=O,aryne_7078,O=c1c#cn2[nH]c(=O)c(=O)[nH]n2c1=O
7078,arene_6447,O=c1ccc2c(=O)cnsc2s1,aryne_7079,O=c1c#cc2c(=O)cnsc2s1
7079,arene_6448,O=c1ncsc2sccc12,aryne_7080,O=c1ncsc2sc#cc12
7080,arene_6449,O=c1nccc2cccnn12,aryne_7081,O=c1nccc2c#ccnn12
7081,arene_6450,c1cscn1,aryne_7082,c1ncsc#1
7082,arene_6451,O=c1nc2c(=O)occc2n[nH]1,aryne_7083,O=c1nc2c(=O)oc#cc2n[nH]1
7083,arene_6452,c1noc2nsccn-2[nH]1,aryne_7084,c1snc2onc[nH]n-2c#1
7084,arene_6453,c1noc2csccn-2[nH]1,aryne_7085,c1scc2onc[nH]n-2c#1
7085,arene_6454,O=c1nnon2ccnc12,aryne_7086,O=c1nnon2c#cnc12
7086,arene_6455,O=c1cc[nH]cc1,aryne_7087,O=c1c#c[nH]cc1
7087,arene_6456,O=c1nnnc2cnccn12,aryne_7088,O=c1nnnc2cnc#cn12
7088,arene_6458,O=c1sc(=O)c2nccnc2s1,aryne_7089,O=c1sc(=O)c2nc#cnc2s1
7089,arene_6459,O=c1cc[nH]n2c(=O)cnnc12,aryne_7090,O=c1c#c[nH]n2c(=O)cnnc12
7090,arene_6461,O=c1cnsc2ncccc12,aryne_7091,O=c1cnsc2nc#ccc12
7091,arene_6461,O=c1cnsc2ncccc12,aryne_7092,O=c1cnsc2ncc#cc12
7092,arene_6462,O=c1cc2occ[nH]n-2c1=O,aryne_7093,O=c1cc2oc#c[nH]n-2c1=O
7093,arene_6463,O=c1nnn2ccsnc1-2,aryne_7094,O=c1nnn2c#csnc1-2
7094,arene_6464,c1cc2c[nH]cc2s1,aryne_7095,c1sc2c[nH]cc2c#1
7095,arene_6465,O=c1[nH]n2ccnc2o1,aryne_7096,O=c1[nH]n2c#cnc2o1
7096,arene_6466,O=c1ccc2c(=O)cnsc2[nH]1,aryne_7097,O=c1c#cc2c(=O)cnsc2[nH]1
7097,arene_6467,O=c1cnn2ccc(=O)[nH]c2c1,aryne_7098,O=c1cnn2c#cc(=O)[nH]c2c1
7098,arene_6468,O=c1snc2ccccn12,aryne_7099,O=c1snc2c#cccn12
7099,arene_6468,O=c1snc2ccccn12,aryne_7100,O=c1snc2ccc#cn12
7100,arene_6469,O=c1[nH]n2occn2c(=O)c1=O,aryne_7101,O=c1[nH]n2oc#cn2c(=O)c1=O
7101,arene_6470,O=c1ncc2cccc(=O)n2s1,aryne_7102,O=c1ncc2cc#cc(=O)n2s1
7102,arene_6471,O=c1cc2ccsn2c(=O)s1,aryne_7103,O=c1cc2c#csn2c(=O)s1
7103,arene_6472,O=c1nnc(=O)n2c(=O)ccsn12,aryne_7104,O=c1nnc(=O)n2c(=O)c#csn12
7104,arene_6473,O=c1c(=O)c(=O)c2nnccc2c1=O,aryne_7105,O=c1c(=O)c(=O)c2nnc#cc2c1=O
7105,arene_6474,c1cnc2ccnnc2c1,aryne_7106,c1cc2nnccc2nc#1
7106,arene_6474,c1cnc2ccnnc2c1,aryne_7107,c1cnc2ccnnc2c#1
7107,arene_6474,c1cnc2ccnnc2c1,aryne_7108,c1nnc2cccnc2c#1
7108,arene_6475,O=c1occc2n[nH]nc12,aryne_7109,O=c1oc#cc2n[nH]nc12
7109,arene_6476,O=c1sc(=O)n2cnccn12,aryne_7110,O=c1sc(=O)n2cnc#cn12
7110,arene_6478,O=c1cnnc2ccsn12,aryne_7111,O=c1cnnc2c#csn12
7111,arene_6479,O=c1ncc2[nH]ccoc1=2,aryne_7112,O=c1ncc2[nH]c#coc1=2
7112,arene_6480,c1con2cnocc-2o1,aryne_7113,c1oc2concn-2oc#1
7113,arene_6481,O=c1ccc2coc(=O)cc2[nH]1,aryne_7114,O=c1c#cc2coc(=O)cc2[nH]1
7114,arene_6482,O=c1cc2cc[nH]c2co1,aryne_7115,O=c1cc2c#c[nH]c2co1
7115,arene_6483,O=c1cnc2cccc(=O)n2o1,aryne_7116,O=c1cnc2cc#cc(=O)n2o1
7116,arene_6484,O=c1cc2c(=O)ccon2c(=O)o1,aryne_7117,O=c1cc2c(=O)c#con2c(=O)o1
7117,arene_6485,O=c1nnc(=O)c2scc[nH]c1=2,aryne_7118,O=c1nnc(=O)c2sc#c[nH]c1=2
7118,arene_6486,O=c1cnc2sccoc1=2,aryne_7119,O=c1cnc2sc#coc1=2
7119,arene_6487,O=c1scnc2ncccc12,aryne_7120,O=c1scnc2nc#ccc12
7120,arene_6487,O=c1scnc2ncccc12,aryne_7121,O=c1scnc2ncc#cc12
7121,arene_6488,O=c1ccsc2nncn12,aryne_7122,O=c1c#csc2nncn12
7122,arene_6489,O=c1ncnc2sccn12,aryne_7123,O=c1ncnc2sc#cn12
7123,arene_6490,O=c1ccn2[nH]c(=O)c(=O)c(=O)n2[nH]1,aryne_7124,O=c1c#cn2[nH]c(=O)c(=O)c(=O)n2[nH]1
7124,arene_6491,O=c1[nH]c2cccnc2c(=O)o1,aryne_7125,O=c1[nH]c2c#ccnc2c(=O)o1
7125,arene_6491,O=c1[nH]c2cccnc2c(=O)o1,aryne_7126,O=c1[nH]c2cc#cnc2c(=O)o1
7126,arene_6492,O=c1ccc2connn-2c1=O,aryne_7127,O=c1c#cc2connn-2c1=O
7127,arene_6493,O=c1[nH]n2occ[nH]n2c(=O)o1,aryne_7128,O=c1[nH]n2oc#c[nH]n2c(=O)o1
7128,arene_6494,O=c1on2c(=O)ccn2c(=O)s1,aryne_7129,O=c1on2c(=O)c#cn2c(=O)s1
7129,arene_6495,O=c1ccc2oc(=O)[nH]c(=O)c2o1,aryne_7130,O=c1c#cc2oc(=O)[nH]c(=O)c2o1
7130,arene_6496,O=c1nc2occc2no1,aryne_7131,O=c1nc2oc#cc2no1
7131,arene_6497,O=c1ccn2c(=O)oc(=O)[nH]c2c1,aryne_7132,O=c1c#cn2c(=O)oc(=O)[nH]c2c1
7132,arene_6498,O=c1ccn2c(=O)ncc(=O)n2s1,aryne_7133,O=c1c#cn2c(=O)ncc(=O)n2s1
7133,arene_6499,O=c1sccn2[nH]nnsn12,aryne_7134,O=c1sc#cn2[nH]nnsn12
7134,arene_6500,O=c1cnsc2ccsc(=O)c12,aryne_7135,O=c1cnsc2c#csc(=O)c12
7135,arene_6501,O=c1ccn2oc(=O)c(=O)c(=O)n2[nH]1,aryne_7136,O=c1c#cn2oc(=O)c(=O)c(=O)n2[nH]1
7136,arene_6502,O=c1ncn2ccoc2n1,aryne_7137,O=c1ncn2c#coc2n1
7137,arene_6503,O=c1ncon2c(=O)cccc12,aryne_7138,O=c1ncon2c(=O)c#ccc12
7138,arene_6504,O=c1ccn2nnncc2c1,aryne_7139,O=c1c#cn2nnncc2c1
7139,arene_6505,O=c1[nH]c2cc[nH]c2c(=O)s1,aryne_7140,O=c1[nH]c2c#c[nH]c2c(=O)s1
7140,arene_6506,c1con2ccsnc-2[nH]1,aryne_7141,c1[nH]c2nsccn-2oc#1
7141,arene_6506,c1con2ccsnc-2[nH]1,aryne_7142,c1snc2[nH]ccon-2c#1
7142,arene_6507,c1cnc2csnc2c1,aryne_7143,c1cnc2csnc2c#1
7143,arene_6508,c1cn2oncoc-2co1,aryne_7144,c1occ2ocnon-2c#1
7144,arene_6509,O=c1cc[nH]n2c(=O)ncnc12,aryne_7145,O=c1c#c[nH]n2c(=O)ncnc12
7145,arene_6510,c1cn2cnnc2o1,aryne_7146,c1oc2nncn2c#1
7146,arene_6511,O=c1ccsc2c(=O)[nH]cnc12,aryne_7147,O=c1c#csc2c(=O)[nH]cnc12
7147,arene_6512,O=c1ccc2ccoc2[nH]1,aryne_7148,O=c1c#cc2ccoc2[nH]1
7148,arene_6512,O=c1ccc2ccoc2[nH]1,aryne_7149,O=c1ccc2c#coc2[nH]1
7149,arene_6513,O=c1[nH]c(=O)n2scc[nH]n2o1,aryne_7150,O=c1[nH]c(=O)n2sc#c[nH]n2o1
7150,arene_6514,O=c1cnn2c(=O)sccc2n1,aryne_7151,O=c1cnn2c(=O)sc#cc2n1
7151,arene_6515,O=c1on2c(=O)[nH]ccn2c1=O,aryne_7152,O=c1on2c(=O)[nH]c#cn2c1=O
7152,arene_6516,O=c1ncon2c(=O)ccnc12,aryne_7153,O=c1ncon2c(=O)c#cnc12
7153,arene_6517,O=c1[nH]n2cconc-2c1=O,aryne_7154,O=c1[nH]n2c#conc-2c1=O
7154,arene_6518,c1cc2onnc2cn1,aryne_7155,c1ncc2nnoc2c#1
7155,arene_6519,O=c1cnn2c(=O)ccn2o1,aryne_7156,O=c1cnn2c(=O)c#cn2o1
7156,arene_6520,O=c1nc2nnccc2cs1,aryne_7157,O=c1nc2nnc#cc2cs1
7157,arene_6521,O=c1[nH]c(=O)n2c(=O)ccc(=O)n2o1,aryne_7158,O=c1[nH]c(=O)n2c(=O)c#cc(=O)n2o1
7158,arene_6522,O=c1cn[nH]c2ncccc12,aryne_7159,O=c1cn[nH]c2nc#ccc12
7159,arene_6522,O=c1cn[nH]c2ncccc12,aryne_7160,O=c1cn[nH]c2ncc#cc12
7160,arene_6523,c1nc2sccc2s1,aryne_7161,c1sc2ncsc2c#1
7161,arene_6524,O=c1cnc2ccncc2o1,aryne_7162,O=c1cnc2c#cncc2o1
7162,arene_6525,O=c1[nH]c2sccc(=O)c2c(=O)o1,aryne_7163,O=c1[nH]c2sc#cc(=O)c2c(=O)o1
7163,arene_6526,O=c1snc2occc(=O)n2c1=O,aryne_7164,O=c1snc2oc#cc(=O)n2c1=O
7164,arene_6527,O=c1ncoc2ccnnc12,aryne_7165,O=c1ncoc2c#cnnc12
7165,arene_6528,O=c1ncoc2cccnc12,aryne_7166,O=c1ncoc2c#ccnc12
7166,arene_6528,O=c1ncoc2cccnc12,aryne_7167,O=c1ncoc2cc#cnc12
7167,arene_6529,O=c1[nH]ncc2nccn12,aryne_7168,O=c1[nH]ncc2nc#cn12
7168,arene_6530,O=c1ccc2snnc(=O)c2o1,aryne_7169,O=c1c#cc2snnc(=O)c2o1
7169,arene_6531,O=c1ccc2c(=O)cn[nH]c2[nH]1,aryne_7170,O=c1c#cc2c(=O)cn[nH]c2[nH]1
7170,arene_6532,c1cn2occsc-2c[nH]1,aryne_7171,c1[nH]cc2sccon-2c#1
7171,arene_6532,c1cn2occsc-2c[nH]1,aryne_7172,c1on2cc[nH]cc-2sc#1
7172,arene_6533,O=c1ccc2noc(=O)c(=O)n2o1,aryne_7173,O=c1c#cc2noc(=O)c(=O)n2o1
7173,arene_6534,O=c1ccn2ccncc2c1,aryne_7174,O=c1c#cn2ccncc2c1
7174,arene_6534,O=c1ccn2ccncc2c1,aryne_7175,O=c1ccn2c#cncc2c1
7175,arene_6535,O=c1ncoc2nccnc12,aryne_7176,O=c1ncoc2nc#cnc12
7176,arene_6536,O=c1cnc(=O)n2c(=O)sccn12,aryne_7177,O=c1cnc(=O)n2c(=O)sc#cn12
7177,arene_6537,O=c1oc(=O)n2ccocc-2c1=O,aryne_7178,O=c1oc(=O)n2c#cocc-2c1=O
7178,arene_6538,c1cnc2c[nH]cc2c1,aryne_7179,c1cnc2c[nH]cc2c#1
7179,arene_6539,O=c1ccc2sncsc1=2,aryne_7180,O=c1c#cc2sncsc1=2
7180,arene_6540,O=c1ccn2c(=O)nnsc2c1,aryne_7181,O=c1c#cn2c(=O)nnsc2c1
7181,arene_6541,O=c1ccn2[nH]ccc2n1,aryne_7182,O=c1c#cn2[nH]ccc2n1
7182,arene_6541,O=c1ccn2[nH]ccc2n1,aryne_7183,O=c1ccn2[nH]c#cc2n1
7183,arene_6542,O=c1oc(=O)n2scc[nH]n2o1,aryne_7184,O=c1oc(=O)n2sc#c[nH]n2o1
7184,arene_6543,c1csn2nnonc-2o1,aryne_7185,c1oc2nonnn-2sc#1
7185,arene_6544,c1cn2nncnc2n1,aryne_7186,c1nc2ncnnn2c#1
7186,arene_6545,O=c1oc(=O)n2ccncn2c1=O,aryne_7187,O=c1oc(=O)n2c#cncn2c1=O
7187,arene_6546,O=c1nnn2ccsc(=O)n2c1=O,aryne_7188,O=c1nnn2c#csc(=O)n2c1=O
7188,arene_6547,O=c1cc2ccccn2c(=O)[nH]1,aryne_7189,O=c1cc2c#cccn2c(=O)[nH]1
7189,arene_6547,O=c1cc2ccccn2c(=O)[nH]1,aryne_7190,O=c1cc2ccc#cn2c(=O)[nH]1
7190,arene_6548,O=c1ccc2cc(=O)sc(=O)n2o1,aryne_7191,O=c1c#cc2cc(=O)sc(=O)n2o1
7191,arene_6549,O=c1oc2ccsc2oc1=O,aryne_7192,O=c1oc2c#csc2oc1=O
7192,arene_6550,c1n[nH]n2ccsnc-2o1,aryne_7193,c1snc2ocn[nH]n-2c#1
7193,arene_6551,O=c1oc(=O)c(=O)n2ccocc1-2,aryne_7194,O=c1oc(=O)c(=O)n2c#cocc1-2
7194,arene_6552,O=c1on2occsn2oc1=O,aryne_7195,O=c1on2oc#csn2oc1=O
7195,arene_6553,O=c1on2[nH]cc[nH]n2s1,aryne_7196,O=c1on2[nH]c#c[nH]n2s1
7196,arene_6554,O=c1ccc2nnc(=O)c(=O)c=2c1=O,aryne_7197,O=c1c#cc2nnc(=O)c(=O)c=2c1=O
7197,arene_6555,O=c1cc[nH]nn1,aryne_7198,O=c1c#c[nH]nn1
7198,arene_6556,O=c1cnc2c(=O)c(=O)ccc1=2,aryne_7199,O=c1c#cc2c(=O)cnc=2c1=O
7199,arene_6557,O=c1cnnc2cc[nH]n12,aryne_7200,O=c1cnnc2c#c[nH]n12
7200,arene_6558,O=c1cnc2occc(=O)c2s1,aryne_7201,O=c1cnc2oc#cc(=O)c2s1
7201,arene_6559,O=c1[nH]n2[nH]ccon2sc1=O,aryne_7202,O=c1[nH]n2[nH]c#con2sc1=O
7202,arene_6560,O=c1ccc2occsc=2c1=O,aryne_7203,O=c1c#cc2occsc=2c1=O
7203,arene_6560,O=c1ccc2occsc=2c1=O,aryne_7204,O=c1ccc2oc#csc=2c1=O
7204,arene_6561,O=c1nnc2ccccc2o1,aryne_7205,O=c1nnc2c#cccc2o1
7205,arene_6561,O=c1nnc2ccccc2o1,aryne_7206,O=c1nnc2cc#ccc2o1
7206,arene_6561,O=c1nnc2ccccc2o1,aryne_7207,O=c1nnc2ccc#cc2o1
7207,arene_6562,O=c1ccn2ocnon2o1,aryne_7208,O=c1c#cn2ocnon2o1
7208,arene_6563,O=c1ncn2sccc(=O)c2n1,aryne_7209,O=c1ncn2sc#cc(=O)c2n1
7209,arene_6564,O=c1ccn2nnc(=O)c(=O)n2o1,aryne_7210,O=c1c#cn2nnc(=O)c(=O)n2o1
7210,arene_6565,O=c1ccc(=O)c2c(=O)ncc1=2,aryne_7211,O=c1c#cc(=O)c2c(=O)ncc1=2
7211,arene_6566,O=c1oc2occ[nH]c=2c(=O)c1=O,aryne_7212,O=c1oc2oc#c[nH]c=2c(=O)c1=O
7212,arene_6567,O=c1cc2ccncc2ns1,aryne_7213,O=c1cc2c#cncc2ns1
7213,arene_6568,c1cn2oncsc-2ns1,aryne_7214,c1snc2scnon-2c#1
7214,arene_6569,O=c1cc2sccc2cs1,aryne_7215,O=c1cc2sc#cc2cs1
7215,arene_6570,O=c1ccc2csnc2o1,aryne_7216,O=c1c#cc2csnc2o1
7216,arene_6571,O=c1cc2[nH]ccoc-2cc1=O,aryne_7217,O=c1cc2[nH]c#coc-2cc1=O
7217,arene_6572,O=c1sc(=O)n2ccscc1-2,aryne_7218,O=c1sc(=O)n2c#cscc1-2
7218,arene_6573,c1cn2snc[nH]n2nn1,aryne_7219,c1nnn2[nH]cnsn2c#1
7219,arene_6574,c1csc2scnoc=2s1,aryne_7220,c1sc2oncsc=2sc#1
7220,arene_6575,O=c1nc2ccccc2n[nH]1,aryne_7221,O=c1nc2c#cccc2n[nH]1
7221,arene_6575,O=c1nc2ccccc2n[nH]1,aryne_7222,O=c1nc2ccc#cc2n[nH]1
7222,arene_6576,O=c1ccn2ccccn12,aryne_7223,O=c1c#cn2ccccn12
7223,arene_6576,O=c1ccn2ccccn12,aryne_7224,O=c1ccn2c#cccn12
7224,arene_6576,O=c1ccn2ccccn12,aryne_7225,O=c1ccn2ccc#cn12
7225,arene_6577,O=c1nnoc2ccccc12,aryne_7226,O=c1nnoc2c#cccc12
7226,arene_6577,O=c1nnoc2ccccc12,aryne_7227,O=c1nnoc2cc#ccc12
7227,arene_6577,O=c1nnoc2ccccc12,aryne_7228,O=c1nnoc2ccc#cc12
7228,arene_6578,O=c1oc(=O)n2c(=O)[nH]ccn12,aryne_7229,O=c1oc(=O)n2c(=O)[nH]c#cn12
7229,arene_6579,O=c1cnc2ccoc(=O)c2o1,aryne_7230,O=c1cnc2c#coc(=O)c2o1
7230,arene_6580,O=c1ccc2[nH]c(=O)sc2s1,aryne_7231,O=c1c#cc2[nH]c(=O)sc2s1
7231,arene_6581,O=c1ccn2cn[nH]c(=O)n2c1=O,aryne_7232,O=c1c#cn2cn[nH]c(=O)n2c1=O
7232,arene_6582,O=c1ccc2nsnc2[nH]1,aryne_7233,O=c1c#cc2nsnc2[nH]1
7233,arene_6583,c1cn2[nH]ccc2n1,aryne_7234,c1nc2cc[nH]n2c#1
7234,arene_6583,c1cn2[nH]ccc2n1,aryne_7235,c1[nH]n2ccnc2c#1
7235,arene_6584,O=c1nnn2occc2n1,aryne_7236,O=c1nnn2oc#cc2n1
7236,arene_6586,O=c1ccn2scc[nH]n2s1,aryne_7237,O=c1c#cn2scc[nH]n2s1
7237,arene_6586,O=c1ccn2scc[nH]n2s1,aryne_7238,O=c1ccn2sc#c[nH]n2s1
7238,arene_6587,O=c1oc2nccn2s1,aryne_7239,O=c1oc2nc#cn2s1
7239,arene_6588,O=c1cc2sccc(=O)n2nn1,aryne_7240,O=c1cc2sc#cc(=O)n2nn1
7240,arene_6589,O=c1ccnc2onnn12,aryne_7241,O=c1c#cnc2onnn12
7241,arene_6590,O=c1[nH]ccc2noc(=O)n12,aryne_7242,O=c1[nH]c#cc2noc(=O)n12
7242,arene_6591,O=c1ccn2c(=O)sc(=O)cc2o1,aryne_7243,O=c1c#cn2c(=O)sc(=O)cc2o1
7243,arene_6592,O=c1cc[nH]c2c(=O)[nH]ncc12,aryne_7244,O=c1c#c[nH]c2c(=O)[nH]ncc12
7244,arene_6593,c1cnc2conc2c1,aryne_7245,c1cnc2conc2c#1
7245,arene_6594,O=c1ccc2n[nH]cnn1-2,aryne_7246,O=c1c#cc2n[nH]cnn1-2
7246,arene_6595,O=c1sccc2cscc12,aryne_7247,O=c1sc#cc2cscc12
7247,arene_6596,O=c1oc2c(=O)ccsc2c(=O)s1,aryne_7248,O=c1oc2c(=O)c#csc2c(=O)s1
7248,arene_6597,O=c1[nH]c2occsc=2c(=O)c1=O,aryne_7249,O=c1[nH]c2oc#csc=2c(=O)c1=O
7249,arene_6598,O=c1[nH]c(=O)c2c(=O)cc[nH]c2[nH]1,aryne_7250,O=c1[nH]c(=O)c2c(=O)c#c[nH]c2[nH]1
7250,arene_6599,O=c1onc2cc[nH]c(=O)n2c1=O,aryne_7251,O=c1onc2c#c[nH]c(=O)n2c1=O
7251,arene_6600,c1csn2nn[nH]nc-2[nH]1,aryne_7252,c1[nH]c2n[nH]nnn-2sc#1
7252,arene_6601,O=c1cc2ccccc2cs1,aryne_7253,O=c1cc2c#cccc2cs1
7253,arene_6601,O=c1cc2ccccc2cs1,aryne_7254,O=c1cc2ccc#cc2cs1
7254,arene_6602,O=c1ncn2c(=O)c(=O)ccn2[nH]1,aryne_7255,O=c1ncn2c(=O)c(=O)c#cn2[nH]1
7255,arene_6603,O=c1ncn2cnccn12,aryne_7256,O=c1ncn2cnc#cn12
7256,arene_6604,O=c1[nH]c2nccn2c(=O)o1,aryne_7257,O=c1[nH]c2nc#cn2c(=O)o1
7257,arene_6605,O=c1ncc2[nH]ccsc1=2,aryne_7258,O=c1ncc2[nH]c#csc1=2
7258,arene_6606,O=c1[nH]c(=O)c2cnccc2[nH]1,aryne_7259,O=c1[nH]c(=O)c2cnc#cc2[nH]1
7259,arene_6607,O=c1nnn2cccc2o1,aryne_7260,O=c1nnn2c#ccc2o1
7260,arene_6608,c1cn2[nH]nnsc-2co1,aryne_7261,c1occ2snn[nH]n-2c#1
7261,arene_6610,c1cn2scnsn2cn1,aryne_7262,c1ncn2sncsn2c#1
7262,arene_6611,O=c1ccc2c(=O)[nH]nnc2o1,aryne_7263,O=c1c#cc2c(=O)[nH]nnc2o1
7263,arene_6612,O=c1sc(=O)n2c(=O)ccc(=O)n2s1,aryne_7264,O=c1sc(=O)n2c(=O)c#cc(=O)n2s1
7264,arene_6613,O=c1sc(=O)n2cccnn2c1=O,aryne_7265,O=c1sc(=O)n2c#ccnn2c1=O
7265,arene_6614,O=c1ccc2[nH]ccc(=O)c2o1,aryne_7266,O=c1c#cc2[nH]ccc(=O)c2o1
7266,arene_6614,O=c1ccc2[nH]ccc(=O)c2o1,aryne_7267,O=c1ccc2[nH]c#cc(=O)c2o1
7267,arene_6615,c1cc2sncc2s1,aryne_7268,c1sc2cnsc2c#1
7268,arene_6616,O=c1sc2sccsc=2c(=O)c1=O,aryne_7269,O=c1sc2sc#csc=2c(=O)c1=O
7269,arene_6617,O=c1[nH]c(=O)c2nccc(=O)n2[nH]1,aryne_7270,O=c1[nH]c(=O)c2nc#cc(=O)n2[nH]1
7270,arene_6619,O=c1nc2[nH]ccc2c[nH]1,aryne_7271,O=c1nc2[nH]c#cc2c[nH]1
7271,arene_6620,O=c1ocnc2cnccc12,aryne_7272,O=c1ocnc2cnc#cc12
7272,arene_6621,O=c1ccc(=O)n2snnn12,aryne_7273,O=c1c#cc(=O)n2snnn12
7273,arene_6623,O=c1on2occsn2sc1=O,aryne_7274,O=c1on2oc#csn2sc1=O
7274,arene_6624,O=c1ncoc2[nH]ccc12,aryne_7275,O=c1ncoc2[nH]c#cc12
7275,arene_6625,c1cc[nH]c1,aryne_7276,c1cc[nH]c#1
7276,arene_6626,O=c1ccc(=O)c2snnoc1=2,aryne_7277,O=c1c#cc(=O)c2snnoc1=2
7277,arene_6627,O=c1ccn2[nH]cnc(=O)n12,aryne_7278,O=c1c#cn2[nH]cnc(=O)n12
7278,arene_6629,O=c1ccn2scnn2c1=O,aryne_7279,O=c1c#cn2scnn2c1=O
7279,arene_6630,O=c1nnoc2c(=O)[nH]ccc12,aryne_7280,O=c1nnoc2c(=O)[nH]c#cc12
7280,arene_6631,O=c1[nH]n2occsn2c(=O)o1,aryne_7281,O=c1[nH]n2oc#csn2c(=O)o1
7281,arene_6632,O=c1[nH]c2occc(=O)c2[nH]1,aryne_7282,O=c1[nH]c2oc#cc(=O)c2[nH]1
7282,arene_6633,O=c1nc2c(=O)ccsn2c(=O)s1,aryne_7283,O=c1nc2c(=O)c#csn2c(=O)s1
7283,arene_6634,O=c1oc2ccnnc2o1,aryne_7284,O=c1oc2c#cnnc2o1
7284,arene_6635,O=c1ccsn2c(=O)nnnc12,aryne_7285,O=c1c#csn2c(=O)nnnc12
7285,arene_6636,c1ccc2n[nH]nc2c1,aryne_7286,c1ccc2n[nH]nc2c#1
7286,arene_6637,c1cn2occoc-2co1,aryne_7287,c1occ2occon-2c#1
7287,arene_6637,c1cn2occoc-2co1,aryne_7288,c1oc2coccn-2oc#1
7288,arene_6638,O=c1cn[nH]n2sccon12,aryne_7289,O=c1cn[nH]n2sc#con12
7289,arene_6639,O=c1cnc2cccn2[nH]1,aryne_7290,O=c1cnc2cc#cn2[nH]1
7290,arene_6640,O=c1occ2[nH]ccc(=O)n2c1=O,aryne_7291,O=c1occ2[nH]c#cc(=O)n2c1=O
7291,arene_6641,O=c1ncc2ccccc2s1,aryne_7292,O=c1ncc2c#cccc2s1
7292,arene_6641,O=c1ncc2ccccc2s1,aryne_7293,O=c1ncc2cc#ccc2s1
7293,arene_6641,O=c1ncc2ccccc2s1,aryne_7294,O=c1ncc2ccc#cc2s1
7294,arene_6642,O=c1ccoc2nnncc12,aryne_7295,O=c1c#coc2nnncc12
7295,arene_6643,O=c1occc2ncoc(=O)c12,aryne_7296,O=c1oc#cc2ncoc(=O)c12
7296,arene_6644,O=c1sn2sccn2c1=O,aryne_7297,O=c1sn2sc#cn2c1=O
7297,arene_6645,O=c1cc2c(=O)ccsn2c(=O)s1,aryne_7298,O=c1cc2c(=O)c#csn2c(=O)s1
7298,arene_6647,O=c1ccn2[nH]cnsn2o1,aryne_7299,O=c1c#cn2[nH]cnsn2o1
7299,arene_6648,O=c1cc2ccc(=O)oc2n[nH]1,aryne_7300,O=c1cc2c#cc(=O)oc2n[nH]1
7300,arene_6650,O=c1ccn2cnnnc2c1,aryne_7301,O=c1c#cn2cnnnc2c1
7301,arene_6651,O=c1occn2[nH]ncsn12,aryne_7302,O=c1oc#cn2[nH]ncsn12
7302,arene_6652,O=c1ccn2cnoc(=O)c2n1,aryne_7303,O=c1c#cn2cnoc(=O)c2n1
7303,arene_6653,O=c1ncn2ccscc1-2,aryne_7304,O=c1ncn2c#cscc1-2
7304,arene_6654,O=c1ccoc2occc12,aryne_7305,O=c1c#coc2occc12
7305,arene_6654,O=c1ccoc2occc12,aryne_7306,O=c1ccoc2oc#cc12
7306,arene_6655,c1n[nH]n2ccsn2[nH]1,aryne_7307,c1sn2[nH]cn[nH]n2c#1
7307,arene_6656,O=c1nc2[nH]ccc(=O)c2ns1,aryne_7308,O=c1nc2[nH]c#cc(=O)c2ns1
7308,arene_6657,O=c1[nH]c(=O)c2occc2[nH]1,aryne_7309,O=c1[nH]c(=O)c2oc#cc2[nH]1
7309,arene_6658,O=c1[nH]c(=O)n2scc[nH]n2[nH]1,aryne_7310,O=c1[nH]c(=O)n2sc#c[nH]n2[nH]1
7310,arene_6659,O=c1cnn2c(=O)ccon2c1=O,aryne_7311,O=c1cnn2c(=O)c#con2c1=O
7311,arene_6660,O=c1sc(=O)c2cc[nH]c2s1,aryne_7312,O=c1sc(=O)c2c#c[nH]c2s1
7312,arene_6661,O=c1ccn2ccc(=O)n2[nH]1,aryne_7313,O=c1c#cn2ccc(=O)n2[nH]1
7313,arene_6661,O=c1ccn2ccc(=O)n2[nH]1,aryne_7314,O=c1ccn2c#cc(=O)n2[nH]1
7314,arene_6662,O=c1ccc2ncsc(=O)c2[nH]1,aryne_7315,O=c1c#cc2ncsc(=O)c2[nH]1
7315,arene_6663,O=c1occ2ccccn12,aryne_7316,O=c1occ2c#cccn12
7316,arene_6663,O=c1occ2ccccn12,aryne_7317,O=c1occ2ccc#cn12
7317,arene_6664,O=c1ccc2nscc2s1,aryne_7318,O=c1c#cc2nscc2s1
7318,arene_6665,O=c1ccn2c(=O)c(=O)c(=O)nc1-2,aryne_7319,O=c1c#cn2c(=O)c(=O)c(=O)nc1-2
7319,arene_6666,O=c1ccn2c(=O)[nH]ccn12,aryne_7320,O=c1[nH]ccn2c(=O)c#cn12
7320,arene_6666,O=c1ccn2c(=O)[nH]ccn12,aryne_7321,O=c1ccn2c(=O)[nH]c#cn12
7321,arene_6667,O=c1[nH]c2c(=O)sccc2o1,aryne_7322,O=c1[nH]c2c(=O)sc#cc2o1
7322,arene_6668,O=c1ccc2[nH]nnoc1=2,aryne_7323,O=c1c#cc2[nH]nnoc1=2
7323,arene_6669,O=c1[nH]c2n[nH]ccn-2c1=O,aryne_7324,O=c1[nH]c2n[nH]c#cn-2c1=O
7324,arene_6670,O=c1ccn2nnccc2n1,aryne_7325,O=c1c#cn2nnccc2n1
7325,arene_6670,O=c1ccn2nnccc2n1,aryne_7326,O=c1ccn2nnc#cc2n1
7326,arene_6671,O=c1[nH]n2[nH]ccsn2c(=O)o1,aryne_7327,O=c1[nH]n2[nH]c#csn2c(=O)o1
7327,arene_6672,O=c1nc2sccc(=O)c2c[nH]1,aryne_7328,O=c1nc2sc#cc(=O)c2c[nH]1
7328,arene_6673,O=c1cc2c(=O)occc2co1,aryne_7329,O=c1cc2c(=O)oc#cc2co1
7329,arene_6674,O=c1sccc2cnccc12,aryne_7330,O=c1sc#cc2cnccc12
7330,arene_6674,O=c1sccc2cnccc12,aryne_7331,O=c1sccc2cnc#cc12
7331,arene_6675,O=c1[nH]n2sccsn2[nH]1,aryne_7332,O=c1[nH]n2sc#csn2[nH]1
7332,arene_6676,c1non2sccn2o1,aryne_7333,c1sn2oncon2c#1
7333,arene_6677,O=c1ccnco1,aryne_7334,O=c1c#cnco1
7334,arene_6678,O=c1sc(=O)c(=O)n2ccocc1-2,aryne_7335,O=c1sc(=O)c(=O)n2c#cocc1-2
7335,arene_6679,O=c1ccc2cnoc(=O)c2o1,aryne_7336,O=c1c#cc2cnoc(=O)c2o1
7336,arene_6680,O=c1onnc2[nH]ccc12,aryne_7337,O=c1onnc2[nH]c#cc12
7337,arene_6681,O=c1ocnc2cccn12,aryne_7338,O=c1ocnc2cc#cn12
7338,arene_6682,O=c1ccnc2cnccn12,aryne_7339,O=c1c#cnc2cnccn12
7339,arene_6682,O=c1ccnc2cnccn12,aryne_7340,O=c1ccnc2cnc#cn12
7340,arene_6683,O=c1ncc2ccsc(=O)c2o1,aryne_7341,O=c1ncc2c#csc(=O)c2o1
7341,arene_6684,O=c1ccc2c(=O)ncsc2s1,aryne_7342,O=c1c#cc2c(=O)ncsc2s1
7342,arene_6685,c1cc2nnnn2o1,aryne_7343,c1on2nnnc2c#1
7343,arene_6686,O=c1cn[nH]n2occon12,aryne_7344,O=c1cn[nH]n2oc#con12
7344,arene_6687,O=c1nc2cccnc2co1,aryne_7345,O=c1nc2c#ccnc2co1
7345,arene_6688,O=c1cnn2c(=O)cccc2s1,aryne_7346,O=c1cnn2c(=O)c#ccc2s1
7346,arene_6689,O=c1ccn2[nH]c(=O)c(=O)c(=O)n2o1,aryne_7347,O=c1c#cn2[nH]c(=O)c(=O)c(=O)n2o1
7347,arene_6690,O=c1cnn2ccsc2n1,aryne_7348,O=c1cnn2c#csc2n1
7348,arene_6691,O=c1ccsnc1,aryne_7349,O=c1c#csnc1
7349,arene_6692,O=c1ccc2c(=O)[nH]ncc2s1,aryne_7350,O=c1c#cc2c(=O)[nH]ncc2s1
7350,arene_6693,O=c1oc(=O)c2cccn2o1,aryne_7351,O=c1oc(=O)c2cc#cn2o1
7351,arene_6694,c1cn2ncncc2n1,aryne_7352,c1nc2cncnn2c#1
7352,arene_6696,O=c1onc2ccon12,aryne_7353,O=c1onc2c#con12
7353,arene_6697,O=c1cc2[nH]ccc(=O)c2n[nH]1,aryne_7354,O=c1cc2[nH]c#cc(=O)c2n[nH]1
7354,arene_6699,O=c1ccc2[nH]nnc2s1,aryne_7355,O=c1c#cc2[nH]nnc2s1
7355,arene_6700,O=c1sccn2snn[nH]n12,aryne_7356,O=c1sc#cn2snn[nH]n12
7356,arene_6701,O=c1nc2ccsc(=O)n2c(=O)s1,aryne_7357,O=c1nc2c#csc(=O)n2c(=O)s1
7357,arene_6702,O=c1[nH]ccc2scnc12,aryne_7358,O=c1[nH]c#cc2scnc12
7358,arene_6703,O=c1ccc(=O)n2cnncn12,aryne_7359,O=c1c#cc(=O)n2cnncn12
7359,arene_6704,O=c1[nH]c2ccsc2c(=O)o1,aryne_7360,O=c1[nH]c2c#csc2c(=O)o1
7360,arene_6705,O=c1ccn2nnocc1-2,aryne_7361,O=c1c#cn2nnocc1-2
7361,arene_6706,O=c1[nH]nc2ncccn12,aryne_7362,O=c1[nH]nc2ncc#cn12
7362,arene_6707,O=c1oc(=O)c2ccccc2s1,aryne_7363,O=c1oc(=O)c2c#cccc2s1
7363,arene_6707,O=c1oc(=O)c2ccccc2s1,aryne_7364,O=c1oc(=O)c2cc#ccc2s1
7364,arene_6707,O=c1oc(=O)c2ccccc2s1,aryne_7365,O=c1oc(=O)c2ccc#cc2s1
7365,arene_6708,O=c1ncc2ccoc2[nH]1,aryne_7366,O=c1ncc2c#coc2[nH]1
7366,arene_6709,O=c1occc2[nH]ccc12,aryne_7367,O=c1oc#cc2[nH]ccc12
7367,arene_6709,O=c1occc2[nH]ccc12,aryne_7368,O=c1occc2[nH]c#cc12
7368,arene_6710,O=c1cc[nH]c2nnnc(=O)n12,aryne_7369,O=c1c#c[nH]c2nnnc(=O)n12
7369,arene_6711,O=c1ccn2c(=O)c(=O)nnn2o1,aryne_7370,O=c1c#cn2c(=O)c(=O)nnn2o1
7370,arene_6712,c1con2snnn2o1,aryne_7371,c1on2nnsn2oc#1
7371,arene_6713,O=c1cc2c(=O)sccc2cs1,aryne_7372,O=c1cc2c(=O)sc#cc2cs1
7372,arene_6714,O=c1cc2occc(=O)c2n[nH]1,aryne_7373,O=c1cc2oc#cc(=O)c2n[nH]1
7373,arene_6715,O=c1[nH]n2ccocc-2c(=O)c1=O,aryne_7374,O=c1[nH]n2c#cocc-2c(=O)c1=O
7374,arene_6716,O=c1nnn2c(=O)c(=O)ccn2s1,aryne_7375,O=c1nnn2c(=O)c(=O)c#cn2s1
7375,arene_6717,O=c1ccc2cnncc2s1,aryne_7376,O=c1c#cc2cnncc2s1
7376,arene_6718,O=c1ccsc2ccsc12,aryne_7377,O=c1c#csc2ccsc12
7377,arene_6718,O=c1ccsc2ccsc12,aryne_7378,O=c1ccsc2c#csc12
7378,arene_6719,O=c1[nH]c(=O)c2sc(=O)ccc2o1,aryne_7379,O=c1[nH]c(=O)c2sc(=O)c#cc2o1
7379,arene_6720,O=c1nc2ccoc(=O)c2n[nH]1,aryne_7380,O=c1nc2c#coc(=O)c2n[nH]1
7380,arene_6721,O=c1ccoc2sccc(=O)c12,aryne_7381,O=c1c#coc2sccc(=O)c12
7381,arene_6721,O=c1ccoc2sccc(=O)c12,aryne_7382,O=c1c#csc2occc(=O)c12
7382,arene_6722,O=c1cc[nH]c2scnc(=O)c12,aryne_7383,O=c1c#c[nH]c2scnc(=O)c12
7383,arene_6723,O=c1sn2cnccn2c1=O,aryne_7384,O=c1sn2cnc#cn2c1=O
7384,arene_6724,O=c1onnc2ccoc12,aryne_7385,O=c1onnc2c#coc12
7385,arene_6725,O=c1ccn2[nH]ccc(=O)c2c1,aryne_7386,O=c1c#cn2[nH]ccc(=O)c2c1
7386,arene_6725,O=c1ccn2[nH]ccc(=O)c2c1,aryne_7387,O=c1ccn2[nH]c#cc(=O)c2c1
7387,arene_6726,c1cn2[nH]ncoc-2c[nH]1,aryne_7388,c1[nH]cc2ocn[nH]n-2c#1
7388,arene_6727,O=c1[nH]c2nnccc2s1,aryne_7389,O=c1[nH]c2nnc#cc2s1
7389,arene_6728,c1cn2sccon2cn1,aryne_7390,c1ncn2occsn2c#1
7390,arene_6728,c1cn2sccon2cn1,aryne_7391,c1on2cnccn2sc#1
7391,arene_6729,O=c1ccon2cnc(=O)n12,aryne_7392,O=c1c#con2cnc(=O)n12
7392,arene_6730,O=c1cc2[nH]c(=O)ccc2n[nH]1,aryne_7393,O=c1c#cc2n[nH]c(=O)cc2[nH]1
7393,arene_6731,O=c1cc2ccc(=O)c(=O)n-2c(=O)c1=O,aryne_7394,O=c1c#cc2cc(=O)c(=O)c(=O)n-2c1=O
7394,arene_6732,O=c1snnn2c(=O)cccc12,aryne_7395,O=c1snnn2c(=O)c#ccc12
7395,arene_6733,O=c1ccn2nncc2o1,aryne_7396,O=c1c#cn2nncc2o1
7396,arene_6734,O=c1c(=O)c(=O)c2ncccc2c1=O,aryne_7397,O=c1c(=O)c(=O)c2nc#ccc2c1=O
7397,arene_6734,O=c1c(=O)c(=O)c2ncccc2c1=O,aryne_7398,O=c1c(=O)c(=O)c2ncc#cc2c1=O
7398,arene_6735,O=c1[nH]c2ccsc(=O)c2oc1=O,aryne_7399,O=c1[nH]c2c#csc(=O)c2oc1=O
7399,arene_6736,c1cc2sccc2s1,aryne_7400,c1sc2ccsc2c#1
7400,arene_6737,O=c1on2scc[nH]n2s1,aryne_7401,O=c1on2sc#c[nH]n2s1
7401,arene_6738,O=c1ccon2c(=O)nccc12,aryne_7402,O=c1c#con2c(=O)nccc12
7402,arene_6739,c1cnc2onnc2c1,aryne_7403,c1cc2nnoc2nc#1
7403,arene_6739,c1cnc2onnc2c1,aryne_7404,c1cnc2onnc2c#1
7404,arene_6740,c1coc2occ[nH]c=2[nH]1,aryne_7405,c1[nH]c2[nH]ccoc=2oc#1
7405,arene_6741,O=c1[nH]ccn2c(=O)[nH]nc12,aryne_7406,O=c1[nH]c#cn2c(=O)[nH]nc12
7406,arene_6742,c1nn2sccsc-2cs1,aryne_7407,c1sc2cscnn-2sc#1
7407,arene_6743,O=c1ccn2c(=O)c(=O)sn2o1,aryne_7408,O=c1c#cn2c(=O)c(=O)sn2o1
7408,arene_6744,O=c1sc(=O)n2ccccn12,aryne_7409,O=c1sc(=O)n2ccc#cn12
7409,arene_6745,O=c1scnc2[nH]ccc12,aryne_7410,O=c1scnc2[nH]c#cc12
7410,arene_6746,O=c1cn[nH]c2ccsc(=O)c12,aryne_7411,O=c1cn[nH]c2c#csc(=O)c12
7411,arene_6747,c1ncn2sccon2n1,aryne_7412,c1on2ncncn2sc#1
7412,arene_6748,O=c1nc2ccc(=O)c-2n1,aryne_7413,O=c1nc2c#cc(=O)c-2n1
7413,arene_6749,O=c1ccn2oncc(=O)n12,aryne_7414,O=c1c#cn2oncc(=O)n12
7414,arene_6750,O=c1[nH]ccn2c(=O)onc12,aryne_7415,O=c1[nH]c#cn2c(=O)onc12
7415,arene_6751,O=c1ccc2ncsc(=O)c2s1,aryne_7416,O=c1c#cc2ncsc(=O)c2s1
7416,arene_6752,O=c1scc2ccsc(=O)n2c1=O,aryne_7417,O=c1scc2c#csc(=O)n2c1=O
7417,arene_6753,O=c1sc2nccc(=O)n2s1,aryne_7418,O=c1sc2nc#cc(=O)n2s1
7418,arene_6754,O=c1cnc2c(=O)cc[nH]c2[nH]1,aryne_7419,O=c1cnc2c(=O)c#c[nH]c2[nH]1
7419,arene_6755,c1con2cn[nH]cc-2o1,aryne_7420,c1oc2c[nH]ncn-2oc#1
7420,arene_6756,O=c1ccc2sc(=O)[nH]c2[nH]1,aryne_7421,O=c1c#cc2sc(=O)[nH]c2[nH]1
7421,arene_6757,O=c1nc2c(=O)sccc2co1,aryne_7422,O=c1nc2c(=O)sc#cc2co1
7422,arene_6758,O=c1sccn2[nH]nc[nH]n12,aryne_7423,O=c1sc#cn2[nH]nc[nH]n12
7423,arene_6760,O=c1onc2ccsc(=O)n2c1=O,aryne_7424,O=c1onc2c#csc(=O)n2c1=O
7424,arene_6761,O=c1ccc2cc[nH]c(=O)c2s1,aryne_7425,O=c1c#cc2cc[nH]c(=O)c2s1
7425,arene_6761,O=c1ccc2cc[nH]c(=O)c2s1,aryne_7426,O=c1ccc2c#c[nH]c(=O)c2s1
7426,arene_6762,O=c1cnn2ccnnc2c1,aryne_7427,O=c1cnn2c#cnnc2c1
7427,arene_6763,O=c1[nH]ccn2c(=O)[nH]cc12,aryne_7428,O=c1[nH]c#cn2c(=O)[nH]cc12
7428,arene_6764,O=c1ncoc2cnccc12,aryne_7429,O=c1ncoc2cnc#cc12
7429,arene_6765,O=c1nnn2sccn2c1=O,aryne_7430,O=c1nnn2sc#cn2c1=O
7430,arene_6766,O=c1cc2sc(=O)ccc2no1,aryne_7431,O=c1cc2sc(=O)c#cc2no1
7431,arene_6767,O=c1cnn2ccscc1-2,aryne_7432,O=c1cnn2c#cscc1-2
7432,arene_6768,c1cc2onnc2[nH]1,aryne_7433,c1[nH]c2nnoc2c#1
7433,arene_6769,O=c1cc[nH]c2nonc12,aryne_7434,O=c1c#c[nH]c2nonc12
7434,arene_6770,O=c1nnn2[nH]cc[nH]n2s1,aryne_7435,O=c1nnn2[nH]c#c[nH]n2s1
7435,arene_6771,O=c1ccn2ocnon2s1,aryne_7436,O=c1c#cn2ocnon2s1
7436,arene_6772,O=c1ccc2c(=O)cnsc2o1,aryne_7437,O=c1c#cc2c(=O)cnsc2o1
7437,arene_6773,O=c1ccn2oc(=O)c(=O)oc2c1,aryne_7438,O=c1c#cn2oc(=O)c(=O)oc2c1
7438,arene_6774,O=c1ccc2scnsc=2c1=O,aryne_7439,O=c1c#cc2scnsc=2c1=O
7439,arene_6775,O=c1[nH]c(=O)n2c(=O)sccn12,aryne_7440,O=c1[nH]c(=O)n2c(=O)sc#cn12
7440,arene_6776,O=c1occc2cnoc12,aryne_7441,O=c1oc#cc2cnoc12
7441,arene_6777,O=c1ncc2c(=O)sccc2o1,aryne_7442,O=c1ncc2c(=O)sc#cc2o1
7442,arene_6778,O=c1ccc2[nH]ncc2s1,aryne_7443,O=c1c#cc2[nH]ncc2s1
7443,arene_6779,O=c1ccn2cccnn12,aryne_7444,O=c1c#cn2cccnn12
7444,arene_6779,O=c1ccn2cccnn12,aryne_7445,O=c1ccn2c#ccnn12
7445,arene_6781,O=c1sccn2c(=O)cnnc12,aryne_7446,O=c1sc#cn2c(=O)cnnc12
7446,arene_6782,O=c1occsc1=O,aryne_7447,O=c1oc#csc1=O
7447,arene_6783,c1nc2[nH]ccc2[nH]1,aryne_7448,c1[nH]c2nc[nH]c2c#1
7448,arene_6784,O=c1ccn2snnon2s1,aryne_7449,O=c1c#cn2snnon2s1
7449,arene_6785,O=c1ccc2c[nH]nc2[nH]1,aryne_7450,O=c1c#cc2c[nH]nc2[nH]1
7450,arene_6786,O=c1scc2ccsn2c1=O,aryne_7451,O=c1scc2c#csn2c1=O
7451,arene_6787,O=c1ccn2c(=O)c(=O)cc1-2,aryne_7452,O=c1c#cn2c(=O)c(=O)cc1-2
7452,arene_6788,O=c1[nH]c(=O)c2ccccc2s1,aryne_7453,O=c1[nH]c(=O)c2c#cccc2s1
7453,arene_6788,O=c1[nH]c(=O)c2ccccc2s1,aryne_7454,O=c1[nH]c(=O)c2cc#ccc2s1
7454,arene_6788,O=c1[nH]c(=O)c2ccccc2s1,aryne_7455,O=c1[nH]c(=O)c2ccc#cc2s1
7455,arene_6789,c1cn2oncsc-2c[nH]1,aryne_7456,c1[nH]cc2scnon-2c#1
7456,arene_6790,O=c1[nH]c2c(=O)ccsc2oc1=O,aryne_7457,O=c1[nH]c2c(=O)c#csc2oc1=O
7457,arene_6791,O=c1nc2cc[nH]n2c(=O)o1,aryne_7458,O=c1nc2c#c[nH]n2c(=O)o1
7458,arene_6792,c1nsn2ccsnc-2o1,aryne_7459,c1snc2ocnsn-2c#1
7459,arene_6793,O=c1ccsn2[nH]ccon12,aryne_7460,O=c1c#csn2[nH]ccon12
7460,arene_6793,O=c1ccsn2[nH]ccon12,aryne_7461,O=c1ccsn2[nH]c#con12
7461,arene_6794,c1cn2sncoc-2no1,aryne_7462,c1onc2ocnsn-2c#1
7462,arene_6795,c1csn2cnonc-2s1,aryne_7463,c1sc2noncn-2sc#1
7463,arene_6796,O=c1ccn2c(=O)c(=O)oc(=O)n2s1,aryne_7464,O=c1c#cn2c(=O)c(=O)oc(=O)n2s1
7464,arene_6797,O=c1on2ccc(=O)n2c(=O)s1,aryne_7465,O=c1on2c#cc(=O)n2c(=O)s1
7465,arene_6798,O=c1ncc(=O)n2c(=O)[nH]ccn12,aryne_7466,O=c1ncc(=O)n2c(=O)[nH]c#cn12
7466,arene_6799,O=c1ccsc2c(=O)[nH]ncc12,aryne_7467,O=c1c#csc2c(=O)[nH]ncc12
7467,arene_6800,O=c1ccn2oc(=O)c(=O)sn2c1=O,aryne_7468,O=c1c#cn2oc(=O)c(=O)sn2c1=O
7468,arene_6801,O=c1ccn2c(=O)onnc2n1,aryne_7469,O=c1c#cn2c(=O)onnc2n1
7469,arene_6802,O=c1ncn2ccccc2n1,aryne_7470,O=c1ncn2c#cccc2n1
7470,arene_6802,O=c1ncn2ccccc2n1,aryne_7471,O=c1ncn2ccc#cc2n1
7471,arene_6803,O=c1cnn2sccsn2[nH]1,aryne_7472,O=c1cnn2sc#csn2[nH]1
7472,arene_6804,O=c1[nH]n2cc[nH]n2c1=O,aryne_7473,O=c1[nH]n2c#c[nH]n2c1=O
7473,arene_6805,O=c1ccc2nnnc(=O)n2o1,aryne_7474,O=c1c#cc2nnnc(=O)n2o1
7474,arene_6806,O=c1ccn2[nH]nn[nH]n2o1,aryne_7475,O=c1c#cn2[nH]nn[nH]n2o1
7475,arene_6807,O=c1ccn2occ[nH]n2[nH]1,aryne_7476,O=c1c#cn2occ[nH]n2[nH]1
7476,arene_6807,O=c1ccn2occ[nH]n2[nH]1,aryne_7477,O=c1ccn2oc#c[nH]n2[nH]1
7477,arene_6808,O=c1ncc(=O)n2[nH]ccn12,aryne_7478,O=c1ncc(=O)n2[nH]c#cn12
7478,arene_6809,c1cn2onnoc-2c[nH]1,aryne_7479,c1[nH]cc2onnon-2c#1
7479,arene_6810,O=c1occn2nnnc12,aryne_7480,O=c1oc#cn2nnnc12
7480,arene_6811,O=c1ccc2sccsc1=2,aryne_7481,O=c1c#cc2sccsc1=2
7481,arene_6811,O=c1ccc2sccsc1=2,aryne_7482,O=c1ccc2sc#csc1=2
7482,arene_6812,c1n[nH]c2occsc=2[nH]1,aryne_7483,c1oc2[nH]nc[nH]c=2sc#1
7483,arene_6813,O=c1[nH]c(=O)c2nccnc2o1,aryne_7484,O=c1[nH]c(=O)c2nc#cnc2o1
7484,arene_6814,c1coc2snn[nH]c=2[nH]1,aryne_7485,c1[nH]c2[nH]nnsc=2oc#1
7485,arene_6815,O=c1oc2cccnc2o1,aryne_7486,O=c1oc2c#ccnc2o1
7486,arene_6815,O=c1oc2cccnc2o1,aryne_7487,O=c1oc2cc#cnc2o1
7487,arene_6816,O=c1ccn2nn[nH]c(=O)n12,aryne_7488,O=c1c#cn2nn[nH]c(=O)n12
7488,arene_6817,O=c1[nH]ccn2[nH]ccon12,aryne_7489,O=c1[nH]c#cn2[nH]ccon12
7489,arene_6817,O=c1[nH]ccn2[nH]ccon12,aryne_7490,O=c1[nH]ccn2[nH]c#con12
7490,arene_6818,O=c1cc2ccc(=O)sc2cs1,aryne_7491,O=c1c#cc2cc(=O)scc2s1
7491,arene_6820,O=c1ccn2nnsn2c1=O,aryne_7492,O=c1c#cn2nnsn2c1=O
7492,arene_6821,O=c1[nH]n2occ[nH]n2c(=O)s1,aryne_7493,O=c1[nH]n2oc#c[nH]n2c(=O)s1
7493,arene_6822,c1cnn2[nH]cnsn2c1,aryne_7494,c1cnn2[nH]cnsn2c#1
7494,arene_6823,O=c1scc2ccon2c1=O,aryne_7495,O=c1scc2c#con2c1=O
7495,arene_6824,c1ccc2c[nH+]ccc2c1,aryne_7496,c1cc2cc[nH+]cc2cc#1
7496,arene_6824,c1ccc2c[nH+]ccc2c1,aryne_7497,c1ccc2c[nH+]ccc2c#1
7497,arene_6824,c1ccc2c[nH+]ccc2c1,aryne_7498,c1ccc2cc[nH+]cc2c#1
7498,arene_6824,c1ccc2c[nH+]ccc2c1,aryne_7499,c1[nH+]cc2ccccc2c#1
7499,arene_6825,O=c1ccc2nsc(=O)c(=O)n2[nH]1,aryne_7500,O=c1c#cc2nsc(=O)c(=O)n2[nH]1
7500,arene_6826,c1nsc2coccn-2[nH]1,aryne_7501,c1occ2snc[nH]n-2c#1
7501,arene_6827,O=c1ncn2c(=O)ccc(=O)n2o1,aryne_7502,O=c1ncn2c(=O)c#cc(=O)n2o1
7502,arene_6828,O=c1ccc2c(=O)cnoc2[nH]1,aryne_7503,O=c1c#cc2c(=O)cnoc2[nH]1
7503,arene_6829,O=c1cc2ccc(=O)oc2no1,aryne_7504,O=c1c#cc2cc(=O)onc2o1
7504,arene_6830,O=c1cc2[nH]ccn2c(=O)s1,aryne_7505,O=c1cc2[nH]c#cn2c(=O)s1
7505,arene_6831,O=c1nc2[nH]ccc(=O)n2c(=O)s1,aryne_7506,O=c1nc2[nH]c#cc(=O)n2c(=O)s1
7506,arene_6832,O=c1cccc2scnc(=O)n12,aryne_7507,O=c1c#ccc2scnc(=O)n12
7507,arene_6833,O=c1[nH]c(=O)c2sccc2o1,aryne_7508,O=c1[nH]c(=O)c2sc#cc2o1
7508,arene_6834,O=c1ccc2c(=O)scnc2s1,aryne_7509,O=c1c#cc2c(=O)scnc2s1
7509,arene_6835,O=c1ccc2cccnc2s1,aryne_7510,O=c1c#cc2cccnc2s1
7510,arene_6835,O=c1ccc2cccnc2s1,aryne_7511,O=c1ccc2c#ccnc2s1
7511,arene_6835,O=c1ccc2cccnc2s1,aryne_7512,O=c1ccc2cc#cnc2s1
7512,arene_6836,O=c1on2ccsnc-2c(=O)c1=O,aryne_7513,O=c1on2c#csnc-2c(=O)c1=O
7513,arene_6837,O=c1[nH]c2c(=O)ccsc2sc1=O,aryne_7514,O=c1[nH]c2c(=O)c#csc2sc1=O
7514,arene_6838,O=c1[nH]c(=O)n2[nH]cc[nH]n2s1,aryne_7515,O=c1[nH]c(=O)n2[nH]c#c[nH]n2s1
7515,arene_6839,O=c1ncn2occc(=O)c2n1,aryne_7516,O=c1ncn2oc#cc(=O)c2n1
7516,arene_6840,c1cc2c[nH]nc2cn1,aryne_7517,c1ncc2n[nH]cc2c#1
7517,arene_6841,O=c1ccn2c(=O)c(=O)nc1-2,aryne_7518,O=c1c#cn2c(=O)c(=O)nc1-2
7518,arene_6842,c1cn2scn[nH]n2o1,aryne_7519,c1on2[nH]ncsn2c#1
7519,arene_6843,O=c1ccc2nnc(=O)sc2[nH]1,aryne_7520,O=c1c#cc2nnc(=O)sc2[nH]1
7520,arene_6844,O=c1[nH]n2scc[nH]n2s1,aryne_7521,O=c1[nH]n2sc#c[nH]n2s1
7521,arene_6845,c1cn2snn[nH]n2nn1,aryne_7522,c1nnn2[nH]nnsn2c#1
7522,arene_6846,O=c1nc2scc[nH]n-2c1=O,aryne_7523,O=c1nc2sc#c[nH]n-2c1=O
7523,arene_6847,O=c1cc2sc(=O)ccn2nn1,aryne_7524,O=c1cc2sc(=O)c#cn2nn1
7524,arene_6848,c1ncc2[nH]ccc2n1,aryne_7525,c1[nH]c2cncnc2c#1
7525,arene_6849,c1cn2[nH]cn[nH]c-2n[nH]1,aryne_7526,c1[nH]nc2[nH]nc[nH]n-2c#1
7526,arene_6850,O=c1nc2ccnnn2c(=O)o1,aryne_7527,O=c1nc2c#cnnn2c(=O)o1
7527,arene_6851,c1cc2cnncc2cn1,aryne_7528,c1ncc2cnncc2c#1
7528,arene_6852,O=c1[nH]nnc2ccnnc12,aryne_7529,O=c1[nH]nnc2c#cnnc12
7529,arene_6853,O=c1ccn2nc[nH]c(=O)c2c1,aryne_7530,O=c1c#cn2nc[nH]c(=O)c2c1
7530,arene_6854,O=c1ccn2ncsn12,aryne_7531,O=c1c#cn2ncsn12
7531,arene_6855,O=c1cnn2occ[nH]n2s1,aryne_7532,O=c1cnn2oc#c[nH]n2s1
7532,arene_6856,c1csn2sncn2s1,aryne_7533,c1sn2cnsn2sc#1
7533,arene_6857,c1csn2nn[nH]cc-2[nH]1,aryne_7534,c1[nH]c2c[nH]nnn-2sc#1
7534,arene_6858,O=c1ccn2oncon2o1,aryne_7535,O=c1c#cn2oncon2o1
7535,arene_6859,O=c1nnc2occc2[nH]1,aryne_7536,O=c1nnc2oc#cc2[nH]1
7536,arene_6860,c1n[nH]c2csccn-2o1,aryne_7537,c1scc2[nH]ncon-2c#1
7537,arene_6861,O=c1sncn2sccsn12,aryne_7538,O=c1sncn2sc#csn12
7538,arene_6862,O=c1ccsc2cnnnc12,aryne_7539,O=c1c#csc2cnnnc12
7539,arene_6863,O=c1ccn2ccccc2c1,aryne_7540,O=c1c#cn2ccccc2c1
7540,arene_6863,O=c1ccn2ccccc2c1,aryne_7541,O=c1ccn2c#cccc2c1
7541,arene_6863,O=c1ccn2ccccc2c1,aryne_7542,O=c1ccn2ccc#cc2c1
7542,arene_6864,O=c1ccoc2nsc(=O)n12,aryne_7543,O=c1c#coc2nsc(=O)n12
7543,arene_6865,O=c1[nH]c(=O)n2c(=O)sccn2c1=O,aryne_7544,O=c1[nH]c(=O)n2c(=O)sc#cn2c1=O
7544,arene_6866,O=c1on2ccccn2c1=O,aryne_7545,O=c1on2c#cccn2c1=O
7545,arene_6866,O=c1on2ccccn2c1=O,aryne_7546,O=c1on2ccc#cn2c1=O
7546,arene_6867,O=c1sn2occsn2sc1=O,aryne_7547,O=c1sn2oc#csn2sc1=O
7547,arene_6869,O=c1cnc2occ[nH]c1=2,aryne_7548,O=c1cnc2oc#c[nH]c1=2
7548,arene_6870,O=c1sn2ccscc-2c(=O)c1=O,aryne_7549,O=c1sn2c#cscc-2c(=O)c1=O
7549,arene_6871,O=c1sc2cc[nH]c2s1,aryne_7550,O=c1sc2c#c[nH]c2s1
7550,arene_6872,O=c1ccn2cnsc2c1,aryne_7551,O=c1c#cn2cnsc2c1
7551,arene_6873,O=c1cc2ccc(=O)c(=O)c-2n1,aryne_7552,O=c1cc2c#cc(=O)c(=O)c-2n1
7552,arene_6874,c1cc2cocc2cn1,aryne_7553,c1ncc2cocc2c#1
7553,arene_6875,c1csn2ncsnc-2o1,aryne_7554,c1oc2nscnn-2sc#1
7554,arene_6876,c1csc2n[nH]nnn-2[nH]1,aryne_7555,c1[nH]n2nn[nH]nc-2sc#1
7555,arene_6877,O=c1ncn2nnccn2c1=O,aryne_7556,O=c1ncn2nnc#cn2c1=O
7556,arene_6878,O=c1ncc2cccc(=O)n2[nH]1,aryne_7557,O=c1ncc2cc#cc(=O)n2[nH]1
7557,arene_6879,O=c1cnc2c(=O)sccc2o1,aryne_7558,O=c1cnc2c(=O)sc#cc2o1
7558,arene_6880,O=c1ccc2nscc2[nH]1,aryne_7559,O=c1c#cc2nscc2[nH]1
7559,arene_6881,O=c1snnc2occc12,aryne_7560,O=c1snnc2oc#cc12
7560,arene_6882,O=c1scnc2nccn12,aryne_7561,O=c1scnc2nc#cn12
7561,arene_6883,c1c[nH]c2[nH]nc[nH]c=2[nH]1,aryne_7562,c1[nH]c2[nH]cn[nH]c=2[nH]c#1
7562,arene_6884,O=c1cnsn2c(=O)ccn12,aryne_7563,O=c1cnsn2c(=O)c#cn12
7563,arene_6885,O=c1nc2c(=O)ccsc2n[nH]1,aryne_7564,O=c1nc2c(=O)c#csc2n[nH]1
7564,arene_6886,O=c1cccc2snnn12,aryne_7565,O=c1c#ccc2snnn12
7565,arene_6887,O=c1ccon2occsn12,aryne_7566,O=c1c#con2occsn12
7566,arene_6887,O=c1ccon2occsn12,aryne_7567,O=c1ccon2oc#csn12
7567,arene_6888,O=c1ccc2ccsc2s1,aryne_7568,O=c1c#cc2ccsc2s1
7568,arene_6888,O=c1ccc2ccsc2s1,aryne_7569,O=c1ccc2c#csc2s1
7569,arene_6889,O=c1cnc2ccncc2[nH]1,aryne_7570,O=c1cnc2c#cncc2[nH]1
7570,arene_6890,O=c1scc2c(=O)occn2c1=O,aryne_7571,O=c1scc2c(=O)oc#cn2c1=O
7571,arene_6891,O=c1oc2sccc2s1,aryne_7572,O=c1oc2sc#cc2s1
7572,arene_6892,O=c1ncc2sc(=O)ccc2[nH]1,aryne_7573,O=c1ncc2sc(=O)c#cc2[nH]1
7573,arene_6894,O=c1ccn2c(=O)ocnn2c1=O,aryne_7574,O=c1c#cn2c(=O)ocnn2c1=O
7574,arene_6895,c1cc2nonc2[nH]1,aryne_7575,c1[nH]c2nonc2c#1
7575,arene_6896,O=c1cnn2c(=O)cccc2o1,aryne_7576,O=c1cnn2c(=O)c#ccc2o1
7576,arene_6897,O=c1cc2c(=O)ccc(=O)c-2n1,aryne_7577,O=c1cc2c(=O)c#cc(=O)c-2n1
7577,arene_6898,O=c1[nH]nnc2c(=O)occc12,aryne_7578,O=c1[nH]nnc2c(=O)oc#cc12
7578,arene_6899,O=c1[nH]n2[nH]cc[nH]n2[nH]c1=O,aryne_7579,O=c1[nH]n2[nH]c#c[nH]n2[nH]c1=O
7579,arene_6900,O=c1ccon2onc[nH]n12,aryne_7580,O=c1c#con2onc[nH]n12
7580,arene_6901,O=c1sccn2sccon12,aryne_7581,O=c1sc#cn2sccon12
7581,arene_6901,O=c1sccn2sccon12,aryne_7582,O=c1sccn2sc#con12
7582,arene_6902,O=c1ncn2cccc2s1,aryne_7583,O=c1ncn2c#ccc2s1
7583,arene_6903,O=c1cc2c(=O)[nH]ccc2c[nH]1,aryne_7584,O=c1cc2c(=O)[nH]c#cc2c[nH]1
7584,arene_6904,c1cc2ccnnn2c1,aryne_7585,c1cc2ccnnn2c#1
7585,arene_6904,c1cc2ccnnn2c1,aryne_7586,c1nnn2cccc2c#1
7586,arene_6905,O=c1snnn2occ[nH]n12,aryne_7587,O=c1snnn2oc#c[nH]n12
7587,arene_6906,O=c1cnn2occ[nH]n2[nH]1,aryne_7588,O=c1cnn2oc#c[nH]n2[nH]1
7588,arene_6907,O=c1nc[nH]c2ccsc(=O)c12,aryne_7589,O=c1nc[nH]c2c#csc(=O)c12
7589,arene_6909,O=c1ccn2ccnnn12,aryne_7590,O=c1c#cn2ccnnn12
7590,arene_6909,O=c1ccn2ccnnn12,aryne_7591,O=c1ccn2c#cnnn12
7591,arene_6910,O=c1ccnc2oncc(=O)n12,aryne_7592,O=c1c#cnc2oncc(=O)n12
7592,arene_6911,O=c1ccn2cnc(=O)n2o1,aryne_7593,O=c1c#cn2cnc(=O)n2o1
7593,arene_6912,O=c1occc2cscc12,aryne_7594,O=c1oc#cc2cscc12
7594,arene_6913,O=c1sccc2nccnc12,aryne_7595,O=c1sc#cc2nccnc12
7595,arene_6913,O=c1sccc2nccnc12,aryne_7596,O=c1sccc2nc#cnc12
7596,arene_6914,c1cc2[nH]ccc2nn1,aryne_7597,c1nnc2cc[nH]c2c#1
7597,arene_6914,c1cc2[nH]ccc2nn1,aryne_7598,c1[nH]c2ccnnc2c#1
7598,arene_6915,c1csn2nn[nH]cc-2s1,aryne_7599,c1sc2c[nH]nnn-2sc#1
7599,arene_6916,O=c1sncn2scc[nH]n12,aryne_7600,O=c1sncn2sc#c[nH]n12
7600,arene_6917,O=c1cc2[nH]c(=O)ccn2nn1,aryne_7601,O=c1cc2[nH]c(=O)c#cn2nn1
7601,arene_6918,O=c1[nH]n2c(=O)ccon2c(=O)c1=O,aryne_7602,O=c1[nH]n2c(=O)c#con2c(=O)c1=O
7602,arene_6919,c1ccc2cocc2c1,aryne_7603,c1ccc2cocc2c#1
7603,arene_6920,O=c1ccon2[nH]cc[nH]n12,aryne_7604,O=c1c#con2[nH]cc[nH]n12
7604,arene_6920,O=c1ccon2[nH]cc[nH]n12,aryne_7605,O=c1ccon2[nH]c#c[nH]n12
7605,arene_6921,c1cnsc1,aryne_7606,c1cnsc#1
7606,arene_6922,c1cc2sccc2nn1,aryne_7607,c1nnc2ccsc2c#1
7607,arene_6922,c1cc2sccc2nn1,aryne_7608,c1sc2ccnnc2c#1
7608,arene_6923,O=c1cc[nH]c2cc[nH]c12,aryne_7609,O=c1c#c[nH]c2cc[nH]c12
7609,arene_6923,O=c1cc[nH]c2cc[nH]c12,aryne_7610,O=c1cc[nH]c2c#c[nH]c12
7610,arene_6924,O=c1nc2occc(=O)c2n[nH]1,aryne_7611,O=c1nc2oc#cc(=O)c2n[nH]1
7611,arene_6925,O=c1ccn2oncc(=O)c2n1,aryne_7612,O=c1c#cn2oncc(=O)c2n1
7612,arene_6926,O=c1[nH]c(=O)c2cccnc2[nH]1,aryne_7613,O=c1[nH]c(=O)c2c#ccnc2[nH]1
7613,arene_6926,O=c1[nH]c(=O)c2cccnc2[nH]1,aryne_7614,O=c1[nH]c(=O)c2cc#cnc2[nH]1
7614,arene_6927,O=c1onnn2[nH]ccon12,aryne_7615,O=c1onnn2[nH]c#con12
7615,arene_6928,c1cc2onnc2s1,aryne_7616,c1sc2nnoc2c#1
7616,arene_6929,O=c1ncn2ccc(=O)[nH]c2n1,aryne_7617,O=c1ncn2c#cc(=O)[nH]c2n1
7617,arene_6930,O=c1occn2snn[nH]n12,aryne_7618,O=c1oc#cn2snn[nH]n12
7618,arene_6931,c1ncc2occc2n1,aryne_7619,c1oc2cncnc2c#1
7619,arene_6932,O=c1cc2[nH]ccc2c[nH]1,aryne_7620,O=c1cc2[nH]c#cc2c[nH]1
7620,arene_6933,O=c1ccc2nnc(=O)[nH]c2[nH]1,aryne_7621,O=c1c#cc2nnc(=O)[nH]c2[nH]1
7621,arene_6934,O=c1[nH]ccn2c(=O)nncc12,aryne_7622,O=c1[nH]c#cn2c(=O)nncc12
7622,arene_6935,O=c1ccon2sncon12,aryne_7623,O=c1c#con2sncon12
7623,arene_6936,c1csn2cn[nH]nc-2s1,aryne_7624,c1sc2n[nH]ncn-2sc#1
7624,arene_6937,O=c1ccc2scnsc1=2,aryne_7625,O=c1c#cc2scnsc1=2
7625,arene_6938,O=c1on2ccoc(=O)n2c1=O,aryne_7626,O=c1on2c#coc(=O)n2c1=O
7626,arene_6939,O=c1sccc2nnncc12,aryne_7627,O=c1sc#cc2nnncc12
7627,arene_6940,c1cc2nnncc2s1,aryne_7628,c1sc2cnnnc2c#1
7628,arene_6941,c1cc2c[nH]cc2[nH]1,aryne_7629,c1[nH]c2c[nH]cc2c#1
7629,arene_6943,O=c1[nH]nnc2occc12,aryne_7630,O=c1[nH]nnc2oc#cc12
7630,arene_6944,O=c1nc[nH]n2[nH]ccon12,aryne_7631,O=c1nc[nH]n2[nH]c#con12
7631,arene_6945,O=c1nc2sccc(=O)c2n[nH]1,aryne_7632,O=c1nc2sc#cc(=O)c2n[nH]1
7632,arene_6946,O=c1ccn2c(=O)sccn2c1=O,aryne_7633,O=c1c#cn2c(=O)sccn2c1=O
7633,arene_6946,O=c1ccn2c(=O)sccn2c1=O,aryne_7634,O=c1ccn2c(=O)sc#cn2c1=O
7634,arene_6947,O=c1sn2ccsnc-2c(=O)c1=O,aryne_7635,O=c1sn2c#csnc-2c(=O)c1=O
7635,arene_6948,O=c1cnoc2sccc12,aryne_7636,O=c1cnoc2sc#cc12
7636,arene_6949,O=c1sccc2c(=O)sccc12,aryne_7637,O=c1sccc2c(=O)sc#cc12
7637,arene_6950,O=c1ccsc2c(=O)ccsc12,aryne_7638,O=c1c#csc2c(=O)ccsc12
7638,arene_6951,c1n[nH]n2ccscc-2o1,aryne_7639,c1scc2ocn[nH]n-2c#1
7639,arene_6952,c1cnn2sccon2n1,aryne_7640,c1on2nccnn2sc#1
7640,arene_6953,O=c1ccsc2[nH]ccc12,aryne_7641,O=c1c#csc2[nH]ccc12
7641,arene_6953,O=c1ccsc2[nH]ccc12,aryne_7642,O=c1ccsc2[nH]c#cc12
7642,arene_6955,O=c1ccn2c(=O)ccnc2s1,aryne_7643,O=c1c#cn2c(=O)ccnc2s1
7643,arene_6955,O=c1ccn2c(=O)ccnc2s1,aryne_7644,O=c1ccn2c(=O)c#cnc2s1
7644,arene_6956,O=c1cc2ccsc(=O)n2c(=O)o1,aryne_7645,O=c1cc2c#csc(=O)n2c(=O)o1
7645,arene_6957,O=c1ccn2scc[nH]n2o1,aryne_7646,O=c1c#cn2scc[nH]n2o1
7646,arene_6957,O=c1ccn2scc[nH]n2o1,aryne_7647,O=c1ccn2sc#c[nH]n2o1
7647,arene_6958,O=c1cccc2ocnc(=O)n12,aryne_7648,O=c1c#ccc2ocnc(=O)n12
7648,arene_6959,O=c1oc(=O)n2sccn12,aryne_7649,O=c1oc(=O)n2sc#cn12
7649,arene_6960,O=c1ccoc2c[nH]cc12,aryne_7650,O=c1c#coc2c[nH]cc12
7650,arene_6961,O=c1ccc2nocc2[nH]1,aryne_7651,O=c1c#cc2nocc2[nH]1
7651,arene_6962,O=c1[nH]n2ccc(=O)n2[nH]c1=O,aryne_7652,O=c1[nH]n2c#cc(=O)n2[nH]c1=O
7652,arene_6963,O=c1[nH]ccn2snnon12,aryne_7653,O=c1[nH]c#cn2snnon12
7653,arene_6964,O=c1ccn2c(=O)c(=O)on2s1,aryne_7654,O=c1c#cn2c(=O)c(=O)on2s1
7654,arene_6965,c1nc2ccsc2o1,aryne_7655,c1sc2ocnc2c#1
7655,arene_6966,O=c1[nH]c(=O)n2nnccn2c1=O,aryne_7656,O=c1[nH]c(=O)n2nnc#cn2c1=O
7656,arene_6967,O=c1ccc2c[nH]cnn-2c1=O,aryne_7657,O=c1c#cc2c[nH]cnn-2c1=O
7657,arene_6968,c1cn2onn[nH]c-2n[nH]1,aryne_7658,c1[nH]nc2[nH]nnon-2c#1
7658,arene_6969,O=c1ccn2c(=O)nnnc2[nH]1,aryne_7659,O=c1c#cn2c(=O)nnnc2[nH]1
7659,arene_6970,O=c1nnc2occc(=O)c2o1,aryne_7660,O=c1nnc2oc#cc(=O)c2o1
7660,arene_6971,O=c1ccc2cocc2o1,aryne_7661,O=c1c#cc2cocc2o1
7661,arene_6972,O=c1on2scc[nH]n2c(=O)s1,aryne_7662,O=c1on2sc#c[nH]n2c(=O)s1
7662,arene_6973,c1cc2cnsc2[nH]1,aryne_7663,c1[nH]c2sncc2c#1
7663,arene_6974,c1cc2[nH]ncc2o1,aryne_7664,c1oc2cn[nH]c2c#1
7664,arene_6975,c1nsc2noccn-2[nH]1,aryne_7665,c1onc2snc[nH]n-2c#1
7665,arene_6976,O=c1ccc2nnc(=O)c1=2,aryne_7666,O=c1c#cc2nnc(=O)c1=2
7666,arene_6977,c1cn2cncc2[nH]1,aryne_7667,c1[nH]c2cncn2c#1
7667,arene_6978,O=c1[nH]c2cnccc2oc1=O,aryne_7668,O=c1[nH]c2cnc#cc2oc1=O
7668,arene_6979,O=c1ncn2[nH]c(=O)ccc2n1,aryne_7669,O=c1ncn2[nH]c(=O)c#cc2n1
7669,arene_6980,O=c1cc2ccccn2c(=O)o1,aryne_7670,O=c1cc2c#cccn2c(=O)o1
7670,arene_6980,O=c1cc2ccccn2c(=O)o1,aryne_7671,O=c1cc2ccc#cn2c(=O)o1
7671,arene_6981,O=c1sn2cc[nH]c(=O)n2c1=O,aryne_7672,O=c1sn2c#c[nH]c(=O)n2c1=O
7672,arene_6982,O=c1oc2nccn2oc1=O,aryne_7673,O=c1oc2nc#cn2oc1=O
7673,arene_6983,O=c1cnnc2occn12,aryne_7674,O=c1cnnc2oc#cn12
7674,arene_6984,O=c1[nH]n2cc[nH]c(=O)n2c(=O)c1=O,aryne_7675,O=c1[nH]n2c#c[nH]c(=O)n2c(=O)c1=O
7675,arene_6985,c1cn2onc[nH]c-2c[nH]1,aryne_7676,c1[nH]cc2[nH]cnon-2c#1
7676,arene_6986,O=c1ccc2snn[nH]c1=2,aryne_7677,O=c1c#cc2snn[nH]c1=2
7677,arene_6987,O=c1[nH]c2[nH]ccc(=O)c2sc1=O,aryne_7678,O=c1[nH]c2[nH]c#cc(=O)c2sc1=O
7678,arene_6988,O=c1sccn2sncsn12,aryne_7679,O=c1sc#cn2sncsn12
7679,arene_6989,O=c1[nH]n2ccccn2c(=O)c1=O,aryne_7680,O=c1[nH]n2c#cccn2c(=O)c1=O
7680,arene_6989,O=c1[nH]n2ccccn2c(=O)c1=O,aryne_7681,O=c1[nH]n2ccc#cn2c(=O)c1=O
7681,arene_6990,O=c1oc(=O)c(=O)n2cc[nH]cc1-2,aryne_7682,O=c1oc(=O)c(=O)n2c#c[nH]cc1-2
7682,arene_6992,O=c1oc(=O)c2sccc(=O)c2s1,aryne_7683,O=c1oc(=O)c2sc#cc(=O)c2s1
7683,arene_6993,O=c1[nH]c(=O)n2[nH]ccsn2o1,aryne_7684,O=c1[nH]c(=O)n2[nH]c#csn2o1
7684,arene_6994,O=c1occ2ncccn12,aryne_7685,O=c1occ2ncc#cn12
7685,arene_6995,O=c1ccc2sncc2s1,aryne_7686,O=c1c#cc2sncc2s1
7686,arene_6996,O=c1ccn2oc(=O)ncc2n1,aryne_7687,O=c1c#cn2oc(=O)ncc2n1
7687,arene_6997,c1cn2sncsc-2c[nH]1,aryne_7688,c1[nH]cc2scnsn-2c#1
7688,arene_6998,O=c1ccc2cscnn-2c1=O,aryne_7689,O=c1c#cc2cscnn-2c1=O
7689,arene_6999,O=c1oc2c(=O)occc2s1,aryne_7690,O=c1oc2c(=O)oc#cc2s1
7690,arene_7000,O=c1ccn2c(=O)ocnc2n1,aryne_7691,O=c1c#cn2c(=O)ocnc2n1
7691,arene_7001,O=c1nn[nH]c2ccsc(=O)c12,aryne_7692,O=c1nn[nH]c2c#csc(=O)c12
7692,arene_7002,O=c1[nH]n2sccsn2sc1=O,aryne_7693,O=c1[nH]n2sc#csn2sc1=O
7693,arene_7003,O=c1nc2c(=O)cc[nH]c2no1,aryne_7694,O=c1nc2c(=O)c#c[nH]c2no1
7694,arene_7004,O=c1ccn2c(=O)[nH]c(=O)c(=O)n2[nH]1,aryne_7695,O=c1c#cn2c(=O)[nH]c(=O)c(=O)n2[nH]1
7695,arene_7005,c1cc2snnc2[nH]1,aryne_7696,c1[nH]c2nnsc2c#1
7696,arene_7006,c1coc2snn[nH]c=2o1,aryne_7697,c1oc2[nH]nnsc=2oc#1
7697,arene_7007,c1cnn2sncsn2c1,aryne_7698,c1cnn2sncsn2c#1
7698,arene_7008,O=c1nc2cccnn2c(=O)[nH]1,aryne_7699,O=c1nc2c#ccnn2c(=O)[nH]1
7699,arene_7009,O=c1ccn2cnc(=O)n2[nH]1,aryne_7700,O=c1c#cn2cnc(=O)n2[nH]1
7700,arene_7010,O=c1ccn2c(=O)sc(=O)n2[nH]1,aryne_7701,O=c1c#cn2c(=O)sc(=O)n2[nH]1
7701,arene_7012,O=c1ccn2[nH]nnc2c1,aryne_7702,O=c1c#cn2[nH]nnc2c1
7702,arene_7013,O=c1ccn2[nH]cnon2s1,aryne_7703,O=c1c#cn2[nH]cnon2s1
7703,arene_7015,O=c1cc2c(=O)ccc(=O)c-2c1,aryne_7704,O=c1cc2c(=O)c#cc(=O)c-2c1
7704,arene_7016,O=c1[nH]c(=O)n2c(=O)ccnc2o1,aryne_7705,O=c1[nH]c(=O)n2c(=O)c#cnc2o1
7705,arene_7017,O=c1nc2[nH]ccsc-2nc1=O,aryne_7706,O=c1nc2[nH]c#csc-2nc1=O
7706,arene_7018,c1cc2cnsn2c1,aryne_7707,c1cc2cnsn2c#1
7707,arene_7020,O=c1ccn2onn[nH]n2o1,aryne_7708,O=c1c#cn2onn[nH]n2o1
7708,arene_7021,O=c1ccc2ccnnc2o1,aryne_7709,O=c1c#cc2ccnnc2o1
7709,arene_7021,O=c1ccc2ccnnc2o1,aryne_7710,O=c1ccc2c#cnnc2o1
7710,arene_7022,O=c1cnc(=O)n2occn12,aryne_7711,O=c1cnc(=O)n2oc#cn12
7711,arene_7023,O=c1on2ccocc-2c1=O,aryne_7712,O=c1on2c#cocc-2c1=O
7712,arene_7024,O=c1occ2ccsc(=O)n12,aryne_7713,O=c1occ2c#csc(=O)n12
7713,arene_7025,c1ccc2onnc2c1,aryne_7714,c1cc2nnoc2cc#1
7714,arene_7025,c1ccc2onnc2c1,aryne_7715,c1ccc2onnc2c#1
7715,arene_7025,c1ccc2onnc2c1,aryne_7716,c1ccc2nnoc2c#1
7716,arene_7026,O=c1ccc(=O)n2sncn12,aryne_7717,O=c1c#cc(=O)n2sncn12
7717,arene_7027,O=c1nc2cnccc2c[nH]1,aryne_7718,O=c1nc2cnc#cc2c[nH]1
7718,arene_7028,O=c1ccn2ccc(=O)n2s1,aryne_7719,O=c1c#cn2ccc(=O)n2s1
7719,arene_7028,O=c1ccn2ccc(=O)n2s1,aryne_7720,O=c1ccn2c#cc(=O)n2s1
7720,arene_7029,c1con2onnn2o1,aryne_7721,c1on2nnon2oc#1
7721,arene_7030,O=c1[nH]c2nccnc2[nH]1,aryne_7722,O=c1[nH]c2nc#cnc2[nH]1
7722,arene_7031,O=c1[nH]n2ccscc-2c1=O,aryne_7723,O=c1[nH]n2c#cscc-2c1=O
7723,arene_7032,c1cnc2sccc2n1,aryne_7724,c1nc2ccsc2nc#1
7724,arene_7032,c1cnc2sccc2n1,aryne_7725,c1sc2nccnc2c#1
7725,arene_7033,O=c1nnon2occ[nH]n12,aryne_7726,O=c1nnon2oc#c[nH]n12
7726,arene_7034,O=c1nnc2c[nH]ccn1-2,aryne_7727,O=c1nnc2c[nH]c#cn1-2
7727,arene_7035,O=c1ccoc2ccnn12,aryne_7728,O=c1c#coc2ccnn12
7728,arene_7036,c1ccn2occon2c1,aryne_7729,c1ccn2occon2c#1
7729,arene_7036,c1ccn2occon2c1,aryne_7730,c1on2ccccn2oc#1
7730,arene_7037,O=c1[nH]c2c(=O)sccc2c(=O)o1,aryne_7731,O=c1[nH]c2c(=O)sc#cc2c(=O)o1
7731,arene_7038,O=c1cc2cc[nH]c(=O)n2cn1,aryne_7732,O=c1cc2c#c[nH]c(=O)n2cn1
7732,arene_7039,O=c1[nH]nc2ccsn12,aryne_7733,O=c1[nH]nc2c#csn12
7733,arene_7040,O=c1ccc2nccc(=O)n2o1,aryne_7734,O=c1c#cc2nccc(=O)n2o1
7734,arene_7040,O=c1ccc2nccc(=O)n2o1,aryne_7735,O=c1ccc2nc#cc(=O)n2o1
7735,arene_7041,O=c1[nH]c(=O)n2c(=O)ccon12,aryne_7736,O=c1[nH]c(=O)n2c(=O)c#con12
7736,arene_7042,O=c1cc[nH]n2nccc12,aryne_7737,O=c1c#c[nH]n2nccc12
7737,arene_7043,O=c1ccc2sc(=O)c(=O)[nH]c2o1,aryne_7738,O=c1c#cc2sc(=O)c(=O)[nH]c2o1
7738,arene_7044,O=c1ccn2c(=O)c(=O)[nH]n2s1,aryne_7739,O=c1c#cn2c(=O)c(=O)[nH]n2s1
7739,arene_7045,O=c1ccn2onc[nH]n2s1,aryne_7740,O=c1c#cn2onc[nH]n2s1
7740,arene_7046,c1cc2cn[nH]c2o1,aryne_7741,c1oc2[nH]ncc2c#1
7741,arene_7047,O=c1ccsn2oncsn12,aryne_7742,O=c1c#csn2oncsn12
7742,arene_7048,O=c1oc(=O)n2c(=O)ccc(=O)n2o1,aryne_7743,O=c1oc(=O)n2c(=O)c#cc(=O)n2o1
7743,arene_7049,O=c1scnc2c(=O)occc12,aryne_7744,O=c1scnc2c(=O)oc#cc12
7744,arene_7050,O=c1sc2nccnc2s1,aryne_7745,O=c1sc2nc#cnc2s1
7745,arene_7051,O=c1[nH]c2c(=O)cc[nH]c2c(=O)o1,aryne_7746,O=c1[nH]c2c(=O)c#c[nH]c2c(=O)o1
7746,arene_7052,O=c1onc2ccsn2c1=O,aryne_7747,O=c1onc2c#csn2c1=O
7747,arene_7053,O=c1on2c(=O)cccc2c(=O)s1,aryne_7748,O=c1on2c(=O)c#ccc2c(=O)s1
7748,arene_7054,O=c1cccc2nnncn12,aryne_7749,O=c1c#ccc2nnncn12
7749,arene_7055,O=c1[nH]ccc2nnsc(=O)c12,aryne_7750,O=c1[nH]c#cc2nnsc(=O)c12
7750,arene_7056,O=c1ccn2c(=O)c(=O)[nH]c(=O)n2s1,aryne_7751,O=c1c#cn2c(=O)c(=O)[nH]c(=O)n2s1
7751,arene_7057,O=c1cc[nH]c2c(=O)onnc12,aryne_7752,O=c1c#c[nH]c2c(=O)onnc12
7752,arene_7058,O=c1sc2nsccn-2c1=O,aryne_7753,O=c1sc2nsc#cn-2c1=O
7753,arene_7059,O=c1ccn2nnccn12,aryne_7754,O=c1c#cn2nnccn12
7754,arene_7059,O=c1ccn2nnccn12,aryne_7755,O=c1ccn2nnc#cn12
7755,arene_7060,O=c1ncsc2nccnc12,aryne_7756,O=c1ncsc2nc#cnc12
7756,arene_7061,O=c1ccc2c(=O)[nH]ccc2s1,aryne_7757,O=c1c#cc2c(=O)[nH]ccc2s1
7757,arene_7061,O=c1ccc2c(=O)[nH]ccc2s1,aryne_7758,O=c1ccc2c(=O)[nH]c#cc2s1
7758,arene_7062,O=c1ccsc2ncoc12,aryne_7759,O=c1c#csc2ncoc12
7759,arene_7063,O=c1nnc2nccc(=O)n2[nH]1,aryne_7760,O=c1nnc2nc#cc(=O)n2[nH]1
7760,arene_7064,O=c1ccn2c(=O)c(=O)ncn2[nH]1,aryne_7761,O=c1c#cn2c(=O)c(=O)ncn2[nH]1
7761,arene_7065,O=c1sc(=O)c2c(=O)ccoc2s1,aryne_7762,O=c1sc(=O)c2c(=O)c#coc2s1
7762,arene_7066,O=c1[nH]ccn2[nH]nnsn12,aryne_7763,O=c1[nH]c#cn2[nH]nnsn12
7763,arene_7067,O=c1sc(=O)c(=O)c2sccsc1=2,aryne_7764,O=c1sc(=O)c(=O)c2sc#csc1=2
7764,arene_7068,O=c1cn[nH]n2c(=O)ccnc12,aryne_7765,O=c1cn[nH]n2c(=O)c#cnc12
7765,arene_7069,O=c1ccn2nccc2[nH]1,aryne_7766,O=c1c#cn2nccc2[nH]1
7766,arene_7070,O=c1ccc2oncoc=2c1=O,aryne_7767,O=c1c#cc2oncoc=2c1=O
7767,arene_7071,O=c1cc2ccc(=O)[nH]n2cn1,aryne_7768,O=c1cc2c#cc(=O)[nH]n2cn1
7768,arene_7072,c1csc2scnsc=2o1,aryne_7769,c1oc2sncsc=2sc#1
7769,arene_7073,O=c1snc2cc[nH]n12,aryne_7770,O=c1snc2c#c[nH]n12
7770,arene_7074,O=c1ccn2ncscc-2c1=O,aryne_7771,O=c1c#cn2ncscc-2c1=O
7771,arene_7075,O=c1ccn2[nH]nnc2n1,aryne_7772,O=c1c#cn2[nH]nnc2n1
7772,arene_7076,O=c1sccn2scn[nH]n12,aryne_7773,O=c1sc#cn2scn[nH]n12
7773,arene_7077,O=c1nncc[nH]1,aryne_7774,O=c1nnc#c[nH]1
7774,arene_7078,O=c1[nH]c(=O)n2sccsn2o1,aryne_7775,O=c1[nH]c(=O)n2sc#csn2o1
7775,arene_7079,c1csc2onnsc=2[nH]1,aryne_7776,c1[nH]c2snnoc=2sc#1
7776,arene_7080,O=c1[nH]c2cnccc2c(=O)o1,aryne_7777,O=c1[nH]c2cnc#cc2c(=O)o1
7777,arene_7082,c1cn2occon2cn1,aryne_7778,c1ncn2occon2c#1
7778,arene_7082,c1cn2occon2cn1,aryne_7779,c1on2ccncn2oc#1
7779,arene_7083,O=c1ccc2ocnc2o1,aryne_7780,O=c1c#cc2ocnc2o1
7780,arene_7084,O=c1ccn2occsn2s1,aryne_7781,O=c1c#cn2occsn2s1
7781,arene_7084,O=c1ccn2occsn2s1,aryne_7782,O=c1ccn2oc#csn2s1
7782,arene_7085,O=c1cc2[nH]ccc(=O)c2cs1,aryne_7783,O=c1cc2[nH]c#cc(=O)c2cs1
7783,arene_7086,O=c1ocnc2ncccc12,aryne_7784,O=c1ocnc2nc#ccc12
7784,arene_7086,O=c1ocnc2ncccc12,aryne_7785,O=c1ocnc2ncc#cc12
7785,arene_7087,O=c1ccn2sncon2o1,aryne_7786,O=c1c#cn2sncon2o1
7786,arene_7088,c1con2nc[nH]n2[nH]1,aryne_7787,c1[nH]n2[nH]cnn2oc#1
7787,arene_7089,O=c1ncc2[nH]ccc(=O)c2o1,aryne_7788,O=c1ncc2[nH]c#cc(=O)c2o1
7788,arene_7090,O=c1cc[nH]c2onnc12,aryne_7789,O=c1c#c[nH]c2onnc12
7789,arene_7091,O=c1on2ccc(=O)c(=O)n2c(=O)s1,aryne_7790,O=c1on2c#cc(=O)c(=O)n2c(=O)s1
7790,arene_7092,O=c1cc2sccc(=O)n2c(=O)s1,aryne_7791,O=c1cc2sc#cc(=O)n2c(=O)s1
7791,arene_7093,O=c1on2c(=O)ccn2s1,aryne_7792,O=c1on2c(=O)c#cn2s1
7792,arene_7094,O=c1[nH]ccn2c(=O)cncc12,aryne_7793,O=c1[nH]c#cn2c(=O)cncc12
7793,arene_7095,O=c1ncn2sccn12,aryne_7794,O=c1ncn2sc#cn12
7794,arene_7096,c1cc2nsnc2[nH]1,aryne_7795,c1[nH]c2nsnc2c#1
7795,arene_7097,O=c1cc2c(=O)sccc2n[nH]1,aryne_7796,O=c1cc2c(=O)sc#cc2n[nH]1
7796,arene_7098,O=c1[nH]n2occon2s1,aryne_7797,O=c1[nH]n2oc#con2s1
7797,arene_7099,O=c1cc2occc(=O)n2c(=O)o1,aryne_7798,O=c1cc2oc#cc(=O)n2c(=O)o1
7798,arene_7100,c1csc2concn-2[nH]1,aryne_7799,c1[nH]n2cnocc-2sc#1
7799,arene_7101,c1cnc2scnc2n1,aryne_7800,c1nc2ncsc2nc#1
7800,arene_7103,O=c1sccn2c(=O)nncc12,aryne_7801,O=c1sc#cn2c(=O)nncc12
7801,arene_7104,O=c1ccon2ccnc12,aryne_7802,O=c1c#con2ccnc12
7802,arene_7104,O=c1ccon2ccnc12,aryne_7803,O=c1ccon2c#cnc12
7803,arene_7105,c1cn2snnsn2s1,aryne_7804,c1sn2snnsn2c#1
7804,arene_7106,O=c1ccn2scnsn2[nH]1,aryne_7805,O=c1c#cn2scnsn2[nH]1
7805,arene_7107,O=c1ccn2c(=O)cncc2[nH]1,aryne_7806,O=c1c#cn2c(=O)cncc2[nH]1
7806,arene_7108,c1cnn2snnon2c1,aryne_7807,c1cnn2snnon2c#1
7807,arene_7109,O=c1nnn2[nH]cc[nH]n2o1,aryne_7808,O=c1nnn2[nH]c#c[nH]n2o1
7808,arene_7110,c1con2[nH]nnn2o1,aryne_7809,c1on2nn[nH]n2oc#1
7809,arene_7111,O=c1ccn2c(=O)[nH]nnc2n1,aryne_7810,O=c1c#cn2c(=O)[nH]nnc2n1
7810,arene_7112,O=c1ccn2[nH]c(=O)[nH]c2c1,aryne_7811,O=c1c#cn2[nH]c(=O)[nH]c2c1
7811,arene_7114,O=c1cc[nH]n2[nH]ncon12,aryne_7812,O=c1c#c[nH]n2[nH]ncon12
7812,arene_7115,O=c1sc(=O)c2ccoc(=O)c2s1,aryne_7813,O=c1sc(=O)c2c#coc(=O)c2s1
7813,arene_7116,c1cn2[nH]nc[nH]c-2n[nH]1,aryne_7814,c1[nH]nc2[nH]cn[nH]n-2c#1
7814,arene_7117,O=c1nnn2ccccn12,aryne_7815,O=c1nnn2c#cccn12
7815,arene_7117,O=c1nnn2ccccn12,aryne_7816,O=c1nnn2ccc#cn12
7816,arene_7118,O=c1ccn2sc(=O)sc(=O)c2n1,aryne_7817,O=c1c#cn2sc(=O)sc(=O)c2n1
7817,arene_7120,O=c1on2c(=O)cccc2s1,aryne_7818,O=c1on2c(=O)c#ccc2s1
7818,arene_7121,O=c1[nH]nnc2sccc12,aryne_7819,O=c1[nH]nnc2sc#cc12
7819,arene_7122,O=c1ccc(=O)n2cnsnc1-2,aryne_7820,O=c1c#cc(=O)n2cnsnc1-2
7820,arene_7123,O=c1ncsc2cc[nH]c(=O)c12,aryne_7821,O=c1ncsc2c#c[nH]c(=O)c12
7821,arene_7124,c1cc2sccc2o1,aryne_7822,c1oc2ccsc2c#1
7822,arene_7124,c1cc2sccc2o1,aryne_7823,c1sc2ccoc2c#1
7823,arene_7125,O=c1cc2cccnn2nn1,aryne_7824,O=c1cc2c#ccnn2nn1
7824,arene_7126,O=c1ccc2onnsc=2c1=O,aryne_7825,O=c1c#cc2onnsc=2c1=O
7825,arene_7127,O=c1ccc(=O)n2c(=O)ocnn12,aryne_7826,O=c1c#cc(=O)n2c(=O)ocnn12
7826,arene_7128,O=c1ccn2ocnc(=O)n2c1=O,aryne_7827,O=c1c#cn2ocnc(=O)n2c1=O
7827,arene_7130,O=c1[nH]c2cc[nH]c2o1,aryne_7828,O=c1[nH]c2c#c[nH]c2o1
7828,arene_7131,O=c1cc2[nH]ccc(=O)n2c(=O)s1,aryne_7829,O=c1cc2[nH]c#cc(=O)n2c(=O)s1
7829,arene_7132,O=c1[nH]ccn2[nH]ncsn12,aryne_7830,O=c1[nH]c#cn2[nH]ncsn12
7830,arene_7133,c1c[nH]n2sccn2[nH]1,aryne_7831,c1[nH]n2ccsn2[nH]c#1
7831,arene_7133,c1c[nH]n2sccn2[nH]1,aryne_7832,c1sn2[nH]cc[nH]n2c#1
7832,arene_7134,O=c1ccc2nnoc2s1,aryne_7833,O=c1c#cc2nnoc2s1
7833,arene_7135,O=c1ccc2nn[nH]c2s1,aryne_7834,O=c1c#cc2nn[nH]c2s1
7834,arene_7136,c1cnn2ncnc2c1,aryne_7835,c1cnn2ncnc2c#1
7835,arene_7137,O=c1ccn2snnn12,aryne_7836,O=c1c#cn2snnn12
7836,arene_7138,O=c1nnn2sccsn2s1,aryne_7837,O=c1nnn2sc#csn2s1
7837,arene_7139,O=c1ccc2oc(=O)c(=O)[nH]c2s1,aryne_7838,O=c1c#cc2oc(=O)c(=O)[nH]c2s1
7838,arene_7140,O=c1[nH]ccc2nn[nH]c(=O)c12,aryne_7839,O=c1[nH]c#cc2nn[nH]c(=O)c12
7839,arene_7141,O=c1[nH]c2sc(=O)ccc2o1,aryne_7840,O=c1[nH]c2sc(=O)c#cc2o1
7840,arene_7142,O=c1ccn2c(=O)[nH]ncc2n1,aryne_7841,O=c1c#cn2c(=O)[nH]ncc2n1
7841,arene_7143,O=c1cnc2ccccc2[nH]1,aryne_7842,O=c1cnc2c#cccc2[nH]1
7842,arene_7143,O=c1cnc2ccccc2[nH]1,aryne_7843,O=c1cnc2cc#ccc2[nH]1
7843,arene_7143,O=c1cnc2ccccc2[nH]1,aryne_7844,O=c1cnc2ccc#cc2[nH]1
7844,arene_7144,O=c1nn[nH]c2ccoc12,aryne_7845,O=c1nn[nH]c2c#coc12
7845,arene_7145,O=c1ccn2sc(=O)[nH]c2c1,aryne_7846,O=c1c#cn2sc(=O)[nH]c2c1
7846,arene_7146,O=c1on2[nH]ccon2c(=O)s1,aryne_7847,O=c1on2[nH]c#con2c(=O)s1
7847,arene_7147,c1cc2cncn2nn1,aryne_7848,c1nnn2cncc2c#1
7848,arene_7148,O=c1[nH]c2c(=O)cc[nH]c2sc1=O,aryne_7849,O=c1[nH]c2c(=O)c#c[nH]c2sc1=O
7849,arene_7149,O=c1[nH]cc2c(=O)cc[nH]n2c1=O,aryne_7850,O=c1[nH]cc2c(=O)c#c[nH]n2c1=O
7850,arene_7150,c1csn2ocnn2[nH]1,aryne_7851,c1[nH]n2ncon2sc#1
7851,arene_7151,O=c1nnn2c(=O)occc2n1,aryne_7852,O=c1nnn2c(=O)oc#cc2n1
7852,arene_7152,O=c1sccc2occc12,aryne_7853,O=c1sc#cc2occc12
7853,arene_7152,O=c1sccc2occc12,aryne_7854,O=c1sccc2oc#cc12
7854,arene_7153,O=c1ccc2connn1-2,aryne_7855,O=c1c#cc2connn1-2
7855,arene_7154,c1ccc2occc2c1,aryne_7856,c1cc2ccoc2cc#1
7856,arene_7154,c1ccc2occc2c1,aryne_7857,c1ccc2occc2c#1
7857,arene_7154,c1ccc2occc2c1,aryne_7858,c1ccc2ccoc2c#1
7858,arene_7154,c1ccc2occc2c1,aryne_7859,c1oc2ccccc2c#1
7859,arene_7155,O=c1ccn2ncoc(=O)n12,aryne_7860,O=c1c#cn2ncoc(=O)n12
7860,arene_7156,O=c1cc2ccc(=O)sc2no1,aryne_7861,O=c1cc2c#cc(=O)sc2no1
7861,arene_7157,O=c1[nH]c(=O)n2c(=O)c(=O)ccn2[nH]1,aryne_7862,O=c1[nH]c(=O)n2c(=O)c(=O)c#cn2[nH]1
7862,arene_7159,O=c1ccc2oc(=O)c(=O)c=2c1=O,aryne_7863,O=c1c#cc2oc(=O)c(=O)c=2c1=O
7863,arene_7160,O=c1oc2nccnc2o1,aryne_7864,O=c1oc2nc#cnc2o1
7864,arene_7161,c1csc2coccn-2[nH]1,aryne_7865,c1[nH]n2ccocc-2sc#1
7865,arene_7161,c1csc2coccn-2[nH]1,aryne_7866,c1occ2scc[nH]n-2c#1
7866,arene_7162,O=c1nnc2ccoc(=O)c2o1,aryne_7867,O=c1nnc2c#coc(=O)c2o1
7867,arene_7163,O=c1occc2cccnc12,aryne_7868,O=c1oc#cc2cccnc12
7868,arene_7163,O=c1occc2cccnc12,aryne_7869,O=c1occc2c#ccnc12
7869,arene_7163,O=c1occc2cccnc12,aryne_7870,O=c1occc2cc#cnc12
7870,arene_7164,O=c1nc2ccon2c(=O)[nH]1,aryne_7871,O=c1nc2c#con2c(=O)[nH]1
7871,arene_7165,O=c1ccc2ncnc(=O)n2s1,aryne_7872,O=c1c#cc2ncnc(=O)n2s1
7872,arene_7167,O=c1ccc2c[nH]c(=O)nc2[nH]1,aryne_7873,O=c1c#cc2c[nH]c(=O)nc2[nH]1
7873,arene_7168,c1nc2occc2o1,aryne_7874,c1oc2ncoc2c#1
7874,arene_7169,O=c1ccc2c(=O)occc2s1,aryne_7875,O=c1c#cc2c(=O)occc2s1
7875,arene_7169,O=c1ccc2c(=O)occc2s1,aryne_7876,O=c1ccc2c(=O)oc#cc2s1
7876,arene_7170,O=c1nnc2ccoc(=O)c2[nH]1,aryne_7877,O=c1nnc2c#coc(=O)c2[nH]1
7877,arene_7172,O=c1[nH]cnc2cccnc12,aryne_7878,O=c1[nH]cnc2c#ccnc12
7878,arene_7172,O=c1[nH]cnc2cccnc12,aryne_7879,O=c1[nH]cnc2cc#cnc12
7879,arene_7173,O=c1ccc(=O)c2onc[nH]c1=2,aryne_7880,O=c1c#cc(=O)c2onc[nH]c1=2
7880,arene_7174,c1cc2sccc2[nH]1,aryne_7881,c1[nH]c2ccsc2c#1
7881,arene_7174,c1cc2sccc2[nH]1,aryne_7882,c1sc2cc[nH]c2c#1
7882,arene_7175,O=c1[nH]nnc2ccsc12,aryne_7883,O=c1[nH]nnc2c#csc12
7883,arene_7176,c1cn2[nH]ncsn2s1,aryne_7884,c1sn2scn[nH]n2c#1
7884,arene_7177,O=c1[nH]c2ccnnc2oc1=O,aryne_7885,O=c1[nH]c2c#cnnc2oc1=O
7885,arene_7178,c1cc2nnnnc2cn1,aryne_7886,c1ncc2nnnnc2c#1
7886,arene_7179,O=c1nnc2nsccn1-2,aryne_7887,O=c1nnc2nsc#cn1-2
7887,arene_7180,O=c1cccc2nnsc(=O)n12,aryne_7888,O=c1c#ccc2nnsc(=O)n12
7888,arene_7182,O=c1cc2occc(=O)c2cs1,aryne_7889,O=c1cc2oc#cc(=O)c2cs1
7889,arene_7183,O=c1ccn2c(=O)c(=O)c(=O)sn2[nH]1,aryne_7890,O=c1c#cn2c(=O)c(=O)c(=O)sn2[nH]1
7890,arene_7184,O=c1[nH]c2csccn-2c(=O)c1=O,aryne_7891,O=c1[nH]c2csc#cn-2c(=O)c1=O
7891,arene_7185,O=c1ccn2c(=O)onnc2c1,aryne_7892,O=c1c#cn2c(=O)onnc2c1
7892,arene_7186,O=c1[nH]c(=O)n2occsn2o1,aryne_7893,O=c1[nH]c(=O)n2oc#csn2o1
7893,arene_7187,O=c1ccnc2sccn12,aryne_7894,O=c1c#cnc2sccn12
7894,arene_7187,O=c1ccnc2sccn12,aryne_7895,O=c1ccnc2sc#cn12
7895,arene_7188,O=c1oc2cccc(=O)n2sc1=O,aryne_7896,O=c1oc2cc#cc(=O)n2sc1=O
7896,arene_7189,O=c1[nH]c(=O)n2cccc2[nH]1,aryne_7897,O=c1[nH]c(=O)n2c#ccc2[nH]1
7897,arene_7190,c1non2occn2[nH]1,aryne_7898,c1on2onc[nH]n2c#1
7898,arene_7191,O=c1ccc2oc(=O)oc2[nH]1,aryne_7899,O=c1c#cc2oc(=O)oc2[nH]1
7899,arene_7192,O=c1cc[nH]n2c(=O)cncc12,aryne_7900,O=c1c#c[nH]n2c(=O)cncc12
7900,arene_7193,c1ccc2cnccc2c1,aryne_7901,c1cc2ccncc2cc#1
7901,arene_7193,c1ccc2cnccc2c1,aryne_7902,c1ccc2cnccc2c#1
7902,arene_7193,c1ccc2cnccc2c1,aryne_7903,c1ccc2ccncc2c#1
7903,arene_7193,c1ccc2cnccc2c1,aryne_7904,c1ncc2ccccc2c#1
7904,arene_7194,c1cn2onnsc-2co1,aryne_7905,c1occ2snnon-2c#1
7905,arene_7195,O=c1ccc2nc(=O)scc2s1,aryne_7906,O=c1c#cc2nc(=O)scc2s1
7906,arene_7196,c1coc2noncn-2[nH]1,aryne_7907,c1[nH]n2cnonc-2oc#1
7907,arene_7197,O=c1ccc2c(=O)[nH]ccc2[nH]1,aryne_7908,O=c1c#cc2c(=O)[nH]ccc2[nH]1
7908,arene_7197,O=c1ccc2c(=O)[nH]ccc2[nH]1,aryne_7909,O=c1ccc2c(=O)[nH]c#cc2[nH]1
7909,arene_7199,O=c1ccc2nncnc2o1,aryne_7910,O=c1c#cc2nncnc2o1
7910,arene_7200,O=c1nnc2occsc=2c1=O,aryne_7911,O=c1nnc2oc#csc=2c1=O
7911,arene_7201,O=c1ccn2sc(=O)cnc2c1,aryne_7912,O=c1c#cn2sc(=O)cnc2c1
7912,arene_7202,O=c1scc2cccnn2c1=O,aryne_7913,O=c1scc2c#ccnn2c1=O
7913,arene_7203,O=c1ccc2snnc2[nH]1,aryne_7914,O=c1c#cc2snnc2[nH]1
7914,arene_7205,O=c1ncc2cnccc2o1,aryne_7915,O=c1ncc2cnc#cc2o1
7915,arene_7206,O=c1ncn2ccnc2o1,aryne_7916,O=c1ncn2c#cnc2o1
7916,arene_7207,O=c1[nH]nc2c(=O)[nH]ccn2c1=O,aryne_7917,O=c1[nH]nc2c(=O)[nH]c#cn2c1=O
7917,arene_7208,c1con2sncn2o1,aryne_7918,c1on2cnsn2oc#1
7918,arene_7209,c1cn2sncsc-2ns1,aryne_7919,c1snc2scnsn-2c#1
7919,arene_7210,O=c1[nH]c2cccnc2[nH]c1=O,aryne_7920,O=c1[nH]c2c#ccnc2[nH]c1=O
7920,arene_7210,O=c1[nH]c2cccnc2[nH]c1=O,aryne_7921,O=c1[nH]c2cc#cnc2[nH]c1=O
7921,arene_7212,O=c1ccc2c(=O)oc(=O)c(=O)c=2c1=O,aryne_7922,O=c1c#cc2c(=O)oc(=O)c(=O)c=2c1=O
7922,arene_7213,O=c1ccon2oncsn12,aryne_7923,O=c1c#con2oncsn12
7923,arene_7214,O=c1cnn2c(=O)sccc2c1,aryne_7924,O=c1cnn2c(=O)sc#cc2c1
7924,arene_7215,O=c1ccoc2c(=O)[nH]ncc12,aryne_7925,O=c1c#coc2c(=O)[nH]ncc12
7925,arene_7216,O=c1cn[nH]c2cc[nH]c12,aryne_7926,O=c1cn[nH]c2c#c[nH]c12
7926,arene_7217,O=c1nc[nH]n2c(=O)ccn12,aryne_7927,O=c1nc[nH]n2c(=O)c#cn12
7927,arene_7218,c1cn2[nH]nnoc-2n[nH]1,aryne_7928,c1[nH]nc2onn[nH]n-2c#1
7928,arene_7219,O=c1nnn2occ[nH]n2o1,aryne_7929,O=c1nnn2oc#c[nH]n2o1
7929,arene_7220,O=c1ccc2sc(=O)oc2s1,aryne_7930,O=c1c#cc2sc(=O)oc2s1
7930,arene_7221,O=c1ccn2nc[nH]c(=O)c2n1,aryne_7931,O=c1c#cn2nc[nH]c(=O)c2n1
7931,arene_7222,O=c1occs1,aryne_7932,O=c1oc#cs1
7932,arene_7223,O=c1occc2ncccc12,aryne_7933,O=c1oc#cc2ncccc12
7933,arene_7223,O=c1occc2ncccc12,aryne_7934,O=c1occc2nc#ccc12
7934,arene_7223,O=c1occc2ncccc12,aryne_7935,O=c1occc2ncc#cc12
7935,arene_7224,O=c1ccc2c(=O)sncc2o1,aryne_7936,O=c1c#cc2c(=O)sncc2o1
7936,arene_7225,O=c1occc2csc(=O)n12,aryne_7937,O=c1oc#cc2csc(=O)n12
7937,arene_7226,c1cn2onnoc-2no1,aryne_7938,c1onc2onnon-2c#1
7938,arene_7227,O=c1[nH]cc2[nH]ccn12,aryne_7939,O=c1[nH]cc2[nH]c#cn12
7939,arene_7228,O=c1ccc2ocnsc1=2,aryne_7940,O=c1c#cc2ocnsc1=2
7940,arene_7229,O=c1ccon2[nH]cnsn12,aryne_7941,O=c1c#con2[nH]cnsn12
7941,arene_7230,O=c1ccn2ccsc2c1,aryne_7942,O=c1c#cn2ccsc2c1
7942,arene_7230,O=c1ccn2ccsc2c1,aryne_7943,O=c1ccn2c#csc2c1
7943,arene_7232,O=c1ccc2oc(=O)ccc2[nH]1,aryne_7944,O=c1c#cc2oc(=O)ccc2[nH]1
7944,arene_7232,O=c1ccc2oc(=O)ccc2[nH]1,aryne_7945,O=c1ccc2oc(=O)c#cc2[nH]1
7945,arene_7233,O=c1ccc2ncc(=O)oc2[nH]1,aryne_7946,O=c1c#cc2ncc(=O)oc2[nH]1
7946,arene_7234,O=c1nnn2[nH]ccsn2o1,aryne_7947,O=c1nnn2[nH]c#csn2o1
7947,arene_7235,O=c1cc2[nH]ccc2cs1,aryne_7948,O=c1cc2[nH]c#cc2cs1
7948,arene_7236,O=c1nc2cc[nH]c(=O)c2no1,aryne_7949,O=c1nc2c#c[nH]c(=O)c2no1
7949,arene_7237,O=c1[nH]cc2ncccn12,aryne_7950,O=c1[nH]cc2ncc#cn12
7950,arene_7238,O=c1oc2ccoc2s1,aryne_7951,O=c1oc2c#coc2s1
7951,arene_7239,O=c1oncc2ccoc12,aryne_7952,O=c1oncc2c#coc12
7952,arene_7241,O=c1ccc(=O)c2[nH]nn[nH]c1=2,aryne_7953,O=c1c#cc(=O)c2[nH]nn[nH]c1=2
7953,arene_7242,c1cn2oncsn2[nH]1,aryne_7954,c1[nH]n2scnon2c#1
7954,arene_7243,O=c1nc2cnccn2c(=O)s1,aryne_7955,O=c1nc2cnc#cn2c(=O)s1
7955,arene_7244,O=c1sc2ccoc(=O)c2s1,aryne_7956,O=c1sc2c#coc(=O)c2s1
7956,arene_7245,O=c1scc2occc(=O)n2c1=O,aryne_7957,O=c1scc2oc#cc(=O)n2c1=O
7957,arene_7246,O=c1occc2ccncc12,aryne_7958,O=c1oc#cc2ccncc12
7958,arene_7246,O=c1occc2ccncc12,aryne_7959,O=c1occc2c#cncc12
7959,arene_7247,O=c1ccoc2c[nH]c(=O)n12,aryne_7960,O=c1c#coc2c[nH]c(=O)n12
7960,arene_7248,O=c1oc(=O)c2c(=O)ccsc2o1,aryne_7961,O=c1oc(=O)c2c(=O)c#csc2o1
7961,arene_7249,c1cc2cscc2[nH]1,aryne_7962,c1[nH]c2cscc2c#1
7962,arene_7250,O=c1cc2ccoc(=O)c2cs1,aryne_7963,O=c1cc2c#coc(=O)c2cs1
7963,arene_7252,O=c1ccc2sc(=O)nnc2s1,aryne_7964,O=c1c#cc2sc(=O)nnc2s1
7964,arene_7253,O=c1onnc2sccc12,aryne_7965,O=c1onnc2sc#cc12
7965,arene_7254,O=c1ncc2[nH]ccc2o1,aryne_7966,O=c1ncc2[nH]c#cc2o1
7966,arene_7256,O=c1ccsc2cnncc12,aryne_7967,O=c1c#csc2cnncc12
7967,arene_7257,c1csn2ncocc-2[nH]1,aryne_7968,c1[nH]c2cocnn-2sc#1
7968,arene_7258,c1cn2snnsc-2c[nH]1,aryne_7969,c1[nH]cc2snnsn-2c#1
7969,arene_7259,O=c1ccc2cnoc(=O)c2[nH]1,aryne_7970,O=c1c#cc2cnoc(=O)c2[nH]1
7970,arene_7260,c1cc2cnnnc2o1,aryne_7971,c1oc2nnncc2c#1
7971,arene_7261,c1n[nH]n2cconc-2[nH]1,aryne_7972,c1onc2[nH]cn[nH]n-2c#1
7972,arene_7262,O=c1nn[nH]c2nccn12,aryne_7973,O=c1nn[nH]c2nc#cn12
7973,arene_7263,O=c1ccsc2nc[nH]c12,aryne_7974,O=c1c#csc2nc[nH]c12
7974,arene_7264,O=c1oc(=O)n2cccnn2c1=O,aryne_7975,O=c1oc(=O)n2c#ccnn2c1=O
7975,arene_7265,O=c1ccsc2[nH]nnc(=O)c12,aryne_7976,O=c1c#csc2[nH]nnc(=O)c12
7976,arene_7266,O=c1[nH]nc2occc(=O)n2c1=O,aryne_7977,O=c1[nH]nc2oc#cc(=O)n2c1=O
7977,arene_7268,c1cc2nn[nH]c2nn1,aryne_7978,c1nnc2[nH]nnc2c#1
7978,arene_7269,O=c1ccoc2ccccc12,aryne_7979,O=c1c#coc2ccccc12
7979,arene_7269,O=c1ccoc2ccccc12,aryne_7980,O=c1ccoc2c#cccc12
7980,arene_7269,O=c1ccoc2ccccc12,aryne_7981,O=c1ccoc2cc#ccc12
7981,arene_7269,O=c1ccoc2ccccc12,aryne_7982,O=c1ccoc2ccc#cc12
7982,arene_7270,O=c1ccn2cconc-2c1=O,aryne_7983,O=c1c#cn2cconc-2c1=O
7983,arene_7270,O=c1ccn2cconc-2c1=O,aryne_7984,O=c1ccn2c#conc-2c1=O
7984,arene_7271,c1cc2[nH]nnc2nn1,aryne_7985,c1nnc2nn[nH]c2c#1
7985,arene_7272,O=c1occn2scc[nH]n12,aryne_7986,O=c1oc#cn2scc[nH]n12
7986,arene_7272,O=c1occn2scc[nH]n12,aryne_7987,O=c1occn2sc#c[nH]n12
7987,arene_7273,c1nn2occoc-2c[nH]1,aryne_7988,c1oc2c[nH]cnn-2oc#1
7988,arene_7274,O=c1onnc2c(=O)[nH]ccc12,aryne_7989,O=c1onnc2c(=O)[nH]c#cc12
7989,arene_7275,c1c[nH]c2sccsc=2[nH]1,aryne_7990,c1[nH]c2sccsc=2[nH]c#1
7990,arene_7275,c1c[nH]c2sccsc=2[nH]1,aryne_7991,c1sc2[nH]cc[nH]c=2sc#1
7991,arene_7276,O=c1ccn2c(=O)[nH]c(=O)[nH]c2n1,aryne_7992,O=c1c#cn2c(=O)[nH]c(=O)[nH]c2n1
7992,arene_7277,O=c1cnn2c(=O)ccsc2c1,aryne_7993,O=c1cnn2c(=O)c#csc2c1
7993,arene_7278,c1cn2nnnc2cn1,aryne_7994,c1ncc2nnnn2c#1
7994,arene_7279,c1cc2ncsc2cn1,aryne_7995,c1ncc2scnc2c#1
7995,arene_7280,O=c1sn2[nH]ccn2c1=O,aryne_7996,O=c1sn2[nH]c#cn2c1=O
7996,arene_7281,c1nnn2[nH]ccsn2n1,aryne_7997,c1[nH]n2nncnn2sc#1
7997,arene_7282,O=c1ccc2nccnc2[nH]1,aryne_7998,O=c1c#cc2nccnc2[nH]1
7998,arene_7282,O=c1ccc2nccnc2[nH]1,aryne_7999,O=c1ccc2nc#cnc2[nH]1
7999,arene_7283,c1cn2onnc2n1,aryne_8000,c1nc2nnon2c#1
8000,arene_7284,O=c1on2ccccn2c(=O)c1=O,aryne_8001,O=c1on2c#cccn2c(=O)c1=O
8001,arene_7284,O=c1on2ccccn2c(=O)c1=O,aryne_8002,O=c1on2ccc#cn2c(=O)c1=O
8002,arene_7285,O=c1ccc2c[nH]c(=O)n2s1,aryne_8003,O=c1c#cc2c[nH]c(=O)n2s1
8003,arene_7286,O=c1sc2ccnnc2s1,aryne_8004,O=c1sc2c#cnnc2s1
8004,arene_7287,O=c1nc2cnccc2n[nH]1,aryne_8005,O=c1nc2cnc#cc2n[nH]1
8005,arene_7288,O=c1ccc(=O)c2c(=O)c(=O)c(=O)[nH]c1=2,aryne_8006,O=c1c#cc(=O)c2c(=O)c(=O)c(=O)[nH]c1=2
8006,arene_7289,O=c1ccc2c(=O)ocnc2s1,aryne_8007,O=c1c#cc2c(=O)ocnc2s1
8007,arene_7290,O=c1nc2ccsc2co1,aryne_8008,O=c1nc2c#csc2co1
8008,arene_7291,O=c1[nH]c2[nH]ccsc=2c1=O,aryne_8009,O=c1[nH]c2[nH]c#csc=2c1=O
8009,arene_7292,c1csc2oncoc=2o1,aryne_8010,c1oc2ocnoc=2sc#1
8010,arene_7293,O=c1cc2cc[nH]c(=O)n2c(=O)s1,aryne_8011,O=c1cc2c#c[nH]c(=O)n2c(=O)s1
8011,arene_7294,c1nnn2occon2n1,aryne_8012,c1on2ncnnn2oc#1
8012,arene_7295,O=c1nc2[nH]ccc2cs1,aryne_8013,O=c1nc2[nH]c#cc2cs1
8013,arene_7296,O=c1nnnc2ccoc(=O)n12,aryne_8014,O=c1nnnc2c#coc(=O)n12
8014,arene_7297,O=c1ccon2c(=O)ncn12,aryne_8015,O=c1c#con2c(=O)ncn12
8015,arene_7298,O=c1[nH]c2ccoc(=O)c2oc1=O,aryne_8016,O=c1[nH]c2c#coc(=O)c2oc1=O
8016,arene_7299,O=c1cnsc2nnccc12,aryne_8017,O=c1cnsc2nnc#cc12
8017,arene_7300,O=c1ccc2csc(=O)c(=O)n2s1,aryne_8018,O=c1c#cc2csc(=O)c(=O)n2s1
8018,arene_7301,c1cn2occoc-2n[nH]1,aryne_8019,c1[nH]nc2occon-2c#1
8019,arene_7301,c1cn2occoc-2n[nH]1,aryne_8020,c1oc2n[nH]ccn-2oc#1
8020,arene_7302,O=c1cccc2ccncn12,aryne_8021,O=c1c#ccc2ccncn12
8021,arene_7302,O=c1cccc2ccncn12,aryne_8022,O=c1cccc2c#cncn12
8022,arene_7303,O=c1ccn2nnonc-2c1=O,aryne_8023,O=c1c#cn2nnonc-2c1=O
8023,arene_7304,c1csc2scn[nH]c=2s1,aryne_8024,c1sc2[nH]ncsc=2sc#1
8024,arene_7305,O=c1occ2sccn2c1=O,aryne_8025,O=c1occ2sc#cn2c1=O
8025,arene_7306,O=c1[nH]c2ccsc(=O)c2c(=O)o1,aryne_8026,O=c1[nH]c2c#csc(=O)c2c(=O)o1
8026,arene_7307,c1cc2cnsc2nn1,aryne_8027,c1nnc2sncc2c#1
8027,arene_7308,c1coc2sccsc=2[nH]1,aryne_8028,c1[nH]c2sccsc=2oc#1
8028,arene_7308,c1coc2sccsc=2[nH]1,aryne_8029,c1sc2[nH]ccoc=2sc#1
8029,arene_7309,O=c1on2occsn2o1,aryne_8030,O=c1on2oc#csn2o1
8030,arene_7310,O=c1sccc2cccnc12,aryne_8031,O=c1sc#cc2cccnc12
8031,arene_7310,O=c1sccc2cccnc12,aryne_8032,O=c1sccc2c#ccnc12
8032,arene_7310,O=c1sccc2cccnc12,aryne_8033,O=c1sccc2cc#cnc12
8033,arene_7311,O=c1nc2c(=O)sccc2c[nH]1,aryne_8034,O=c1nc2c(=O)sc#cc2c[nH]1
8034,arene_7312,O=c1nn[nH]n2[nH]ccsn12,aryne_8035,O=c1nn[nH]n2[nH]c#csn12
8035,arene_7313,O=c1cnc2nccc(=O)n2o1,aryne_8036,O=c1cnc2nc#cc(=O)n2o1
8036,arene_7314,O=c1[nH]c2ccsc(=O)c2[nH]c1=O,aryne_8037,O=c1[nH]c2c#csc(=O)c2[nH]c1=O
8037,arene_7315,O=c1ccc2c(=O)oc(=O)c=2c1=O,aryne_8038,O=c1c#cc2c(=O)oc(=O)c=2c1=O
8038,arene_7316,O=c1cc[nH]n2[nH]nnon12,aryne_8039,O=c1c#c[nH]n2[nH]nnon12
8039,arene_7317,O=c1nc2cccnc2c[nH]1,aryne_8040,O=c1nc2c#ccnc2c[nH]1
8040,arene_7318,O=c1ncn2c(=O)ccn2[nH]1,aryne_8041,O=c1ncn2c(=O)c#cn2[nH]1
8041,arene_7319,O=c1cc2cc[nH]c2cs1,aryne_8042,O=c1cc2c#c[nH]c2cs1
8042,arene_7320,c1cn2scn[nH]c-2co1,aryne_8043,c1occ2[nH]ncsn-2c#1
8043,arene_7321,c1cnc2ncncc2n1,aryne_8044,c1nc2cncnc2nc#1
8044,arene_7322,c1csn2cnnnn2[nH]1,aryne_8045,c1[nH]n2nnncn2sc#1
8045,arene_7323,O=c1[nH]c(=O)n2cc[nH]c(=O)n2c1=O,aryne_8046,O=c1[nH]c(=O)n2c#c[nH]c(=O)n2c1=O
8046,arene_7324,O=c1cc2ccsn2nn1,aryne_8047,O=c1cc2c#csn2nn1
8047,arene_7325,c1nc2sccn2n1,aryne_8048,c1sc2ncnn2c#1
8048,arene_7326,O=c1c(=O)c2ccsc(=O)c2c1=O,aryne_8049,O=c1c(=O)c2c#csc(=O)c2c1=O
8049,arene_7327,c1nsn2ccscc-2[nH]1,aryne_8050,c1scc2[nH]cnsn-2c#1
8050,arene_7329,c1cn2ocnsn2[nH]1,aryne_8051,c1[nH]n2sncon2c#1
8051,arene_7330,c1ccc2ncccc2c1,aryne_8052,c1cc2cccnc2cc#1
8052,arene_7330,c1ccc2ncccc2c1,aryne_8053,c1ccc2ncccc2c#1
8053,arene_7330,c1ccc2ncccc2c1,aryne_8054,c1ccc2cccnc2c#1
8054,arene_7330,c1ccc2ncccc2c1,aryne_8055,c1cc2ccccc2nc#1
8055,arene_7330,c1ccc2ncccc2c1,aryne_8056,c1cnc2ccccc2c#1
8056,arene_7331,O=c1ncn2scc[nH]n2s1,aryne_8057,O=c1ncn2sc#c[nH]n2s1
8057,arene_7333,O=c1ccn2scnon2[nH]1,aryne_8058,O=c1c#cn2scnon2[nH]1
8058,arene_7334,c1cc2cncnn2c1,aryne_8059,c1cc2cncnn2c#1
8059,arene_7335,O=c1cnc2nccnc2o1,aryne_8060,O=c1cnc2nc#cnc2o1
8060,arene_7337,O=c1nnsc2[nH]ccc12,aryne_8061,O=c1nnsc2[nH]c#cc12
8061,arene_7338,O=c1oc2sccsc=2c1=O,aryne_8062,O=c1oc2sc#csc=2c1=O
8062,arene_7339,O=c1ccsc2c[nH]cc12,aryne_8063,O=c1c#csc2c[nH]cc12
8063,arene_7340,O=c1ccsn2c(=O)[nH]cc12,aryne_8064,O=c1c#csn2c(=O)[nH]cc12
8064,arene_7341,O=c1ccn2c(=O)oc(=O)sc2c1,aryne_8065,O=c1c#cn2c(=O)oc(=O)sc2c1
8065,arene_7342,O=c1ccn2c(=O)c(=O)scc2s1,aryne_8066,O=c1c#cn2c(=O)c(=O)scc2s1
8066,arene_7343,O=c1[nH]c2sccc2o1,aryne_8067,O=c1[nH]c2sc#cc2o1
8067,arene_7344,c1cn2[nH]nnsc-2n[nH]1,aryne_8068,c1[nH]nc2snn[nH]n-2c#1
8068,arene_7346,O=c1cnn2[nH]cc[nH]n2s1,aryne_8069,O=c1cnn2[nH]c#c[nH]n2s1
8069,arene_7347,O=c1occn2oncsn12,aryne_8070,O=c1oc#cn2oncsn12
8070,arene_7348,O=c1cnc2sccc2s1,aryne_8071,O=c1cnc2sc#cc2s1
8071,arene_7349,O=c1cc[nH]n2c(=O)ccnc12,aryne_8072,O=c1c#c[nH]n2c(=O)ccnc12
8072,arene_7349,O=c1cc[nH]n2c(=O)ccnc12,aryne_8073,O=c1cc[nH]n2c(=O)c#cnc12
8073,arene_7350,c1cc2nnnnc2nn1,aryne_8074,c1nnc2nnnnc2c#1
8074,arene_7351,O=c1sccn2c(=O)snc12,aryne_8075,O=c1sc#cn2c(=O)snc12
8075,arene_7352,O=c1cnc2occc(=O)c2o1,aryne_8076,O=c1cnc2oc#cc(=O)c2o1
8076,arene_7353,O=c1[nH]c2occc(=O)c2s1,aryne_8077,O=c1[nH]c2oc#cc(=O)c2s1
8077,arene_7354,O=c1nnn2ccnnc2n1,aryne_8078,O=c1nnn2c#cnnc2n1
8078,arene_7355,O=c1[nH]c2ccc(=O)sc2c(=O)o1,aryne_8079,O=c1[nH]c2c#cc(=O)sc2c(=O)o1
8079,arene_7356,O=c1[nH]nnn2sccon12,aryne_8080,O=c1[nH]nnn2sc#con12
8080,arene_7357,O=c1ccc(=O)n2cc[nH]cc1-2,aryne_8081,O=c1c#cc(=O)n2cc[nH]cc1-2
8081,arene_7357,O=c1ccc(=O)n2cc[nH]cc1-2,aryne_8082,O=c1ccc(=O)n2c#c[nH]cc1-2
8082,arene_7358,O=c1[nH]n2ccsnc-2c1=O,aryne_8083,O=c1[nH]n2c#csnc-2c1=O
8083,arene_7359,c1cc2cscc2nn1,aryne_8084,c1nnc2cscc2c#1
8084,arene_7360,O=c1sccc2scnc12,aryne_8085,O=c1sc#cc2scnc12
8085,arene_7361,O=c1ccc2c(=O)c(=O)c(=O)c(=O)c2[nH]1,aryne_8086,O=c1c#cc2c(=O)c(=O)c(=O)c(=O)c2[nH]1
8086,arene_7362,O=c1ncn2scc[nH]n2o1,aryne_8087,O=c1ncn2sc#c[nH]n2o1
8087,arene_7363,O=c1ocnc2ccnnc12,aryne_8088,O=c1ocnc2c#cnnc12
8088,arene_7364,O=c1sc(=O)n2ccnc2s1,aryne_8089,O=c1sc(=O)n2c#cnc2s1
8089,arene_7365,O=c1ccoc2cc[nH]c12,aryne_8090,O=c1c#coc2cc[nH]c12
8090,arene_7365,O=c1ccoc2cc[nH]c12,aryne_8091,O=c1ccoc2c#c[nH]c12
8091,arene_7366,O=c1nnc2[nH]ccc2s1,aryne_8092,O=c1nnc2[nH]c#cc2s1
8092,arene_7367,O=c1ccn2scnsn2o1,aryne_8093,O=c1c#cn2scnsn2o1
8093,arene_7368,O=c1ncoc2ccccc12,aryne_8094,O=c1ncoc2c#cccc12
8094,arene_7368,O=c1ncoc2ccccc12,aryne_8095,O=c1ncoc2cc#ccc12
8095,arene_7368,O=c1ncoc2ccccc12,aryne_8096,O=c1ncoc2ccc#cc12
8096,arene_7370,O=c1ncn2ccnnn12,aryne_8097,O=c1ncn2c#cnnn12
8097,arene_7371,c1ccsc1,aryne_8098,c1ccsc#1
8098,arene_7372,O=c1nn[nH]c2c(=O)[nH]ccc12,aryne_8099,O=c1nn[nH]c2c(=O)[nH]c#cc12
8099,arene_7373,O=c1ccn2ncncn2c1=O,aryne_8100,O=c1c#cn2ncncn2c1=O
8100,arene_7374,O=c1ocnc2ccccc12,aryne_8101,O=c1ocnc2c#cccc12
8101,arene_7374,O=c1ocnc2ccccc12,aryne_8102,O=c1ocnc2cc#ccc12
8102,arene_7374,O=c1ocnc2ccccc12,aryne_8103,O=c1ocnc2ccc#cc12
8103,arene_7375,c1cc2nc[nH]n2c1,aryne_8104,c1cc2nc[nH]n2c#1
8104,arene_7376,O=c1snnc2nccnc12,aryne_8105,O=c1snnc2nc#cnc12
8105,arene_7377,O=c1cnn2ccncn2c1=O,aryne_8106,O=c1cnn2c#cncn2c1=O
8106,arene_7378,c1coc2ocnoc=2[nH]1,aryne_8107,c1[nH]c2oncoc=2oc#1
8107,arene_7379,O=c1sc2cccc(=O)n2sc1=O,aryne_8108,O=c1sc2cc#cc(=O)n2sc1=O
8108,arene_7380,O=c1ccn2sc(=O)ncc2n1,aryne_8109,O=c1c#cn2sc(=O)ncc2n1
8109,arene_7381,O=c1[nH]c2cc[nH]c(=O)c2[nH]1,aryne_8110,O=c1[nH]c2c#c[nH]c(=O)c2[nH]1
8110,arene_7382,O=c1ccc2ccc(=O)sc2[nH]1,aryne_8111,O=c1c#cc2ccc(=O)sc2[nH]1
8111,arene_7382,O=c1ccc2ccc(=O)sc2[nH]1,aryne_8112,O=c1ccc2c#cc(=O)sc2[nH]1
8112,arene_7383,O=c1nnc(=O)n2cnccn12,aryne_8113,O=c1nnc(=O)n2cnc#cn12
8113,arene_7384,O=c1[nH]n2c(=O)c(=O)ccn2c(=O)o1,aryne_8114,O=c1[nH]n2c(=O)c(=O)c#cn2c(=O)o1
8114,arene_7385,O=c1ccn2onnsn2s1,aryne_8115,O=c1c#cn2onnsn2s1
8115,arene_7386,O=c1sc(=O)c(=O)n2ccscc1-2,aryne_8116,O=c1sc(=O)c(=O)n2c#cscc1-2
8116,arene_7387,c1nn2scc[nH]c-2c[nH]1,aryne_8117,c1[nH]c2c[nH]cnn-2sc#1
8117,arene_7388,c1nc2cc[nH]n2n1,aryne_8118,c1[nH]n2ncnc2c#1
8118,arene_7389,O=c1[nH]n2sccon2s1,aryne_8119,O=c1[nH]n2sc#con2s1
8119,arene_7390,O=c1oncn2scc[nH]n12,aryne_8120,O=c1oncn2sc#c[nH]n12
8120,arene_7391,O=c1ccn2onnon2s1,aryne_8121,O=c1c#cn2onnon2s1
8121,arene_7392,O=c1[nH]ncn2c(=O)ccnc12,aryne_8122,O=c1[nH]ncn2c(=O)c#cnc12
8122,arene_7393,O=c1ccn2sccsn2o1,aryne_8123,O=c1c#cn2sccsn2o1
8123,arene_7393,O=c1ccn2sccsn2o1,aryne_8124,O=c1ccn2sc#csn2o1
8124,arene_7394,O=c1ccn2c(=O)[nH]cc2s1,aryne_8125,O=c1c#cn2c(=O)[nH]cc2s1
8125,arene_7396,O=c1ccc2nc(=O)snc2o1,aryne_8126,O=c1c#cc2nc(=O)snc2o1
8126,arene_7397,O=c1on2c(=O)sccn2c(=O)c1=O,aryne_8127,O=c1on2c(=O)sc#cn2c(=O)c1=O
8127,arene_7398,c1cn2[nH]ccsc-2n[nH]1,aryne_8128,c1[nH]nc2scc[nH]n-2c#1
8128,arene_7398,c1cn2[nH]ccsc-2n[nH]1,aryne_8129,c1[nH]n2cc[nH]nc-2sc#1
8129,arene_7399,O=c1ccn2[nH]ccsn2o1,aryne_8130,O=c1c#cn2[nH]ccsn2o1
8130,arene_7399,O=c1ccn2[nH]ccsn2o1,aryne_8131,O=c1ccn2[nH]c#csn2o1
8131,arene_7400,O=c1occc2noc(=O)n12,aryne_8132,O=c1oc#cc2noc(=O)n12
8132,arene_7401,O=c1on2occc(=O)n2c(=O)c1=O,aryne_8133,O=c1on2oc#cc(=O)n2c(=O)c1=O
8133,arene_7402,O=c1scnn2sccon12,aryne_8134,O=c1scnn2sc#con12
8134,arene_7403,O=c1cnn2cnccc2n1,aryne_8135,O=c1cnn2cnc#cc2n1
8135,arene_7404,O=c1[nH]n2[nH]ccsn2s1,aryne_8136,O=c1[nH]n2[nH]c#csn2s1
8136,arene_7405,O=c1[nH]ccc2ocnc12,aryne_8137,O=c1[nH]c#cc2ocnc12
8137,arene_7406,O=c1oc2c(=O)occc2c(=O)s1,aryne_8138,O=c1oc2c(=O)oc#cc2c(=O)s1
8138,arene_7407,O=c1nnn2cc[nH]c(=O)n2c1=O,aryne_8139,O=c1nnn2c#c[nH]c(=O)n2c1=O
8139,arene_7408,O=c1nnn2cc[nH]c(=O)c2n1,aryne_8140,O=c1nnn2c#c[nH]c(=O)c2n1
8140,arene_7409,O=c1oc(=O)n2ccc(=O)c(=O)n2o1,aryne_8141,O=c1oc(=O)n2c#cc(=O)c(=O)n2o1
8141,arene_7410,O=c1oncc2nccn12,aryne_8142,O=c1oncc2nc#cn12
8142,arene_7411,c1nc2ccsc2[nH]1,aryne_8143,c1sc2[nH]cnc2c#1
8143,arene_7412,O=c1ccc2c(=O)nnsc2o1,aryne_8144,O=c1c#cc2c(=O)nnsc2o1
8144,arene_7413,O=c1ccn2c(=O)scc2[nH]1,aryne_8145,O=c1c#cn2c(=O)scc2[nH]1
8145,arene_7414,O=c1cn[nH]c2nccn12,aryne_8146,O=c1cn[nH]c2nc#cn12
8146,arene_7415,O=c1sn2ccc(=O)c(=O)n2s1,aryne_8147,O=c1sn2c#cc(=O)c(=O)n2s1
8147,arene_7416,O=c1sc2csccn-2c(=O)c1=O,aryne_8148,O=c1sc2csc#cn-2c(=O)c1=O
8148,arene_7417,O=c1oc2occc(=O)c2sc1=O,aryne_8149,O=c1oc2oc#cc(=O)c2sc1=O
8149,arene_7418,O=c1ccc2[nH]ncc2[nH]1,aryne_8150,O=c1c#cc2[nH]ncc2[nH]1
8150,arene_7419,O=c1snnc2ccoc12,aryne_8151,O=c1snnc2c#coc12
8151,arene_7420,O=c1ccsc2nncc(=O)n12,aryne_8152,O=c1c#csc2nncc(=O)n12
8152,arene_7421,O=c1cc[nH]c2cnsc12,aryne_8153,O=c1c#c[nH]c2cnsc12
8153,arene_7422,O=c1ccnc2nccnn12,aryne_8154,O=c1c#cnc2nccnn12
8154,arene_7423,O=c1ncn2ccsnc1-2,aryne_8155,O=c1ncn2c#csnc1-2
8155,arene_7424,O=c1oc(=O)n2[nH]ccn12,aryne_8156,O=c1oc(=O)n2[nH]c#cn12
8156,arene_7425,O=c1ccn2occon2s1,aryne_8157,O=c1c#cn2occon2s1
8157,arene_7425,O=c1ccn2occon2s1,aryne_8158,O=c1ccn2oc#con2s1
8158,arene_7426,c1c[nH]n2nnsnc-2[nH]1,aryne_8159,c1[nH]c2nsnnn-2[nH]c#1
8159,arene_7427,O=c1ccon2c(=O)[nH]nc12,aryne_8160,O=c1c#con2c(=O)[nH]nc12
8160,arene_7428,O=c1oc(=O)n2c(=O)c(=O)ccn2s1,aryne_8161,O=c1oc(=O)n2c(=O)c(=O)c#cn2s1
8161,arene_7429,c1cc2ccncn2c1,aryne_8162,c1cc2ccncn2c#1
8162,arene_7429,c1cc2ccncn2c1,aryne_8163,c1ncn2cccc2c#1
8163,arene_7430,O=c1[nH]c(=O)c2c(=O)ccsc2[nH]1,aryne_8164,O=c1[nH]c(=O)c2c(=O)c#csc2[nH]1
8164,arene_7431,O=c1cnc2cccn2o1,aryne_8165,O=c1cnc2cc#cn2o1
8165,arene_7432,O=c1[nH]c(=O)c2ccsc(=O)c2o1,aryne_8166,O=c1[nH]c(=O)c2c#csc(=O)c2o1
8166,arene_7433,c1csc2occsc=2[nH]1,aryne_8167,c1[nH]c2sccoc=2sc#1
8167,arene_7433,c1csc2occsc=2[nH]1,aryne_8168,c1oc2scc[nH]c=2sc#1
8168,arene_7434,c1ccc2c[nH]cc2c1,aryne_8169,c1ccc2c[nH]cc2c#1
8169,arene_7435,O=c1nc2occc(=O)c2cs1,aryne_8170,O=c1nc2oc#cc(=O)c2cs1
8170,arene_7436,O=c1[nH]n2occ[nH]n2s1,aryne_8171,O=c1[nH]n2oc#c[nH]n2s1
8171,arene_7437,O=c1nnc(=O)n2ccscc1-2,aryne_8172,O=c1nnc(=O)n2c#cscc1-2
8172,arene_7438,O=c1ccn2c(=O)sc(=O)n2o1,aryne_8173,O=c1c#cn2c(=O)sc(=O)n2o1
8173,arene_7439,O=c1[nH]c2ccncc2oc1=O,aryne_8174,O=c1[nH]c2c#cncc2oc1=O
8174,arene_7440,O=c1ccc2n[nH]nnn1-2,aryne_8175,O=c1c#cc2n[nH]nnn1-2
8175,arene_7441,c1nn2occsc-2no1,aryne_8176,c1on2nconc-2sc#1
8176,arene_7442,O=c1c(=O)c2nccnc2c1=O,aryne_8177,O=c1c(=O)c2nc#cnc2c1=O
8177,arene_7443,c1cn2nnnc2s1,aryne_8178,c1sc2nnnn2c#1
8178,arene_7444,O=c1ccc2nsc(=O)n2[nH]1,aryne_8179,O=c1c#cc2nsc(=O)n2[nH]1
8179,arene_7445,O=c1occc2cc[nH]c12,aryne_8180,O=c1oc#cc2cc[nH]c12
8180,arene_7445,O=c1occc2cc[nH]c12,aryne_8181,O=c1occc2c#c[nH]c12
8181,arene_7446,O=c1[nH]c(=O)n2c(=O)cc[nH]n2c1=O,aryne_8182,O=c1[nH]c(=O)n2c(=O)c#c[nH]n2c1=O
8182,arene_7447,O=c1cnc2c(=O)ccsc2s1,aryne_8183,O=c1cnc2c(=O)c#csc2s1
8183,arene_7448,O=c1ncn2ncccc2n1,aryne_8184,O=c1ncn2ncc#cc2n1
8184,arene_7449,O=c1sn2cccnn2c(=O)c1=O,aryne_8185,O=c1sn2c#ccnn2c(=O)c1=O
8185,arene_7450,O=c1[nH]c2occc(=O)c2c(=O)s1,aryne_8186,O=c1[nH]c2oc#cc(=O)c2c(=O)s1
8186,arene_7451,c1nn2sccsn2o1,aryne_8187,c1sn2ncon2sc#1
8187,arene_7452,O=c1ccc2c[nH]c(=O)n2[nH]1,aryne_8188,O=c1c#cc2c[nH]c(=O)n2[nH]1
8188,arene_7453,O=c1oc(=O)c2ccsc2s1,aryne_8189,O=c1oc(=O)c2c#csc2s1
8189,arene_7454,O=c1[nH]cc2ccnnn2c1=O,aryne_8190,O=c1[nH]cc2c#cnnn2c1=O
8190,arene_7455,c1nsc2occsc=2o1,aryne_8191,c1oc2sncoc=2sc#1
8191,arene_7456,O=c1[nH]c(=O)c2sccc(=O)c2s1,aryne_8192,O=c1[nH]c(=O)c2sc#cc(=O)c2s1
8192,arene_7457,O=c1nc2[nH]ccn2c(=O)s1,aryne_8193,O=c1nc2[nH]c#cn2c(=O)s1
8193,arene_7458,O=c1ccc2ocnc2s1,aryne_8194,O=c1c#cc2ocnc2s1
8194,arene_7459,O=c1cc[nH]n2sncsn12,aryne_8195,O=c1c#c[nH]n2sncsn12
8195,arene_7460,O=c1[nH]nc2cnccn12,aryne_8196,O=c1[nH]nc2cnc#cn12
8196,arene_7461,O=c1sc2[nH]ccsc=2c1=O,aryne_8197,O=c1sc2[nH]c#csc=2c1=O
8197,arene_7462,O=c1nnn2ccnnn12,aryne_8198,O=c1nnn2c#cnnn12
8198,arene_7463,O=c1[nH]c2c(=O)ccoc2sc1=O,aryne_8199,O=c1[nH]c2c(=O)c#coc2sc1=O
8199,arene_7464,O=c1sc(=O)c2occc2s1,aryne_8200,O=c1sc(=O)c2oc#cc2s1
8200,arene_7465,O=c1ccn2[nH]nnc(=O)c2n1,aryne_8201,O=c1c#cn2[nH]nnc(=O)c2n1
8201,arene_7466,O=c1ccc2c(=O)c(=O)c(=O)c(=O)c2o1,aryne_8202,O=c1c#cc2c(=O)c(=O)c(=O)c(=O)c2o1
8202,arene_7467,O=c1cc[nH]c2ccccc12,aryne_8203,O=c1c#c[nH]c2ccccc12
8203,arene_7467,O=c1cc[nH]c2ccccc12,aryne_8204,O=c1cc[nH]c2c#cccc12
8204,arene_7467,O=c1cc[nH]c2ccccc12,aryne_8205,O=c1cc[nH]c2cc#ccc12
8205,arene_7467,O=c1cc[nH]c2ccccc12,aryne_8206,O=c1cc[nH]c2ccc#cc12
8206,arene_7468,O=c1[nH]c(=O)n2occn2c1=O,aryne_8207,O=c1[nH]c(=O)n2oc#cn2c1=O
8207,arene_7469,O=c1occ2cc[nH]c(=O)n2c1=O,aryne_8208,O=c1occ2c#c[nH]c(=O)n2c1=O
8208,arene_7470,O=c1ncc2ccncc2[nH]1,aryne_8209,O=c1ncc2c#cncc2[nH]1
8209,arene_7471,O=c1ccn2c(=O)occc2c1,aryne_8210,O=c1c#cn2c(=O)occc2c1
8210,arene_7471,O=c1ccn2c(=O)occc2c1,aryne_8211,O=c1ccn2c(=O)oc#cc2c1
8211,arene_7472,O=c1ccn2[nH]nnc(=O)n2c1=O,aryne_8212,O=c1c#cn2[nH]nnc(=O)n2c1=O
8212,arene_7473,O=c1cn[nH]c2cnccc12,aryne_8213,O=c1cn[nH]c2cnc#cc12
8213,arene_7474,O=c1ccsc2c(=O)[nH]ccc12,aryne_8214,O=c1c#csc2c(=O)[nH]ccc12
8214,arene_7474,O=c1ccsc2c(=O)[nH]ccc12,aryne_8215,O=c1ccsc2c(=O)[nH]c#cc12
8215,arene_7475,c1cnnnc1,aryne_8216,c1cnnnc#1
8216,arene_7476,O=c1on2cnccn2c1=O,aryne_8217,O=c1on2cnc#cn2c1=O
8217,arene_7477,O=c1occn2[nH]nn[nH]n12,aryne_8218,O=c1oc#cn2[nH]nn[nH]n12
8218,arene_7478,O=c1nnc2[nH]ccoc1=2,aryne_8219,O=c1nnc2[nH]c#coc1=2
8219,arene_7479,c1coc2[nH]ccoc=2[nH]1,aryne_8220,c1[nH]c2occ[nH]c=2oc#1
8220,arene_7480,c1cn2[nH]ncsn2[nH]1,aryne_8221,c1[nH]n2scn[nH]n2c#1
8221,arene_7481,O=c1snc2cc[nH]n2c1=O,aryne_8222,O=c1snc2c#c[nH]n2c1=O
8222,arene_7482,O=c1cnsc2nccnc12,aryne_8223,O=c1cnsc2nc#cnc12
8223,arene_7483,O=c1ccn2cnc(=O)sc2n1,aryne_8224,O=c1c#cn2cnc(=O)sc2n1
8224,arene_7484,O=c1cnc2ccoc2s1,aryne_8225,O=c1cnc2c#coc2s1
8225,arene_7485,c1cc2nnoc2o1,aryne_8226,c1oc2onnc2c#1
8226,arene_7486,O=c1ccc2cccnc2[nH]1,aryne_8227,O=c1c#cc2cccnc2[nH]1
8227,arene_7486,O=c1ccc2cccnc2[nH]1,aryne_8228,O=c1ccc2c#ccnc2[nH]1
8228,arene_7486,O=c1ccc2cccnc2[nH]1,aryne_8229,O=c1ccc2cc#cnc2[nH]1
8229,arene_7487,c1cn2onnoc-2n[nH]1,aryne_8230,c1[nH]nc2onnon-2c#1
8230,arene_7488,O=c1oc2cccnc2sc1=O,aryne_8231,O=c1oc2c#ccnc2sc1=O
8231,arene_7488,O=c1oc2cccnc2sc1=O,aryne_8232,O=c1oc2cc#cnc2sc1=O
8232,arene_7489,O=c1sn2ccon2c1=O,aryne_8233,O=c1sn2c#con2c1=O
8233,arene_7490,O=c1ccc2sc(=O)ncc2s1,aryne_8234,O=c1c#cc2sc(=O)ncc2s1
8234,arene_7491,O=c1ccnc2snnn12,aryne_8235,O=c1c#cnc2snnn12
8235,arene_7492,c1csn2ocnn2o1,aryne_8236,c1on2ncon2sc#1
8236,arene_7493,O=c1cnsc2cccnc12,aryne_8237,O=c1cnsc2c#ccnc12
8237,arene_7493,O=c1cnsc2cccnc12,aryne_8238,O=c1cnsc2cc#cnc12
8238,arene_7494,c1cc2nsnc2s1,aryne_8239,c1sc2nsnc2c#1
8239,arene_7495,O=c1ccn2ocnc2c1,aryne_8240,O=c1c#cn2ocnc2c1
8240,arene_7496,O=c1occn2scn[nH]n12,aryne_8241,O=c1oc#cn2scn[nH]n12
8241,arene_7497,c1con2[nH]ncn2o1,aryne_8242,c1on2cn[nH]n2oc#1
8242,arene_7498,O=c1oc2cc[nH]c(=O)c2o1,aryne_8243,O=c1oc2c#c[nH]c(=O)c2o1
8243,arene_7499,O=c1occc2[nH]ncc12,aryne_8244,O=c1oc#cc2[nH]ncc12
8244,arene_7500,O=c1ncnc2ncccn12,aryne_8245,O=c1ncnc2ncc#cn12
8245,arene_7501,O=c1ccn2c(=O)scc2o1,aryne_8246,O=c1c#cn2c(=O)scc2o1
8246,arene_7502,O=c1nc2ccnnc2cs1,aryne_8247,O=c1nc2c#cnnc2cs1
8247,arene_7503,O=c1cc2occn2cn1,aryne_8248,O=c1cc2oc#cn2cn1
8248,arene_7504,c1cn2onn[nH]c-2co1,aryne_8249,c1occ2[nH]nnon-2c#1
8249,arene_7505,O=c1sccc2csnc12,aryne_8250,O=c1sc#cc2csnc12
8250,arene_7506,O=c1ccc2c(=O)c(=O)ncc=2c1=O,aryne_8251,O=c1c#cc2c(=O)c(=O)ncc=2c1=O
8251,arene_7507,O=c1cc[nH]n2nnnc12,aryne_8252,O=c1c#c[nH]n2nnnc12
8252,arene_7508,O=c1nc2c(=O)ccc(=O)c-2n1,aryne_8253,O=c1nc2c(=O)c#cc(=O)c-2n1
8253,arene_7509,c1ccc2[nH]cnc2c1,aryne_8254,c1cc2nc[nH]c2cc#1
8254,arene_7509,c1ccc2[nH]cnc2c1,aryne_8255,c1ccc2[nH]cnc2c#1
8255,arene_7509,c1ccc2[nH]cnc2c1,aryne_8256,c1ccc2nc[nH]c2c#1
8256,arene_7510,O=c1nnn2occn12,aryne_8257,O=c1nnn2oc#cn12
8257,arene_7511,c1csn2ncsn2o1,aryne_8258,c1on2scnn2sc#1
8258,arene_7512,O=c1ccc2c(=O)ccoc2s1,aryne_8259,O=c1c#cc2c(=O)ccoc2s1
8259,arene_7512,O=c1ccc2c(=O)ccoc2s1,aryne_8260,O=c1ccc2c(=O)c#coc2s1
8260,arene_7513,O=c1cnnc2ccsc(=O)n12,aryne_8261,O=c1cnnc2c#csc(=O)n12
8261,arene_7514,O=c1[nH]cc2cc[nH]n2c1=O,aryne_8262,O=c1[nH]cc2c#c[nH]n2c1=O
8262,arene_7515,O=c1onnc2c(=O)occc12,aryne_8263,O=c1onnc2c(=O)oc#cc12
8263,arene_7516,O=c1cc2occc2c[nH]1,aryne_8264,O=c1cc2oc#cc2c[nH]1
8264,arene_7517,O=c1ccon2cncc12,aryne_8265,O=c1c#con2cncc12
8265,arene_7518,O=c1nc2c(=O)occn2c(=O)o1,aryne_8266,O=c1nc2c(=O)oc#cn2c(=O)o1
8266,arene_7519,O=c1ccn2occsn2o1,aryne_8267,O=c1c#cn2occsn2o1
8267,arene_7519,O=c1ccn2occsn2o1,aryne_8268,O=c1ccn2oc#csn2o1
8268,arene_7520,O=c1nncc2ccsn12,aryne_8269,O=c1nncc2c#csn12
8269,arene_7521,O=c1ccn2c(=O)[nH]cnc2n1,aryne_8270,O=c1c#cn2c(=O)[nH]cnc2n1
8270,arene_7522,O=c1cnc2c(=O)occc2o1,aryne_8271,O=c1cnc2c(=O)oc#cc2o1
8271,arene_7523,O=c1[nH]nc2sccn2c1=O,aryne_8272,O=c1[nH]nc2sc#cn2c1=O
8272,arene_7524,O=c1ncc2scc[nH]c=2c1=O,aryne_8273,O=c1ncc2sc#c[nH]c=2c1=O
8273,arene_7525,O=c1cc2cccnn2cn1,aryne_8274,O=c1cc2c#ccnn2cn1
8274,arene_7526,O=c1[nH]c2ncccc2s1,aryne_8275,O=c1[nH]c2nc#ccc2s1
8275,arene_7526,O=c1[nH]c2ncccc2s1,aryne_8276,O=c1[nH]c2ncc#cc2s1
8276,arene_7527,O=c1ncn2sccon2s1,aryne_8277,O=c1ncn2sc#con2s1
8277,arene_7528,O=c1[nH]c2ccncc2c(=O)o1,aryne_8278,O=c1[nH]c2c#cncc2c(=O)o1
8278,arene_7529,O=c1nnc(=O)c2occ[nH]c1=2,aryne_8279,O=c1nnc(=O)c2oc#c[nH]c1=2
8279,arene_7530,c1cc2snnc2cn1,aryne_8280,c1ncc2nnsc2c#1
8280,arene_7531,O=c1scnn2occ[nH]n12,aryne_8281,O=c1scnn2oc#c[nH]n12
8281,arene_7532,O=c1cnn2cccc2[nH]1,aryne_8282,O=c1cnn2c#ccc2[nH]1
8282,arene_7533,O=c1[nH]c2occc2s1,aryne_8283,O=c1[nH]c2oc#cc2s1
8283,arene_7534,O=c1[nH]c2nccc(=O)n2c(=O)s1,aryne_8284,O=c1[nH]c2nc#cc(=O)n2c(=O)s1
8284,arene_7535,O=c1ncn2oc(=O)ccc2n1,aryne_8285,O=c1ncn2oc(=O)c#cc2n1
8285,arene_7536,O=c1ccsc2nnnc(=O)n12,aryne_8286,O=c1c#csc2nnnc(=O)n12
8286,arene_7537,O=c1[nH]ccc2cscc12,aryne_8287,O=c1[nH]c#cc2cscc12
8287,arene_7538,O=c1[nH]n2sccsn2[nH]c1=O,aryne_8288,O=c1[nH]n2sc#csn2[nH]c1=O
8288,arene_7539,O=c1ccn2sncsn2s1,aryne_8289,O=c1c#cn2sncsn2s1
8289,arene_7540,c1cn2scnsc-2co1,aryne_8290,c1occ2sncsn-2c#1
8290,arene_7541,O=c1ccoc2c(=O)scnc12,aryne_8291,O=c1c#coc2c(=O)scnc12
8291,arene_7542,O=c1ccn2[nH]nc[nH]n2o1,aryne_8292,O=c1c#cn2[nH]nc[nH]n2o1
8292,arene_7543,O=c1occ2cnccn2c1=O,aryne_8293,O=c1occ2cnc#cn2c1=O
8293,arene_7544,c1cc2ccsc2o1,aryne_8294,c1oc2sccc2c#1
8294,arene_7544,c1cc2ccsc2o1,aryne_8295,c1sc2occc2c#1
8295,arene_7545,O=c1[nH]n2occon2sc1=O,aryne_8296,O=c1[nH]n2oc#con2sc1=O
8296,arene_7546,O=c1ccn2[nH]c(=O)c(=O)sc2n1,aryne_8297,O=c1c#cn2[nH]c(=O)c(=O)sc2n1
8297,arene_7547,c1cn2snnsc-2n[nH]1,aryne_8298,c1[nH]nc2snnsn-2c#1
8298,arene_7548,O=c1[nH]c2occc(=O)c2sc1=O,aryne_8299,O=c1[nH]c2oc#cc(=O)c2sc1=O
8299,arene_7549,O=c1ccoc2c(=O)[nH]nnc12,aryne_8300,O=c1c#coc2c(=O)[nH]nnc12
8300,arene_7550,O=c1[nH]ncc2cccn12,aryne_8301,O=c1[nH]ncc2cc#cn12
8301,arene_7551,O=c1[nH]c2cccnc2s1,aryne_8302,O=c1[nH]c2c#ccnc2s1
8302,arene_7551,O=c1[nH]c2cccnc2s1,aryne_8303,O=c1[nH]c2cc#cnc2s1
8303,arene_7552,O=c1cc2sccn2c(=O)o1,aryne_8304,O=c1cc2sc#cn2c(=O)o1
8304,arene_7553,O=c1ccnc2nnnnn12,aryne_8305,O=c1c#cnc2nnnnn12
8305,arene_7554,O=c1nnc(=O)n2[nH]ccn12,aryne_8306,O=c1nnc(=O)n2[nH]c#cn12
8306,arene_7555,O=c1nc2c(=O)ccoc2cs1,aryne_8307,O=c1nc2c(=O)c#coc2cs1
8307,arene_7556,c1cc2sccn2n1,aryne_8308,c1sc2ccnn2c#1
8308,arene_7557,O=c1ncc2c(=O)cc[nH]c2[nH]1,aryne_8309,O=c1ncc2c(=O)c#c[nH]c2[nH]1
8309,arene_7558,O=c1[nH]c2sccsc=2c(=O)c1=O,aryne_8310,O=c1[nH]c2sc#csc=2c(=O)c1=O
8310,arene_7559,O=c1ccoc2cnsc12,aryne_8311,O=c1c#coc2cnsc12
8311,arene_7560,c1cc2oncc2o1,aryne_8312,c1oc2cnoc2c#1
8312,arene_7561,c1cc2snnc2s1,aryne_8313,c1sc2nnsc2c#1
8313,arene_7562,O=c1[nH]c(=O)n2ncccn2c1=O,aryne_8314,O=c1[nH]c(=O)n2ncc#cn2c1=O
8314,arene_7563,O=c1cc2ccsc(=O)c2no1,aryne_8315,O=c1cc2c#csc(=O)c2no1
8315,arene_7564,O=c1[nH]ccn2nccc12,aryne_8316,O=c1[nH]c#cn2nccc12
8316,arene_7565,O=c1cc[nH]c2c(=O)nn[nH]c12,aryne_8317,O=c1c#c[nH]c2c(=O)nn[nH]c12
8317,arene_7566,O=c1ccon2scn[nH]n12,aryne_8318,O=c1c#con2scn[nH]n12
8318,arene_7567,O=c1ncn2c(=O)occc2n1,aryne_8319,O=c1ncn2c(=O)oc#cc2n1
8319,arene_7568,O=c1cc2c(=O)occn2c(=O)o1,aryne_8320,O=c1cc2c(=O)oc#cn2c(=O)o1
8320,arene_7569,O=c1cncc2ccon12,aryne_8321,O=c1cncc2c#con12
8321,arene_7570,c1con2[nH]cnn2[nH]1,aryne_8322,c1[nH]n2nc[nH]n2oc#1
8322,arene_7571,O=c1nc2[nH]ccc(=O)n2c(=O)o1,aryne_8323,O=c1nc2[nH]c#cc(=O)n2c(=O)o1
8323,arene_7572,O=c1ccn2ccc(=O)oc2c1,aryne_8324,O=c1c#cn2ccc(=O)oc2c1
8324,arene_7572,O=c1ccn2ccc(=O)oc2c1,aryne_8325,O=c1ccn2c#cc(=O)oc2c1
8325,arene_7573,O=c1ccc(=O)n2c(=O)ccsn12,aryne_8326,O=c1c#cc(=O)n2c(=O)ccsn12
8326,arene_7573,O=c1ccc(=O)n2c(=O)ccsn12,aryne_8327,O=c1ccc(=O)n2c(=O)c#csn12
8327,arene_7574,O=c1ncsc2ccccc12,aryne_8328,O=c1ncsc2c#cccc12
8328,arene_7574,O=c1ncsc2ccccc12,aryne_8329,O=c1ncsc2cc#ccc12
8329,arene_7574,O=c1ncsc2ccccc12,aryne_8330,O=c1ncsc2ccc#cc12
8330,arene_7575,O=c1oc(=O)n2ccsnc1-2,aryne_8331,O=c1oc(=O)n2c#csnc1-2
8331,arene_7576,O=c1cnn2ccsc(=O)n12,aryne_8332,O=c1cnn2c#csc(=O)n12
8332,arene_7577,c1con2cconc-2[nH]1,aryne_8333,c1[nH]c2noccn-2oc#1
8333,arene_7577,c1con2cconc-2[nH]1,aryne_8334,c1onc2[nH]ccon-2c#1
8334,arene_7578,O=c1ccc2oncc(=O)c2s1,aryne_8335,O=c1c#cc2oncc(=O)c2s1
8335,arene_7579,O=c1occc2cnncc12,aryne_8336,O=c1oc#cc2cnncc12
8336,arene_7580,O=c1ccn2c(=O)nnnc2s1,aryne_8337,O=c1c#cn2c(=O)nnnc2s1
8337,arene_7581,c1ccc2nc3ccccc3cc2c1,aryne_8338,c1cc2cc3ccccc3nc2cc#1
8338,arene_7581,c1ccc2nc3ccccc3cc2c1,aryne_8339,c1ccc2nc3ccccc3cc2c#1
8339,arene_7581,c1ccc2nc3ccccc3cc2c1,aryne_8340,c1ccc2cc3ccccc3nc2c#1
8340,arene_7582,c1cnn2ocnon2c1,aryne_8341,c1cnn2ocnon2c#1
8341,arene_7583,c1nsn2sccn2[nH]1,aryne_8342,c1sn2snc[nH]n2c#1
8342,arene_7584,O=c1ccn2cnc(=O)sc2c1,aryne_8343,O=c1c#cn2cnc(=O)sc2c1
8343,arene_7585,O=c1ccn2c(=O)[nH]ccn2c1=O,aryne_8344,O=c1c#cn2c(=O)[nH]ccn2c1=O
8344,arene_7585,O=c1ccn2c(=O)[nH]ccn2c1=O,aryne_8345,O=c1ccn2c(=O)[nH]c#cn2c1=O
8345,arene_7586,O=c1ccc2ncsc(=O)c2o1,aryne_8346,O=c1c#cc2ncsc(=O)c2o1
8346,arene_7587,O=c1ccn2cc[nH]nc-2c1=O,aryne_8347,O=c1c#cn2cc[nH]nc-2c1=O
8347,arene_7587,O=c1ccn2cc[nH]nc-2c1=O,aryne_8348,O=c1ccn2c#c[nH]nc-2c1=O
8348,arene_7588,O=c1nccc2ccncn12,aryne_8349,O=c1nccc2c#cncn12
8349,arene_7589,O=c1ccn2oc(=O)c(=O)c(=O)n2o1,aryne_8350,O=c1c#cn2oc(=O)c(=O)c(=O)n2o1
8350,arene_7590,O=c1ccc2scc[nH]c1=2,aryne_8351,O=c1c#cc2scc[nH]c1=2
8351,arene_7590,O=c1ccc2scc[nH]c1=2,aryne_8352,O=c1ccc2sc#c[nH]c1=2
8352,arene_7591,O=c1[nH]c(=O)n2c(=O)[nH]ccn12,aryne_8353,O=c1[nH]c(=O)n2c(=O)[nH]c#cn12
8353,arene_7592,O=c1ccn2nnoc(=O)n12,aryne_8354,O=c1c#cn2nnoc(=O)n12
8354,arene_7593,O=c1cnn2sccon2o1,aryne_8355,O=c1cnn2sc#con2o1
8355,arene_7594,O=c1cc2sccc(=O)n2cn1,aryne_8356,O=c1cc2sc#cc(=O)n2cn1
8356,arene_7595,c1cc2cnncn2c1,aryne_8357,c1cc2cnncn2c#1
8357,arene_7596,O=c1[nH]c2occ[nH]c=2c(=O)c1=O,aryne_8358,O=c1[nH]c2oc#c[nH]c=2c(=O)c1=O
8358,arene_7598,O=c1cccc2[nH]cnc(=O)n12,aryne_8359,O=c1c#ccc2[nH]cnc(=O)n12
8359,arene_7599,O=c1ccnc2cc[nH]c(=O)n12,aryne_8360,O=c1c#cnc2cc[nH]c(=O)n12
8360,arene_7599,O=c1ccnc2cc[nH]c(=O)n12,aryne_8361,O=c1ccnc2c#c[nH]c(=O)n12
8361,arene_7600,O=c1ccc2sc(=O)[nH]c(=O)c2o1,aryne_8362,O=c1c#cc2sc(=O)[nH]c(=O)c2o1
8362,arene_7601,O=c1nnon2c(=O)ccnc12,aryne_8363,O=c1nnon2c(=O)c#cnc12
8363,arene_7602,O=c1oc(=O)c2nccnc2o1,aryne_8364,O=c1oc(=O)c2nc#cnc2o1
8364,arene_7603,c1cc2nnncc2[nH]1,aryne_8365,c1[nH]c2cnnnc2c#1
8365,arene_7604,O=c1cc2ccc(=O)sn2c(=O)[nH]1,aryne_8366,O=c1cc2c#cc(=O)sn2c(=O)[nH]1
8366,arene_7605,O=c1cnc2[nH]ccoc1=2,aryne_8367,O=c1cnc2[nH]c#coc1=2
8367,arene_7606,O=c1on2sccon2sc1=O,aryne_8368,O=c1on2sc#con2sc1=O
8368,arene_7607,O=c1nc2ccc(=O)sn2c(=O)[nH]1,aryne_8369,O=c1nc2c#cc(=O)sn2c(=O)[nH]1
8369,arene_7609,O=c1cnn2sc(=O)ccc2c1,aryne_8370,O=c1cnn2sc(=O)c#cc2c1
8370,arene_7610,O=c1sc2csccn-2c1=O,aryne_8371,O=c1sc2csc#cn-2c1=O
8371,arene_7611,O=c1[nH]c(=O)c2sccc2[nH]1,aryne_8372,O=c1[nH]c(=O)c2sc#cc2[nH]1
8372,arene_7612,O=c1ccc2oc(=O)c(=O)oc2[nH]1,aryne_8373,O=c1c#cc2oc(=O)c(=O)oc2[nH]1
8373,arene_7613,O=c1ccc(=O)n2c(=O)[nH]nnn12,aryne_8374,O=c1c#cc(=O)n2c(=O)[nH]nnn12
8374,arene_7614,O=c1[nH]c(=O)n2[nH]ccon2s1,aryne_8375,O=c1[nH]c(=O)n2[nH]c#con2s1
8375,arene_7615,c1con2ocnn2[nH]1,aryne_8376,c1[nH]n2ncon2oc#1
8376,arene_7616,O=c1nnc2coccn1-2,aryne_8377,O=c1nnc2coc#cn1-2
8377,arene_7617,c1cc[nH+]cc1,aryne_8378,c1cc[nH+]cc#1
8378,arene_7617,c1cc[nH+]cc1,aryne_8379,c1ccc[nH+]c#1
8379,arene_7618,O=c1[nH]ccc2nccnc12,aryne_8380,O=c1[nH]c#cc2nccnc12
8380,arene_7618,O=c1[nH]ccc2nccnc12,aryne_8381,O=c1[nH]ccc2nc#cnc12
8381,arene_7619,O=c1[nH]ccn2c(=O)cnnc12,aryne_8382,O=c1[nH]c#cn2c(=O)cnnc12
8382,arene_7620,O=c1ccn2nnsc(=O)n12,aryne_8383,O=c1c#cn2nnsc(=O)n12
8383,arene_7621,O=c1sc(=O)c2c(=O)occc2s1,aryne_8384,O=c1sc(=O)c2c(=O)oc#cc2s1
8384,arene_7622,O=c1oc(=O)c(=O)c2[nH]ccsc1=2,aryne_8385,O=c1oc(=O)c(=O)c2[nH]c#csc1=2
8385,arene_7623,O=c1sc(=O)n2cc[nH]nc1-2,aryne_8386,O=c1sc(=O)n2c#c[nH]nc1-2
8386,arene_7624,O=c1ccc(=O)n2ccccn12,aryne_8387,O=c1c#cc(=O)n2ccccn12
8387,arene_7624,O=c1ccc(=O)n2ccccn12,aryne_8388,O=c1ccc(=O)n2ccc#cn12
8388,arene_7625,O=c1nnc2ccsc(=O)c2o1,aryne_8389,O=c1nnc2c#csc(=O)c2o1
8389,arene_7626,O=c1nnn2ccc(=O)oc2n1,aryne_8390,O=c1nnn2c#cc(=O)oc2n1
8390,arene_7627,O=c1[nH]c2nnccc2oc1=O,aryne_8391,O=c1[nH]c2nnc#cc2oc1=O
8391,arene_7628,O=c1cnn2occon2o1,aryne_8392,O=c1cnn2oc#con2o1
8392,arene_7629,O=c1ocnc2nccnc12,aryne_8393,O=c1ocnc2nc#cnc12
8393,arene_7630,O=c1cc[nH]c2scnc12,aryne_8394,O=c1c#c[nH]c2scnc12
8394,arene_7631,O=c1nc2ccncc2no1,aryne_8395,O=c1nc2c#cncc2no1
8395,arene_7632,O=c1ccc(=O)n2c(=O)[nH]cnn12,aryne_8396,O=c1c#cc(=O)n2c(=O)[nH]cnn12
8396,arene_7633,O=c1oc(=O)c(=O)c2occoc1=2,aryne_8397,O=c1oc(=O)c(=O)c2oc#coc1=2
8397,arene_7634,O=c1sccc2cnsc(=O)c12,aryne_8398,O=c1sc#cc2cnsc(=O)c12
8398,arene_7635,c1ccn2sccon2c1,aryne_8399,c1ccn2sccon2c#1
8399,arene_7635,c1ccn2sccon2c1,aryne_8400,c1ccn2occsn2c#1
8400,arene_7635,c1ccn2sccon2c1,aryne_8401,c1on2ccccn2sc#1
8401,arene_7636,O=c1nnsc2ccccc12,aryne_8402,O=c1nnsc2c#cccc12
8402,arene_7636,O=c1nnsc2ccccc12,aryne_8403,O=c1nnsc2cc#ccc12
8403,arene_7636,O=c1nnsc2ccccc12,aryne_8404,O=c1nnsc2ccc#cc12
8404,arene_7637,O=c1[nH]n2c(=O)cccc2c(=O)s1,aryne_8405,O=c1[nH]n2c(=O)c#ccc2c(=O)s1
8405,arene_7638,O=c1oc(=O)c2cnccc2s1,aryne_8406,O=c1oc(=O)c2cnc#cc2s1
8406,arene_7639,O=c1oc(=O)n2ccc(=O)n2o1,aryne_8407,O=c1oc(=O)n2c#cc(=O)n2o1
8407,arene_7640,O=c1nc2sc(=O)ccc2no1,aryne_8408,O=c1nc2sc(=O)c#cc2no1
8408,arene_7641,O=c1sc(=O)n2occc(=O)n2c1=O,aryne_8409,O=c1sc(=O)n2oc#cc(=O)n2c1=O
8409,arene_7642,c1con2cnsnc-2[nH]1,aryne_8410,c1[nH]c2nsncn-2oc#1
8410,arene_7643,O=c1cc[nH]c2nnncc12,aryne_8411,O=c1c#c[nH]c2nnncc12
8411,arene_7644,O=c1nnc(=O)n2c(=O)cc[nH]n12,aryne_8412,O=c1nnc(=O)n2c(=O)c#c[nH]n12
8412,arene_7645,O=c1[nH]c2[nH]ccc(=O)c2c(=O)o1,aryne_8413,O=c1[nH]c2[nH]c#cc(=O)c2c(=O)o1
8413,arene_7646,O=c1cc2occsc-2c1,aryne_8414,O=c1cc2oc#csc-2c1
8414,arene_7647,O=c1[nH]cc2ccoc(=O)n12,aryne_8415,O=c1[nH]cc2c#coc(=O)n12
8415,arene_7648,O=c1[nH]ncc2cnccc12,aryne_8416,O=c1[nH]ncc2cnc#cc12
8416,arene_7649,c1non2ccsnc-2[nH]1,aryne_8417,c1snc2[nH]cnon-2c#1
8417,arene_7650,O=c1ccc2ccoc2o1,aryne_8418,O=c1c#cc2ccoc2o1
8418,arene_7650,O=c1ccc2ccoc2o1,aryne_8419,O=c1ccc2c#coc2o1
8419,arene_7651,O=c1cnn2c(=O)ccoc2c1,aryne_8420,O=c1cnn2c(=O)c#coc2c1
8420,arene_7652,O=c1ccc2cccc(=O)n2s1,aryne_8421,O=c1c#cc2cccc(=O)n2s1
8421,arene_7652,O=c1ccc2cccc(=O)n2s1,aryne_8422,O=c1ccc2cc#cc(=O)n2s1
8422,arene_7653,O=c1ccc2cccc(=O)n2o1,aryne_8423,O=c1c#cc2cccc(=O)n2o1
8423,arene_7653,O=c1ccc2cccc(=O)n2o1,aryne_8424,O=c1ccc2cc#cc(=O)n2o1
8424,arene_7654,O=c1cc2ccon2c(=O)[nH]1,aryne_8425,O=c1cc2c#con2c(=O)[nH]1
8425,arene_7655,O=c1sc(=O)c2nccc(=O)n2s1,aryne_8426,O=c1sc(=O)c2nc#cc(=O)n2s1
8426,arene_7656,c1csc2n[nH]nnn-2o1,aryne_8427,c1on2nn[nH]nc-2sc#1
8427,arene_7657,O=c1ccn2c(=O)cnoc2n1,aryne_8428,O=c1c#cn2c(=O)cnoc2n1
8428,arene_7658,O=c1ccn2ncnc2s1,aryne_8429,O=c1c#cn2ncnc2s1
8429,arene_7659,O=c1ccsc2ncccc12,aryne_8430,O=c1c#csc2ncccc12
8430,arene_7659,O=c1ccsc2ncccc12,aryne_8431,O=c1ccsc2nc#ccc12
8431,arene_7659,O=c1ccsc2ncccc12,aryne_8432,O=c1ccsc2ncc#cc12
8432,arene_7660,O=c1ccc2c(=O)oc(=O)c(=O)c1=2,aryne_8433,O=c1c#cc2c(=O)oc(=O)c(=O)c1=2
8433,arene_7661,O=c1ccoc2cnnc(=O)n12,aryne_8434,O=c1c#coc2cnnc(=O)n12
8434,arene_7662,O=c1ccn2nncc2s1,aryne_8435,O=c1c#cn2nncc2s1
8435,arene_7663,O=c1ccn2c(=O)[nH]c(=O)oc2n1,aryne_8436,O=c1c#cn2c(=O)[nH]c(=O)oc2n1
8436,arene_7664,O=c1cnn2cc[nH]nc1-2,aryne_8437,O=c1cnn2c#c[nH]nc1-2
8437,arene_7665,O=c1ccc(=O)n2c(=O)snnn12,aryne_8438,O=c1c#cc(=O)n2c(=O)snnn12
8438,arene_7666,O=c1ncc2[nH]cc[nH]c=2c1=O,aryne_8439,O=c1ncc2[nH]c#c[nH]c=2c1=O
8439,arene_7667,O=c1cc2ccccn2nn1,aryne_8440,O=c1cc2c#cccn2nn1
8440,arene_7667,O=c1cc2ccccn2nn1,aryne_8441,O=c1cc2ccc#cn2nn1
8441,arene_7668,O=c1ccn2snnn2c1=O,aryne_8442,O=c1c#cn2snnn2c1=O
8442,arene_7669,c1cn2scn[nH]n2nn1,aryne_8443,c1nnn2[nH]ncsn2c#1
8443,arene_7670,O=c1sc(=O)n2c(=O)[nH]ccn2c1=O,aryne_8444,O=c1sc(=O)n2c(=O)[nH]c#cn2c1=O
8444,arene_7671,O=c1snc2[nH]ccc(=O)n2c1=O,aryne_8445,O=c1snc2[nH]c#cc(=O)n2c1=O
8445,arene_7672,c1cn2occoc-2c[nH]1,aryne_8446,c1[nH]cc2occon-2c#1
8446,arene_7672,c1cn2occoc-2c[nH]1,aryne_8447,c1oc2c[nH]ccn-2oc#1
8447,arene_7673,O=c1ccn2[nH]c(=O)cnc2n1,aryne_8448,O=c1c#cn2[nH]c(=O)cnc2n1
8448,arene_7674,O=c1ncc2ccoc(=O)c2[nH]1,aryne_8449,O=c1ncc2c#coc(=O)c2[nH]1
8449,arene_7675,O=c1ncn2[nH]ccn2c1=O,aryne_8450,O=c1ncn2[nH]c#cn2c1=O
8450,arene_7676,O=c1ccn2nc[nH]c(=O)n2c1=O,aryne_8451,O=c1c#cn2nc[nH]c(=O)n2c1=O
8451,arene_7677,O=c1nc2cccnc2ns1,aryne_8452,O=c1nc2c#ccnc2ns1
8452,arene_7678,O=c1ccn2sc(=O)c(=O)c(=O)n2[nH]1,aryne_8453,O=c1c#cn2sc(=O)c(=O)c(=O)n2[nH]1
8453,arene_7679,O=c1ccn2c(=O)cnc(=O)n2o1,aryne_8454,O=c1c#cn2c(=O)cnc(=O)n2o1
8454,arene_7680,O=c1sncn2ccnc12,aryne_8455,O=c1sncn2c#cnc12
8455,arene_7682,O=c1oc2ccsc(=O)c2c(=O)s1,aryne_8456,O=c1oc2c#csc(=O)c2c(=O)s1
8456,arene_7683,O=c1ccn2c(=O)cnoc2c1,aryne_8457,O=c1c#cn2c(=O)cnoc2c1
8457,arene_7684,c1cn2cnnc2s1,aryne_8458,c1sc2nncn2c#1
8458,arene_7685,O=c1cnn2c(=O)occn12,aryne_8459,O=c1cnn2c(=O)oc#cn12
8459,arene_7686,O=c1ccc2cc[nH]c2s1,aryne_8460,O=c1c#cc2cc[nH]c2s1
8460,arene_7686,O=c1ccc2cc[nH]c2s1,aryne_8461,O=c1ccc2c#c[nH]c2s1
8461,arene_7687,O=c1cnc2cccc(=O)n2s1,aryne_8462,O=c1cnc2cc#cc(=O)n2s1
8462,arene_7688,c1coc2occoc=2o1,aryne_8463,c1oc2occoc=2oc#1
8463,arene_7689,O=c1ccon2c(=O)occ12,aryne_8464,O=c1c#con2c(=O)occ12
8464,arene_7690,O=c1sccc2cncn12,aryne_8465,O=c1sc#cc2cncn12
8465,arene_7691,O=c1ccc2ncc(=O)sc2o1,aryne_8466,O=c1c#cc2ncc(=O)sc2o1
8466,arene_7692,O=c1[nH]cnc2ccsc(=O)c12,aryne_8467,O=c1[nH]cnc2c#csc(=O)c12
8467,arene_7693,O=c1ncn2scc[nH]n2[nH]1,aryne_8468,O=c1ncn2sc#c[nH]n2[nH]1
8468,arene_7694,O=c1[nH]c(=O)n2ccc(=O)c(=O)n2[nH]1,aryne_8469,O=c1[nH]c(=O)n2c#cc(=O)c(=O)n2[nH]1
8469,arene_7695,O=c1ncn2cc[nH]n2c1=O,aryne_8470,O=c1ncn2c#c[nH]n2c1=O
8470,arene_7696,O=c1[nH]n2ccc(=O)n2s1,aryne_8471,O=c1[nH]n2c#cc(=O)n2s1
8471,arene_7697,O=c1ccc2c(=O)cc[nH]c2o1,aryne_8472,O=c1c#cc2c(=O)cc[nH]c2o1
8472,arene_7697,O=c1ccc2c(=O)cc[nH]c2o1,aryne_8473,O=c1ccc2c(=O)c#c[nH]c2o1
8473,arene_7698,c1cn2[nH]ncsc-2n[nH]1,aryne_8474,c1[nH]nc2scn[nH]n-2c#1
8474,arene_7699,c1cn2[nH]nnsc-2c[nH]1,aryne_8475,c1[nH]cc2snn[nH]n-2c#1
8475,arene_7700,O=c1ccc(=O)c2snn[nH]c1=2,aryne_8476,O=c1c#cc(=O)c2snn[nH]c1=2
8476,arene_7701,O=c1sccn2ncnc12,aryne_8477,O=c1sc#cn2ncnc12
8477,arene_7702,O=c1cc2c(=O)cc[nH]c2c[nH]1,aryne_8478,O=c1cc2c(=O)c#c[nH]c2c[nH]1
8478,arene_7703,c1n[nH]n2ccocc-2[nH]1,aryne_8479,c1occ2[nH]cn[nH]n-2c#1
8479,arene_7704,O=c1[nH]n2c(=O)occn2c(=O)c1=O,aryne_8480,O=c1[nH]n2c(=O)oc#cn2c(=O)c1=O
8480,arene_7705,O=c1nc2[nH]ccc(=O)c2n[nH]1,aryne_8481,O=c1nc2[nH]c#cc(=O)c2n[nH]1
8481,arene_7706,c1cn2[nH]nc[nH]n2nn1,aryne_8482,c1nnn2[nH]cn[nH]n2c#1
8482,arene_7707,O=c1ccn2sc(=O)oc2c1,aryne_8483,O=c1c#cn2sc(=O)oc2c1
8483,arene_7708,c1cc2[nH]nnc2[nH]1,aryne_8484,c1[nH]c2nn[nH]c2c#1
8484,arene_7709,O=c1cnn2scc[nH]n2[nH]1,aryne_8485,O=c1cnn2sc#c[nH]n2[nH]1
8485,arene_7710,c1con2ncsnc-2[nH]1,aryne_8486,c1[nH]c2nscnn-2oc#1
8486,arene_7711,O=c1oc2ccsc2c(=O)s1,aryne_8487,O=c1oc2c#csc2c(=O)s1
8487,arene_7712,O=c1cnc2ccc(=O)sc2[nH]1,aryne_8488,O=c1cnc2c#cc(=O)sc2[nH]1
8488,arene_7713,c1nn2sccsc-2c[nH]1,aryne_8489,c1sc2c[nH]cnn-2sc#1
8489,arene_7714,O=c1on2c(=O)ccc(=O)n2o1,aryne_8490,O=c1on2c(=O)c#cc(=O)n2o1
8490,arene_7715,O=c1[nH]cc2ccsc(=O)n12,aryne_8491,O=c1[nH]cc2c#csc(=O)n12
8491,arene_7716,O=c1cc[nH]n2c(=O)nncc12,aryne_8492,O=c1c#c[nH]n2c(=O)nncc12
8492,arene_7717,c1cc2cncn2s1,aryne_8493,c1sn2cncc2c#1
8493,arene_7718,c1csc2cscnn-2[nH]1,aryne_8494,c1[nH]n2ncscc-2sc#1
8494,arene_7719,O=c1ccc2ncoc(=O)c2s1,aryne_8495,O=c1c#cc2ncoc(=O)c2s1
8495,arene_7720,O=c1cccc2cn[nH]n12,aryne_8496,O=c1c#ccc2cn[nH]n12
8496,arene_7722,O=c1on2c(=O)sccn2c1=O,aryne_8497,O=c1on2c(=O)sc#cn2c1=O
8497,arene_7723,O=c1[nH]c(=O)c(=O)n2ccscc1-2,aryne_8498,O=c1[nH]c(=O)c(=O)n2c#cscc1-2
8498,arene_7724,O=c1ccc2sccc2[nH]1,aryne_8499,O=c1c#cc2sccc2[nH]1
8499,arene_7724,O=c1ccc2sccc2[nH]1,aryne_8500,O=c1ccc2sc#cc2[nH]1
8500,arene_7725,O=c1nnn2cccc2[nH]1,aryne_8501,O=c1nnn2c#ccc2[nH]1
8501,arene_7726,O=c1ccn2nc[nH]cc-2c1=O,aryne_8502,O=c1c#cn2nc[nH]cc-2c1=O
8502,arene_7727,O=c1occc2ccsc(=O)c12,aryne_8503,O=c1oc#cc2ccsc(=O)c12
8503,arene_7727,O=c1occc2ccsc(=O)c12,aryne_8504,O=c1occc2c#csc(=O)c12
8504,arene_7728,c1cc2cn[nH]c2[nH]1,aryne_8505,c1[nH]c2[nH]ncc2c#1
8505,arene_7729,O=c1ccc(=O)c2ocn[nH]c1=2,aryne_8506,O=c1c#cc(=O)c2ocn[nH]c1=2
8506,arene_7730,c1cc2n[nH]cc2o1,aryne_8507,c1oc2c[nH]nc2c#1
8507,arene_7731,O=c1cnn2ccc(=O)sc2n1,aryne_8508,O=c1cnn2c#cc(=O)sc2n1
8508,arene_7732,O=c1sccc2ccnn12,aryne_8509,O=c1sc#cc2ccnn12
8509,arene_7733,O=c1nc2cnccc2no1,aryne_8510,O=c1nc2cnc#cc2no1
8510,arene_7734,O=c1sc2ccnnc2sc1=O,aryne_8511,O=c1sc2c#cnnc2sc1=O
8511,arene_7735,c1coc2sccoc=2[nH]1,aryne_8512,c1[nH]c2occsc=2oc#1
8512,arene_7735,c1coc2sccoc=2[nH]1,aryne_8513,c1oc2[nH]ccoc=2sc#1
8513,arene_7736,O=c1ccn2onnc(=O)n12,aryne_8514,O=c1c#cn2onnc(=O)n12
8514,arene_7738,O=c1oc2cccnc2c(=O)s1,aryne_8515,O=c1oc2c#ccnc2c(=O)s1
8515,arene_7738,O=c1oc2cccnc2c(=O)s1,aryne_8516,O=c1oc2cc#cnc2c(=O)s1
8516,arene_7739,O=c1[nH]c(=O)n2ccon2c1=O,aryne_8517,O=c1[nH]c(=O)n2c#con2c1=O
8517,arene_7740,O=c1snnn2c(=O)ccn12,aryne_8518,O=c1snnn2c(=O)c#cn12
8518,arene_7741,c1cc2ncncn2c1,aryne_8519,c1cc2ncncn2c#1
8519,arene_7742,O=c1ncc2c(=O)ccsc2o1,aryne_8520,O=c1ncc2c(=O)c#csc2o1
8520,arene_7743,c1cc2csnc2s1,aryne_8521,c1sc2nscc2c#1
8521,arene_7744,O=c1ncn2ccccn2c1=O,aryne_8522,O=c1ncn2c#cccn2c1=O
8522,arene_7744,O=c1ncn2ccccn2c1=O,aryne_8523,O=c1ncn2ccc#cn2c1=O
8523,arene_7745,O=c1ccc(=O)n2cnccn12,aryne_8524,O=c1c#cc(=O)n2cnccn12
8524,arene_7745,O=c1ccc(=O)n2cnccn12,aryne_8525,O=c1ccc(=O)n2cnc#cn12
8525,arene_7746,O=c1snc2cnccn12,aryne_8526,O=c1snc2cnc#cn12
8526,arene_7747,O=c1ccn2cnnc2[nH]1,aryne_8527,O=c1c#cn2cnnc2[nH]1
8527,arene_7748,O=c1ccoc2[nH]ncc12,aryne_8528,O=c1c#coc2[nH]ncc12
8528,arene_7749,O=c1cc[nH]c2[nH]ncc(=O)c12,aryne_8529,O=c1c#c[nH]c2[nH]ncc(=O)c12
8529,arene_7750,c1cn2[nH]ccoc-2c[nH]1,aryne_8530,c1[nH]cc2occ[nH]n-2c#1
8530,arene_7750,c1cn2[nH]ccoc-2c[nH]1,aryne_8531,c1[nH]n2cc[nH]cc-2oc#1
8531,arene_7751,O=c1ccn2c(=O)oc(=O)n2o1,aryne_8532,O=c1c#cn2c(=O)oc(=O)n2o1
8532,arene_7752,O=c1[nH]n2cc[nH]cc-2c1=O,aryne_8533,O=c1[nH]n2c#c[nH]cc-2c1=O
8533,arene_7753,O=c1scnn2[nH]ccon12,aryne_8534,O=c1scnn2[nH]c#con12
8534,arene_7754,O=c1cnc2c(=O)sccc2[nH]1,aryne_8535,O=c1cnc2c(=O)sc#cc2[nH]1
8535,arene_7755,c1cn2[nH]nn[nH]c-2ns1,aryne_8536,c1snc2[nH]nn[nH]n-2c#1
8536,arene_7756,O=c1oc2ccncc2sc1=O,aryne_8537,O=c1oc2c#cncc2sc1=O
8537,arene_7757,O=c1ncc2c(=O)occc2s1,aryne_8538,O=c1ncc2c(=O)oc#cc2s1
8538,arene_7758,O=c1nc[nH]c2nccn12,aryne_8539,O=c1nc[nH]c2nc#cn12
8539,arene_7759,O=c1ncn2c(=O)c(=O)ccn2o1,aryne_8540,O=c1ncn2c(=O)c(=O)c#cn2o1
8540,arene_7760,O=c1ccnc2oncn12,aryne_8541,O=c1c#cnc2oncn12
8541,arene_7761,O=c1ncsn2occon12,aryne_8542,O=c1ncsn2oc#con12
8542,arene_7762,O=c1ccc2oc(=O)[nH]c2[nH]1,aryne_8543,O=c1c#cc2oc(=O)[nH]c2[nH]1
8543,arene_7763,c1cc2nscc2nn1,aryne_8544,c1nnc2csnc2c#1
8544,arene_7764,O=c1cnc2oc(=O)ccc2o1,aryne_8545,O=c1c#cc2oc(=O)cnc2o1
8545,arene_7765,O=c1ccc2ccc(=O)sc2s1,aryne_8546,O=c1c#cc2ccc(=O)sc2s1
8546,arene_7766,O=c1ccc2sc(=O)ncc2[nH]1,aryne_8547,O=c1c#cc2sc(=O)ncc2[nH]1
8547,arene_7767,O=c1nccc2ncccn12,aryne_8548,O=c1nccc2ncc#cn12
8548,arene_7768,O=c1ccc2ccnn2[nH]1,aryne_8549,O=c1c#cc2ccnn2[nH]1
8549,arene_7769,O=c1onc2ccon2c1=O,aryne_8550,O=c1onc2c#con2c1=O
8550,arene_7770,O=c1ccc(=O)c2c(=O)ncc(=O)c1=2,aryne_8551,O=c1c#cc(=O)c2c(=O)ncc(=O)c1=2
8551,arene_7771,O=c1ccscn1,aryne_8552,O=c1c#cscn1
8552,arene_7772,c1cnc2cncn2c1,aryne_8553,c1cnc2cncn2c#1
8553,arene_7773,O=c1nnc2cc[nH]c2[nH]1,aryne_8554,O=c1nnc2c#c[nH]c2[nH]1
8554,arene_7774,O=c1[nH]c2ccnnc2o1,aryne_8555,O=c1[nH]c2c#cnnc2o1
8555,arene_7775,O=c1ccc2occc2[nH]1,aryne_8556,O=c1c#cc2occc2[nH]1
8556,arene_7775,O=c1ccc2occc2[nH]1,aryne_8557,O=c1ccc2oc#cc2[nH]1
8557,arene_7776,O=c1ccoc2ncsc12,aryne_8558,O=c1c#coc2ncsc12
8558,arene_7777,O=c1ccc2nc(=O)[nH]nc2[nH]1,aryne_8559,O=c1c#cc2nc(=O)[nH]nc2[nH]1
8559,arene_7778,O=c1on2c(=O)ccon2c(=O)c1=O,aryne_8560,O=c1on2c(=O)c#con2c(=O)c1=O
8560,arene_7779,O=c1ccn2cnc(=O)c(=O)n2o1,aryne_8561,O=c1c#cn2cnc(=O)c(=O)n2o1
8561,arene_7780,O=c1ccn2ocn[nH]n2s1,aryne_8562,O=c1c#cn2ocn[nH]n2s1
8562,arene_7781,O=c1nc2ccncn2c(=O)o1,aryne_8563,O=c1nc2c#cncn2c(=O)o1
8563,arene_7782,O=c1ccsc2oncc(=O)c12,aryne_8564,O=c1c#csc2oncc(=O)c12
8564,arene_7783,O=c1[nH]ccc2ccnnc12,aryne_8565,O=c1[nH]c#cc2ccnnc12
8565,arene_7783,O=c1[nH]ccc2ccnnc12,aryne_8566,O=c1[nH]ccc2c#cnnc12
8566,arene_7784,c1cn2nc[nH]c2n1,aryne_8567,c1nc2[nH]cnn2c#1
8567,arene_7785,c1cc2ncoc2o1,aryne_8568,c1oc2ocnc2c#1
8568,arene_7786,O=c1scc2ccncn12,aryne_8569,O=c1scc2c#cncn12
8569,arene_7787,O=c1nnsc2nccn12,aryne_8570,O=c1nnsc2nc#cn12
8570,arene_7788,O=c1ccc2[nH]ccsc1=2,aryne_8571,O=c1c#cc2[nH]ccsc1=2
8571,arene_7788,O=c1ccc2[nH]ccsc1=2,aryne_8572,O=c1ccc2[nH]c#csc1=2
8572,arene_7789,O=c1cnn2occc(=O)c2n1,aryne_8573,O=c1cnn2oc#cc(=O)c2n1
8573,arene_7790,O=c1on2ccon2c(=O)c1=O,aryne_8574,O=c1on2c#con2c(=O)c1=O
8574,arene_7791,O=c1cc2[nH]ccn2cn1,aryne_8575,O=c1cc2[nH]c#cn2cn1
8575,arene_7792,O=c1oncn2sccon12,aryne_8576,O=c1oncn2sc#con12
8576,arene_7793,O=c1ccc2snnc2s1,aryne_8577,O=c1c#cc2snnc2s1
8577,arene_7794,O=c1ccc2nsc(=O)n2o1,aryne_8578,O=c1c#cc2nsc(=O)n2o1
8578,arene_7795,O=c1cnc2c(=O)ccsc2o1,aryne_8579,O=c1cnc2c(=O)c#csc2o1
8579,arene_7796,c1csc2c[nH]nnn-2[nH]1,aryne_8580,c1[nH]n2nn[nH]cc-2sc#1
8580,arene_7797,O=c1ccc2cccc(=O)n2[nH]1,aryne_8581,O=c1c#cc2cccc(=O)n2[nH]1
8581,arene_7797,O=c1ccc2cccc(=O)n2[nH]1,aryne_8582,O=c1ccc2cc#cc(=O)n2[nH]1
8582,arene_7798,O=c1ncn2[nH]ccsn2o1,aryne_8583,O=c1ncn2[nH]c#csn2o1
8583,arene_7799,O=c1ccn2c(=O)cc[nH]c2c1,aryne_8584,O=c1c#cn2c(=O)cc[nH]c2c1
8584,arene_7799,O=c1ccn2c(=O)cc[nH]c2c1,aryne_8585,O=c1ccn2c(=O)c#c[nH]c2c1
8585,arene_7800,O=c1nc[nH]c2c(=O)sccc12,aryne_8586,O=c1nc[nH]c2c(=O)sc#cc12
8586,arene_7801,O=c1snc2[nH]ccn2c1=O,aryne_8587,O=c1snc2[nH]c#cn2c1=O
8587,arene_7802,O=c1ncc2scc[nH]c1=2,aryne_8588,O=c1ncc2sc#c[nH]c1=2
8588,arene_7803,c1nnn2occ[nH]n2n1,aryne_8589,c1[nH]n2ncnnn2oc#1
8589,arene_7804,O=c1ccc2nocc2s1,aryne_8590,O=c1c#cc2nocc2s1
8590,arene_7805,O=c1ccc2[nH]c(=O)ncc2[nH]1,aryne_8591,O=c1c#cc2[nH]c(=O)ncc2[nH]1
8591,arene_7806,O=c1[nH]c(=O)c2ccccc2[nH]1,aryne_8592,O=c1[nH]c(=O)c2c#cccc2[nH]1
8592,arene_7806,O=c1[nH]c(=O)c2ccccc2[nH]1,aryne_8593,O=c1[nH]c(=O)c2cc#ccc2[nH]1
8593,arene_7806,O=c1[nH]c(=O)c2ccccc2[nH]1,aryne_8594,O=c1[nH]c(=O)c2ccc#cc2[nH]1
8594,arene_7807,O=c1[nH]nnn2scc[nH]n12,aryne_8595,O=c1[nH]nnn2sc#c[nH]n12
8595,arene_7808,O=c1ncn2ccoc(=O)c2n1,aryne_8596,O=c1ncn2c#coc(=O)c2n1
8596,arene_7809,O=c1ccn2c(=O)c(=O)cnn2[nH]1,aryne_8597,O=c1c#cn2c(=O)c(=O)cnn2[nH]1
8597,arene_7810,O=c1[nH]c(=O)c(=O)c2occsc1=2,aryne_8598,O=c1[nH]c(=O)c(=O)c2oc#csc1=2
8598,arene_7811,O=c1[nH]ccc2cncn12,aryne_8599,O=c1[nH]c#cc2cncn12
8599,arene_7812,O=c1cc2ccc(=O)sc2co1,aryne_8600,O=c1cc2c#cc(=O)sc2co1
8600,arene_7813,O=c1oc(=O)c2occc(=O)c2o1,aryne_8601,O=c1oc(=O)c2oc#cc(=O)c2o1
8601,arene_7814,O=c1oncc2cccnc12,aryne_8602,O=c1oncc2c#ccnc12
8602,arene_7814,O=c1oncc2cccnc12,aryne_8603,O=c1oncc2cc#cnc12
8603,arene_7815,O=c1cnc(=O)n2ccccn12,aryne_8604,O=c1ncc(=O)n2ccc#cn12
8604,arene_7815,O=c1cnc(=O)n2ccccn12,aryne_8605,O=c1cnc(=O)n2ccc#cn12
8605,arene_7816,O=c1occ2c(=O)sccn2c1=O,aryne_8606,O=c1occ2c(=O)sc#cn2c1=O
8606,arene_7817,O=c1nc2cc[nH]c2ns1,aryne_8607,O=c1nc2c#c[nH]c2ns1
8607,arene_7818,c1cc2nccnc2cn1,aryne_8608,c1ncc2nccnc2c#1
8608,arene_7818,c1cc2nccnc2cn1,aryne_8609,c1nc2ccncc2nc#1
8609,arene_7820,O=c1oc(=O)c2ncccc2s1,aryne_8610,O=c1oc(=O)c2nc#ccc2s1
8610,arene_7820,O=c1oc(=O)c2ncccc2s1,aryne_8611,O=c1oc(=O)c2ncc#cc2s1
8611,arene_7821,O=c1[nH]c(=O)n2scc[nH]n2s1,aryne_8612,O=c1[nH]c(=O)n2sc#c[nH]n2s1
8612,arene_7822,O=c1oc2coccn-2c1=O,aryne_8613,O=c1oc2coc#cn-2c1=O
8613,arene_7823,O=c1[nH]c2sccoc=2c1=O,aryne_8614,O=c1[nH]c2sc#coc=2c1=O
8614,arene_7824,O=c1cnc2c[nH]ccn1-2,aryne_8615,O=c1cnc2c[nH]c#cn1-2
8615,arene_7825,c1cc2nonc2s1,aryne_8616,c1sc2nonc2c#1
8616,arene_7826,c1cnn2snn[nH]n2c1,aryne_8617,c1cnn2snn[nH]n2c#1
8617,arene_7827,O=c1sccn2ocnon12,aryne_8618,O=c1sc#cn2ocnon12
8618,arene_7828,O=c1ccc2c(=O)c(=O)ccc1=2,aryne_8619,O=c1c#cc2c(=O)c(=O)ccc1=2
8619,arene_7828,O=c1ccc2c(=O)c(=O)ccc1=2,aryne_8620,O=c1c#cc2c(=O)ccc=2c1=O
8620,arene_7829,O=c1sncn2[nH]ccon12,aryne_8621,O=c1sncn2[nH]c#con12
8621,arene_7830,c1cn2[nH]ncoc-2no1,aryne_8622,c1onc2ocn[nH]n-2c#1
8622,arene_7832,O=c1sc(=O)n2[nH]ccsn2s1,aryne_8623,O=c1sc(=O)n2[nH]c#csn2s1
8623,arene_7833,O=c1cc[nH]c2n[nH]c(=O)n12,aryne_8624,O=c1c#c[nH]c2n[nH]c(=O)n12
8624,arene_7834,c1n[nH]c2sccoc=2[nH]1,aryne_8625,c1oc2[nH]cn[nH]c=2sc#1
8625,arene_7835,O=c1cc2occsn-2c1=O,aryne_8626,O=c1cc2oc#csn-2c1=O
8626,arene_7836,O=c1cc[nH]c2nn[nH]c12,aryne_8627,O=c1c#c[nH]c2nn[nH]c12
8627,arene_7837,O=c1sccc2[nH]cnc12,aryne_8628,O=c1sc#cc2[nH]cnc12
8628,arene_7838,O=c1ccc2onnc2o1,aryne_8629,O=c1c#cc2onnc2o1
8629,arene_7839,O=c1ccc(=O)n2c(=O)[nH]ncn12,aryne_8630,O=c1c#cc(=O)n2c(=O)[nH]ncn12
8630,arene_7840,O=c1oc(=O)c2ccoc2o1,aryne_8631,O=c1oc(=O)c2c#coc2o1
8631,arene_7841,O=c1ccn2oc(=O)c(=O)on2c1=O,aryne_8632,O=c1c#cn2oc(=O)c(=O)on2c1=O
8632,arene_7842,O=c1ccn2oc(=O)[nH]c(=O)c2n1,aryne_8633,O=c1c#cn2oc(=O)[nH]c(=O)c2n1
8633,arene_7843,O=c1nnc2cc[nH]c(=O)c2s1,aryne_8634,O=c1nnc2c#c[nH]c(=O)c2s1
8634,arene_7844,O=c1cc[nH]c2cn[nH]c(=O)c12,aryne_8635,O=c1c#c[nH]c2cn[nH]c(=O)c12
8635,arene_7845,O=c1ccn2occn12,aryne_8636,O=c1c#cn2occn12
8636,arene_7845,O=c1ccn2occn12,aryne_8637,O=c1ccn2oc#cn12
8637,arene_7846,O=c1cc2ccsc(=O)c2co1,aryne_8638,O=c1cc2c#csc(=O)c2co1
8638,arene_7847,O=c1ccc(=O)n2c(=O)sccn12,aryne_8639,O=c1c#cc(=O)n2c(=O)sccn12
8639,arene_7847,O=c1ccc(=O)n2c(=O)sccn12,aryne_8640,O=c1ccc(=O)n2c(=O)sc#cn12
8640,arene_7848,O=c1ncc2coccn-2c1=O,aryne_8641,O=c1ncc2coc#cn-2c1=O
8641,arene_7849,O=c1nnn2c(=O)[nH]ccn12,aryne_8642,O=c1nnn2c(=O)[nH]c#cn12
8642,arene_7850,O=c1nnn2oc(=O)ccc2n1,aryne_8643,O=c1nnn2oc(=O)c#cc2n1
8643,arene_7851,O=c1ccn2oc(=O)ccc2n1,aryne_8644,O=c1c#cn2oc(=O)ccc2n1
8644,arene_7851,O=c1ccn2oc(=O)ccc2n1,aryne_8645,O=c1ccn2oc(=O)c#cc2n1
8645,arene_7852,O=c1sccn2ccnc12,aryne_8646,O=c1sc#cn2ccnc12
8646,arene_7852,O=c1sccn2ccnc12,aryne_8647,O=c1sccn2c#cnc12
8647,arene_7853,O=c1ccn2c(=O)ncsc2n1,aryne_8648,O=c1c#cn2c(=O)ncsc2n1
8648,arene_7854,O=c1[nH]c(=O)n2occn12,aryne_8649,O=c1[nH]c(=O)n2oc#cn12
8649,arene_7855,O=c1[nH]c(=O)n2ccc(=O)n2o1,aryne_8650,O=c1[nH]c(=O)n2c#cc(=O)n2o1
8650,arene_7856,O=c1ccn2c(=O)c(=O)c(=O)[nH]n2s1,aryne_8651,O=c1c#cn2c(=O)c(=O)c(=O)[nH]n2s1
8651,arene_7857,O=c1c(=O)c(=O)c2sccc2c1=O,aryne_8652,O=c1c(=O)c(=O)c2sc#cc2c1=O
8652,arene_7858,c1con2nnncn2o1,aryne_8653,c1on2cnnnn2oc#1
8653,arene_7859,O=c1ccc2sc(=O)oc(=O)c2s1,aryne_8654,O=c1c#cc2sc(=O)oc(=O)c2s1
8654,arene_7860,O=c1on2ccncn2c(=O)c1=O,aryne_8655,O=c1on2c#cncn2c(=O)c1=O
8655,arene_7861,O=c1ccc2onnsc1=2,aryne_8656,O=c1c#cc2onnsc1=2
8656,arene_7862,O=c1nc2occc(=O)n2c(=O)[nH]1,aryne_8657,O=c1nc2oc#cc(=O)n2c(=O)[nH]1
8657,arene_7863,O=c1snc2occn12,aryne_8658,O=c1snc2oc#cn12
8658,arene_7864,O=c1[nH]c2sccc2c(=O)s1,aryne_8659,O=c1[nH]c2sc#cc2c(=O)s1
8659,arene_7865,O=c1cc[nH]n2nncc12,aryne_8660,O=c1c#c[nH]n2nncc12
8660,arene_7866,O=c1[nH]ccc2nncn12,aryne_8661,O=c1[nH]c#cc2nncn12
8661,arene_7867,O=c1ncc2c(=O)[nH]ccc2[nH]1,aryne_8662,O=c1ncc2c(=O)[nH]c#cc2[nH]1
8662,arene_7868,O=c1ccc2nncn2[nH]1,aryne_8663,O=c1c#cc2nncn2[nH]1
8663,arene_7869,O=c1ccon2[nH]ncsn12,aryne_8664,O=c1c#con2[nH]ncsn12
8664,arene_7870,O=c1cnn2ccc(=O)oc2n1,aryne_8665,O=c1cnn2c#cc(=O)oc2n1
8665,arene_7871,O=c1ccn2c(=O)c(=O)sn2s1,aryne_8666,O=c1c#cn2c(=O)c(=O)sn2s1
8666,arene_7872,c1cn2snnsc-2no1,aryne_8667,c1onc2snnsn-2c#1
8667,arene_7873,O=c1occ2occc(=O)n2c1=O,aryne_8668,O=c1occ2oc#cc(=O)n2c1=O
8668,arene_7874,c1cn2sncsn2cn1,aryne_8669,c1ncn2scnsn2c#1
8669,arene_7875,O=c1ccc2nc(=O)onc2[nH]1,aryne_8670,O=c1c#cc2nc(=O)onc2[nH]1
8670,arene_7876,O=c1scc2occn2c1=O,aryne_8671,O=c1scc2oc#cn2c1=O
8671,arene_7877,O=c1sc(=O)n2scc[nH]n2s1,aryne_8672,O=c1sc(=O)n2sc#c[nH]n2s1
8672,arene_7878,O=c1ccc2[nH]c(=O)oc2o1,aryne_8673,O=c1c#cc2[nH]c(=O)oc2o1
8673,arene_7879,O=c1sc2c[nH]ccn-2c1=O,aryne_8674,O=c1sc2c[nH]c#cn-2c1=O
8674,arene_7881,O=c1onnn2[nH]ccsn12,aryne_8675,O=c1onnn2[nH]c#csn12
8675,arene_7882,O=c1ccc2n[nH]nc2o1,aryne_8676,O=c1c#cc2n[nH]nc2o1
8676,arene_7883,O=c1cc2cnccn2c(=O)[nH]1,aryne_8677,O=c1cc2cnc#cn2c(=O)[nH]1
8677,arene_7884,c1csn2cnscc-2o1,aryne_8678,c1oc2csncn-2sc#1
8678,arene_7885,O=c1nnn2[nH]c(=O)ccc2n1,aryne_8679,O=c1nnn2[nH]c(=O)c#cc2n1
8679,arene_7886,O=c1ccc2noccn-2c1=O,aryne_8680,O=c1c#cc2noccn-2c1=O
8680,arene_7886,O=c1ccc2noccn-2c1=O,aryne_8681,O=c1ccc2noc#cn-2c1=O
8681,arene_7887,O=c1oc2c(=O)[nH]ccc2s1,aryne_8682,O=c1oc2c(=O)[nH]c#cc2s1
8682,arene_7888,O=c1cc[nH]n2onn[nH]n12,aryne_8683,O=c1c#c[nH]n2onn[nH]n12
8683,arene_7889,O=c1cnc(=O)n2cc[nH]cc1-2,aryne_8684,O=c1cnc(=O)n2c#c[nH]cc1-2
8684,arene_7890,O=c1ccn2cn[nH]c(=O)n12,aryne_8685,O=c1c#cn2cn[nH]c(=O)n12
8685,arene_7891,c1cnc2ncsc2c1,aryne_8686,c1cc2scnc2nc#1
8686,arene_7891,c1cnc2ncsc2c1,aryne_8687,c1cnc2ncsc2c#1
8687,arene_7892,O=c1ccc2nsc(=O)cc2[nH]1,aryne_8688,O=c1c#cc2nsc(=O)cc2[nH]1
8688,arene_7893,O=c1[nH]n2sccc(=O)n2c(=O)c1=O,aryne_8689,O=c1[nH]n2sc#cc(=O)n2c(=O)c1=O
8689,arene_7894,O=c1snnn2c(=O)ccnc12,aryne_8690,O=c1snnn2c(=O)c#cnc12
8690,arene_7895,O=c1ccc2c(=O)cc[nH]c2s1,aryne_8691,O=c1c#cc2c(=O)cc[nH]c2s1
8691,arene_7895,O=c1ccc2c(=O)cc[nH]c2s1,aryne_8692,O=c1ccc2c(=O)c#c[nH]c2s1
8692,arene_7896,c1cn2ccnc2cn1,aryne_8693,c1ncc2nccn2c#1
8693,arene_7896,c1cn2ccnc2cn1,aryne_8694,c1nc2cnccn2c#1
8694,arene_7897,c1cc2oncc2cn1,aryne_8695,c1ncc2cnoc2c#1
8695,arene_7898,c1cn2onnon2[nH]1,aryne_8696,c1[nH]n2onnon2c#1
8696,arene_7899,O=c1[nH]ccn2onnon12,aryne_8697,O=c1[nH]c#cn2onnon12
8697,arene_7900,O=c1ccn2nnsc(=O)c2n1,aryne_8698,O=c1c#cn2nnsc(=O)c2n1
8698,arene_7901,O=c1ccn2c(=O)nnc(=O)n2[nH]1,aryne_8699,O=c1c#cn2c(=O)nnc(=O)n2[nH]1
8699,arene_7902,O=c1[nH]c(=O)n2ccocc1-2,aryne_8700,O=c1[nH]c(=O)n2c#cocc1-2
8700,arene_7903,O=c1ccc2c(=O)nn[nH]c2[nH]1,aryne_8701,O=c1c#cc2c(=O)nn[nH]c2[nH]1
8701,arene_7904,O=c1oncc2c(=O)sccc12,aryne_8702,O=c1oncc2c(=O)sc#cc12
8702,arene_7905,O=c1nc2c(=O)cc[nH]n2c(=O)s1,aryne_8703,O=c1nc2c(=O)c#c[nH]n2c(=O)s1
8703,arene_7906,c1ccc2sncc2c1,aryne_8704,c1cc2cnsc2cc#1
8704,arene_7906,c1ccc2sncc2c1,aryne_8705,c1ccc2sncc2c#1
8705,arene_7906,c1ccc2sncc2c1,aryne_8706,c1ccc2cnsc2c#1
8706,arene_7908,O=c1ncon2occ[nH]n12,aryne_8707,O=c1ncon2oc#c[nH]n12
8707,arene_7909,O=c1ccc2ncnc(=O)n2o1,aryne_8708,O=c1c#cc2ncnc(=O)n2o1
8708,arene_7910,O=c1ccnc2cnon12,aryne_8709,O=c1c#cnc2cnon12
8709,arene_7911,O=c1cnn2c(=O)sccn12,aryne_8710,O=c1cnn2c(=O)sc#cn12
8710,arene_7912,c1con2ocnn2o1,aryne_8711,c1on2ncon2oc#1
8711,arene_7913,O=c1ccc2cccn2s1,aryne_8712,O=c1c#cc2cccn2s1
8712,arene_7913,O=c1ccc2cccn2s1,aryne_8713,O=c1ccc2cc#cn2s1
8713,arene_7914,O=c1ccc2snc[nH]c1=2,aryne_8714,O=c1c#cc2snc[nH]c1=2
8714,arene_7915,O=c1ccc2c(=O)[nH]c(=O)c(=O)c=2c1=O,aryne_8715,O=c1c#cc2c(=O)[nH]c(=O)c(=O)c=2c1=O
8715,arene_7916,O=c1nnn2ccc(=O)n2s1,aryne_8716,O=c1nnn2c#cc(=O)n2s1
8716,arene_7917,O=c1[nH]ccc2occc12,aryne_8717,O=c1[nH]c#cc2occc12
8717,arene_7917,O=c1[nH]ccc2occc12,aryne_8718,O=c1[nH]ccc2oc#cc12
8718,arene_7918,O=c1ccn2c(=O)snc2s1,aryne_8719,O=c1c#cn2c(=O)snc2s1
8719,arene_7919,O=c1ccc2nn[nH]c(=O)c2o1,aryne_8720,O=c1c#cc2nn[nH]c(=O)c2o1
8720,arene_7920,c1coc2[nH]nnsc=2[nH]1,aryne_8721,c1[nH]c2snn[nH]c=2oc#1
8721,arene_7921,O=c1cnn2[nH]ccc(=O)c2n1,aryne_8722,O=c1cnn2[nH]c#cc(=O)c2n1
8722,arene_7922,c1cc2[nH]ccc2cn1,aryne_8723,c1ncc2cc[nH]c2c#1
8723,arene_7922,c1cc2[nH]ccc2cn1,aryne_8724,c1[nH]c2ccncc2c#1
8724,arene_7923,O=c1ccc2[nH]c(=O)c(=O)[nH]c2s1,aryne_8725,O=c1c#cc2[nH]c(=O)c(=O)[nH]c2s1
8725,arene_7924,O=c1[nH]c2c(=O)cc[nH]c2o1,aryne_8726,O=c1[nH]c2c(=O)c#c[nH]c2o1
8726,arene_7925,O=c1ccc(=O)n2c(=O)[nH]ccn12,aryne_8727,O=c1c#cc(=O)n2c(=O)[nH]ccn12
8727,arene_7925,O=c1ccc(=O)n2c(=O)[nH]ccn12,aryne_8728,O=c1ccc(=O)n2c(=O)[nH]c#cn12
8728,arene_7926,O=c1oc(=O)n2[nH]ccon2s1,aryne_8729,O=c1oc(=O)n2[nH]c#con2s1
8729,arene_7927,c1nsc2csccn-2o1,aryne_8730,c1scc2sncon-2c#1
8730,arene_7928,O=c1nnc2[nH]ccsc=2c1=O,aryne_8731,O=c1nnc2[nH]c#csc=2c1=O
8731,arene_7929,O=c1cc2ncccc2n[nH]1,aryne_8732,O=c1cc2ncc#cc2n[nH]1
8732,arene_7930,O=c1ccc2cocnn1-2,aryne_8733,O=c1c#cc2cocnn1-2
8733,arene_7931,O=c1ccsc2c(=O)sccc12,aryne_8734,O=c1c#csc2c(=O)sccc12
8734,arene_7931,O=c1ccsc2c(=O)sccc12,aryne_8735,O=c1ccsc2c(=O)sc#cc12
8735,arene_7932,c1cc2nc[nH]c2[nH]1,aryne_8736,c1[nH]c2[nH]cnc2c#1
8736,arene_7933,O=c1sn2ccnnn2c1=O,aryne_8737,O=c1sn2c#cnnn2c1=O
8737,arene_7934,O=c1nnn2c(=O)ccon2c1=O,aryne_8738,O=c1nnn2c(=O)c#con2c1=O
8738,arene_7935,O=c1ccoc2c(=O)nc[nH]c12,aryne_8739,O=c1c#coc2c(=O)nc[nH]c12
8739,arene_7936,O=c1cnc2cccnc2[nH]1,aryne_8740,O=c1cnc2c#ccnc2[nH]1
8740,arene_7936,O=c1cnc2cccnc2[nH]1,aryne_8741,O=c1cnc2cc#cnc2[nH]1
8741,arene_7937,O=c1ccn2sc(=O)c(=O)[nH]n2c1=O,aryne_8742,O=c1c#cn2sc(=O)c(=O)[nH]n2c1=O
8742,arene_7938,O=c1cc2ncccc2c[nH]1,aryne_8743,O=c1cc2ncc#cc2c[nH]1
8743,arene_7939,O=c1ccsn2[nH]ccsn12,aryne_8744,O=c1c#csn2[nH]ccsn12
8744,arene_7939,O=c1ccsn2[nH]ccsn12,aryne_8745,O=c1ccsn2[nH]c#csn12
8745,arene_7940,O=c1ccc(=O)n2cn[nH]cc1-2,aryne_8746,O=c1c#cc(=O)n2cn[nH]cc1-2
8746,arene_7941,O=c1cc2occ[nH]c-2n1,aryne_8747,O=c1cc2oc#c[nH]c-2n1
8747,arene_7942,c1non2ccocc-2[nH]1,aryne_8748,c1occ2[nH]cnon-2c#1
8748,arene_7943,O=c1nc2sccn2c(=O)s1,aryne_8749,O=c1nc2sc#cn2c(=O)s1
8749,arene_7945,O=c1ccon2[nH]cnon12,aryne_8750,O=c1c#con2[nH]cnon12
8750,arene_7946,O=c1sc(=O)n2cc[nH]cc1-2,aryne_8751,O=c1sc(=O)n2c#c[nH]cc1-2
8751,arene_7947,O=c1ccsc2occc12,aryne_8752,O=c1c#csc2occc12
8752,arene_7947,O=c1ccsc2occc12,aryne_8753,O=c1ccsc2oc#cc12
8753,arene_7948,O=c1cc2ccsc2n[nH]1,aryne_8754,O=c1cc2c#csc2n[nH]1
8754,arene_7949,O=c1cnoc2c(=O)[nH]ccc12,aryne_8755,O=c1cnoc2c(=O)[nH]c#cc12
8755,arene_7950,c1cncnc1,aryne_8756,c1cncnc#1
8756,arene_7951,O=c1nnc2ccsc(=O)c2s1,aryne_8757,O=c1nnc2c#csc(=O)c2s1
8757,arene_7952,O=c1cc2occoc-2cc1=O,aryne_8758,O=c1cc2oc#coc-2cc1=O
8758,arene_7953,c1cn2ocn[nH]n2[nH]1,aryne_8759,c1[nH]n2[nH]ncon2c#1
8759,arene_7954,O=c1ccsn2onc[nH]n12,aryne_8760,O=c1c#csn2onc[nH]n12
8760,arene_7955,O=c1nc2occc2c[nH]1,aryne_8761,O=c1nc2oc#cc2c[nH]1
8761,arene_7956,O=c1ncsc2cnccc12,aryne_8762,O=c1ncsc2cnc#cc12
8762,arene_7957,O=c1onnc2ccnnc12,aryne_8763,O=c1onnc2c#cnnc12
8763,arene_7959,O=c1ccsn2c(=O)[nH]nc12,aryne_8764,O=c1c#csn2c(=O)[nH]nc12
8764,arene_7960,O=c1ccc2c(=O)cn[nH]c2o1,aryne_8765,O=c1c#cc2c(=O)cn[nH]c2o1
8765,arene_7961,O=c1ccc2csc(=O)nc2s1,aryne_8766,O=c1c#cc2csc(=O)nc2s1
8766,arene_7962,O=c1[nH]c(=O)n2ccc(=O)c(=O)n2s1,aryne_8767,O=c1[nH]c(=O)n2c#cc(=O)c(=O)n2s1
8767,arene_7963,O=c1ccn2[nH]c(=O)sc(=O)c2c1,aryne_8768,O=c1c#cn2[nH]c(=O)sc(=O)c2c1
8768,arene_7964,O=c1cnc2[nH]ccc2[nH]1,aryne_8769,O=c1cnc2[nH]c#cc2[nH]1
8769,arene_7965,c1cc2n[nH]cc2s1,aryne_8770,c1sc2c[nH]nc2c#1
8770,arene_7966,O=c1on2c(=O)cc[nH]n2c1=O,aryne_8771,O=c1on2c(=O)c#c[nH]n2c1=O
8771,arene_7967,O=c1ccc2nnc(=O)sc2o1,aryne_8772,O=c1c#cc2nnc(=O)sc2o1
8772,arene_7968,O=c1ccn2c(=O)[nH]nc2[nH]1,aryne_8773,O=c1c#cn2c(=O)[nH]nc2[nH]1
8773,arene_7969,O=c1oc(=O)n2occon2o1,aryne_8774,O=c1oc(=O)n2oc#con2o1
8774,arene_7970,O=c1ccn2nc[nH]c(=O)n12,aryne_8775,O=c1c#cn2nc[nH]c(=O)n12
8775,arene_7971,O=c1ccoc2n[nH]nc12,aryne_8776,O=c1c#coc2n[nH]nc12
8776,arene_7972,O=c1nnc2cccc(=O)n2[nH]1,aryne_8777,O=c1nnc2cc#cc(=O)n2[nH]1
8777,arene_7973,O=c1oc2occoc=2c(=O)c1=O,aryne_8778,O=c1oc2oc#coc=2c(=O)c1=O
8778,arene_7974,O=c1cc2ccsc2c[nH]1,aryne_8779,O=c1cc2c#csc2c[nH]1
8779,arene_7975,O=c1oc(=O)c2ccoc(=O)c2o1,aryne_8780,O=c1oc(=O)c2c#coc(=O)c2o1
8780,arene_7976,O=c1ccc2c(=O)oc(=O)oc2o1,aryne_8781,O=c1c#cc2c(=O)oc(=O)oc2o1
8781,arene_7977,O=c1ccn2sncsn2[nH]1,aryne_8782,O=c1c#cn2sncsn2[nH]1
8782,arene_7979,c1nn2occsc-2c[nH]1,aryne_8783,c1on2nc[nH]cc-2sc#1
8783,arene_7980,O=c1ccc2oc(=O)c(=O)sc2o1,aryne_8784,O=c1c#cc2oc(=O)c(=O)sc2o1
8784,arene_7981,c1n[nH]c2csccn-2[nH]1,aryne_8785,c1scc2[nH]nc[nH]n-2c#1
8785,arene_7982,O=c1[nH]ccc2c(=O)sccc12,aryne_8786,O=c1sccc2c(=O)[nH]c#cc12
8786,arene_7982,O=c1[nH]ccc2c(=O)sccc12,aryne_8787,O=c1[nH]ccc2c(=O)sc#cc12
8787,arene_7983,O=c1sc(=O)n2[nH]ccc(=O)n2c1=O,aryne_8788,O=c1sc(=O)n2[nH]c#cc(=O)n2c1=O
8788,arene_7984,c1cn2oncon2nn1,aryne_8789,c1nnn2ocnon2c#1
8789,arene_7985,O=c1cc2ccccn2c(=O)s1,aryne_8790,O=c1cc2c#cccn2c(=O)s1
8790,arene_7985,O=c1cc2ccccn2c(=O)s1,aryne_8791,O=c1cc2ccc#cn2c(=O)s1
8791,arene_7986,O=c1ccc2scnoc1=2,aryne_8792,O=c1c#cc2scnoc1=2
8792,arene_7987,O=c1ccn2c(=O)nccc2o1,aryne_8793,O=c1c#cn2c(=O)nccc2o1
8793,arene_7988,O=c1ccc2[nH]c(=O)c(=O)c=2c1=O,aryne_8794,O=c1c#cc2[nH]c(=O)c(=O)c=2c1=O
8794,arene_7989,c1cc2csnc2nn1,aryne_8795,c1nnc2nscc2c#1
8795,arene_7991,O=c1[nH]c(=O)n2ccccn2c1=O,aryne_8796,O=c1[nH]c(=O)n2c#cccn2c1=O
8796,arene_7991,O=c1[nH]c(=O)n2ccccn2c1=O,aryne_8797,O=c1[nH]c(=O)n2ccc#cn2c1=O
8797,arene_7992,O=c1nnc(=O)c2sccoc1=2,aryne_8798,O=c1nnc(=O)c2sc#coc1=2
8798,arene_7993,O=c1sccn2c(=O)cncc12,aryne_8799,O=c1sc#cn2c(=O)cncc12
8799,arene_7994,c1cn2scnsc-2ns1,aryne_8800,c1snc2sncsn-2c#1
8800,arene_7995,O=c1oc2ccsc(=O)c2oc1=O,aryne_8801,O=c1oc2c#csc(=O)c2oc1=O
8801,arene_7996,O=c1[nH]nc2ccncn2c1=O,aryne_8802,O=c1[nH]nc2c#cncn2c1=O
8802,arene_7997,O=c1oc2ccccc2sc1=O,aryne_8803,O=c1oc2c#cccc2sc1=O
8803,arene_7997,O=c1oc2ccccc2sc1=O,aryne_8804,O=c1oc2cc#ccc2sc1=O
8804,arene_7997,O=c1oc2ccccc2sc1=O,aryne_8805,O=c1oc2ccc#cc2sc1=O
8805,arene_7998,O=c1ncn2ccnc2[nH]1,aryne_8806,O=c1ncn2c#cnc2[nH]1
8806,arene_7999,O=c1[nH]n2ccoc(=O)n2c(=O)c1=O,aryne_8807,O=c1[nH]n2c#coc(=O)n2c(=O)c1=O
8807,arene_8000,c1coc2sccoc=2o1,aryne_8808,c1oc2occsc=2oc#1
8808,arene_8000,c1coc2sccoc=2o1,aryne_8809,c1oc2occoc=2sc#1
8809,arene_8001,O=c1cc2ncccn2c(=O)[nH]1,aryne_8810,O=c1cc2ncc#cn2c(=O)[nH]1
8810,arene_8002,O=c1[nH]n2occ[nH]n2oc1=O,aryne_8811,O=c1[nH]n2oc#c[nH]n2oc1=O
8811,arene_8003,c1cc2nonc2cn1,aryne_8812,c1ncc2nonc2c#1
8812,arene_8004,O=c1ccn2nnon12,aryne_8813,O=c1c#cn2nnon12
8813,arene_8005,c1cnc2snnc2c1,aryne_8814,c1cc2nnsc2nc#1
8814,arene_8005,c1cnc2snnc2c1,aryne_8815,c1cnc2snnc2c#1
8815,arene_8006,O=c1snc2cccnn12,aryne_8816,O=c1snc2c#ccnn12
8816,arene_8007,O=c1c(=O)c2ccoc(=O)c2c1=O,aryne_8817,O=c1c(=O)c2c#coc(=O)c2c1=O
8817,arene_8008,O=c1ccon2c(=O)cnnc12,aryne_8818,O=c1c#con2c(=O)cnnc12
8818,arene_8009,c1cc2onnc2nn1,aryne_8819,c1nnc2nnoc2c#1
8819,arene_8010,c1cn2snn[nH]c-2ns1,aryne_8820,c1snc2[nH]nnsn-2c#1
8820,arene_8012,O=c1[nH]c(=O)c2ccoc(=O)c2s1,aryne_8821,O=c1[nH]c(=O)c2c#coc(=O)c2s1
8821,arene_8013,O=c1ncn2ccoc(=O)n12,aryne_8822,O=c1ncn2c#coc(=O)n12
8822,arene_8014,O=c1[nH]c2ccoc(=O)c2[nH]1,aryne_8823,O=c1[nH]c2c#coc(=O)c2[nH]1
8823,arene_8015,O=c1ccn2sc(=O)c(=O)n2o1,aryne_8824,O=c1c#cn2sc(=O)c(=O)n2o1
8824,arene_8016,O=c1[nH]n2c(=O)ccsn2c(=O)c1=O,aryne_8825,O=c1[nH]n2c(=O)c#csn2c(=O)c1=O
8825,arene_8017,O=c1ncc(=O)n2nnccn12,aryne_8826,O=c1ncc(=O)n2nnc#cn12
8826,arene_8018,c1cn2snn[nH]c-2n[nH]1,aryne_8827,c1[nH]nc2[nH]nnsn-2c#1
8827,arene_8019,O=c1sncn2occ[nH]n12,aryne_8828,O=c1sncn2oc#c[nH]n12
8828,arene_8020,O=c1ccoc2nocc12,aryne_8829,O=c1c#coc2nocc12
8829,arene_8021,O=c1cnnc2sccn12,aryne_8830,O=c1cnnc2sc#cn12
8830,arene_8022,O=c1ccsn2ncnc12,aryne_8831,O=c1c#csn2ncnc12
8831,arene_8023,O=c1occn2snnon12,aryne_8832,O=c1oc#cn2snnon12
8832,arene_8024,O=c1[nH]c2ccccc2s1,aryne_8833,O=c1[nH]c2c#cccc2s1
8833,arene_8024,O=c1[nH]c2ccccc2s1,aryne_8834,O=c1[nH]c2cc#ccc2s1
8834,arene_8024,O=c1[nH]c2ccccc2s1,aryne_8835,O=c1[nH]c2ccc#cc2s1
8835,arene_8025,O=c1[nH]c(=O)c2ccnnc2o1,aryne_8836,O=c1[nH]c(=O)c2c#cnnc2o1
8836,arene_8026,c1csc2nsnnn-2o1,aryne_8837,c1on2nnsnc-2sc#1
8837,arene_8027,O=c1ccnc2nnsc(=O)n12,aryne_8838,O=c1c#cnc2nnsc(=O)n12
8838,arene_8028,O=c1ncc2cnccc2[nH]1,aryne_8839,O=c1ncc2cnc#cc2[nH]1
8839,arene_8029,O=c1snnc2ncccc12,aryne_8840,O=c1snnc2nc#ccc12
8840,arene_8029,O=c1snnc2ncccc12,aryne_8841,O=c1snnc2ncc#cc12
8841,arene_8030,O=c1onnc2nnccc12,aryne_8842,O=c1onnc2nnc#cc12
8842,arene_8031,O=c1ccc2cnoc2[nH]1,aryne_8843,O=c1c#cc2cnoc2[nH]1
8843,arene_8032,O=c1[nH]c2[nH]ccc2c(=O)s1,aryne_8844,O=c1[nH]c2[nH]c#cc2c(=O)s1
8844,arene_8033,c1cn2sncon2o1,aryne_8845,c1on2ocnsn2c#1
8845,arene_8034,O=c1[nH]c2cccc(=O)n2o1,aryne_8846,O=c1[nH]c2cc#cc(=O)n2o1
8846,arene_8035,O=c1ccn2[nH]ccc(=O)n2c1=O,aryne_8847,O=c1c#cn2[nH]ccc(=O)n2c1=O
8847,arene_8035,O=c1ccn2[nH]ccc(=O)n2c1=O,aryne_8848,O=c1ccn2[nH]c#cc(=O)n2c1=O
8848,arene_8036,O=c1nc2ccoc(=O)c2co1,aryne_8849,O=c1nc2c#coc(=O)c2co1
8849,arene_8037,O=c1snnc2ccsc12,aryne_8850,O=c1snnc2c#csc12
8850,arene_8038,O=c1[nH]c2cccn2c(=O)s1,aryne_8851,O=c1[nH]c2cc#cn2c(=O)s1
8851,arene_8040,O=c1oc2ccncc2o1,aryne_8852,O=c1oc2c#cncc2o1
8852,arene_8041,O=c1onc2ccnnn12,aryne_8853,O=c1onc2c#cnnn12
8853,arene_8042,O=c1cnn2ccnc2s1,aryne_8854,O=c1cnn2c#cnc2s1
8854,arene_8043,c1cnc2cnnnc2c1,aryne_8855,c1cc2nnncc2nc#1
8855,arene_8043,c1cnc2cnnnc2c1,aryne_8856,c1cnc2cnnnc2c#1
8856,arene_8044,O=c1cnsc2cc[nH]c12,aryne_8857,O=c1cnsc2c#c[nH]c12
8857,arene_8045,O=c1[nH]c(=O)n2sccn12,aryne_8858,O=c1[nH]c(=O)n2sc#cn12
8858,arene_8046,O=c1cc2ccoc(=O)n2nn1,aryne_8859,O=c1cc2c#coc(=O)n2nn1
8859,arene_8047,c1cc2n[nH]nc2s1,aryne_8860,c1sc2n[nH]nc2c#1
8860,arene_8048,O=c1ccsc2cncc(=O)n12,aryne_8861,O=c1c#csc2cncc(=O)n12
8861,arene_8049,O=c1ccn2ncscc1-2,aryne_8862,O=c1c#cn2ncscc1-2
8862,arene_8050,O=c1sc(=O)n2c(=O)ccsn2c1=O,aryne_8863,O=c1sc(=O)n2c(=O)c#csn2c1=O
8863,arene_8051,c1non2sccn2s1,aryne_8864,c1sn2oncsn2c#1
8864,arene_8052,O=c1ncn2c(=O)occn12,aryne_8865,O=c1ncn2c(=O)oc#cn12
8865,arene_8053,O=c1ccnc2ccoc(=O)n12,aryne_8866,O=c1c#cnc2ccoc(=O)n12
8866,arene_8053,O=c1ccnc2ccoc(=O)n12,aryne_8867,O=c1ccnc2c#coc(=O)n12
8867,arene_8054,O=c1cc2ccoc2cs1,aryne_8868,O=c1cc2c#coc2cs1
8868,arene_8055,O=c1[nH]c2sccc2c(=O)o1,aryne_8869,O=c1[nH]c2sc#cc2c(=O)o1
8869,arene_8056,O=c1[nH]c2ccnnc2c(=O)o1,aryne_8870,O=c1[nH]c2c#cnnc2c(=O)o1
8870,arene_8057,O=c1sn2ccnnn2c(=O)c1=O,aryne_8871,O=c1sn2c#cnnn2c(=O)c1=O
8871,arene_8058,O=c1cnc2ncccc2[nH]1,aryne_8872,O=c1cnc2nc#ccc2[nH]1
8872,arene_8058,O=c1cnc2ncccc2[nH]1,aryne_8873,O=c1cnc2ncc#cc2[nH]1
8873,arene_8059,c1coc2[nH]nc[nH]c=2[nH]1,aryne_8874,c1[nH]c2[nH]cn[nH]c=2oc#1
8874,arene_8060,O=c1oc2sccc2c(=O)s1,aryne_8875,O=c1oc2sc#cc2c(=O)s1
8875,arene_8061,O=c1ccc2[nH]ccc2s1,aryne_8876,O=c1c#cc2[nH]ccc2s1
8876,arene_8061,O=c1ccc2[nH]ccc2s1,aryne_8877,O=c1ccc2[nH]c#cc2s1
8877,arene_8062,O=c1ccoc2n[nH]c(=O)n12,aryne_8878,O=c1c#coc2n[nH]c(=O)n12
8878,arene_8063,O=c1nnc2coccn-2c1=O,aryne_8879,O=c1nnc2coc#cn-2c1=O
8879,arene_8064,O=c1nc2ccoc(=O)n2c(=O)s1,aryne_8880,O=c1nc2c#coc(=O)n2c(=O)s1
8880,arene_8065,O=c1oc2c[nH]ccn-2c(=O)c1=O,aryne_8881,O=c1oc2c[nH]c#cn-2c(=O)c1=O
8881,arene_8066,O=c1ccc2csc(=O)cc2[nH]1,aryne_8882,O=c1c#cc2csc(=O)cc2[nH]1
8882,arene_8067,O=c1ccc2ocn[nH]c=2c1=O,aryne_8883,O=c1c#cc2ocn[nH]c=2c1=O
8883,arene_8068,O=c1ccc2c[nH]nnn1-2,aryne_8884,O=c1c#cc2c[nH]nnn1-2
8884,arene_8069,c1cc2cnsc2o1,aryne_8885,c1oc2sncc2c#1
8885,arene_8070,O=c1ccc2sccc2s1,aryne_8886,O=c1c#cc2sccc2s1
8886,arene_8070,O=c1ccc2sccc2s1,aryne_8887,O=c1ccc2sc#cc2s1
8887,arene_8071,O=c1ccc(=O)c2c(=O)c(=O)sc1=2,aryne_8888,O=c1c#cc(=O)c2c(=O)c(=O)sc1=2
8888,arene_8072,O=c1ccn2c(=O)[nH]ncc2c1,aryne_8889,O=c1c#cn2c(=O)[nH]ncc2c1
8889,arene_8073,c1coc2nsncn-2[nH]1,aryne_8890,c1[nH]n2cnsnc-2oc#1
8890,arene_8074,O=c1[nH]ccc2c(=O)sncc12,aryne_8891,O=c1sncc2c(=O)[nH]c#cc12
8891,arene_8075,O=c1ccn2[nH]c(=O)c(=O)on2c1=O,aryne_8892,O=c1c#cn2[nH]c(=O)c(=O)on2c1=O
8892,arene_8076,O=c1sncc2ccccc12,aryne_8893,O=c1sncc2c#cccc12
8893,arene_8076,O=c1sncc2ccccc12,aryne_8894,O=c1sncc2cc#ccc12
8894,arene_8076,O=c1sncc2ccccc12,aryne_8895,O=c1sncc2ccc#cc12
8895,arene_8077,c1con2nnncn2[nH]1,aryne_8896,c1[nH]n2cnnnn2oc#1
8896,arene_8078,O=c1cnon2[nH]cc[nH]n12,aryne_8897,O=c1cnon2[nH]c#c[nH]n12
8897,arene_8079,O=c1oc(=O)n2c(=O)[nH]ccn2c1=O,aryne_8898,O=c1oc(=O)n2c(=O)[nH]c#cn2c1=O
8898,arene_8080,O=c1ccn2cnncn12,aryne_8899,O=c1c#cn2cnncn12
8899,arene_8081,O=c1ccn2nc[nH]c2n1,aryne_8900,O=c1c#cn2nc[nH]c2n1
8900,arene_8082,O=c1ccc2[nH]cnoc1=2,aryne_8901,O=c1c#cc2[nH]cnoc1=2
8901,arene_8083,O=c1ncn2[nH]ccc2n1,aryne_8902,O=c1ncn2[nH]c#cc2n1
8902,arene_8084,O=c1ccoc2nonc12,aryne_8903,O=c1c#coc2nonc12
8903,arene_8085,c1csn2nnncn2s1,aryne_8904,c1sn2cnnnn2sc#1
8904,arene_8086,O=c1ccc2nc(=O)[nH]c(=O)n2[nH]1,aryne_8905,O=c1c#cc2nc(=O)[nH]c(=O)n2[nH]1
8905,arene_8087,O=c1cnon2cccc12,aryne_8906,O=c1cnon2c#ccc12
8906,arene_8088,O=c1onnn2cccc12,aryne_8907,O=c1onnn2c#ccc12
8907,arene_8089,O=c1[nH]cc2c(=O)[nH]ccn2c1=O,aryne_8908,O=c1[nH]cc2c(=O)[nH]c#cn2c1=O
8908,arene_8090,O=c1cnoc2ccoc(=O)c12,aryne_8909,O=c1cnoc2c#coc(=O)c12
8909,arene_8091,O=c1ccn2cnsc(=O)n12,aryne_8910,O=c1c#cn2cnsc(=O)n12
8910,arene_8092,O=c1nc2sccc(=O)c2cs1,aryne_8911,O=c1nc2sc#cc(=O)c2cs1
8911,arene_8093,O=c1oc(=O)c2sc(=O)ccc2o1,aryne_8912,O=c1oc(=O)c2sc(=O)c#cc2o1
8912,arene_8094,O=c1sc(=O)n2ccccn2c1=O,aryne_8913,O=c1sc(=O)n2c#cccn2c1=O
8913,arene_8094,O=c1sc(=O)n2ccccn2c1=O,aryne_8914,O=c1sc(=O)n2ccc#cn2c1=O
8914,arene_8095,O=c1ncn2ccsc2n1,aryne_8915,O=c1ncn2c#csc2n1
8915,arene_8096,c1cc2ccoc2[nH]1,aryne_8916,c1[nH]c2occc2c#1
8916,arene_8096,c1cc2ccoc2[nH]1,aryne_8917,c1oc2[nH]ccc2c#1
8917,arene_8097,O=c1ccc2sc(=O)c(=O)c(=O)c1=2,aryne_8918,O=c1c#cc2sc(=O)c(=O)c(=O)c1=2
8918,arene_8098,O=c1ccc2snnsc=2c1=O,aryne_8919,O=c1c#cc2snnsc=2c1=O
8919,arene_8099,O=c1sncc2nccnc12,aryne_8920,O=c1sncc2nc#cnc12
8920,arene_8100,O=c1nc2ccc(=O)on2c(=O)[nH]1,aryne_8921,O=c1nc2c#cc(=O)on2c(=O)[nH]1
8921,arene_8101,O=c1ccsc2ccnn12,aryne_8922,O=c1c#csc2ccnn12
8922,arene_8102,O=c1[nH]n2cnccn2c(=O)c1=O,aryne_8923,O=c1[nH]n2cnc#cn2c(=O)c1=O
8923,arene_8103,O=c1nc2[nH]ccc(=O)c2c[nH]1,aryne_8924,O=c1nc2[nH]c#cc(=O)c2c[nH]1
8924,arene_8104,O=c1occn2snc[nH]n12,aryne_8925,O=c1oc#cn2snc[nH]n12
8925,arene_8105,c1cc2onnc2o1,aryne_8926,c1oc2nnoc2c#1
8926,arene_8106,O=c1on2sccsn2oc1=O,aryne_8927,O=c1on2sc#csn2oc1=O
8927,arene_8107,c1cn2onc[nH]n2cn1,aryne_8928,c1ncn2[nH]cnon2c#1
8928,arene_8108,O=c1cnc2nccnc2s1,aryne_8929,O=c1cnc2nc#cnc2s1
8929,arene_8109,O=c1cc2scc[nH]c-2nc1=O,aryne_8930,O=c1cc2sc#c[nH]c-2nc1=O
8930,arene_8110,O=c1oc(=O)n2occ[nH]n2s1,aryne_8931,O=c1oc(=O)n2oc#c[nH]n2s1
8931,arene_8111,O=c1nc2[nH]ccon-2c(=O)c1=O,aryne_8932,O=c1nc2[nH]c#con-2c(=O)c1=O
8932,arene_8112,c1n[nH]n2sccn2[nH]1,aryne_8933,c1sn2[nH]nc[nH]n2c#1
8933,arene_8113,O=c1[nH]c2ncccc2o1,aryne_8934,O=c1[nH]c2nc#ccc2o1
8934,arene_8113,O=c1[nH]c2ncccc2o1,aryne_8935,O=c1[nH]c2ncc#cc2o1
8935,arene_8114,O=c1sccc2c[nH]cc12,aryne_8936,O=c1sc#cc2c[nH]cc12
8936,arene_8115,O=c1ccn2ccnc2o1,aryne_8937,O=c1c#cn2ccnc2o1
8937,arene_8115,O=c1ccn2ccnc2o1,aryne_8938,O=c1ccn2c#cnc2o1
8938,arene_8116,O=c1ccc2[nH]ncc(=O)c2[nH]1,aryne_8939,O=c1c#cc2[nH]ncc(=O)c2[nH]1
8939,arene_8117,O=c1sccc2nnsc12,aryne_8940,O=c1sc#cc2nnsc12
8940,arene_8118,O=c1ccn2ccocc1-2,aryne_8941,O=c1c#cn2ccocc1-2
8941,arene_8118,O=c1ccn2ccocc1-2,aryne_8942,O=c1ccn2c#cocc1-2
8942,arene_8119,O=c1cccn[nH]1,aryne_8943,O=c1c#ccn[nH]1
8943,arene_8120,O=c1ccc2c(=O)[nH]ccc2o1,aryne_8944,O=c1c#cc2c(=O)[nH]ccc2o1
8944,arene_8120,O=c1ccc2c(=O)[nH]ccc2o1,aryne_8945,O=c1ccc2c(=O)[nH]c#cc2o1
8945,arene_8121,O=c1ncnc2ccnnn12,aryne_8946,O=c1ncnc2c#cnnn12
8946,arene_8122,O=c1cc[nH]n2c(=O)[nH]nc12,aryne_8947,O=c1c#c[nH]n2c(=O)[nH]nc12
8947,arene_8123,O=c1ccc2ccc(=O)oc2[nH]1,aryne_8948,O=c1c#cc2ccc(=O)oc2[nH]1
8948,arene_8123,O=c1ccc2ccc(=O)oc2[nH]1,aryne_8949,O=c1ccc2c#cc(=O)oc2[nH]1
8949,arene_8124,O=c1ncsc2ccoc12,aryne_8950,O=c1ncsc2c#coc12
8950,arene_8125,O=c1cnc2[nH]ccc(=O)c2s1,aryne_8951,O=c1cnc2[nH]c#cc(=O)c2s1
8951,arene_8126,O=c1ccsc2nnoc12,aryne_8952,O=c1c#csc2nnoc12
8952,arene_8127,O=c1ncc2ccnnc2[nH]1,aryne_8953,O=c1ncc2c#cnnc2[nH]1
8953,arene_8128,O=c1ccc2c(=O)sc(=O)[nH]c2o1,aryne_8954,O=c1c#cc2c(=O)sc(=O)[nH]c2o1
8954,arene_8129,O=c1cc[nH]c2cnsc(=O)c12,aryne_8955,O=c1c#c[nH]c2cnsc(=O)c12
8955,arene_8130,O=c1cc2ccc(=O)oc2co1,aryne_8956,O=c1c#cc2cc(=O)occ2o1
8956,arene_8131,O=c1[nH]nnc2cc[nH]c12,aryne_8957,O=c1[nH]nnc2c#c[nH]c12
8957,arene_8132,O=c1oc(=O)n2ccsnc-2c1=O,aryne_8958,O=c1oc(=O)n2c#csnc-2c1=O
8958,arene_8133,O=c1sccc2nncn12,aryne_8959,O=c1sc#cc2nncn12
8959,arene_8134,O=c1[nH]c2cccc(=O)n2sc1=O,aryne_8960,O=c1[nH]c2cc#cc(=O)n2sc1=O
8960,arene_8135,O=c1ccc2scc[nH]c=2c1=O,aryne_8961,O=c1c#cc2scc[nH]c=2c1=O
8961,arene_8135,O=c1ccc2scc[nH]c=2c1=O,aryne_8962,O=c1ccc2sc#c[nH]c=2c1=O
8962,arene_8136,O=c1cccc2[nH]nnc(=O)n12,aryne_8963,O=c1c#ccc2[nH]nnc(=O)n12
8963,arene_8137,O=c1ncc2c(=O)[nH]ccc2s1,aryne_8964,O=c1ncc2c(=O)[nH]c#cc2s1
8964,arene_8138,O=c1occn2c(=O)[nH]cc12,aryne_8965,O=c1oc#cn2c(=O)[nH]cc12
8965,arene_8139,O=c1cnoc2nccn12,aryne_8966,O=c1cnoc2nc#cn12
8966,arene_8140,O=c1nnn2cc[nH]nc-2c1=O,aryne_8967,O=c1nnn2c#c[nH]nc-2c1=O
8967,arene_8141,O=c1ccn2ncc(=O)sc2c1,aryne_8968,O=c1c#cn2ncc(=O)sc2c1
8968,arene_8142,O=c1nnn2c(=O)[nH]ccn2c1=O,aryne_8969,O=c1nnn2c(=O)[nH]c#cn2c1=O
8969,arene_8143,O=c1ncc(=O)n2ccsnc1-2,aryne_8970,O=c1ncc(=O)n2c#csnc1-2
8970,arene_8144,O=c1ccn2sc(=O)c(=O)sn2c1=O,aryne_8971,O=c1c#cn2sc(=O)c(=O)sn2c1=O
8971,arene_8145,O=c1ccnc2ncon12,aryne_8972,O=c1c#cnc2ncon12
8972,arene_8146,O=c1ccc2c[nH]nnn-2c1=O,aryne_8973,O=c1c#cc2c[nH]nnn-2c1=O
8973,arene_8147,O=c1nnc2cc[nH]c(=O)c2[nH]1,aryne_8974,O=c1nnc2c#c[nH]c(=O)c2[nH]1
8974,arene_8148,O=c1[nH]ccc2cccn12,aryne_8975,O=c1[nH]c#cc2cccn12
8975,arene_8148,O=c1[nH]ccc2cccn12,aryne_8976,O=c1[nH]ccc2cc#cn12
8976,arene_8149,O=c1ncc2ccnnc2o1,aryne_8977,O=c1ncc2c#cnnc2o1
8977,arene_8150,O=c1oncc2ccsc12,aryne_8978,O=c1oncc2c#csc12
8978,arene_8151,O=c1nc2c(=O)ccoc2co1,aryne_8979,O=c1nc2c(=O)c#coc2co1
8979,arene_8152,c1cn2[nH]nn[nH]n2s1,aryne_8980,c1sn2[nH]nn[nH]n2c#1
8980,arene_8153,O=c1nc2ccccc2no1,aryne_8981,O=c1nc2c#cccc2no1
8981,arene_8153,O=c1nc2ccccc2no1,aryne_8982,O=c1nc2ccc#cc2no1
8982,arene_8154,O=c1cnc(=O)c2occ[nH]c1=2,aryne_8983,O=c1cnc(=O)c2oc#c[nH]c1=2
8983,arene_8155,c1csc2snc[nH]c=2[nH]1,aryne_8984,c1[nH]c2[nH]cnsc=2sc#1
8984,arene_8156,O=c1cnc2cc[nH]c(=O)c2[nH]1,aryne_8985,O=c1cnc2c#c[nH]c(=O)c2[nH]1
8985,arene_8157,c1cn2nncc2s1,aryne_8986,c1sc2cnnn2c#1
8986,arene_8158,c1ccncc1,aryne_8987,c1ccncc#1
8987,arene_8158,c1ccncc1,aryne_8988,c1cccnc#1
8988,arene_8159,O=c1nnc2cnccc2[nH]1,aryne_8989,O=c1nnc2cnc#cc2[nH]1
8989,arene_8160,c1cc2nnccc2nn1,aryne_8990,c1nnc2ccnnc2c#1
8990,arene_8161,O=c1nc2ccoc2c[nH]1,aryne_8991,O=c1nc2c#coc2c[nH]1
8991,arene_8162,O=c1[nH]n2c(=O)ccnc2o1,aryne_8992,O=c1[nH]n2c(=O)c#cnc2o1
8992,arene_8163,O=c1nnn2[nH]ccon2o1,aryne_8993,O=c1nnn2[nH]c#con2o1
8993,arene_8164,O=c1sc(=O)n2c(=O)sccn2c1=O,aryne_8994,O=c1sc(=O)n2c(=O)sc#cn2c1=O
8994,arene_8165,c1con2nnonc-2[nH]1,aryne_8995,c1[nH]c2nonnn-2oc#1
8995,arene_8166,O=c1[nH]c(=O)c2cc[nH]c(=O)c2o1,aryne_8996,O=c1[nH]c(=O)c2c#c[nH]c(=O)c2o1
8996,arene_8167,O=c1oc(=O)n2[nH]ccon2o1,aryne_8997,O=c1oc(=O)n2[nH]c#con2o1
8997,arene_8168,O=c1ccc2ncnn2[nH]1,aryne_8998,O=c1c#cc2ncnn2[nH]1
8998,arene_8169,O=c1ccc(=O)n2nnccn12,aryne_8999,O=c1c#cc(=O)n2nnccn12
8999,arene_8169,O=c1ccc(=O)n2nnccn12,aryne_9000,O=c1ccc(=O)n2nnc#cn12
9000,arene_8170,O=c1cnsc2ccoc12,aryne_9001,O=c1cnsc2c#coc12
9001,arene_8171,c1cc2sncc2o1,aryne_9002,c1oc2cnsc2c#1
9002,arene_8172,O=c1cnoc2ccccc12,aryne_9003,O=c1cnoc2c#cccc12
9003,arene_8172,O=c1cnoc2ccccc12,aryne_9004,O=c1cnoc2cc#ccc12
9004,arene_8172,O=c1cnoc2ccccc12,aryne_9005,O=c1cnoc2ccc#cc12
9005,arene_8173,O=c1cnsc2ccccc12,aryne_9006,O=c1cnsc2c#cccc12
9006,arene_8173,O=c1cnsc2ccccc12,aryne_9007,O=c1cnsc2cc#ccc12
9007,arene_8173,O=c1cnsc2ccccc12,aryne_9008,O=c1cnsc2ccc#cc12
9008,arene_8174,c1csc2[nH]nnsc=2o1,aryne_9009,c1oc2snn[nH]c=2sc#1
9009,arene_8175,O=c1nc2sccon-2c(=O)c1=O,aryne_9010,O=c1nc2sc#con-2c(=O)c1=O
9010,arene_8176,O=c1cnc2occc2[nH]1,aryne_9011,O=c1cnc2oc#cc2[nH]1
9011,arene_8177,c1cnn2[nH]nn[nH]n2c1,aryne_9012,c1cnn2[nH]nn[nH]n2c#1
9012,arene_8178,O=c1nnc2occc(=O)c2[nH]1,aryne_9013,O=c1nnc2oc#cc(=O)c2[nH]1
9013,arene_8179,c1cc2[nH]ncc2cn1,aryne_9014,c1ncc2cn[nH]c2c#1
9014,arene_8180,O=c1[nH]c(=O)n2[nH]cc[nH]n2o1,aryne_9015,O=c1[nH]c(=O)n2[nH]c#c[nH]n2o1
9015,arene_8181,O=c1sc2ccoc(=O)c2sc1=O,aryne_9016,O=c1sc2c#coc(=O)c2sc1=O
9016,arene_8182,O=c1[nH]n2c(=O)ccn2oc1=O,aryne_9017,O=c1[nH]n2c(=O)c#cn2oc1=O
9017,arene_8184,O=c1ccn2c(=O)[nH]c(=O)c(=O)n2s1,aryne_9018,O=c1c#cn2c(=O)[nH]c(=O)c(=O)n2s1
9018,arene_8185,O=c1cn[nH]c2ccoc12,aryne_9019,O=c1cn[nH]c2c#coc12
9019,arene_8186,O=c1sc(=O)c(=O)c2sccoc1=2,aryne_9020,O=c1sc(=O)c(=O)c2sc#coc1=2
9020,arene_8187,O=c1nc2sccc2c[nH]1,aryne_9021,O=c1nc2sc#cc2c[nH]1
9021,arene_8188,c1cnc2cccn2c1,aryne_9022,c1cnc2cccn2c#1
9022,arene_8188,c1cnc2cccn2c1,aryne_9023,c1cc2ncccn2c#1
9023,arene_8189,O=c1ccc2cnncc2o1,aryne_9024,O=c1c#cc2cnncc2o1
9024,arene_8190,O=c1ncc2occsc=2c1=O,aryne_9025,O=c1ncc2oc#csc=2c1=O
9025,arene_8191,c1nsc2[nH]ccsc=2[nH]1,aryne_9026,c1[nH]c2snc[nH]c=2sc#1
9026,arene_8192,O=c1ccc(=O)n2c(=O)cnsn12,aryne_9027,O=c1c#cc(=O)n2c(=O)cnsn12
9027,arene_8193,c1con2cnsn2[nH]1,aryne_9028,c1[nH]n2sncn2oc#1
9028,arene_8194,O=c1ccn2ccccc2n1,aryne_9029,O=c1c#cn2ccccc2n1
9029,arene_8194,O=c1ccn2ccccc2n1,aryne_9030,O=c1ccn2c#cccc2n1
9030,arene_8194,O=c1ccn2ccccc2n1,aryne_9031,O=c1ccn2ccc#cc2n1
9031,arene_8195,O=c1ccc2cnsc2[nH]1,aryne_9032,O=c1c#cc2cnsc2[nH]1
9032,arene_8196,O=c1oc(=O)c2scc[nH]c1=2,aryne_9033,O=c1oc(=O)c2sc#c[nH]c1=2
9033,arene_8197,O=c1[nH]c2cc[nH]c(=O)c2o1,aryne_9034,O=c1[nH]c2c#c[nH]c(=O)c2o1
9034,arene_8198,O=c1nnc2sccc2[nH]1,aryne_9035,O=c1nnc2sc#cc2[nH]1
9035,arene_8200,O=c1cc[nH]n2cnc(=O)n12,aryne_9036,O=c1c#c[nH]n2cnc(=O)n12
9036,arene_8201,O=c1cc2c(=O)ccoc2cs1,aryne_9037,O=c1cc2c(=O)c#coc2cs1
9037,arene_8202,O=c1ccn2c(=O)occn2c1=O,aryne_9038,O=c1c#cn2c(=O)occn2c1=O
9038,arene_8202,O=c1ccn2c(=O)occn2c1=O,aryne_9039,O=c1ccn2c(=O)oc#cn2c1=O
9039,arene_8204,c1cn2sncoc-2n[nH]1,aryne_9040,c1[nH]nc2ocnsn-2c#1
9040,arene_8205,O=c1nc2c(=O)cc[nH]c2n[nH]1,aryne_9041,O=c1nc2c(=O)c#c[nH]c2n[nH]1
9041,arene_8206,O=c1ncoc2sccc12,aryne_9042,O=c1ncoc2sc#cc12
9042,arene_8207,O=c1cc[nH]n2snnsn12,aryne_9043,O=c1c#c[nH]n2snnsn12
9043,arene_8208,O=c1nnc2ccoc(=O)c2s1,aryne_9044,O=c1nnc2c#coc(=O)c2s1
9044,arene_8209,O=c1cnc2[nH]ccsc=2c1=O,aryne_9045,O=c1cnc2[nH]c#csc=2c1=O
9045,arene_8210,c1cn2nncc2[nH]1,aryne_9046,c1[nH]c2cnnn2c#1
9046,arene_8211,O=c1[nH]nnc2[nH]ccc12,aryne_9047,O=c1[nH]nnc2[nH]c#cc12
9047,arene_8212,O=c1cc[nH]n2c(=O)occ12,aryne_9048,O=c1c#c[nH]n2c(=O)occ12
9048,arene_8213,c1csc2ocnsc=2[nH]1,aryne_9049,c1[nH]c2sncoc=2sc#1
9049,arene_8214,O=c1[nH]n2occc(=O)n2c1=O,aryne_9050,O=c1[nH]n2oc#cc(=O)n2c1=O
9050,arene_8215,O=c1oc2ccsc2sc1=O,aryne_9051,O=c1oc2c#csc2sc1=O
9051,arene_8216,O=c1oc(=O)n2ccsc(=O)n2c1=O,aryne_9052,O=c1oc(=O)n2c#csc(=O)n2c1=O
9052,arene_8217,c1cc2cscc2o1,aryne_9053,c1oc2cscc2c#1
9053,arene_8218,O=c1ccn2nnc(=O)[nH]c2n1,aryne_9054,O=c1c#cn2nnc(=O)[nH]c2n1
9054,arene_8219,O=c1nnc2ccnnc2[nH]1,aryne_9055,O=c1nnc2c#cnnc2[nH]1
9055,arene_8220,O=c1nnsc2cccn12,aryne_9056,O=c1nnsc2cc#cn12
9056,arene_8221,O=c1cccc2sncc(=O)n12,aryne_9057,O=c1c#ccc2sncc(=O)n12
9057,arene_8223,O=c1cc2[nH]ccc(=O)n2c(=O)o1,aryne_9058,O=c1cc2[nH]c#cc(=O)n2c(=O)o1
9058,arene_8224,c1cc2snnc2o1,aryne_9059,c1oc2nnsc2c#1
9059,arene_8225,O=c1ccc2csc(=O)cc2o1,aryne_9060,O=c1c#cc2csc(=O)cc2o1
9060,arene_8226,O=c1sncc2nnccc12,aryne_9061,O=c1sncc2nnc#cc12
9061,arene_8227,O=c1oc2ccncc2s1,aryne_9062,O=c1oc2c#cncc2s1
9062,arene_8228,O=c1nc2c(=O)cc[nH]c2co1,aryne_9063,O=c1nc2c(=O)c#c[nH]c2co1
9063,arene_8229,O=c1[nH]nc2c(=O)ccsn2c1=O,aryne_9064,O=c1[nH]nc2c(=O)c#csn2c1=O
9064,arene_8230,c1cc2nnsc2[nH]1,aryne_9065,c1[nH]c2snnc2c#1
9065,arene_8231,O=c1sn2cconc-2c(=O)c1=O,aryne_9066,O=c1sn2c#conc-2c(=O)c1=O
9066,arene_8232,O=c1cc[nH]c2ncoc12,aryne_9067,O=c1c#c[nH]c2ncoc12
9067,arene_8233,O=c1on2c(=O)ccc(=O)n2oc1=O,aryne_9068,O=c1on2c(=O)c#cc(=O)n2oc1=O
9068,arene_8235,O=c1nnnc2ccccn12,aryne_9069,O=c1nnnc2c#cccn12
9069,arene_8235,O=c1nnnc2ccccn12,aryne_9070,O=c1nnnc2ccc#cn12
9070,arene_8236,O=c1ccc2cnoc(=O)c2s1,aryne_9071,O=c1c#cc2cnoc(=O)c2s1
9071,arene_8237,O=c1occc2ccoc(=O)c12,aryne_9072,O=c1oc#cc2ccoc(=O)c12
9072,arene_8238,O=c1nn[nH]c2cc[nH]c12,aryne_9073,O=c1nn[nH]c2c#c[nH]c12
9073,arene_8239,O=c1ccn2c(=O)oc(=O)n2[nH]1,aryne_9074,O=c1c#cn2c(=O)oc(=O)n2[nH]1
9074,arene_8240,O=c1on2c(=O)ccsn2c(=O)c1=O,aryne_9075,O=c1on2c(=O)c#csn2c(=O)c1=O
9075,arene_8241,c1coc2scc[nH]c=2[nH]1,aryne_9076,c1[nH]c2[nH]ccsc=2oc#1
9076,arene_8241,c1coc2scc[nH]c=2[nH]1,aryne_9077,c1[nH]c2[nH]ccoc=2sc#1
9077,arene_8243,O=c1ocnn2cccc12,aryne_9078,O=c1ocnn2c#ccc12
9078,arene_8244,O=c1nnn2occsn2s1,aryne_9079,O=c1nnn2oc#csn2s1
9079,arene_8245,O=c1c(=O)c2nccn2c1=O,aryne_9080,O=c1c(=O)c2nc#cn2c1=O
9080,arene_8246,O=c1ccoc2[nH]cnc(=O)c12,aryne_9081,O=c1c#coc2[nH]cnc(=O)c12
9081,arene_8247,c1cn2occ[nH]n2cn1,aryne_9082,c1ncn2[nH]ccon2c#1
9082,arene_8247,c1cn2occ[nH]n2cn1,aryne_9083,c1[nH]n2cnccn2oc#1
9083,arene_8248,O=c1ccn2[nH]c(=O)sc2n1,aryne_9084,O=c1c#cn2[nH]c(=O)sc2n1
9084,arene_8249,O=c1nnn2ccsnc-2c1=O,aryne_9085,O=c1nnn2c#csnc-2c1=O
9085,arene_8250,O=c1ccoc2ccncc12,aryne_9086,O=c1c#coc2ccncc12
9086,arene_8250,O=c1ccoc2ccncc12,aryne_9087,O=c1ccoc2c#cncc12
9087,arene_8251,O=c1ccc2[nH]c(=O)ccc2[nH]1,aryne_9088,O=c1c#cc2[nH]c(=O)ccc2[nH]1
9088,arene_8253,c1cn2sccon2[nH]1,aryne_9089,c1[nH]n2occsn2c#1
9089,arene_8253,c1cn2sccon2[nH]1,aryne_9090,c1on2[nH]ccn2sc#1
9090,arene_8254,c1csc2csnnn-2o1,aryne_9091,c1on2nnscc-2sc#1
9091,arene_8255,O=c1ccn2c(=O)c(=O)oc(=O)n2o1,aryne_9092,O=c1c#cn2c(=O)c(=O)oc(=O)n2o1
9092,arene_8256,c1coc2coccn-2[nH]1,aryne_9093,c1[nH]n2ccocc-2oc#1
9093,arene_8256,c1coc2coccn-2[nH]1,aryne_9094,c1occ2occ[nH]n-2c#1
9094,arene_8257,c1ccn2onn[nH]n2c1,aryne_9095,c1ccn2onn[nH]n2c#1
9095,arene_8257,c1ccn2onn[nH]n2c1,aryne_9096,c1ccn2[nH]nnon2c#1
9096,arene_8258,O=c1cc[nH]c2cnnnc12,aryne_9097,O=c1c#c[nH]c2cnnnc12
9097,arene_8259,O=c1ccsn2sccsn12,aryne_9098,O=c1c#csn2sccsn12
9098,arene_8259,O=c1ccsn2sccsn12,aryne_9099,O=c1ccsn2sc#csn12
9099,arene_8260,O=c1ccsc2ncoc(=O)c12,aryne_9100,O=c1c#csc2ncoc(=O)c12
9100,arene_8262,O=c1oncc2ccsc(=O)c12,aryne_9101,O=c1oncc2c#csc(=O)c12
9101,arene_8263,O=c1[nH]ccn2onc[nH]n12,aryne_9102,O=c1[nH]c#cn2onc[nH]n12
9102,arene_8264,O=c1cccc2[nH]ccn12,aryne_9103,O=c1c#ccc2[nH]ccn12
9103,arene_8264,O=c1cccc2[nH]ccn12,aryne_9104,O=c1cccc2[nH]c#cn12
9104,arene_8265,O=c1sncn2[nH]cc[nH]n12,aryne_9105,O=c1sncn2[nH]c#c[nH]n12
9105,arene_8266,c1ccc2c(c1)[nH]c1ncnnc12,aryne_9106,c1cc2[nH]c3ncnnc3c2cc#1
9106,arene_8266,c1ccc2c(c1)[nH]c1ncnnc12,aryne_9107,c1ccc2c(c#1)[nH]c1ncnnc12
9107,arene_8266,c1ccc2c(c1)[nH]c1ncnnc12,aryne_9108,c1ccc2[nH]c3ncnnc3c2c#1
9108,arene_8267,O=c1ccn2c(=O)sc(=O)n2s1,aryne_9109,O=c1c#cn2c(=O)sc(=O)n2s1
9109,arene_8268,O=c1ccn2cc[nH]c2c1,aryne_9110,O=c1c#cn2cc[nH]c2c1
9110,arene_8268,O=c1ccn2cc[nH]c2c1,aryne_9111,O=c1ccn2c#c[nH]c2c1
9111,arene_8269,O=c1occ2c(=O)occn2c1=O,aryne_9112,O=c1occ2c(=O)oc#cn2c1=O
9112,arene_8270,O=c1ccoc2[nH]cnc12,aryne_9113,O=c1c#coc2[nH]cnc12
9113,arene_8271,O=c1[nH]c(=O)n2cnccn2c1=O,aryne_9114,O=c1[nH]c(=O)n2cnc#cn2c1=O
9114,arene_8272,O=c1ccsn2c(=O)nncc12,aryne_9115,O=c1c#csn2c(=O)nncc12
9115,arene_8273,O=c1sncn2occsn12,aryne_9116,O=c1sncn2oc#csn12
9116,arene_8274,O=c1ccc2occ[nH]c=2c1=O,aryne_9117,O=c1c#cc2occ[nH]c=2c1=O
9117,arene_8274,O=c1ccc2occ[nH]c=2c1=O,aryne_9118,O=c1ccc2oc#c[nH]c=2c1=O
9118,arene_8275,O=c1nc2cc[nH]c2c[nH]1,aryne_9119,O=c1nc2c#c[nH]c2c[nH]1
9119,arene_8276,O=c1ncc(=O)n2cconc1-2,aryne_9120,O=c1ncc(=O)n2c#conc1-2
9120,arene_8277,O=c1nnc2nccn2s1,aryne_9121,O=c1nnc2nc#cn2s1
9121,arene_8278,O=c1ccc2c(=O)c(=O)c(=O)sc1=2,aryne_9122,O=c1c#cc2c(=O)c(=O)c(=O)sc1=2
9122,arene_8279,O=c1ncn2c(=O)ccc(=O)n2[nH]1,aryne_9123,O=c1ncn2c(=O)c#cc(=O)n2[nH]1
9123,arene_8280,O=c1ccn2c(=O)c(=O)cnn2s1,aryne_9124,O=c1c#cn2c(=O)c(=O)cnn2s1
9124,arene_8281,O=c1ccc(=O)c2c(=O)c(=O)oc(=O)c1=2,aryne_9125,O=c1c#cc(=O)c2c(=O)c(=O)oc(=O)c1=2
9125,arene_8282,O=c1nc[nH]c2ccncc12,aryne_9126,O=c1nc[nH]c2c#cncc12
9126,arene_8283,O=c1[nH]n2cccc2oc1=O,aryne_9127,O=c1[nH]n2c#ccc2oc1=O
9127,arene_8284,O=c1cccc2sccn12,aryne_9128,O=c1c#ccc2sccn12
9128,arene_8284,O=c1cccc2sccn12,aryne_9129,O=c1cccc2sc#cn12
9129,arene_8285,c1cn2ocnon2cn1,aryne_9130,c1ncn2oncon2c#1
9130,arene_8286,O=c1nnc2ccsc2o1,aryne_9131,O=c1nnc2c#csc2o1
9131,arene_8287,O=c1ccnc2sccc(=O)n12,aryne_9132,O=c1c#cnc2sccc(=O)n12
9132,arene_8287,O=c1ccnc2sccc(=O)n12,aryne_9133,O=c1c#csc2nccc(=O)n12
9133,arene_8288,O=c1ccn2[nH]cn[nH]n2[nH]1,aryne_9134,O=c1c#cn2[nH]cn[nH]n2[nH]1
9134,arene_8289,O=c1[nH]c2[nH]ccc2s1,aryne_9135,O=c1[nH]c2[nH]c#cc2s1
9135,arene_8290,O=c1oc2ncccc2s1,aryne_9136,O=c1oc2nc#ccc2s1
9136,arene_8290,O=c1oc2ncccc2s1,aryne_9137,O=c1oc2ncc#cc2s1
9137,arene_8291,O=c1[nH]n2ncccn2c(=O)c1=O,aryne_9138,O=c1[nH]n2ncc#cn2c(=O)c1=O
9138,arene_8292,O=c1[nH]c2ccncc2o1,aryne_9139,O=c1[nH]c2c#cncc2o1
9139,arene_8293,O=c1sn2ccsc(=O)n2c1=O,aryne_9140,O=c1sn2c#csc(=O)n2c1=O
9140,arene_8294,O=c1cccc2cnccn12,aryne_9141,O=c1c#ccc2cnccn12
9141,arene_8294,O=c1cccc2cnccn12,aryne_9142,O=c1cccc2cnc#cn12
9142,arene_8296,O=c1[nH]n2sccon2sc1=O,aryne_9143,O=c1[nH]n2sc#con2sc1=O
9143,arene_8297,c1nn2occon2[nH]1,aryne_9144,c1on2nc[nH]n2oc#1
9144,arene_8298,O=c1ccc2n[nH]cnn-2c1=O,aryne_9145,O=c1c#cc2n[nH]cnn-2c1=O
9145,arene_8299,O=c1cnnc2ccnnn12,aryne_9146,O=c1cnnc2c#cnnn12
9146,arene_8300,O=c1cnon2occ[nH]n12,aryne_9147,O=c1cnon2oc#c[nH]n12
9147,arene_8301,O=c1ccc2oc(=O)ncc2[nH]1,aryne_9148,O=c1c#cc2oc(=O)ncc2[nH]1
9148,arene_8302,O=c1sc(=O)n2occn12,aryne_9149,O=c1sc(=O)n2oc#cn12
9149,arene_8303,O=c1nnn2scc[nH]n2s1,aryne_9150,O=c1nnn2sc#c[nH]n2s1
9150,arene_8304,O=c1ccon2onn[nH]n12,aryne_9151,O=c1c#con2onn[nH]n12
9151,arene_8305,O=c1nnc2occ[nH]c1=2,aryne_9152,O=c1nnc2oc#c[nH]c1=2
9152,arene_8306,O=c1ccn2oc(=O)c(=O)[nH]n2c1=O,aryne_9153,O=c1c#cn2oc(=O)c(=O)[nH]n2c1=O
9153,arene_8307,O=c1nnc2cccnc2[nH]1,aryne_9154,O=c1nnc2c#ccnc2[nH]1
9154,arene_8307,O=c1nnc2cccnc2[nH]1,aryne_9155,O=c1nnc2cc#cnc2[nH]1
9155,arene_8308,O=c1[nH]cnn2[nH]ccon12,aryne_9156,O=c1[nH]cnn2[nH]c#con12
9156,arene_8309,c1cc2ncncc2nn1,aryne_9157,c1nnc2cncnc2c#1
9157,arene_8310,O=c1[nH]c(=O)n2[nH]cc[nH]n2[nH]1,aryne_9158,O=c1[nH]c(=O)n2[nH]c#c[nH]n2[nH]1
9158,arene_8311,O=c1ccc2occsc1=2,aryne_9159,O=c1c#cc2occsc1=2
9159,arene_8311,O=c1ccc2occsc1=2,aryne_9160,O=c1ccc2oc#csc1=2
9160,arene_8312,O=c1oc2[nH]ccoc=2c(=O)c1=O,aryne_9161,O=c1oc2[nH]c#coc=2c(=O)c1=O
9161,arene_8313,O=c1sc(=O)n2occon2s1,aryne_9162,O=c1sc(=O)n2oc#con2s1
9162,arene_8314,O=c1ccc2nnccc2o1,aryne_9163,O=c1c#cc2nnccc2o1
9163,arene_8314,O=c1ccc2nnccc2o1,aryne_9164,O=c1ccc2nnc#cc2o1
9164,arene_8315,c1coc2[nH]ncoc=2[nH]1,aryne_9165,c1[nH]c2ocn[nH]c=2oc#1
9165,arene_8316,c1con2cnscc-2[nH]1,aryne_9166,c1[nH]c2csncn-2oc#1
9166,arene_8317,O=c1[nH]n2ccsc(=O)n2c1=O,aryne_9167,O=c1[nH]n2c#csc(=O)n2c1=O
9167,arene_8318,O=c1ocnn2[nH]ccon12,aryne_9168,O=c1ocnn2[nH]c#con12
9168,arene_8319,c1cn2[nH]nn[nH]n2[nH]1,aryne_9169,c1[nH]n2[nH]nn[nH]n2c#1
9169,arene_8320,O=c1[nH]cnc2ccsc12,aryne_9170,O=c1[nH]cnc2c#csc12
9170,arene_8321,O=c1[nH]nnn2ccnc12,aryne_9171,O=c1[nH]nnn2c#cnc12
9171,arene_8322,O=c1ccn2onnc2n1,aryne_9172,O=c1c#cn2onnc2n1
9172,arene_8323,O=c1[nH]n2[nH]cc[nH]n2sc1=O,aryne_9173,O=c1[nH]n2[nH]c#c[nH]n2sc1=O
9173,arene_8324,O=c1ccc2occ[nH]c1=2,aryne_9174,O=c1c#cc2occ[nH]c1=2
9174,arene_8324,O=c1ccc2occ[nH]c1=2,aryne_9175,O=c1ccc2oc#c[nH]c1=2
9175,arene_8325,O=c1ccn2c(=O)ncon2c1=O,aryne_9176,O=c1c#cn2c(=O)ncon2c1=O
9176,arene_8326,c1csc2onnoc=2[nH]1,aryne_9177,c1[nH]c2onnoc=2sc#1
9177,arene_8327,O=c1cnc2coccn-2c1=O,aryne_9178,O=c1cnc2coc#cn-2c1=O
9178,arene_8328,O=c1ncc2sccc2o1,aryne_9179,O=c1ncc2sc#cc2o1
9179,arene_8329,O=c1ccc2nnsc2o1,aryne_9180,O=c1c#cc2nnsc2o1
9180,arene_8330,O=c1[nH]c(=O)n2cc[nH]cc-2c1=O,aryne_9181,O=c1[nH]c(=O)n2c#c[nH]cc-2c1=O
9181,arene_8331,O=c1cc[nH]c2cncn12,aryne_9182,O=c1c#c[nH]c2cncn12
9182,arene_8332,O=c1ccc2sccoc=2c1=O,aryne_9183,O=c1c#cc2sccoc=2c1=O
9183,arene_8332,O=c1ccc2sccoc=2c1=O,aryne_9184,O=c1ccc2sc#coc=2c1=O
9184,arene_8333,O=c1oncn2occsn12,aryne_9185,O=c1oncn2oc#csn12
9185,arene_8334,O=c1[nH]ccc2nocc12,aryne_9186,O=c1[nH]c#cc2nocc12
9186,arene_8335,c1cc2cnnnc2cn1,aryne_9187,c1ncc2nnncc2c#1
9187,arene_8336,O=c1cnn2occn12,aryne_9188,O=c1cnn2oc#cn12
9188,arene_8337,O=c1ccoc2oncc(=O)c12,aryne_9189,O=c1c#coc2oncc(=O)c12
9189,arene_8338,O=c1ccn2c(=O)snnn2c1=O,aryne_9190,O=c1c#cn2c(=O)snnn2c1=O
9190,arene_8339,O=c1nc2c(=O)cc[nH]c2ns1,aryne_9191,O=c1nc2c(=O)c#c[nH]c2ns1
9191,arene_8340,O=c1ccn2c(=O)cn[nH]n2c1=O,aryne_9192,O=c1c#cn2c(=O)cn[nH]n2c1=O
9192,arene_8341,O=c1nncc2occn12,aryne_9193,O=c1nncc2oc#cn12
9193,arene_8342,c1cc2nnccn2c1,aryne_9194,c1cc2nnccn2c#1
9194,arene_8342,c1cc2nnccn2c1,aryne_9195,c1nnc2cccn2c#1
9195,arene_8343,O=c1cccc2sccc(=O)n12,aryne_9196,O=c1c#ccc2sccc(=O)n12
9196,arene_8343,O=c1cccc2sccc(=O)n12,aryne_9197,O=c1c#csc2cccc(=O)n12
9197,arene_8344,O=c1nnn2ccncc2n1,aryne_9198,O=c1nnn2c#cncc2n1
9198,arene_8345,O=c1cnn2cc[nH]cc-2c1=O,aryne_9199,O=c1cnn2c#c[nH]cc-2c1=O
9199,arene_8346,O=c1onc2ncccn2c1=O,aryne_9200,O=c1onc2ncc#cn2c1=O
9200,arene_8347,O=c1ccn2c(=O)oc(=O)c(=O)n2o1,aryne_9201,O=c1c#cn2c(=O)oc(=O)c(=O)n2o1
9201,arene_8348,O=c1sc2ccccc2sc1=O,aryne_9202,O=c1sc2c#cccc2sc1=O
9202,arene_8348,O=c1sc2ccccc2sc1=O,aryne_9203,O=c1sc2cc#ccc2sc1=O
9203,arene_8349,O=c1[nH]ncn2occon12,aryne_9204,O=c1[nH]ncn2oc#con12
9204,arene_8350,O=c1cc2ccc(=O)c-2c1,aryne_9205,O=c1cc2c#cc(=O)c-2c1
9205,arene_8352,O=c1cnn2sccc2c1,aryne_9206,O=c1cnn2sc#cc2c1
9206,arene_8353,O=c1cnn2[nH]ccsn2[nH]1,aryne_9207,O=c1cnn2[nH]c#csn2[nH]1
9207,arene_8354,O=c1cc[nH]c2ncsc(=O)c12,aryne_9208,O=c1c#c[nH]c2ncsc(=O)c12
9208,arene_8355,O=c1ncc2sccc(=O)c2s1,aryne_9209,O=c1ncc2sc#cc(=O)c2s1
9209,arene_8356,c1nn2sccoc-2c[nH]1,aryne_9210,c1oc2c[nH]cnn-2sc#1
9210,arene_8357,O=c1ccn2ccccn2c1=O,aryne_9211,O=c1c#cn2ccccn2c1=O
9211,arene_8357,O=c1ccn2ccccn2c1=O,aryne_9212,O=c1ccn2c#cccn2c1=O
9212,arene_8357,O=c1ccn2ccccn2c1=O,aryne_9213,O=c1ccn2ccc#cn2c1=O
9213,arene_8358,O=c1ncn2[nH]cc[nH]n2[nH]1,aryne_9214,O=c1ncn2[nH]c#c[nH]n2[nH]1
9214,arene_8359,c1cnn2occon2n1,aryne_9215,c1on2nccnn2oc#1
9215,arene_8360,O=c1ccn2snnc2n1,aryne_9216,O=c1c#cn2snnc2n1
9216,arene_8361,O=c1ccn2c(=O)sc(=O)nc2s1,aryne_9217,O=c1c#cn2c(=O)sc(=O)nc2s1
9217,arene_8362,O=c1ncc2cc[nH]c2[nH]1,aryne_9218,O=c1ncc2c#c[nH]c2[nH]1
9218,arene_8363,c1cn2ocnsn2cn1,aryne_9219,c1ncn2sncon2c#1
9219,arene_8364,O=c1cccc2occn12,aryne_9220,O=c1c#ccc2occn12
9220,arene_8364,O=c1cccc2occn12,aryne_9221,O=c1cccc2oc#cn12
9221,arene_8365,O=c1cc[nH]n2c(=O)nnn12,aryne_9222,O=c1c#c[nH]n2c(=O)nnn12
9222,arene_8366,O=c1on2cc[nH]nc-2c1=O,aryne_9223,O=c1on2c#c[nH]nc-2c1=O
9223,arene_8367,O=c1[nH]c2sccoc=2c(=O)c1=O,aryne_9224,O=c1[nH]c2sc#coc=2c(=O)c1=O
9224,arene_8368,O=c1oc(=O)c2ccsc(=O)c2s1,aryne_9225,O=c1oc(=O)c2c#csc(=O)c2s1
9225,arene_8369,O=c1nnoc2ncccc12,aryne_9226,O=c1nnoc2nc#ccc12
9226,arene_8369,O=c1nnoc2ncccc12,aryne_9227,O=c1nnoc2ncc#cc12
9227,arene_8370,O=c1ccn2c(=O)nnn2[nH]1,aryne_9228,O=c1c#cn2c(=O)nnn2[nH]1
9228,arene_8371,c1csc2c[nH]ncn-2o1,aryne_9229,c1on2cn[nH]cc-2sc#1
9229,arene_8372,O=c1ccn2snnon2o1,aryne_9230,O=c1c#cn2snnon2o1
9230,arene_8373,O=c1nnn2occon2s1,aryne_9231,O=c1nnn2oc#con2s1
9231,arene_8374,c1coc2snnsc=2[nH]1,aryne_9232,c1[nH]c2snnsc=2oc#1
9232,arene_8375,c1cc2oncc2s1,aryne_9233,c1sc2cnoc2c#1
9233,arene_8376,O=c1[nH]nc2cccnn12,aryne_9234,O=c1[nH]nc2c#ccnn12
9234,arene_8377,O=c1[nH]n2[nH]cc[nH]n2o1,aryne_9235,O=c1[nH]n2[nH]c#c[nH]n2o1
9235,arene_8378,O=c1ccsn2onnsn12,aryne_9236,O=c1c#csn2onnsn12
9236,arene_8379,O=c1cnc2sccc2o1,aryne_9237,O=c1cnc2sc#cc2o1
9237,arene_8380,O=c1ccn2ccncc2n1,aryne_9238,O=c1c#cn2ccncc2n1
9238,arene_8380,O=c1ccn2ccncc2n1,aryne_9239,O=c1ccn2c#cncc2n1
9239,arene_8381,O=c1ccn2c(=O)oc(=O)cc2[nH]1,aryne_9240,O=c1c#cn2c(=O)oc(=O)cc2[nH]1
9240,arene_8382,O=c1sn2c(=O)ccc(=O)n2s1,aryne_9241,O=c1sn2c(=O)c#cc(=O)n2s1
9241,arene_8383,O=c1cc[nH]c2ccsc12,aryne_9242,O=c1c#c[nH]c2ccsc12
9242,arene_8383,O=c1cc[nH]c2ccsc12,aryne_9243,O=c1cc[nH]c2c#csc12
9243,arene_8384,O=c1cnn2sccsn2s1,aryne_9244,O=c1cnn2sc#csn2s1
9244,arene_8385,O=c1sc2occsc=2c1=O,aryne_9245,O=c1sc2oc#csc=2c1=O
9245,arene_8386,O=c1[nH]cc2[nH]ccn2c1=O,aryne_9246,O=c1[nH]cc2[nH]c#cn2c1=O
9246,arene_8387,c1cn2[nH]cnsn2nn1,aryne_9247,c1nnn2snc[nH]n2c#1
9247,arene_8388,O=c1nc2ccoc2no1,aryne_9248,O=c1nc2c#coc2no1
9248,arene_8389,O=c1ccn2cnoc(=O)c2c1,aryne_9249,O=c1c#cn2cnoc(=O)c2c1
9249,arene_8390,O=c1ccc2sc(=O)[nH]c(=O)c2s1,aryne_9250,O=c1c#cc2sc(=O)[nH]c(=O)c2s1
9250,arene_8391,O=c1ccc2c(=O)sccc2s1,aryne_9251,O=c1c#cc2c(=O)sccc2s1
9251,arene_8391,O=c1ccc2c(=O)sccc2s1,aryne_9252,O=c1ccc2c(=O)sc#cc2s1
9252,arene_8392,O=c1ccsc2nnccc12,aryne_9253,O=c1c#csc2nnccc12
9253,arene_8392,O=c1ccsc2nnccc12,aryne_9254,O=c1ccsc2nnc#cc12
9254,arene_8393,O=c1ccn2cnoc2n1,aryne_9255,O=c1c#cn2cnoc2n1
9255,arene_8394,c1cc2nnsn2c1,aryne_9256,c1cc2nnsn2c#1
9256,arene_8395,O=c1cc2ccncc2c[nH]1,aryne_9257,O=c1cc2c#cncc2c[nH]1
9257,arene_8396,O=c1cnc2n[nH]ccn-2c1=O,aryne_9258,O=c1cnc2n[nH]c#cn-2c1=O
9258,arene_8397,O=c1snnc2nnccc12,aryne_9259,O=c1snnc2nnc#cc12
9259,arene_8398,O=c1oc(=O)c(=O)c2sccsc1=2,aryne_9260,O=c1oc(=O)c(=O)c2sc#csc1=2
9260,arene_8399,O=c1nc2ccsc2no1,aryne_9261,O=c1nc2c#csc2no1
9261,arene_8400,O=c1nc2[nH]ccc(=O)c2no1,aryne_9262,O=c1nc2[nH]c#cc(=O)c2no1
9262,arene_8401,O=c1ccn2sc(=O)ccc2n1,aryne_9263,O=c1c#cn2sc(=O)ccc2n1
9263,arene_8401,O=c1ccn2sc(=O)ccc2n1,aryne_9264,O=c1ccn2sc(=O)c#cc2n1
9264,arene_8402,O=c1nncc2cnccn12,aryne_9265,O=c1nncc2cnc#cn12
9265,arene_8403,O=c1ncnc2occn12,aryne_9266,O=c1ncnc2oc#cn12
9266,arene_8404,c1ncn2sccsn2n1,aryne_9267,c1sn2cncnn2sc#1
9267,arene_8405,c1c[nH]c2sncsc=2[nH]1,aryne_9268,c1[nH]c2scnsc=2[nH]c#1
9268,arene_8406,O=c1ccc2sccc(=O)c2s1,aryne_9269,O=c1c#cc2sccc(=O)c2s1
9269,arene_8406,O=c1ccc2sccc(=O)c2s1,aryne_9270,O=c1ccc2sc#cc(=O)c2s1
9270,arene_8407,O=c1oc(=O)c2nccn2o1,aryne_9271,O=c1oc(=O)c2nc#cn2o1
9271,arene_8408,c1nn2occsc-2co1,aryne_9272,c1on2ncocc-2sc#1
9272,arene_8409,O=c1ccn2[nH]c(=O)c(=O)[nH]c2c1,aryne_9273,O=c1c#cn2[nH]c(=O)c(=O)[nH]c2c1
9273,arene_8410,O=c1nnn2c(=O)c(=O)ccn2o1,aryne_9274,O=c1nnn2c(=O)c(=O)c#cn2o1
9274,arene_8411,O=c1cc2c(=O)ccsn2nn1,aryne_9275,O=c1cc2c(=O)c#csn2nn1
9275,arene_8412,c1nsc2nsccn-2o1,aryne_9276,c1snc2sncon-2c#1
9276,arene_8413,O=c1nn[nH]c2sccc12,aryne_9277,O=c1nn[nH]c2sc#cc12
9277,arene_8414,O=c1ccn2sncc(=O)n2c1=O,aryne_9278,O=c1c#cn2sncc(=O)n2c1=O
9278,arene_8415,O=c1nc2ccsc(=O)c2ns1,aryne_9279,O=c1nc2c#csc(=O)c2ns1
9279,arene_8416,O=c1nc2ncccc2co1,aryne_9280,O=c1nc2ncc#cc2co1
9280,arene_8417,O=c1ccc2[nH]ncoc=2c1=O,aryne_9281,O=c1c#cc2[nH]ncoc=2c1=O
9281,arene_8418,O=c1nccco1,aryne_9282,O=c1ncc#co1
9282,arene_8419,O=c1cnc(=O)n2c(=O)[nH]ccn12,aryne_9283,O=c1cnc(=O)n2c(=O)[nH]c#cn12
9283,arene_8420,c1con2cn[nH]cc-2[nH]1,aryne_9284,c1[nH]c2c[nH]ncn-2oc#1
9284,arene_8421,O=c1nnc(=O)n2c(=O)sccn12,aryne_9285,O=c1nnc(=O)n2c(=O)sc#cn12
9285,arene_8422,c1cn2scnsc-2c[nH]1,aryne_9286,c1[nH]cc2sncsn-2c#1
9286,arene_8423,O=c1occn2sccon12,aryne_9287,O=c1oc#cn2sccon12
9287,arene_8423,O=c1occn2sccon12,aryne_9288,O=c1occn2sc#con12
9288,arene_8424,O=c1ncc(=O)n2ccscc1-2,aryne_9289,O=c1ncc(=O)n2c#cscc1-2
9289,arene_8425,O=c1[nH]c2ccoc(=O)c2c(=O)o1,aryne_9290,O=c1[nH]c2c#coc(=O)c2c(=O)o1
9290,arene_8426,O=c1ccn2sc(=O)c(=O)[nH]c2n1,aryne_9291,O=c1c#cn2sc(=O)c(=O)[nH]c2n1
9291,arene_8427,O=c1[nH]ncc2nccnc12,aryne_9292,O=c1[nH]ncc2nc#cnc12
9292,arene_8428,c1csc2[nH]ccoc=2[nH]1,aryne_9293,c1[nH]c2occ[nH]c=2sc#1
9293,arene_8428,c1csc2[nH]ccoc=2[nH]1,aryne_9294,c1[nH]c2scc[nH]c=2oc#1
9294,arene_8429,O=c1ccc2c(=O)c(=O)[nH]c=2c1=O,aryne_9295,O=c1c#cc2c(=O)c(=O)[nH]c=2c1=O
9295,arene_8430,c1cn2oncsn2o1,aryne_9296,c1on2scnon2c#1
9296,arene_8431,O=c1cnc2cc[nH]c2s1,aryne_9297,O=c1cnc2c#c[nH]c2s1
9297,arene_8432,O=c1ccn2c(=O)c(=O)scc2[nH]1,aryne_9298,O=c1c#cn2c(=O)c(=O)scc2[nH]1
9298,arene_8433,O=c1ccn2c(=O)c(=O)[nH]nc2s1,aryne_9299,O=c1c#cn2c(=O)c(=O)[nH]nc2s1
9299,arene_8434,O=c1occn2c(=O)nccc12,aryne_9300,O=c1oc#cn2c(=O)nccc12
9300,arene_8435,O=c1cnn2occon2[nH]1,aryne_9301,O=c1cnn2oc#con2[nH]1
9301,arene_8436,O=c1ncon2occsn12,aryne_9302,O=c1ncon2oc#csn12
9302,arene_8437,O=c1nc2occon-2c1=O,aryne_9303,O=c1nc2oc#con-2c1=O
9303,arene_8438,O=c1cc[nH]c2occc(=O)c12,aryne_9304,O=c1c#c[nH]c2occc(=O)c12
9304,arene_8438,O=c1cc[nH]c2occc(=O)c12,aryne_9305,O=c1c#coc2[nH]ccc(=O)c12
9305,arene_8439,O=c1ccon2c(=O)nncc12,aryne_9306,O=c1c#con2c(=O)nncc12
9306,arene_8440,O=c1sncc2[nH]ccc12,aryne_9307,O=c1sncc2[nH]c#cc12
9307,arene_8441,O=c1ccn2ccon2c1=O,aryne_9308,O=c1c#cn2ccon2c1=O
9308,arene_8441,O=c1ccn2ccon2c1=O,aryne_9309,O=c1ccn2c#con2c1=O
9309,arene_8442,O=c1ccc2oc(=O)oc2o1,aryne_9310,O=c1c#cc2oc(=O)oc2o1
9310,arene_8443,O=c1cnc2cnccc2o1,aryne_9311,O=c1cnc2cnc#cc2o1
9311,arene_8444,c1cn2onnon2cn1,aryne_9312,c1ncn2onnon2c#1
9312,arene_8446,c1con2nn[nH]cc-2o1,aryne_9313,c1oc2c[nH]nnn-2oc#1
9313,arene_8447,c1csn2ccsnc-2o1,aryne_9314,c1oc2nsccn-2sc#1
9314,arene_8447,c1csn2ccsnc-2o1,aryne_9315,c1snc2occsn-2c#1
9315,arene_8448,O=c1sccc2ncnnc12,aryne_9316,O=c1sc#cc2ncnnc12
9316,arene_8450,O=c1nnn2c(=O)ccnc2s1,aryne_9317,O=c1nnn2c(=O)c#cnc2s1
9317,arene_8451,O=c1sc2ccncc2s1,aryne_9318,O=c1sc2c#cncc2s1
9318,arene_8452,O=c1ccnc2ccnnn12,aryne_9319,O=c1c#cnc2ccnnn12
9319,arene_8452,O=c1ccnc2ccnnn12,aryne_9320,O=c1ccnc2c#cnnn12
9320,arene_8453,c1c[nH]n2cn[nH]nc-2[nH]1,aryne_9321,c1[nH]c2n[nH]ncn-2[nH]c#1
9321,arene_8454,O=c1oc2nnccc2c(=O)s1,aryne_9322,O=c1oc2nnc#cc2c(=O)s1
9322,arene_8455,O=c1cccc2[nH]ncc(=O)n12,aryne_9323,O=c1c#ccc2[nH]ncc(=O)n12
9323,arene_8456,O=c1[nH]c2ccoc(=O)c2sc1=O,aryne_9324,O=c1[nH]c2c#coc(=O)c2sc1=O
9324,arene_8457,O=c1ccn2c(=O)nnc(=O)n2o1,aryne_9325,O=c1c#cn2c(=O)nnc(=O)n2o1
9325,arene_8458,O=c1sc(=O)n2c(=O)ccon12,aryne_9326,O=c1sc(=O)n2c(=O)c#con12
9326,arene_8459,O=c1ccc2coccn1-2,aryne_9327,O=c1c#cc2coccn1-2
9327,arene_8459,O=c1ccc2coccn1-2,aryne_9328,O=c1ccc2coc#cn1-2
9328,arene_8460,O=c1occc2cocc12,aryne_9329,O=c1oc#cc2cocc12
9329,arene_8461,O=c1ccc2[nH]c(=O)c(=O)sc2s1,aryne_9330,O=c1c#cc2[nH]c(=O)c(=O)sc2s1
9330,arene_8462,c1ccn2sncsn2c1,aryne_9331,c1ccn2sncsn2c#1
9331,arene_8462,c1ccn2sncsn2c1,aryne_9332,c1ccn2scnsn2c#1
9332,arene_8463,O=c1ccn2[nH]cnc2c1,aryne_9333,O=c1c#cn2[nH]cnc2c1
9333,arene_8464,O=c1nnoc2occc12,aryne_9334,O=c1nnoc2oc#cc12
9334,arene_8465,O=c1ncc(=O)n2cc[nH]cc1-2,aryne_9335,O=c1ncc(=O)n2c#c[nH]cc1-2
9335,arene_8466,c1coc2snnoc=2[nH]1,aryne_9336,c1[nH]c2onnsc=2oc#1
9336,arene_8467,O=c1ccn2c(=O)cnc(=O)n2[nH]1,aryne_9337,O=c1c#cn2c(=O)cnc(=O)n2[nH]1
9337,arene_8468,O=c1ccc2cnsc(=O)c2s1,aryne_9338,O=c1c#cc2cnsc(=O)c2s1
9338,arene_8469,O=c1occ2sccc(=O)n2c1=O,aryne_9339,O=c1occ2sc#cc(=O)n2c1=O
9339,arene_8470,O=c1ccc2ncc(=O)[nH]c2[nH]1,aryne_9340,O=c1c#cc2ncc(=O)[nH]c2[nH]1
9340,arene_8471,O=c1nnsn2c(=O)ccn12,aryne_9341,O=c1nnsn2c(=O)c#cn12
9341,arene_8472,c1csn2cn[nH]cc-2o1,aryne_9342,c1oc2c[nH]ncn-2sc#1
9342,arene_8473,O=c1ccn2c(=O)ncoc2n1,aryne_9343,O=c1c#cn2c(=O)ncoc2n1
9343,arene_8474,O=c1sc2sccc(=O)c2sc1=O,aryne_9344,O=c1sc2sc#cc(=O)c2sc1=O
9344,arene_8475,O=c1ccc2c(=O)c(=O)sc1=2,aryne_9345,O=c1c#cc2c(=O)c(=O)sc1=2
9345,arene_8476,O=c1cc2ncccc2co1,aryne_9346,O=c1cc2ncc#cc2co1
9346,arene_8477,O=c1sc2n[nH]ccn-2c(=O)c1=O,aryne_9347,O=c1sc2n[nH]c#cn-2c(=O)c1=O
9347,arene_8478,O=c1nc2[nH]cc[nH]n-2c(=O)c1=O,aryne_9348,O=c1nc2[nH]c#c[nH]n-2c(=O)c1=O
9348,arene_8479,O=c1on2ccc(=O)n2oc1=O,aryne_9349,O=c1on2c#cc(=O)n2oc1=O
9349,arene_8480,O=c1ccc2cn[nH]c2s1,aryne_9350,O=c1c#cc2cn[nH]c2s1
9350,arene_8481,c1cn2[nH]nnsc-2no1,aryne_9351,c1onc2snn[nH]n-2c#1
9351,arene_8482,O=c1ccc(=O)c1=O,aryne_9352,O=c1c#cc(=O)c1=O
9352,arene_8483,O=c1cc[nH]c2ncnn12,aryne_9353,O=c1c#c[nH]c2ncnn12
9353,arene_8484,O=c1oc2c(=O)sccc2sc1=O,aryne_9354,O=c1oc2c(=O)sc#cc2sc1=O
9354,arene_8485,O=c1[nH]nnn2occsn12,aryne_9355,O=c1[nH]nnn2oc#csn12
9355,arene_8486,O=c1sccn2onc[nH]n12,aryne_9356,O=c1sc#cn2onc[nH]n12
9356,arene_8487,c1cnc2ccoc2c1,aryne_9357,c1cc2occc2nc#1
9357,arene_8487,c1cnc2ccoc2c1,aryne_9358,c1cnc2ccoc2c#1
9358,arene_8487,c1cnc2ccoc2c1,aryne_9359,c1oc2cccnc2c#1
9359,arene_8488,O=c1sccn2scc[nH]n12,aryne_9360,O=c1sc#cn2scc[nH]n12
9360,arene_8488,O=c1sccn2scc[nH]n12,aryne_9361,O=c1sccn2sc#c[nH]n12
9361,arene_8489,O=c1[nH]c(=O)n2occon2s1,aryne_9362,O=c1[nH]c(=O)n2oc#con2s1
9362,arene_8490,O=c1onc2c(=O)cc[nH]n2c1=O,aryne_9363,O=c1onc2c(=O)c#c[nH]n2c1=O
9363,arene_8491,O=c1nc2ccsc2ns1,aryne_9364,O=c1nc2c#csc2ns1
9364,arene_8492,O=c1cnc2c(=O)ccoc2o1,aryne_9365,O=c1cnc2c(=O)c#coc2o1
9365,arene_8493,O=c1ccc2c(=O)[nH]c(=O)c1=2,aryne_9366,O=c1c#cc2c(=O)[nH]c(=O)c1=2
9366,arene_8494,O=c1[nH]ncc2sccc12,aryne_9367,O=c1[nH]ncc2sc#cc12
9367,arene_8495,O=c1ccon2[nH]ccon12,aryne_9368,O=c1c#con2[nH]ccon12
9368,arene_8495,O=c1ccon2[nH]ccon12,aryne_9369,O=c1ccon2[nH]c#con12
9369,arene_8496,O=c1ncn2occn12,aryne_9370,O=c1ncn2oc#cn12
9370,arene_8498,O=c1ccc(=O)c2c(=O)ccc1=2,aryne_9371,O=c1c#cc(=O)c2c(=O)ccc1=2
9371,arene_8498,O=c1ccc(=O)c2c(=O)ccc1=2,aryne_9372,O=c1c#cc2c(=O)ccc(=O)c1=2
9372,arene_8499,O=c1ccn2snc[nH]n2o1,aryne_9373,O=c1c#cn2snc[nH]n2o1
9373,arene_8500,O=c1[nH]c2cnccc2o1,aryne_9374,O=c1[nH]c2cnc#cc2o1
9374,arene_8501,O=c1ccn2cnccc2n1,aryne_9375,O=c1c#cn2cnccc2n1
9375,arene_8501,O=c1ccn2cnccc2n1,aryne_9376,O=c1ccn2cnc#cc2n1
9376,arene_8502,O=c1[nH]nnn2occ[nH]n12,aryne_9377,O=c1[nH]nnn2oc#c[nH]n12
9377,arene_8503,c1cc2[nH]nnn2c1,aryne_9378,c1cc2[nH]nnn2c#1
9378,arene_8504,O=c1cc2sccn2c(=O)[nH]1,aryne_9379,O=c1cc2sc#cn2c(=O)[nH]1
9379,arene_8505,O=c1ccc2cncnc2o1,aryne_9380,O=c1c#cc2cncnc2o1
9380,arene_8506,O=c1cc2c(=O)ccsc2cs1,aryne_9381,O=c1cc2c(=O)c#csc2cs1
9381,arene_8507,c1coc2snnsc=2o1,aryne_9382,c1oc2snnsc=2oc#1
9382,arene_8508,O=c1[nH]c(=O)c2sccc(=O)c2o1,aryne_9383,O=c1[nH]c(=O)c2sc#cc(=O)c2o1
9383,arene_8509,O=c1ccc2csc(=O)n2[nH]1,aryne_9384,O=c1c#cc2csc(=O)n2[nH]1
9384,arene_8510,c1cc2nncn2s1,aryne_9385,c1sn2cnnc2c#1
9385,arene_8511,O=c1ccsc2c(=O)nnoc12,aryne_9386,O=c1c#csc2c(=O)nnoc12
9386,arene_8512,O=c1ncc2c(=O)ccoc2o1,aryne_9387,O=c1ncc2c(=O)c#coc2o1
9387,arene_8513,O=c1nc2c(=O)sccc2n[nH]1,aryne_9388,O=c1nc2c(=O)sc#cc2n[nH]1
9388,arene_8515,O=c1cc2ccnnc2ns1,aryne_9389,O=c1cc2c#cnnc2ns1
9389,arene_8516,O=c1[nH]c2ccsc(=O)c2s1,aryne_9390,O=c1[nH]c2c#csc(=O)c2s1
9390,arene_8517,O=c1ccn2oc(=O)oc2n1,aryne_9391,O=c1c#cn2oc(=O)oc2n1
9391,arene_8518,O=c1[nH]c2[nH]ccc(=O)c2[nH]1,aryne_9392,O=c1[nH]c2[nH]c#cc(=O)c2[nH]1
9392,arene_8519,O=c1nn[nH]c2ccncc12,aryne_9393,O=c1nn[nH]c2c#cncc12
9393,arene_8520,O=c1ccn2sc(=O)c(=O)oc2c1,aryne_9394,O=c1c#cn2sc(=O)c(=O)oc2c1
9394,arene_8521,O=c1sn2cc[nH]n2c1=O,aryne_9395,O=c1sn2c#c[nH]n2c1=O
9395,arene_8522,O=c1cccc2cccnn12,aryne_9396,O=c1c#ccc2cccnn12
9396,arene_8522,O=c1cccc2cccnn12,aryne_9397,O=c1cccc2c#ccnn12
9397,arene_8523,O=c1nc[nH]n2[nH]cc[nH]n12,aryne_9398,O=c1nc[nH]n2[nH]c#c[nH]n12
9398,arene_8524,O=c1cnoc2c(=O)cc[nH]c12,aryne_9399,O=c1cnoc2c(=O)c#c[nH]c12
9399,arene_8525,O=c1ncc2cccn2o1,aryne_9400,O=c1ncc2cc#cn2o1
9400,arene_8526,O=c1sn2occon2s1,aryne_9401,O=c1sn2oc#con2s1
9401,arene_8527,O=c1nnc2ccnnc2o1,aryne_9402,O=c1nnc2c#cnnc2o1
9402,arene_8528,O=c1ccc2oc(=O)nnc2[nH]1,aryne_9403,O=c1c#cc2oc(=O)nnc2[nH]1
9403,arene_8529,O=c1nc[nH]c2ncccc12,aryne_9404,O=c1nc[nH]c2nc#ccc12
9404,arene_8529,O=c1nc[nH]c2ncccc12,aryne_9405,O=c1nc[nH]c2ncc#cc12
9405,arene_8530,O=c1cnc(=O)n2[nH]ccn12,aryne_9406,O=c1cnc(=O)n2[nH]c#cn12
9406,arene_8531,O=c1sn2sccc(=O)n2c1=O,aryne_9407,O=c1sn2sc#cc(=O)n2c1=O
9407,arene_8532,c1csc2[nH]ncsc=2[nH]1,aryne_9408,c1[nH]c2scn[nH]c=2sc#1
9408,arene_8533,O=c1ccc2scn[nH]c=2c1=O,aryne_9409,O=c1c#cc2scn[nH]c=2c1=O
9409,arene_8534,O=c1nnn2cccnn2c1=O,aryne_9410,O=c1nnn2c#ccnn2c1=O
9410,arene_8535,O=c1cc2c(=O)occc2cs1,aryne_9411,O=c1cc2c(=O)oc#cc2cs1
9411,arene_8536,O=c1scc2ccnnn2c1=O,aryne_9412,O=c1scc2c#cnnn2c1=O
9412,arene_8537,O=c1cc2c(=O)cc[nH]c2ns1,aryne_9413,O=c1cc2c(=O)c#c[nH]c2ns1
9413,arene_8538,O=c1[nH]n2c(=O)ccc(=O)n2o1,aryne_9414,O=c1[nH]n2c(=O)c#cc(=O)n2o1
9414,arene_8539,O=c1cnc(=O)c2[nH]cc[nH]c1=2,aryne_9415,O=c1cnc(=O)c2[nH]c#c[nH]c1=2
9415,arene_8540,O=c1[nH]ccn2ocn[nH]n12,aryne_9416,O=c1[nH]c#cn2ocn[nH]n12
9416,arene_8541,O=c1cc2sccoc-2n1,aryne_9417,O=c1cc2sc#coc-2n1
9417,arene_8542,O=c1ccn2scnon2s1,aryne_9418,O=c1c#cn2scnon2s1
9418,arene_8543,c1csn2cnncn2s1,aryne_9419,c1sn2cnncn2sc#1
9419,arene_8544,O=c1onc2sccn12,aryne_9420,O=c1onc2sc#cn12
9420,arene_8545,c1cn2oncc2n1,aryne_9421,c1nc2cnon2c#1
9421,arene_8546,c1con2nnocc-2[nH]1,aryne_9422,c1[nH]c2connn-2oc#1
9422,arene_8547,O=c1ccn2nn[nH]nc1-2,aryne_9423,O=c1c#cn2nn[nH]nc1-2
9423,arene_8548,O=c1[nH]ccc2ccncc12,aryne_9424,O=c1[nH]c#cc2ccncc12
9424,arene_8548,O=c1[nH]ccc2ccncc12,aryne_9425,O=c1[nH]ccc2c#cncc12
9425,arene_8549,O=c1cc[nH]c2csc(=O)n12,aryne_9426,O=c1c#c[nH]c2csc(=O)n12
9426,arene_8550,O=c1ccn2[nH]ccsn2s1,aryne_9427,O=c1c#cn2[nH]ccsn2s1
9427,arene_8550,O=c1ccn2[nH]ccsn2s1,aryne_9428,O=c1ccn2[nH]c#csn2s1
9428,arene_8551,O=c1ccn2c(=O)scc2s1,aryne_9429,O=c1c#cn2c(=O)scc2s1
9429,arene_8552,O=c1oc(=O)n2c(=O)cccc2s1,aryne_9430,O=c1oc(=O)n2c(=O)c#ccc2s1
9430,arene_8553,c1cc2nocc2nn1,aryne_9431,c1nnc2conc2c#1
9431,arene_8554,O=c1ncc2c(=O)[nH]ccc2o1,aryne_9432,O=c1ncc2c(=O)[nH]c#cc2o1
9432,arene_8555,c1cn2scn[nH]c-2ns1,aryne_9433,c1snc2[nH]ncsn-2c#1
9433,arene_8556,O=c1occn2ncnc12,aryne_9434,O=c1oc#cn2ncnc12
9434,arene_8557,O=c1onc2c(=O)[nH]ccn2c1=O,aryne_9435,O=c1onc2c(=O)[nH]c#cn2c1=O
9435,arene_8558,O=c1cnn2sccc(=O)c2n1,aryne_9436,O=c1cnn2sc#cc(=O)c2n1
9436,arene_8559,O=c1oc(=O)n2ccc(=O)c(=O)n2s1,aryne_9437,O=c1oc(=O)n2c#cc(=O)c(=O)n2s1
9437,arene_8560,c1csn2cnnnn2o1,aryne_9438,c1on2nnncn2sc#1
9438,arene_8561,O=c1nc2ccc(=O)sc2no1,aryne_9439,O=c1nc2c#cc(=O)sc2no1
9439,arene_8562,O=c1ccc2[nH]c(=O)sc(=O)c2o1,aryne_9440,O=c1c#cc2[nH]c(=O)sc(=O)c2o1
9440,arene_8563,O=c1ncc2ccoc2s1,aryne_9441,O=c1ncc2c#coc2s1
9441,arene_8564,O=c1ccn2c(=O)ncnc2o1,aryne_9442,O=c1c#cn2c(=O)ncnc2o1
9442,arene_8565,O=c1ccsc2cncn12,aryne_9443,O=c1c#csc2cncn12
9443,arene_8566,O=c1oc(=O)c2nnccc2o1,aryne_9444,O=c1oc(=O)c2nnc#cc2o1
9444,arene_8567,O=c1onc2ccnnn2c1=O,aryne_9445,O=c1onc2c#cnnn2c1=O
9445,arene_8568,c1cnn2onnsn2c1,aryne_9446,c1cnn2onnsn2c#1
9446,arene_8569,O=c1ccc2nonc2s1,aryne_9447,O=c1c#cc2nonc2s1
9447,arene_8570,O=c1occoc1=O,aryne_9448,O=c1oc#coc1=O
9448,arene_8571,O=c1ncc2occoc1=2,aryne_9449,O=c1ncc2oc#coc1=2
9449,arene_8572,O=c1[nH]c(=O)c2nccn2o1,aryne_9450,O=c1[nH]c(=O)c2nc#cn2o1
9450,arene_8573,O=c1nc2c(=O)[nH]ccc2n[nH]1,aryne_9451,O=c1nc2c(=O)[nH]c#cc2n[nH]1
9451,arene_8574,O=c1[nH]ccc2nnsc12,aryne_9452,O=c1[nH]c#cc2nnsc12
9452,arene_8575,O=c1ccc2c(=O)[nH]cnc2s1,aryne_9453,O=c1c#cc2c(=O)[nH]cnc2s1
9453,arene_8576,O=c1cnc2sc(=O)ccc2s1,aryne_9454,O=c1c#cc2sc(=O)cnc2s1
9454,arene_8577,O=c1cnn2[nH]ccsn2s1,aryne_9455,O=c1cnn2[nH]c#csn2s1
9455,arene_8578,O=c1cc2nnccc2cs1,aryne_9456,O=c1cc2nnc#cc2cs1
9456,arene_8579,O=c1[nH]cc2ccsn12,aryne_9457,O=c1[nH]cc2c#csn12
9457,arene_8580,O=c1nc2[nH]ccc(=O)n2c(=O)[nH]1,aryne_9458,O=c1nc2[nH]c#cc(=O)n2c(=O)[nH]1
9458,arene_8581,c1csc2[nH]nn[nH]c=2s1,aryne_9459,c1sc2[nH]nn[nH]c=2sc#1
